image_id,family,severity,gradient_cosine,det_loss_delta_sem1,g_sem_norm,g_det_norm
23034,gamma,1,0.6138197779655457,0.017680257558822632,0.08754000812768936,0.07881398499011993
23034,gamma,2,0.8247821927070618,0.001139312982559204,0.04356132820248604,0.1521463692188263
23034,contrast,1,0.43388253450393677,-0.0022739768028259277,0.06283630430698395,0.26733678579330444
23034,contrast,2,0.47292017936706543,0.004714071750640869,0.06786120682954788,0.6110005974769592
23034,color_cast,1,0.757745623588562,0.0021708905696868896,0.0484665110707283,0.22036832571029663
23034,color_cast,2,0.5845426321029663,-0.006537348031997681,0.05027694255113602,0.2207544595003128
23272,gamma,1,-0.7789756059646606,0.02692049741744995,0.06956436485052109,0.573341965675354
23272,gamma,2,-0.8160172700881958,0.030865252017974854,0.051869843155145645,0.4404764473438263
23272,contrast,1,-0.4270784258842468,-0.004533559083938599,0.09823425114154816,0.1603996753692627
23272,contrast,2,-0.22836162149906158,0.005170151591300964,0.25175049901008606,0.38392436504364014
23272,color_cast,1,0.0950261726975441,-0.006669908761978149,0.12372568994760513,0.2976347506046295
23272,color_cast,2,-0.5671060085296631,-0.0037994682788848877,0.17330345511436462,0.1718592345714569
25181,gamma,1,0.04384836554527283,0.034699201583862305,0.35978609323501587,5.500425338745117
25181,gamma,2,0.16507117450237274,0.007308006286621094,0.40115347504615784,5.4301323890686035
25181,contrast,1,0.3064867854118347,0.007842659950256348,0.08865047246217728,5.189289569854736
25181,contrast,2,-0.8670389652252197,0.04564082622528076,0.16122981905937195,4.286579608917236
25181,color_cast,1,0.2196190357208252,-0.004748821258544922,0.025280267000198364,5.614251613616943
25181,color_cast,2,-0.1288948804140091,0.006463527679443359,0.025023845955729485,2.900761604309082
25228,gamma,1,0.08878166228532791,0.022109881043434143,0.05460217595100403,0.09176189452409744
25228,gamma,2,-0.8467605710029602,-0.05613037943840027,0.109511598944664,0.2617935836315155
25228,contrast,1,0.527988076210022,0.004729971289634705,0.06513212621212006,0.04353037104010582
25228,contrast,2,-0.7697030901908875,0.018872976303100586,0.06316427141427994,0.24025696516036987
25228,color_cast,1,-0.577501654624939,0.006169110536575317,0.03959282487630844,0.08047151565551758
25228,color_cast,2,-0.4833180904388428,0.027959704399108887,0.06629271060228348,0.08628671616315842
25394,gamma,1,0.6939424276351929,0.044439077377319336,0.1387246549129486,0.3722243905067444
25394,gamma,2,-0.08770160377025604,0.08084762096405029,0.09853465855121613,0.7079154253005981
25394,contrast,1,0.6128979921340942,-0.03040635585784912,0.056680817157030106,0.47473037242889404
25394,contrast,2,-0.22507397830486298,-0.005864858627319336,0.03886369988322258,1.8424010276794434
25394,color_cast,1,0.6560469269752502,-0.0494462251663208,0.05845038965344429,0.0842992290854454
25394,color_cast,2,0.5094492435455322,0.04313540458679199,0.03809436038136482,0.12442396581172943
25560,gamma,1,-0.8990756869316101,0.03125181794166565,0.09706295281648636,0.17196230590343475
25560,gamma,2,-0.7272401452064514,-0.005597352981567383,0.06459175050258636,0.20313063263893127
25560,contrast,1,0.8319672346115112,-0.009076148271560669,0.06791724264621735,0.12494858354330063
25560,contrast,2,0.7700303196907043,0.022847920656204224,0.4680742621421814,0.28760138154029846
25560,color_cast,1,0.7295664548873901,0.0014411509037017822,0.04884932190179825,0.11686524003744125
25560,color_cast,2,0.5238729119300842,-0.00331994891166687,0.09074427932500839,0.15410177409648895
33221,gamma,1,0.27543237805366516,-0.05879896879196167,0.21009667217731476,0.2254572957754135
33221,gamma,2,0.5901049375534058,0.06221359968185425,0.18458732962608337,0.2198289930820465
33221,contrast,1,0.28620368242263794,-0.05553501844406128,0.08963310718536377,0.19837138056755066
33221,contrast,2,0.8717208504676819,-0.07454705238342285,0.155133917927742,0.24925918877124786
33221,color_cast,1,0.2753284275531769,-0.07513177394866943,0.12577512860298157,0.15466640889644623
33221,color_cast,2,0.49378857016563416,-0.008374929428100586,0.10392826795578003,0.13464179635047913
33368,gamma,1,-0.9774739146232605,-0.0070268213748931885,0.18613125383853912,0.5237480998039246
33368,gamma,2,-0.4802919924259186,-0.001854628324508667,0.1530955284833908,0.345479816198349
33368,contrast,1,-0.69650799036026,0.04226556420326233,0.07521004974842072,1.1862543821334839
33368,contrast,2,-0.7159044742584229,0.032532066106796265,0.09774496406316757,0.6127762794494629
33368,color_cast,1,0.5759653449058533,0.023033559322357178,0.11989878118038177,0.9633671641349792
33368,color_cast,2,0.619193434715271,-0.006934106349945068,0.06823988258838654,0.4270252585411072
39405,gamma,1,0.7210375070571899,-0.003983020782470703,0.1655699461698532,0.470584899187088
39405,gamma,2,-0.6095156669616699,0.5383930206298828,0.30001452565193176,2.1350674629211426
39405,contrast,1,-0.0001938084460562095,0.036490678787231445,0.09427764266729355,1.2323132753372192
39405,contrast,2,0.20510715246200562,0.06241750717163086,0.19339239597320557,1.5424449443817139
39405,color_cast,1,0.3849436044692993,0.019864916801452637,0.10907462984323502,0.27596020698547363
39405,color_cast,2,0.03427133336663246,0.027419686317443848,0.09149597585201263,0.4135018289089203
40036,gamma,1,0.40146300196647644,0.011451125144958496,0.09690730273723602,0.3565372824668884
40036,gamma,2,0.09092016518115997,-0.004948735237121582,0.1081726998090744,0.42956551909446716
40036,contrast,1,0.28710514307022095,0.010815918445587158,0.050479281693696976,0.5733932852745056
40036,contrast,2,0.6001431941986084,0.011816680431365967,0.028856860473752022,0.7530598044395447
40036,color_cast,1,0.8284330368041992,-0.002034097909927368,0.06507287919521332,0.7648692727088928
40036,color_cast,2,0.05696400627493858,-0.023838579654693604,0.0874001756310463,0.21806961297988892
42070,gamma,1,0.3813701570034027,-0.02984541654586792,0.06865270435810089,0.113135427236557
42070,gamma,2,0.40768319368362427,0.010188698768615723,0.06848721951246262,0.10665453970432281
42070,contrast,1,0.23184774816036224,-0.009465336799621582,0.11050912737846375,0.9103394150733948
42070,contrast,2,-0.6950843334197998,-0.0026504099369049072,0.28281906247138977,1.0022192001342773
42070,color_cast,1,-0.3940187394618988,-0.007915884256362915,0.06405525654554367,0.03724214434623718
42070,color_cast,2,0.05577380210161209,0.00972411036491394,0.2060568630695343,0.07130167633295059
44260,gamma,1,-0.5271820425987244,-0.0350075364112854,0.10400073975324631,0.9795423746109009
44260,gamma,2,-0.529358983039856,-0.005300045013427734,0.08729998767375946,0.8859656453132629
44260,contrast,1,-0.09400695562362671,0.0013428926467895508,0.0703652948141098,1.5836474895477295
44260,contrast,2,0.27138078212738037,-0.016878962516784668,0.26152119040489197,1.3337599039077759
44260,color_cast,1,-0.7251827716827393,0.010555744171142578,0.06718502938747406,0.6334003210067749
44260,color_cast,2,-0.18511870503425598,-0.00386202335357666,0.09481369704008102,0.5304495692253113
46872,gamma,1,0.8355159163475037,0.012492537498474121,0.08445350080728531,0.15399985015392303
46872,gamma,2,0.8184840083122253,0.04767727851867676,0.0840485543012619,0.12980498373508453
46872,contrast,1,0.8819292783737183,0.047555387020111084,0.1778973639011383,0.21411718428134918
46872,contrast,2,-0.008633541874587536,-0.021572589874267578,0.07882382720708847,0.11732953041791916
46872,color_cast,1,-0.027904445305466652,-0.0029891133308410645,0.07710420340299606,0.1447257548570633
46872,color_cast,2,-0.31924235820770264,0.028657972812652588,0.13145732879638672,0.13384871184825897
50145,gamma,1,-0.16568715870380402,-0.02475893497467041,1.2975285053253174,0.7014495730400085
50145,gamma,2,0.222665935754776,-0.045961856842041016,1.116858959197998,0.873149573802948
50145,contrast,1,0.8851815462112427,-7.355213165283203e-05,0.13919949531555176,0.7414640188217163
50145,contrast,2,0.8988151550292969,-0.0004850625991821289,0.05824483186006546,0.8613237142562866
50145,color_cast,1,0.8750141859054565,0.028303027153015137,0.07984747737646103,1.4760712385177612
50145,color_cast,2,0.8866312503814697,-0.007473111152648926,0.03285301476716995,0.5870926976203918
51598,gamma,1,-0.05374876782298088,-0.0013905167579650879,0.0663364827632904,0.14745767414569855
51598,gamma,2,-0.5957556366920471,0.012203708291053772,0.08147814124822617,0.2226565033197403
51598,contrast,1,0.024534234777092934,-0.007162719964981079,0.06514491885900497,0.11775010079145432
51598,contrast,2,-0.8918827772140503,0.000369340181350708,0.05471520125865936,0.6105383634567261
51598,color_cast,1,-0.6941233277320862,0.028595328330993652,0.21372084319591522,0.2935679852962494
51598,color_cast,2,-0.7000485062599182,0.017067819833755493,0.1445508599281311,0.7132536768913269
54593,gamma,1,0.781075119972229,0.0565873384475708,0.15241041779518127,0.29751452803611755
54593,gamma,2,0.18726171553134918,0.01302558183670044,0.1631784439086914,0.34946706891059875
54593,contrast,1,-0.2537780702114105,-0.0029532313346862793,0.17646197974681854,0.29057610034942627
54593,contrast,2,-0.857370138168335,0.0019741058349609375,0.08608868718147278,0.8831771016120911
54593,color_cast,1,0.17802491784095764,-0.14086228609085083,0.05296439304947853,0.5266101360321045
54593,color_cast,2,0.19470196962356567,-0.04076993465423584,0.050915129482746124,0.3499690294265747
57725,gamma,1,-0.5265926122665405,0.010172156617045403,0.18240267038345337,0.023227233439683914
57725,gamma,2,-0.7439991235733032,0.002786632627248764,0.16166971623897552,0.023201312869787216
57725,contrast,1,0.11484763771295547,-0.004552045837044716,0.0889797955751419,0.03003823757171631
57725,contrast,2,-0.9097814559936523,0.0006874147802591324,0.07847212255001068,0.025607433170080185
57725,color_cast,1,0.3770321309566498,-0.0045830607414245605,0.07342591136693954,0.024596434086561203
57725,color_cast,2,-0.517532467842102,0.0045440346002578735,0.08665067702531815,0.024227740243077278
57760,gamma,1,-0.27808520197868347,0.04409390687942505,0.08400480449199677,0.08196253329515457
57760,gamma,2,0.5411818623542786,-0.016260147094726562,0.05170780047774315,0.3856038451194763
57760,contrast,1,0.676072895526886,0.018249094486236572,0.07871026545763016,0.17274941504001617
57760,contrast,2,0.9507445693016052,-0.05848515033721924,0.15503528714179993,1.4696877002716064
57760,color_cast,1,0.7771865129470825,-0.0013625025749206543,0.06417450308799744,0.16643141210079193
57760,color_cast,2,0.34359875321388245,-2.968311309814453e-05,0.08518875390291214,0.16457661986351013
58655,gamma,1,-0.20010632276535034,-0.005483776330947876,0.17807725071907043,0.08792038261890411
58655,gamma,2,-0.8699137568473816,-0.003083467483520508,0.17100684344768524,0.045949019491672516
58655,contrast,1,-0.5772551894187927,0.03363954275846481,0.1909475028514862,0.08053656667470932
58655,contrast,2,-0.9700626730918884,0.003753580152988434,0.10476887971162796,0.035557352006435394
58655,color_cast,1,-0.10117021948099136,-0.007448211312294006,0.10088454186916351,0.08574611693620682
58655,color_cast,2,-0.7893855571746826,-0.005570702254772186,0.09177844971418381,0.08193830400705338
60090,gamma,1,0.20567014813423157,0.01710522174835205,0.06655072420835495,0.18323539197444916
60090,gamma,2,0.3145643472671509,0.014549016952514648,0.09682194888591766,0.1732761114835739
60090,contrast,1,-0.44524887204170227,-0.07256388664245605,0.23836466670036316,0.1765858232975006
60090,contrast,2,0.975633978843689,0.004382193088531494,0.13248364627361298,0.3473375141620636
60090,color_cast,1,-0.6779689788818359,0.013216614723205566,0.07293413579463959,0.2860877513885498
60090,color_cast,2,-0.47184818983078003,-0.02222156524658203,0.07893091440200806,0.2335524559020996
61268,gamma,1,-0.38974323868751526,0.007699131965637207,0.282731831073761,0.5746592283248901
61268,gamma,2,-0.34659528732299805,0.043248653411865234,0.37356775999069214,1.846822738647461
61268,contrast,1,0.6803357005119324,0.020584940910339355,0.2255202829837799,0.6094281077384949
61268,contrast,2,-0.28538262844085693,0.06927931308746338,0.3003937005996704,0.8662155270576477
61268,color_cast,1,0.05386264994740486,0.03536975383758545,0.13593031466007233,0.3224696218967438
61268,color_cast,2,-0.1442086547613144,0.02267223596572876,0.149297297000885,0.20502568781375885
63047,gamma,1,0.759274423122406,-0.005450308322906494,0.15047681331634521,0.3951854109764099
63047,gamma,2,0.4262664318084717,-0.004448294639587402,0.14328506588935852,0.27765366435050964
63047,contrast,1,0.6594902873039246,-0.05913853645324707,0.0707426369190216,0.37372708320617676
63047,contrast,2,-0.8993605971336365,0.04836475849151611,0.11041063815355301,0.4216037690639496
63047,color_cast,1,0.9059516787528992,0.01897507905960083,0.07344622910022736,0.5154695510864258
63047,color_cast,2,0.36094310879707336,0.0458911657333374,0.03591111674904823,0.46846020221710205
63154,gamma,1,0.8659259080886841,0.00045228004455566406,0.12730622291564941,0.43844929337501526
63154,gamma,2,0.7713996171951294,0.004194825887680054,0.1233723908662796,0.3708183467388153
63154,contrast,1,0.3952590227127075,-0.033361971378326416,0.04275960102677345,0.3824496865272522
63154,contrast,2,0.3863790035247803,0.014090403914451599,0.03836601972579956,0.13263149559497833
63154,color_cast,1,0.4680831730365753,0.007570326328277588,0.05350756645202637,0.08893174678087234
63154,color_cast,2,-0.29712674021720886,-0.010302603244781494,0.0617523230612278,0.07535139471292496
65074,gamma,1,0.20544086396694183,-0.002317875623703003,0.104764923453331,0.06365735828876495
65074,gamma,2,0.48958221077919006,-0.002686023712158203,0.4173199534416199,0.07347361743450165
65074,contrast,1,-0.924895167350769,0.0002606213092803955,0.17356260120868683,0.11507914960384369
65074,contrast,2,-0.38354191184043884,-0.013256669044494629,0.13662835955619812,0.3505987823009491
65074,color_cast,1,0.41694965958595276,0.0021570920944213867,0.13726168870925903,0.19995559751987457
65074,color_cast,2,0.4672485291957855,-0.014465391635894775,0.24237702786922455,0.12233159691095352
65288,gamma,1,0.3325289785861969,0.05089700222015381,0.11414900422096252,0.49631455540657043
65288,gamma,2,0.012249576859176159,0.008141517639160156,0.11394961923360825,0.9283427000045776
65288,contrast,1,0.08795838803052902,0.03379404544830322,0.18287238478660583,0.27254417538642883
65288,contrast,2,-0.7049182057380676,0.12446916103363037,0.146671861410141,0.8436354994773865
65288,color_cast,1,-0.4022976756095886,0.03684854507446289,0.07915634661912918,0.21733660995960236
65288,color_cast,2,0.3918069303035736,-0.03794384002685547,0.07447794824838638,0.2545959949493408
70229,gamma,1,-0.9281286597251892,-0.03552144765853882,0.17926770448684692,1.1253894567489624
70229,gamma,2,-0.037492673844099045,-0.007913470268249512,0.051108233630657196,0.8992697596549988
70229,contrast,1,0.2277994155883789,0.012884914875030518,0.04683307558298111,1.1283594369888306
70229,contrast,2,-0.21214327216148376,-0.025121212005615234,0.18058370053768158,0.5498540997505188
70229,color_cast,1,-0.9301199913024902,0.0001544952392578125,0.06426896899938583,0.29837438464164734
70229,color_cast,2,-0.4521472454071045,-0.0312807559967041,0.08379413932561874,0.308602511882782
71451,gamma,1,-0.6278550624847412,-0.009231269359588623,0.35875728726387024,0.040383230894804
71451,gamma,2,-0.3201361298561096,-0.0007653906941413879,0.16087310016155243,0.034972183406353
71451,contrast,1,-0.2566136121749878,-0.005967184901237488,0.13593654334545135,0.023247381672263145
71451,contrast,2,0.2980426847934723,-0.001183435320854187,0.06198105216026306,0.01654009334743023
71451,color_cast,1,-0.343902051448822,-0.004241675138473511,0.03461424261331558,0.024137340486049652
71451,color_cast,2,-0.23672078549861908,0.0004105120897293091,0.061869386583566666,0.013848429545760155
73702,gamma,1,0.04062572866678238,0.019988954067230225,0.06922377645969391,0.22791741788387299
73702,gamma,2,-0.07469771057367325,0.023849129676818848,0.08372445404529572,0.12387204170227051
73702,contrast,1,-0.13951237499713898,0.0034282803535461426,0.09382609277963638,0.2703419029712677
73702,contrast,2,0.6674687266349792,-0.03208273649215698,0.38464173674583435,0.35568591952323914
73702,color_cast,1,-0.02699560858309269,-0.011287868022918701,0.10156576335430145,0.20253142714500427
73702,color_cast,2,-0.24131618440151215,0.01195603609085083,0.11172529309988022,0.22009006142616272
75393,gamma,1,-0.6343165636062622,0.00418245792388916,0.24978406727313995,0.23838306963443756
75393,gamma,2,-0.6106644868850708,0.02295476198196411,0.14004358649253845,0.2911069393157959
75393,contrast,1,0.6880847811698914,-0.005962669849395752,0.07861185818910599,0.2658414840698242
75393,contrast,2,0.617814838886261,-0.004869997501373291,0.10299430787563324,0.413642555475235
75393,color_cast,1,-0.7528574466705322,0.0006952285766601562,0.07111766934394836,0.8909769654273987
75393,color_cast,2,-0.925573468208313,-0.03329354524612427,0.10325444489717484,1.059757947921753
78404,gamma,1,-0.1253097802400589,0.007384657859802246,0.14511629939079285,0.5588610768318176
78404,gamma,2,-0.548407793045044,0.09724807739257812,0.21976874768733978,0.441539466381073
78404,contrast,1,0.9226489067077637,-0.04256272315979004,0.38276657462120056,0.4863142669200897
78404,contrast,2,0.06943143904209137,0.10402178764343262,0.3158348798751831,0.7344761490821838
78404,color_cast,1,-0.003423017216846347,-0.019983410835266113,0.10391752421855927,0.7943530082702637
78404,color_cast,2,0.3415324091911316,-0.01653766632080078,0.08202813565731049,0.4618726372718811
78959,gamma,1,-0.18651068210601807,-0.03191733360290527,0.14611542224884033,0.38445767760276794
78959,gamma,2,0.019254859536886215,0.03640639781951904,0.2498830258846283,0.20777113735675812
78959,contrast,1,-0.5904255509376526,0.0733790397644043,0.3887619078159332,1.397713303565979
78959,contrast,2,0.8613547086715698,-0.07242918014526367,0.24237023293972015,4.638707160949707
78959,color_cast,1,-0.29642006754875183,0.012301206588745117,0.11697714030742645,0.687748372554779
78959,color_cast,2,-0.40393468737602234,-0.06275558471679688,0.14419661462306976,1.2886781692504883
79565,gamma,1,0.4188564717769623,-0.002495940774679184,0.041558410972356796,0.05884186550974846
79565,gamma,2,-0.13693246245384216,0.0038071870803833008,0.02306215465068817,0.06751637160778046
79565,contrast,1,0.0462845079600811,0.003163270652294159,0.048955049365758896,0.03603621572256088
79565,contrast,2,-0.22135604918003082,0.001964312046766281,0.19448453187942505,0.02673870138823986
79565,color_cast,1,-0.6771764755249023,-0.0001385807991027832,0.08818332850933075,0.023128950968384743
79565,color_cast,2,0.20997300744056702,0.0031138136982917786,0.06906244903802872,0.015472905710339546
82812,gamma,1,-0.5443837642669678,-0.034973323345184326,0.39699262380599976,0.24403487145900726
82812,gamma,2,-0.027303284034132957,0.016341745853424072,0.4367055892944336,0.3717561662197113
82812,contrast,1,0.2800907790660858,-0.0002231001853942871,0.9049767851829529,0.1448247730731964
82812,contrast,2,0.10481683909893036,-0.019608497619628906,0.5545880198478699,0.42147159576416016
82812,color_cast,1,-0.2508154809474945,0.08257704973220825,0.09338127821683884,0.18629199266433716
82812,color_cast,2,-0.3022242784500122,0.01058042049407959,0.023440292105078697,0.16276344656944275
83172,gamma,1,-0.660829484462738,0.010817617177963257,0.09022679179906845,0.06808949261903763
83172,gamma,2,-0.4463098645210266,-0.0013532638549804688,0.07677614688873291,0.17701461911201477
83172,contrast,1,0.12375225126743317,-0.006675660610198975,0.10765929520130157,0.0668928250670433
83172,contrast,2,-0.11876372992992401,0.010584324598312378,0.0492740124464035,0.23280011117458344
83172,color_cast,1,-0.5520501136779785,0.008908718824386597,0.09021561592817307,0.20031751692295074
83172,color_cast,2,-0.2570764720439911,-0.007111251354217529,0.04739810526371002,0.2667619585990906
86755,gamma,1,-0.6109223365783691,0.004541635513305664,0.09649926424026489,0.22197078168392181
86755,gamma,2,-0.41783928871154785,-0.009609222412109375,0.10145688056945801,0.34630024433135986
86755,contrast,1,-0.17845024168491364,-0.022640228271484375,0.3672611713409424,0.0826372504234314
86755,contrast,2,0.05768834799528122,0.009925425052642822,0.04355398565530777,0.15286870300769806
86755,color_cast,1,-0.6923421025276184,0.0017892122268676758,0.03416736423969269,0.07131300866603851
86755,color_cast,2,-0.8198743462562561,-0.0021376609802246094,0.16511447727680206,0.17347970604896545
88218,gamma,1,0.5297867655754089,-0.01757548749446869,0.07531386613845825,0.044892989099025726
88218,gamma,2,-0.8677465319633484,0.0064344629645347595,0.061487678438425064,0.038627125322818756
88218,contrast,1,-0.6334981918334961,-0.0013850703835487366,0.032657548785209656,0.04137049615383148
88218,contrast,2,0.4122442901134491,0.0054742321372032166,0.03984716534614563,0.04166772589087486
88218,color_cast,1,-0.5594547986984253,0.00292794406414032,0.08829382807016373,0.06756599247455597
88218,color_cast,2,-0.6902278065681458,-0.01145365834236145,0.07745376974344254,0.03709626942873001
89556,gamma,1,0.08425936847925186,0.02550649642944336,0.27280381321907043,0.5111613273620605
89556,gamma,2,0.19347520172595978,0.022909462451934814,0.2147294580936432,0.41447097063064575
89556,contrast,1,-0.08527516573667526,-0.034999072551727295,0.37641972303390503,0.4194851219654083
89556,contrast,2,0.4673423171043396,-0.026343822479248047,0.23274733126163483,0.48420459032058716
89556,color_cast,1,0.7584614157676697,0.055834412574768066,0.09053486585617065,0.6162824034690857
89556,color_cast,2,0.12411283701658249,-0.02108246088027954,0.06127684935927391,0.42534002661705017
99054,gamma,1,0.24913202226161957,-0.010161995887756348,0.2626703679561615,0.11078734695911407
99054,gamma,2,0.39268818497657776,-0.003795444965362549,0.24916903674602509,0.11805684864521027
99054,contrast,1,0.6971481442451477,-0.024191439151763916,0.3506850302219391,0.1236831322312355
99054,contrast,2,0.6706861853599548,0.01832824945449829,0.1933058649301529,0.13507063686847687
99054,color_cast,1,0.12701377272605896,0.007088720798492432,0.1754281371831894,0.09753987193107605
99054,color_cast,2,-0.17977210879325867,-0.006645023822784424,0.057343143969774246,0.15184026956558228
101420,gamma,1,0.2623264491558075,-0.0003662407398223877,0.054950546473264694,0.10270941257476807
101420,gamma,2,0.3615942597389221,-0.0007060617208480835,0.0728166401386261,0.12169897556304932
101420,contrast,1,0.029913950711488724,-0.0065515488386154175,0.036265645176172256,0.5198742747306824
101420,contrast,2,-0.3571516275405884,0.004086047410964966,0.037603408098220825,0.416176974773407
101420,color_cast,1,0.12329801917076111,-0.004162132740020752,0.05313326418399811,0.13782136142253876
101420,color_cast,2,0.6041988134384155,0.0033820420503616333,0.06263001263141632,0.17097675800323486
102331,gamma,1,-0.09561716020107269,0.007946491241455078,0.041490063071250916,0.12416572123765945
102331,gamma,2,0.6747179627418518,0.008222028613090515,0.06337476521730423,0.06787046790122986
102331,contrast,1,-0.7989217638969421,0.007515236735343933,0.19529497623443604,0.28426530957221985
102331,contrast,2,-0.6029831767082214,0.007254511117935181,0.11930042505264282,0.164252370595932
102331,color_cast,1,0.002201099880039692,-0.01273857057094574,0.08816137909889221,0.2999159097671509
102331,color_cast,2,-0.4663393795490265,0.007774457335472107,0.13465891778469086,0.20390082895755768
102356,gamma,1,0.1015622541308403,-0.003120332956314087,0.10276205092668533,0.048501066863536835
102356,gamma,2,0.7877786159515381,-0.012586742639541626,0.1057702898979187,0.08322126418352127
102356,contrast,1,-0.36519962549209595,-0.004551976919174194,0.03197210654616356,0.06388234347105026
102356,contrast,2,-0.2972855567932129,0.007519230246543884,0.10127755999565125,0.17347121238708496
102356,color_cast,1,0.1468721479177475,0.017002418637275696,0.07615828514099121,0.05646630376577377
102356,color_cast,2,-0.6588956117630005,-0.01144157350063324,0.12275687605142593,0.05799432843923569
102805,gamma,1,0.2038961797952652,0.03751170635223389,0.13121779263019562,0.10348621010780334
102805,gamma,2,-0.3222816288471222,0.03223872184753418,0.1359628140926361,0.7614725232124329
102805,contrast,1,-0.23840145766735077,-0.020302653312683105,0.08088874071836472,1.1444510221481323
102805,contrast,2,0.235765278339386,-0.0110245943069458,0.11577252298593521,0.6892472505569458
102805,color_cast,1,0.569294810295105,-0.06411945819854736,0.06476935744285583,0.4180833399295807
102805,color_cast,2,-0.5256702303886414,0.009239554405212402,0.0382043793797493,0.10284215211868286
105335,gamma,1,0.06217072904109955,0.009840130805969238,0.16774068772792816,0.5860159993171692
105335,gamma,2,-0.40236935019493103,0.023202180862426758,0.15641137957572937,0.8688295483589172
105335,contrast,1,-0.21085448563098907,-0.025458693504333496,0.178908571600914,0.4815922677516937
105335,contrast,2,0.8004043102264404,-0.07144200801849365,0.14705899357795715,2.670307159423828
105335,color_cast,1,0.765542209148407,0.01541757583618164,0.07698539644479752,0.4985195994377136
105335,color_cast,2,0.588714063167572,-0.04549098014831543,0.06342966109514236,0.44879111647605896
115946,gamma,1,0.24266277253627777,0.02003037929534912,0.07890366017818451,0.5422247052192688
115946,gamma,2,0.006746184546500444,0.03538656234741211,0.06804469972848892,0.5672298073768616
115946,contrast,1,0.2583600878715515,0.07249367237091064,0.08864685893058777,0.6653209924697876
115946,contrast,2,-0.5741292834281921,0.029114127159118652,0.05773047357797623,1.1825155019760132
115946,color_cast,1,-0.5572013258934021,0.011201798915863037,0.09102971851825714,0.27041271328926086
115946,color_cast,2,-0.7574590444564819,-0.04137307405471802,0.11906175315380096,0.4125590920448303
116479,gamma,1,-0.6530563235282898,-0.00044155120849609375,0.16391479969024658,0.3191038966178894
116479,gamma,2,-0.6460168361663818,0.02148902416229248,0.12335889041423798,0.3770068883895874
116479,contrast,1,-0.36353200674057007,0.01171809434890747,0.0702793151140213,0.24424831569194794
116479,contrast,2,0.5704747438430786,0.008433520793914795,0.1047404333949089,0.27715909481048584
116479,color_cast,1,-0.730827808380127,-0.0033841729164123535,0.16973042488098145,0.22298283874988556
116479,color_cast,2,0.11913839727640152,0.011882901191711426,0.12356001883745193,0.1965474635362625
124798,gamma,1,0.07230985909700394,0.0345379114151001,0.06580520421266556,0.08592382818460464
124798,gamma,2,0.017118971794843674,0.023974180221557617,0.0761575922369957,0.1694190800189972
124798,contrast,1,0.7879196405410767,-0.04799288511276245,0.12512704730033875,0.07039541006088257
124798,contrast,2,0.902190625667572,0.06384986639022827,0.026685547083616257,0.30566132068634033
124798,color_cast,1,0.393472820520401,-0.01489180326461792,0.06777790933847427,0.11146124452352524
124798,color_cast,2,0.46829304099082947,0.03842484951019287,0.0599677599966526,0.15271127223968506
125778,gamma,1,0.8743126392364502,-0.038149237632751465,0.05429176241159439,0.4032525420188904
125778,gamma,2,0.9790040850639343,0.13925111293792725,0.09503653645515442,0.4443741738796234
125778,contrast,1,0.2410443127155304,0.030209779739379883,0.16770018637180328,0.6177076101303101
125778,contrast,2,-0.9686328768730164,0.04828524589538574,0.27445507049560547,1.1055980920791626
125778,color_cast,1,-0.4912530779838562,-0.013512492179870605,0.06690830737352371,0.5700034499168396
125778,color_cast,2,-0.6671271920204163,-0.026448488235473633,0.077662892639637,0.4960211515426636
130386,gamma,1,0.004797255154699087,0.008629381656646729,0.0661068931221962,0.32538414001464844
130386,gamma,2,0.08069562911987305,0.01870417594909668,0.06037687510251999,0.699770987033844
130386,contrast,1,-0.7518752813339233,-0.024709880352020264,0.04629568010568619,0.3175783157348633
130386,contrast,2,-0.4029995799064636,0.03518331050872803,0.12242072075605392,0.8412018418312073
130386,color_cast,1,-0.27279675006866455,0.012281596660614014,0.06802020221948624,0.2974238693714142
130386,color_cast,2,0.5865358114242554,-0.0028082728385925293,0.0428217276930809,0.456238329410553
132329,gamma,1,-0.5303227305412292,-0.008880287408828735,0.13453862071037292,0.28610101342201233
132329,gamma,2,-0.613266110420227,0.010462671518325806,0.13095998764038086,0.23570320010185242
132329,contrast,1,0.3280946612358093,0.006154954433441162,0.050074510276317596,0.1588348150253296
132329,contrast,2,-0.3103830814361572,0.014808475971221924,0.044336557388305664,0.36058589816093445
132329,color_cast,1,0.01076669991016388,0.013160884380340576,0.08346594125032425,0.13074347376823425
132329,color_cast,2,-0.36488547921180725,0.013448894023895264,0.042268797755241394,0.15381774306297302
132703,gamma,1,0.30147820711135864,-0.002619795501232147,0.18636730313301086,0.09247412532567978
132703,gamma,2,0.796147346496582,0.0043370723724365234,0.1728845238685608,0.08872779458761215
132703,contrast,1,-0.0359756238758564,-0.0008591189980506897,0.17383573949337006,0.09553806483745575
132703,contrast,2,-0.575527548789978,0.005173981189727783,0.22088946402072906,0.20416384935379028
132703,color_cast,1,0.5511208176612854,-0.005679488182067871,0.07500685751438141,0.05112512409687042
132703,color_cast,2,0.8922673463821411,-0.005147486925125122,0.060451772063970566,0.0634547621011734
134886,gamma,1,-0.13890407979488373,-0.003112316131591797,0.0705341324210167,1.0371830463409424
134886,gamma,2,-0.4328225255012512,-0.01520228385925293,0.14539702236652374,0.7084559798240662
134886,contrast,1,0.3618146777153015,-0.03770267963409424,0.07662186771631241,0.4189969003200531
134886,contrast,2,-0.14053770899772644,-0.00013184547424316406,0.18659552931785583,0.646040141582489
134886,color_cast,1,0.21895673871040344,0.02043282985687256,0.09691546112298965,0.7596774697303772
134886,color_cast,2,-0.40916866064071655,0.01630270481109619,0.23976357281208038,0.3442609906196594
136466,gamma,1,-0.8378852009773254,-0.015094965696334839,0.13691972196102142,0.1287669837474823
136466,gamma,2,-0.8647308349609375,-0.000690162181854248,0.08655955642461777,0.12041828781366348
136466,contrast,1,0.38171592354774475,0.03817790746688843,0.12686274945735931,0.07227981090545654
136466,contrast,2,0.5990896821022034,-0.0013465583324432373,0.07194209098815918,0.12002649158239365
136466,color_cast,1,0.25826045870780945,-0.004640489816665649,0.07177245616912842,0.11324813961982727
136466,color_cast,2,0.6860575675964355,0.003928452730178833,0.04146026447415352,0.1413569301366806
144932,gamma,1,0.06573829054832458,0.006031155586242676,0.10834695398807526,0.28353700041770935
144932,gamma,2,-0.3861958980560303,-0.0032317638397216797,0.06879265606403351,0.5824309587478638
144932,contrast,1,-0.9493626952171326,0.0007745027542114258,0.2029632031917572,0.7800531983375549
144932,contrast,2,-0.4849577844142914,0.012058019638061523,0.12611515820026398,2.0610384941101074
144932,color_cast,1,-0.7274564504623413,0.0019723176956176758,0.06649140268564224,0.9686648845672607
144932,color_cast,2,-0.18441325426101685,-0.001255631446838379,0.08723543584346771,0.8377799987792969
145665,gamma,1,0.048766374588012695,-0.01867997646331787,0.05950133875012398,0.04243409261107445
145665,gamma,2,0.14666247367858887,-0.005859881639480591,0.12401030212640762,0.013250809162855148
145665,contrast,1,-0.32616859674453735,-0.0015424638986587524,0.11198162287473679,0.038917865604162216
145665,contrast,2,0.581531286239624,-0.0239592045545578,0.05933595076203346,0.07537347823381424
145665,color_cast,1,0.6537922620773315,-0.01862873136997223,0.06528481841087341,0.06116029620170593
145665,color_cast,2,0.01695152372121811,-0.0062162429094314575,0.05065300315618515,0.0796584039926529
147223,gamma,1,-0.31922218203544617,-0.019909143447875977,0.21332146227359772,0.28911617398262024
147223,gamma,2,0.1525157243013382,0.0012322068214416504,0.2560352683067322,0.11522077023983002
147223,contrast,1,0.8785442113876343,-0.009405851364135742,0.1316205859184265,0.8948277235031128
147223,contrast,2,0.9867211580276489,-0.011128485202789307,0.12237678468227386,0.8285247087478638
147223,color_cast,1,0.3613573908805847,-0.00951889157295227,0.06629063189029694,0.2702699303627014
147223,color_cast,2,0.6228788495063782,0.01923203468322754,0.015442865900695324,0.2822415232658386
153632,gamma,1,-0.23518389463424683,0.006492137908935547,0.08939439058303833,0.2169671207666397
153632,gamma,2,0.34074485301971436,0.005241870880126953,0.08629818260669708,0.38547295331954956
153632,contrast,1,0.8182513117790222,0.0019192695617675781,0.09366551786661148,0.2260076403617859
153632,contrast,2,0.8600785732269287,-0.022135794162750244,0.1337672770023346,1.0866881608963013
153632,color_cast,1,-0.007775954902172089,0.0025836825370788574,0.08716776967048645,0.23420992493629456
153632,color_cast,2,0.8235589861869812,0.0006093680858612061,0.053685080260038376,0.17203682661056519
155443,gamma,1,0.5625386238098145,0.00123518705368042,0.17054301500320435,0.36506032943725586
155443,gamma,2,0.5366233587265015,-0.07363772392272949,0.24230633676052094,1.759002685546875
155443,contrast,1,0.6563544869422913,-0.008885443210601807,0.2731306254863739,1.048187255859375
155443,contrast,2,0.7897717356681824,-0.057605743408203125,0.17132826149463654,3.3391594886779785
155443,color_cast,1,-0.46652111411094666,0.009133577346801758,0.029476124793291092,0.5725125074386597
155443,color_cast,2,-0.8167985081672668,5.263090133666992e-05,0.07691682130098343,0.4965079128742218
159458,gamma,1,-0.7757991552352905,-0.01657208800315857,0.029239067807793617,0.21262748539447784
159458,gamma,2,-0.5386518836021423,-0.02906128764152527,0.03784745931625366,0.31707826256752014
159458,contrast,1,0.738050103187561,-0.010997682809829712,0.12434665858745575,0.4909375011920929
159458,contrast,2,0.5776079893112183,-0.0130251944065094,0.13205170631408691,0.42119237780570984
159458,color_cast,1,0.3044176995754242,0.0005654692649841309,0.03440159186720848,0.20610634982585907
159458,color_cast,2,0.9360249042510986,-0.0181424617767334,0.06446675956249237,0.41277116537094116
160556,gamma,1,0.12807294726371765,0.04270195960998535,0.15188084542751312,0.5214143395423889
160556,gamma,2,-0.4253280758857727,0.09257864952087402,0.0717882513999939,1.4202629327774048
160556,contrast,1,0.6284211874008179,-0.006389260292053223,0.07326028496026993,0.28870341181755066
160556,contrast,2,0.4763774275779724,-0.04266858100891113,0.11793138831853867,0.7182648777961731
160556,color_cast,1,0.11678022891283035,-0.015767157077789307,0.08922585844993591,0.798514187335968
160556,color_cast,2,-0.08755837380886078,-0.012050032615661621,0.1098504438996315,0.7190067768096924
163155,gamma,1,0.8867905735969543,0.004883766174316406,0.09814437478780746,0.06792984902858734
163155,gamma,2,-0.31895914673805237,-0.0031653791666030884,0.1440342366695404,0.08531585335731506
163155,contrast,1,0.3884696364402771,0.0013475418090820312,0.04723256453871727,0.07262278348207474
163155,contrast,2,-0.648189902305603,-0.007705435156822205,0.09949083626270294,0.059538569301366806
163155,color_cast,1,0.44473889470100403,0.0007535740733146667,0.12207617610692978,0.03185208514332771
163155,color_cast,2,-0.8151655197143555,0.005036190152168274,0.2209806889295578,0.02852555923163891
163611,gamma,1,-0.5109323263168335,-0.003921866416931152,0.13242925703525543,0.4807584881782532
163611,gamma,2,-0.15847600996494293,-0.0035130977630615234,0.1608424186706543,0.29366782307624817
163611,contrast,1,-0.8135878443717957,0.0008256733417510986,0.21450427174568176,0.12535721063613892
163611,contrast,2,0.01352560706436634,0.015104293823242188,0.10349158942699432,0.27005818486213684
163611,color_cast,1,0.22244974970817566,0.024176687002182007,0.14679525792598724,0.1222902163863182
163611,color_cast,2,0.8054947853088379,-0.02215436100959778,0.11270797997713089,0.25901246070861816
163682,gamma,1,-0.09246600419282913,0.020226389169692993,0.1027342677116394,0.07522773742675781
163682,gamma,2,0.056070614606142044,-0.021177202463150024,0.07097218930721283,0.23166893422603607
163682,contrast,1,0.6893996000289917,-0.013485759496688843,0.11150200664997101,0.15242691338062286
163682,contrast,2,0.29007473587989807,0.008412659168243408,0.04874347150325775,0.35220226645469666
163682,color_cast,1,-0.30996403098106384,-0.0039441585540771484,0.0388651080429554,0.1352097988128662
163682,color_cast,2,0.15279458463191986,0.0050730109214782715,0.03926312178373337,0.12655338644981384
165336,gamma,1,0.9830244779586792,0.0011746808886528015,0.14781144261360168,0.14882031083106995
165336,gamma,2,0.9120435118675232,-0.012703634798526764,0.1473817378282547,0.11793158203363419
165336,contrast,1,0.9651159048080444,-0.02089708298444748,0.16410739719867706,0.1470300257205963
165336,contrast,2,-0.889753520488739,-0.01563374698162079,0.12718190252780914,0.14525724947452545
165336,color_cast,1,0.5354210734367371,0.007733136415481567,0.023348424583673477,0.10069682449102402
165336,color_cast,2,0.47181859612464905,-0.006590522825717926,0.04709034785628319,0.09523595124483109
166259,gamma,1,0.16441501677036285,-0.00465431809425354,0.3110647201538086,0.2381100356578827
166259,gamma,2,-0.007100831251591444,0.03388339281082153,0.28552141785621643,0.12106028199195862
166259,contrast,1,0.6176194548606873,-0.007485106587409973,0.22021129727363586,0.13196292519569397
166259,contrast,2,-0.8287592530250549,0.0133323073387146,0.1425350457429886,0.2534662187099457
166259,color_cast,1,-0.4277573525905609,0.006056010723114014,0.050773803144693375,0.3322138488292694
166259,color_cast,2,-0.7629876732826233,0.01326744258403778,0.07303494215011597,0.24471072852611542
170670,gamma,1,-0.20395787060260773,-0.002905726432800293,0.0864650309085846,0.33788609504699707
170670,gamma,2,-0.4654954969882965,0.005810141563415527,0.10513265430927277,0.32410964369773865
170670,contrast,1,-0.9422959685325623,0.03722202777862549,0.10088519006967545,0.3167303204536438
170670,contrast,2,0.18430344760417938,-0.049541592597961426,0.054245468229055405,0.7652770280838013
170670,color_cast,1,-0.18457883596420288,0.031191349029541016,0.1205117478966713,0.23598487675189972
170670,color_cast,2,-0.480420857667923,0.0194394588470459,0.13232764601707458,0.2642763555049896
180751,gamma,1,0.17166826128959656,0.05158805847167969,0.07471323758363724,0.4380090534687042
180751,gamma,2,0.46685323119163513,-0.02062845230102539,0.11140628159046173,0.34277135133743286
180751,contrast,1,0.361572802066803,-0.0176277756690979,0.055945541709661484,0.1586000770330429
180751,contrast,2,-0.8096935749053955,0.038276076316833496,0.14768287539482117,0.4198041260242462
180751,color_cast,1,0.36323195695877075,-0.005202293395996094,0.08533202111721039,0.12334176152944565
180751,color_cast,2,0.5473713278770447,0.019642531871795654,0.05965213477611542,0.14490878582000732
181859,gamma,1,0.053957026451826096,-0.0016980469226837158,0.07619508355855942,0.05874450504779816
181859,gamma,2,-0.12191098928451538,-0.0020585209131240845,0.07678910344839096,0.04557482898235321
181859,contrast,1,0.1401241421699524,0.0016027837991714478,0.08782144635915756,0.09806062281131744
181859,contrast,2,-0.6681521534919739,-0.003461897373199463,0.06030047684907913,0.07083017379045486
181859,color_cast,1,0.8397225737571716,-0.013096824288368225,0.05748552083969116,0.08253252506256104
181859,color_cast,2,0.9764648079872131,0.009419411420822144,0.09912994503974915,0.20722638070583344
182923,gamma,1,0.33131709694862366,-0.0066977739334106445,0.054574161767959595,0.06552781164646149
182923,gamma,2,-0.2524312436580658,0.01863187551498413,0.1295444816350937,0.1274426281452179
182923,contrast,1,-0.5361809730529785,0.020356178283691406,0.05857980623841286,0.14263156056404114
182923,contrast,2,-0.1562456339597702,-0.03991878032684326,0.0606381855905056,0.265659898519516
182923,color_cast,1,0.3880676329135895,0.012133419513702393,0.0493399053812027,0.24811288714408875
182923,color_cast,2,0.8551326394081116,0.009373188018798828,0.0809440165758133,0.10220277309417725
183246,gamma,1,0.6930788159370422,0.023741722106933594,0.15883898735046387,1.1523548364639282
183246,gamma,2,-0.6206448674201965,0.11134219169616699,0.309516578912735,0.9386106729507446
183246,contrast,1,0.3712122440338135,-0.035124897956848145,0.2818537950515747,0.7746488451957703
183246,contrast,2,-0.7430465817451477,0.03301680088043213,0.16408368945121765,1.3517401218414307
183246,color_cast,1,-0.955003023147583,-0.0014529228210449219,0.4008493721485138,1.0735304355621338
183246,color_cast,2,-0.6316224336624146,0.023683547973632812,0.17323100566864014,0.7687623500823975
183675,gamma,1,-0.0019299242412671447,-0.003367513418197632,0.053004249930381775,0.03354840725660324
183675,gamma,2,0.28181400895118713,-0.02634270489215851,0.07366739213466644,0.055275168269872665
183675,contrast,1,0.29401925206184387,-0.02610693871974945,0.07216144353151321,0.05238422006368637
183675,contrast,2,0.3967936933040619,0.016504928469657898,0.08140840381383896,0.12918584048748016
183675,color_cast,1,0.6889247298240662,0.002638787031173706,0.03991174325346947,0.03221508860588074
183675,color_cast,2,0.2644571363925934,-0.006920158863067627,0.06445803493261337,0.02069331705570221
186980,gamma,1,0.775124192237854,0.049488067626953125,0.14486074447631836,1.0008817911148071
186980,gamma,2,0.711767852306366,0.004273772239685059,0.15382860600948334,0.8084873557090759
186980,contrast,1,0.7642176151275635,0.016381263732910156,0.07013207674026489,1.4775400161743164
186980,contrast,2,-0.31412839889526367,0.04581952095031738,0.12371128052473068,1.5806782245635986
186980,color_cast,1,0.07051324099302292,0.00267946720123291,0.07663553208112717,0.4552991986274719
186980,color_cast,2,-0.8466504216194153,0.009456872940063477,0.0744432657957077,0.4087611734867096
193884,gamma,1,-0.7362512946128845,-0.0003408975899219513,0.059154950082302094,0.039465148001909256
193884,gamma,2,-0.7440948486328125,0.004040095955133438,0.06743133813142776,0.02661120519042015
193884,contrast,1,-0.9745153784751892,0.00021006911993026733,0.09906233102083206,0.008009583689272404
193884,contrast,2,-0.16072024405002594,0.003221588209271431,0.0933324471116066,0.008117128163576126
193884,color_cast,1,0.5549560189247131,0.001009305939078331,0.07219741493463516,0.023595627397298813
193884,color_cast,2,0.6103289723396301,-0.00012449361383914948,0.0544138178229332,0.01562533713877201
193926,gamma,1,-0.3003203272819519,-0.03874480724334717,0.08505921065807343,0.3663085103034973
193926,gamma,2,0.2937249541282654,0.011550545692443848,0.06532711535692215,0.6608867645263672
193926,contrast,1,0.43832531571388245,0.011143088340759277,0.06323559582233429,0.421583354473114
193926,contrast,2,-0.5752301216125488,-0.008354783058166504,0.10987883061170578,1.6082966327667236
193926,color_cast,1,-0.6898006796836853,0.025414228439331055,0.027925990521907806,0.28923675417900085
193926,color_cast,2,-0.4257284700870514,0.02923715114593506,0.047161173075437546,0.18036304414272308
196009,gamma,1,-0.7144182324409485,-0.001954495906829834,0.11191092431545258,0.04490230977535248
196009,gamma,2,-0.4549919068813324,0.018372729420661926,0.10534410923719406,0.07576233893632889
196009,contrast,1,-0.41002485156059265,0.007918566465377808,0.1019936352968216,0.5196507573127747
196009,contrast,2,-0.3810397684574127,-0.019694864749908447,0.05701688304543495,1.742958903312683
196009,color_cast,1,-0.6736339926719666,-0.008534565567970276,0.050506673753261566,0.020891893655061722
196009,color_cast,2,0.6276381015777588,0.0018576979637145996,0.09446871280670166,0.04107113555073738
197796,gamma,1,-0.5200429558753967,0.005320489406585693,0.03822680190205574,0.13117267191410065
197796,gamma,2,-0.07297414541244507,-0.0035501718521118164,0.16640011966228485,0.27306705713272095
197796,contrast,1,-0.5816349387168884,0.017963528633117676,0.16597768664360046,0.1881599873304367
197796,contrast,2,-0.44215908646583557,0.004613697528839111,0.17924313247203827,1.1013975143432617
197796,color_cast,1,0.07319393008947372,-0.026842474937438965,0.07471206784248352,0.14311006665229797
197796,color_cast,2,0.7976704239845276,0.005869626998901367,0.02074483223259449,0.20153464376926422
200667,gamma,1,0.17175611853599548,-0.007396623492240906,0.1606081873178482,0.08358734101057053
200667,gamma,2,0.3903418779373169,-0.003477834165096283,0.12100990861654282,0.043270714581012726
200667,contrast,1,0.7186095714569092,0.001512080430984497,0.08977095037698746,0.1693015694618225
200667,contrast,2,0.32167211174964905,0.0003266632556915283,0.13094916939735413,0.11903120577335358
200667,color_cast,1,0.3524987995624542,-0.0044851154088974,0.050645045936107635,0.04013505205512047
200667,color_cast,2,0.16796810925006866,0.00020506978034973145,0.04373598471283913,0.044920388609170914
200961,gamma,1,-0.5571614503860474,-0.01603454351425171,0.16595083475112915,0.9237757921218872
200961,gamma,2,-0.29220035672187805,-0.04355335235595703,0.24124310910701752,0.7351058125495911
200961,contrast,1,0.9559201002120972,-0.03171759843826294,0.09720536321401596,0.6036258339881897
200961,contrast,2,0.9745380878448486,-0.012603759765625,0.09303485602140427,1.762464165687561
200961,color_cast,1,-0.29053109884262085,0.006502747535705566,0.023883866146206856,3.056025505065918
200961,color_cast,2,0.8256149291992188,0.04058253765106201,0.04533251002430916,1.216139793395996
201418,gamma,1,0.13358865678310394,-0.04613947868347168,0.034932754933834076,1.066131830215454
201418,gamma,2,0.5557588338851929,0.013127326965332031,0.09523674845695496,1.713862657546997
201418,contrast,1,0.055310022085905075,0.059505343437194824,0.06204155087471008,1.2617425918579102
201418,contrast,2,-0.37533941864967346,0.034497976303100586,0.0764806866645813,2.560558795928955
201418,color_cast,1,-0.6808838844299316,0.034329771995544434,0.03652836009860039,1.0035053491592407
201418,color_cast,2,-0.4947379231452942,0.011386871337890625,0.02872929349541664,0.7424809336662292
201775,gamma,1,0.021042095497250557,0.0010747909545898438,0.03806021064519882,0.10019446909427643
201775,gamma,2,0.13706421852111816,-0.0022369325160980225,0.047021348029375076,0.08014404028654099
201775,contrast,1,0.8135086894035339,-0.001258760690689087,0.06568335741758347,0.060547247529029846
201775,contrast,2,0.1123909056186676,0.015323728322982788,0.03772071748971939,0.09843861311674118
201775,color_cast,1,0.5467519760131836,-0.0001971721649169922,0.0475250706076622,0.023345960304141045
201775,color_cast,2,0.35344019532203674,-0.006681755185127258,0.06157150864601135,0.12708339095115662
203095,gamma,1,0.7705199122428894,0.01278635859489441,0.06063909828662872,0.29469791054725647
203095,gamma,2,0.9167831540107727,0.014328569173812866,0.06574904173612595,0.199860617518425
203095,contrast,1,-0.11056976020336151,-0.012450158596038818,0.16871251165866852,0.2927037477493286
203095,contrast,2,0.03461538255214691,0.0035684704780578613,0.05340347811579704,0.918592095375061
203095,color_cast,1,0.6487303376197815,-0.001713871955871582,0.05359005928039551,0.30075696110725403
203095,color_cast,2,-0.19060786068439484,0.014409124851226807,0.12103845179080963,0.16411246359348297
210855,gamma,1,0.3476216495037079,0.002577155828475952,0.05564018338918686,0.14310534298419952
210855,gamma,2,0.04237460345029831,-0.009936779737472534,0.07123438268899918,0.22117283940315247
210855,contrast,1,0.8640971183776855,-0.0033034980297088623,0.049367506057024,0.10931847244501114
210855,contrast,2,-0.051823001354932785,0.012352526187896729,0.059255748987197876,0.3108851909637451
210855,color_cast,1,0.4621438980102539,-0.009366661310195923,0.09942878782749176,0.1505778431892395
210855,color_cast,2,0.9830330610275269,0.006180077791213989,0.15366008877754211,0.344802588224411
213605,gamma,1,0.5249814987182617,0.027803361415863037,0.06181493401527405,0.21110469102859497
213605,gamma,2,-0.5631256699562073,-0.021351724863052368,0.0777720957994461,0.12219150364398956
213605,contrast,1,0.882936954498291,0.0010351836681365967,0.09386713057756424,0.2731573283672333
213605,contrast,2,0.7579243183135986,-0.011761307716369629,0.12022222578525543,0.5913989543914795
213605,color_cast,1,0.8142079710960388,0.022453248500823975,0.17156119644641876,0.4442690908908844
213605,color_cast,2,-0.3176465332508087,-0.011987149715423584,0.10399952530860901,0.1284974068403244
214703,gamma,1,-0.008072758093476295,-0.0003688335418701172,0.08969349414110184,0.09226267784833908
214703,gamma,2,0.692848265171051,0.008406013250350952,0.06735467910766602,1.0885759592056274
214703,contrast,1,-0.14540721476078033,0.006670117378234863,0.06902270019054413,1.3213671445846558
214703,contrast,2,-0.06862372159957886,-0.011623978614807129,0.07889202982187271,0.9978664517402649
214703,color_cast,1,0.3249621093273163,-0.0033122897148132324,0.06073395535349846,0.32223784923553467
214703,color_cast,2,-0.17439906299114227,-0.02256721258163452,0.10381375998258591,0.3762403726577759
217060,gamma,1,0.6543755531311035,0.0018437542021274567,0.041746821254491806,0.02510012499988079
217060,gamma,2,0.6804924011230469,0.0010381154716014862,0.02624247968196869,0.014065539464354515
217060,contrast,1,-0.8349786400794983,0.0031572245061397552,0.05950852856040001,0.006880925968289375
217060,contrast,2,-0.24418899416923523,0.0005980432033538818,0.15986691415309906,0.02005917765200138
217060,color_cast,1,0.15900933742523193,0.00018024630844593048,0.05098991468548775,0.05070587620139122
217060,color_cast,2,0.38124117255210876,-0.008513715118169785,0.2191004455089569,0.020232614129781723
217425,gamma,1,-0.012929431162774563,-0.0003440454602241516,0.07000406086444855,0.0251617431640625
217425,gamma,2,0.7142325043678284,0.005423225462436676,0.08978725969791412,0.03951214626431465
217425,contrast,1,0.6154208779335022,-0.009133651852607727,0.0710848793387413,0.037935905158519745
217425,contrast,2,-0.7972557544708252,-0.001290585845708847,0.10813235491514206,0.05128977820277214
217425,color_cast,1,-0.8215708136558533,0.001491885632276535,0.05799727514386177,0.020913954824209213
217425,color_cast,2,-0.5356845855712891,0.008657906204462051,0.05724870786070824,0.02840288169682026
218997,gamma,1,-0.1968950778245926,0.01799607276916504,0.047244470566511154,2.145617723464966
218997,gamma,2,-0.10340814292430878,-0.006928443908691406,0.08556944131851196,1.1963666677474976
218997,contrast,1,-0.2453848272562027,-0.0007071495056152344,0.08440227806568146,3.7204575538635254
218997,contrast,2,-0.6793444156646729,0.09838199615478516,0.10010740906000137,3.862008810043335
218997,color_cast,1,0.059369102120399475,-0.010764360427856445,0.06903409212827682,5.082393169403076
218997,color_cast,2,-0.8116481900215149,0.013267993927001953,0.06768156588077545,3.651087999343872
220584,gamma,1,0.7424119710922241,-0.002023637294769287,0.11128588020801544,0.06745187938213348
220584,gamma,2,0.9530301690101624,0.004764929413795471,0.13371312618255615,0.07027355581521988
220584,contrast,1,-0.491842120885849,-0.007905527949333191,0.0723409429192543,0.13001170754432678
220584,contrast,2,-0.262632817029953,0.006393030285835266,0.06850336492061615,0.18077637255191803
220584,color_cast,1,-0.13477061688899994,0.001447424292564392,0.08320042490959167,0.1084371879696846
220584,color_cast,2,-0.7026926279067993,-0.01150812953710556,0.05714448168873787,0.29485926032066345
228981,gamma,1,-0.6841759085655212,-0.013906292617321014,0.10802634060382843,0.016134101897478104
228981,gamma,2,0.14220887422561646,0.018079407513141632,0.07139714062213898,0.011914059519767761
228981,contrast,1,-0.8343998193740845,0.0065041109919548035,0.10223034024238586,0.012749122455716133
228981,contrast,2,-0.4174719750881195,0.0050318241119384766,0.18045148253440857,0.11145811527967453
228981,color_cast,1,-0.38192251324653625,0.005385756492614746,0.12368517369031906,0.02553020417690277
228981,color_cast,2,-0.7021646499633789,0.0009554177522659302,0.058224257081747055,0.028957340866327286
229553,gamma,1,-0.6389843225479126,-0.00404028594493866,0.06600812077522278,0.08151869475841522
229553,gamma,2,-0.9204096794128418,0.004933245480060577,0.10026781260967255,0.02114977315068245
229553,contrast,1,-0.24122193455696106,-0.0025289729237556458,0.20294301211833954,0.03768825903534889
229553,contrast,2,0.7669018507003784,-0.0037190020084381104,0.09759994596242905,0.10322544723749161
229553,color_cast,1,-0.530430018901825,0.0074257999658584595,0.06622122973203659,0.03052392788231373
229553,color_cast,2,-0.297036349773407,0.0017712712287902832,0.051050152629613876,0.07119767367839813
229601,gamma,1,-0.6027750372886658,0.004246830940246582,0.12366563081741333,0.19182823598384857
229601,gamma,2,-0.15413808822631836,-0.0019695162773132324,0.09995636343955994,0.20344723761081696
229601,contrast,1,-0.272923082113266,-0.009692490100860596,0.07335132360458374,0.16052711009979248
229601,contrast,2,0.2380949854850769,-0.01841747760772705,0.034042567014694214,0.26177600026130676
229601,color_cast,1,-0.30371224880218506,0.011245191097259521,0.04385731369256973,0.3655052185058594
229601,color_cast,2,-0.22330990433692932,0.016620934009552002,0.03726256638765335,0.4407205581665039
232348,gamma,1,-0.6058853268623352,0.021934255957603455,0.19215188920497894,0.1219293400645256
232348,gamma,2,-0.35440388321876526,-0.0078524649143219,0.15113824605941772,0.07423839718103409
232348,contrast,1,0.44536876678466797,-0.003568887710571289,0.16802199184894562,0.16656886041164398
232348,contrast,2,-0.007423023693263531,-0.006634145975112915,0.19902746379375458,0.0958094671368599
232348,color_cast,1,-0.08300872892141342,0.001355186104774475,0.07078168541193008,0.05024652183055878
232348,color_cast,2,-0.4057070314884186,-0.001026548445224762,0.09323433041572571,0.05012308806180954
235778,gamma,1,-0.9308255314826965,0.030682802200317383,0.22076855599880219,1.6737103462219238
235778,gamma,2,-0.8832980990409851,-0.03136944770812988,0.10579676926136017,1.6276931762695312
235778,contrast,1,-0.8072327375411987,0.022461414337158203,0.1000695750117302,1.5501396656036377
235778,contrast,2,-0.352138489484787,0.08549737930297852,0.03960343077778816,4.1859211921691895
235778,color_cast,1,-0.5304189920425415,0.004399418830871582,0.14039602875709534,0.9309894442558289
235778,color_cast,2,-0.46680328249931335,0.0645899772644043,0.22457444667816162,1.0205907821655273
237316,gamma,1,0.6507408022880554,-0.007419511675834656,0.17872370779514313,0.10383199900388718
237316,gamma,2,-0.7135921120643616,-0.011883221566677094,0.07954202592372894,0.09469717741012573
237316,contrast,1,-0.9112550020217896,0.01055743545293808,0.29360002279281616,0.07297759503126144
237316,contrast,2,-0.9309849739074707,0.010933421552181244,0.14962437748908997,0.0449441559612751
237316,color_cast,1,-0.9351492524147034,-0.00962529331445694,0.19623549282550812,0.051418013870716095
237316,color_cast,2,-0.6967024803161621,0.01512676477432251,0.4560733437538147,0.07224255800247192
249219,gamma,1,-0.36687788367271423,0.003990858793258667,0.1224818080663681,0.032215334475040436
249219,gamma,2,-0.10375162959098816,-0.009266562759876251,0.16915777325630188,0.05078967288136482
249219,contrast,1,0.9607372283935547,-0.00428549200296402,0.1624225229024887,0.09192341566085815
249219,contrast,2,0.5587440729141235,-0.015086844563484192,0.2225320190191269,0.07036953419446945
249219,color_cast,1,0.6910973787307739,-0.002638198435306549,0.13883499801158905,0.11836961656808853
249219,color_cast,2,-0.8358981013298035,0.0037610307335853577,0.07311968505382538,0.08527016639709473
250766,gamma,1,-0.8159390687942505,0.08059170842170715,0.10124561935663223,0.15778471529483795
250766,gamma,2,0.33349665999412537,-0.0006482601165771484,0.09884224086999893,0.2663862407207489
250766,contrast,1,0.3188092112541199,-0.020631253719329834,0.0628422349691391,0.2994330823421478
250766,contrast,2,-0.6017998456954956,0.028883814811706543,0.3192198872566223,0.7112772464752197
250766,color_cast,1,-0.46319425106048584,-0.044558316469192505,0.1692514568567276,0.08271947503089905
250766,color_cast,2,0.758104681968689,0.03197580575942993,0.11547726392745972,0.6016271710395813
253819,gamma,1,-0.3326336443424225,0.030116364359855652,1.4053155183792114,0.048732299357652664
253819,gamma,2,-0.44128164649009705,0.004274524748325348,1.4171116352081299,0.07884349673986435
253819,contrast,1,0.6291055679321289,0.004814401268959045,0.35483670234680176,0.035938262939453125
253819,contrast,2,0.9648983478546143,-0.004773221909999847,0.3592969477176666,0.06810306012630463
253819,color_cast,1,0.11984215676784515,0.004425935447216034,0.12563268840312958,0.03277546167373657
253819,color_cast,2,-0.7612140774726868,-0.00600578635931015,0.12183274328708649,0.026528244838118553
255165,gamma,1,-0.9369016289710999,0.013049006462097168,0.06364954262971878,0.3953399062156677
255165,gamma,2,0.18810980021953583,0.040700554847717285,0.040317829698324203,0.3640408217906952
255165,contrast,1,-0.526564359664917,-0.027570247650146484,0.03738407790660858,0.34691473841667175
255165,contrast,2,-0.778508722782135,0.02930307388305664,0.04272458702325821,2.2017369270324707
255165,color_cast,1,0.45214471220970154,-0.015590906143188477,0.052289512008428574,0.22984984517097473
255165,color_cast,2,-0.6823062300682068,-0.04605567455291748,0.07284042984247208,0.6071988940238953
259597,gamma,1,-0.135970801115036,0.006755173206329346,0.05581039562821388,0.2596728205680847
259597,gamma,2,-0.3280797600746155,0.02091073989868164,0.051657091826200485,0.25762268900871277
259597,contrast,1,0.22358688712120056,0.004499495029449463,0.06221197172999382,0.21168340742588043
259597,contrast,2,-0.5371330380439758,-0.016488075256347656,0.041942354291677475,0.42342203855514526
259597,color_cast,1,-0.8659663200378418,-0.001915276050567627,0.0725742056965828,0.170134037733078
259597,color_cast,2,0.32013756036758423,0.03619116544723511,0.08690956979990005,0.2529228627681732
260105,gamma,1,-0.5932375192642212,-0.008146882057189941,0.07792694866657257,0.23035849630832672
260105,gamma,2,-0.5483328104019165,-0.011251509189605713,0.11912714689970016,0.47070637345314026
260105,contrast,1,-0.6627364158630371,-0.007764041423797607,0.08779861778020859,0.6655257344245911
260105,contrast,2,-0.13068227469921112,0.003703594207763672,0.045463815331459045,1.3687070608139038
260105,color_cast,1,-0.22368618845939636,-0.010460376739501953,0.043453894555568695,0.17330799996852875
260105,color_cast,2,0.7857303023338318,-0.013145685195922852,0.04201234132051468,0.2514640986919403
267670,gamma,1,-0.08190438151359558,0.00625290721654892,0.07530655711889267,0.026119424030184746
267670,gamma,2,-0.1795225590467453,0.01000119000673294,0.07024708390235901,0.05628800392150879
267670,contrast,1,0.26570194959640503,0.006571143865585327,0.0692446157336235,0.06806761771440506
267670,contrast,2,-0.07891136407852173,-0.0019005686044692993,0.20713277161121368,0.06951665133237839
267670,color_cast,1,-0.5998023748397827,-0.0013252198696136475,0.03883366286754608,0.12672893702983856
267670,color_cast,2,0.6680081486701965,-0.0015831738710403442,0.05797215551137924,0.10110954195261002
268729,gamma,1,0.12599974870681763,0.005010545253753662,0.06218001991510391,0.28702396154403687
268729,gamma,2,-0.11735817790031433,0.03461861610412598,0.0557427778840065,0.2123304158449173
268729,contrast,1,0.5511236190795898,-0.007137656211853027,0.1197318360209465,1.9787369966506958
268729,contrast,2,-0.8983967304229736,-0.0162966251373291,0.1169346421957016,3.0439505577087402
268729,color_cast,1,0.909406840801239,0.07182043790817261,0.11271747946739197,1.659724473953247
268729,color_cast,2,0.7499418258666992,0.010843038558959961,0.0601961724460125,0.843284010887146
271471,gamma,1,0.1984073668718338,0.005289435386657715,0.18195563554763794,0.059818658977746964
271471,gamma,2,-0.3059608042240143,-0.0059795379638671875,0.1788717359304428,0.14403484761714935
271471,contrast,1,0.3431570529937744,-0.004953503608703613,0.04645666107535362,0.13510270416736603
271471,contrast,2,-0.5007776021957397,-0.009183764457702637,0.06709327548742294,1.7426950931549072
271471,color_cast,1,0.16862943768501282,0.004473268985748291,0.039976246654987335,0.1650514304637909
271471,color_cast,2,0.8541318774223328,0.023875772953033447,0.04519229754805565,0.29267773032188416
273551,gamma,1,0.7810567021369934,-0.0008864551782608032,0.13130828738212585,0.21304792165756226
273551,gamma,2,0.1374713033437729,0.0014040321111679077,0.16248895227909088,0.16920368373394012
273551,contrast,1,0.7400373220443726,0.0041493624448776245,0.07920123636722565,0.11033721268177032
273551,contrast,2,0.44580188393592834,-0.004717811942100525,0.041854921728372574,0.10720312595367432
273551,color_cast,1,0.5690515041351318,0.0013862550258636475,0.10993760079145432,0.11146008223295212
273551,color_cast,2,0.7619489431381226,0.015493303537368774,0.09224003553390503,0.1264449656009674
273711,gamma,1,-0.26551252603530884,-0.044489383697509766,0.10494202375411987,0.6597735285758972
273711,gamma,2,0.02371482364833355,-0.10552048683166504,0.11480268090963364,0.6860319972038269
273711,contrast,1,0.543367326259613,-0.06783342361450195,0.14024198055267334,0.4049766957759857
273711,contrast,2,0.42603054642677307,-0.13495969772338867,0.18075117468833923,1.9225709438323975
273711,color_cast,1,-0.44831815361976624,-0.021454215049743652,0.05149293318390846,0.48387911915779114
273711,color_cast,2,-0.5150355696678162,-0.040080904960632324,0.054874226450920105,0.44290128350257874
275727,gamma,1,0.31592851877212524,0.007262915372848511,0.27294641733169556,0.06620332598686218
275727,gamma,2,0.10522112995386124,0.00691559910774231,0.23555442690849304,0.10877209156751633
275727,contrast,1,0.35233762860298157,-0.0035049021244049072,0.12110413610935211,0.17180068790912628
275727,contrast,2,-0.2389322966337204,0.0017692744731903076,0.09389280527830124,0.1314275562763214
275727,color_cast,1,0.1939755082130432,-0.005971208214759827,0.10163860768079758,0.06200088560581207
275727,color_cast,2,-0.23993895947933197,0.0008042007684707642,0.13573680818080902,0.06528171896934509
280779,gamma,1,-0.1411684900522232,-0.0021511465311050415,0.2256782352924347,0.1547955721616745
280779,gamma,2,0.19632203876972198,-0.006151854991912842,0.2625572383403778,0.4135771691799164
280779,contrast,1,0.8671747446060181,-0.0025107860565185547,0.19699861109256744,0.11959096789360046
280779,contrast,2,0.7786305546760559,0.00032278895378112793,0.09363251179456711,0.29429391026496887
280779,color_cast,1,-0.4238816797733307,0.009850025177001953,0.11622793227434158,0.2048371434211731
280779,color_cast,2,0.4956127405166626,-0.004840284585952759,0.07242241501808167,0.10044953227043152
282037,gamma,1,0.004904464818537235,0.06438255310058594,0.07037661969661713,1.340991497039795
282037,gamma,2,0.17585332691669464,-0.0021669864654541016,0.11771813035011292,0.6001212000846863
282037,contrast,1,0.498109370470047,-0.024910926818847656,0.06596260517835617,5.157080173492432
282037,contrast,2,0.02417534589767456,0.040689945220947266,0.07286900281906128,6.5165886878967285
282037,color_cast,1,0.3500201404094696,-0.023633718490600586,0.07725488394498825,4.015621662139893
282037,color_cast,2,-0.09445017576217651,-0.034818410873413086,0.11032059043645859,3.170013666152954
283268,gamma,1,0.16327711939811707,-0.013051927089691162,0.18952548503875732,0.35260939598083496
283268,gamma,2,-0.5123129487037659,-0.0023781657218933105,0.19881029427051544,0.35965675115585327
283268,contrast,1,-0.6217588186264038,-0.005942046642303467,0.021578680723905563,0.15981265902519226
283268,contrast,2,0.7233717441558838,-0.013820111751556396,0.031216517090797424,0.6673561930656433
283268,color_cast,1,0.6750259399414062,-0.023331642150878906,0.2176709771156311,0.31180211901664734
283268,color_cast,2,0.7110826969146729,-0.0285646915435791,0.272878497838974,0.2545616626739502
284279,gamma,1,0.7305084466934204,-0.0006914809346199036,0.055940210819244385,0.05035505071282387
284279,gamma,2,0.037254780530929565,-0.0065517425537109375,0.03868825361132622,0.0482357032597065
284279,contrast,1,0.8257812857627869,0.006423071026802063,0.0599467009305954,0.13041244447231293
284279,contrast,2,0.19674740731716156,0.001829441636800766,0.02889300510287285,0.08775714784860611
284279,color_cast,1,-0.2985963821411133,-0.002449996769428253,0.08265037834644318,0.0639236718416214
284279,color_cast,2,-0.4364538788795471,0.0006644055247306824,0.10887318849563599,0.09060260653495789
286849,gamma,1,-0.4594572186470032,-0.002997845411300659,0.16125747561454773,0.16912627220153809
286849,gamma,2,0.20885801315307617,0.005794256925582886,0.18219299614429474,0.39421766996383667
286849,contrast,1,-0.9785524606704712,0.02523350715637207,0.2582591474056244,0.3176933526992798
286849,contrast,2,0.8771311640739441,0.02443540096282959,0.0732126459479332,1.0462547540664673
286849,color_cast,1,0.14354683458805084,-0.004617929458618164,0.03430071845650673,0.22265973687171936
286849,color_cast,2,-0.31958091259002686,0.0155256986618042,0.13267755508422852,1.1295017004013062
289415,gamma,1,-0.6515206694602966,-0.002897500991821289,0.10288237035274506,0.7304336428642273
289415,gamma,2,-0.03161006048321724,0.0317995548248291,0.0845462754368782,0.9258160591125488
289415,contrast,1,-0.559723436832428,0.0018391609191894531,0.07143516093492508,0.20989711582660675
289415,contrast,2,0.8422256708145142,0.003465414047241211,0.05543744936585426,1.1310619115829468
289415,color_cast,1,-0.5493479371070862,-0.01383364200592041,0.14173103868961334,0.5321913361549377
289415,color_cast,2,-0.2833447754383087,-0.07398462295532227,0.14214052259922028,0.36785346269607544
292155,gamma,1,-0.6529024839401245,0.020794570446014404,0.21808253228664398,0.4649120569229126
292155,gamma,2,-0.7266742587089539,-0.012411385774612427,0.200648233294487,0.5982965230941772
292155,contrast,1,0.086638905107975,-0.0036332011222839355,0.07658781111240387,0.5199697017669678
292155,contrast,2,0.6603377461433411,0.026248544454574585,0.09595875442028046,0.38551658391952515
292155,color_cast,1,-0.9589366316795349,0.012258559465408325,0.1451575756072998,0.3048429489135742
292155,color_cast,2,-0.35316190123558044,0.00678667426109314,0.13980482518672943,0.14726611971855164
295420,gamma,1,0.7390919923782349,-0.01870107650756836,0.07074873149394989,0.5518544912338257
295420,gamma,2,0.406296968460083,-3.916025161743164e-05,0.10806149989366531,1.6311075687408447
295420,contrast,1,-0.16598577797412872,0.0007933676242828369,0.06400977820158005,0.1725623458623886
295420,contrast,2,-0.49550172686576843,0.0169544517993927,0.27369576692581177,0.2046053260564804
295420,color_cast,1,-0.013062968850135803,0.015043914318084717,0.06300071626901627,0.19074440002441406
295420,color_cast,2,-0.09062962979078293,-0.00244179368019104,0.13266313076019287,0.12309075146913528
297681,gamma,1,-0.6902488470077515,0.009725727140903473,0.06363575905561447,0.07751823216676712
297681,gamma,2,-0.21354545652866364,-0.0006628334522247314,0.042673394083976746,0.13065561652183533
297681,contrast,1,0.6364511847496033,-0.0015669167041778564,0.07972393929958344,0.025908267125487328
297681,contrast,2,-0.7552903890609741,0.008924141526222229,0.18081477284431458,0.027736589312553406
297681,color_cast,1,0.03323660045862198,0.004663065075874329,0.06019439548254013,0.05026678740978241
297681,color_cast,2,0.5198699235916138,0.017613768577575684,0.06734997779130936,0.06191466003656387
301376,gamma,1,-0.41996103525161743,-0.0037642717361450195,0.4522762596607208,0.28281137347221375
301376,gamma,2,-0.08086114376783371,0.033387184143066406,0.10423235595226288,0.2345128357410431
301376,contrast,1,-0.05761496722698212,-0.04079413414001465,0.14822359383106232,0.2929755747318268
301376,contrast,2,-0.3633580505847931,-0.039539337158203125,0.4605005979537964,0.27570024132728577
301376,color_cast,1,0.052297476679086685,0.027707815170288086,0.12585113942623138,0.1907801479101181
301376,color_cast,2,0.8028889894485474,-0.07015097141265869,0.03805842250585556,0.3228672444820404
302760,gamma,1,-0.3628877103328705,0.00912398099899292,0.07181569188833237,0.06688375025987625
302760,gamma,2,-0.7843558192253113,0.008612111210823059,0.04123698174953461,0.09284933656454086
302760,contrast,1,0.7462260127067566,-0.008952125906944275,0.08947131782770157,0.0657067596912384
302760,contrast,2,0.7702970504760742,-9.63062047958374e-05,0.11601902544498444,0.08952037990093231
302760,color_cast,1,0.8784707188606262,-0.006133429706096649,0.08094961941242218,0.04944893345236778
302760,color_cast,2,0.38740935921669006,0.0018056854605674744,0.04569510743021965,0.06520158052444458
308793,gamma,1,-0.7210487723350525,0.006418466567993164,0.08193084597587585,0.4306368827819824
308793,gamma,2,-0.4386945366859436,0.026327908039093018,0.11959667503833771,0.4500620663166046
308793,contrast,1,-0.3546777367591858,0.010439038276672363,0.12326527386903763,1.0299574136734009
308793,contrast,2,-0.4761340618133545,-0.008732438087463379,0.21656858921051025,1.1970585584640503
308793,color_cast,1,0.10579120367765427,0.008206784725189209,0.05438774824142456,0.39502859115600586
308793,color_cast,2,0.39960289001464844,0.011286675930023193,0.05579962208867073,0.5275200605392456
309964,gamma,1,0.7769083380699158,-0.003800123929977417,0.1717415750026703,0.13809658586978912
309964,gamma,2,0.257781982421875,0.03651595115661621,0.16043972969055176,0.11155159026384354
309964,contrast,1,-0.2866049110889435,-0.0402907133102417,0.15207111835479736,0.09471502155065536
309964,contrast,2,-0.7267448902130127,0.020199716091156006,0.10987488180398941,0.23028410971164703
309964,color_cast,1,0.040001317858695984,0.0012750625610351562,0.1599866896867752,0.20956631004810333
309964,color_cast,2,-0.3981756865978241,0.009240180253982544,0.048692766577005386,0.3411109149456024
311950,gamma,1,-0.7511335611343384,0.0034539997577667236,0.25021442770957947,0.5580453276634216
311950,gamma,2,-0.8386752009391785,-0.019880205392837524,0.9731853604316711,0.41419821977615356
311950,contrast,1,-0.6148430705070496,0.024218901991844177,0.12396255135536194,0.5796130299568176
311950,contrast,2,-0.7958918213844299,0.008258983492851257,0.16701656579971313,0.4243890643119812
311950,color_cast,1,-0.34489065408706665,0.018216103315353394,0.12309353053569794,0.35678330063819885
311950,color_cast,2,-0.42538103461265564,0.005596384406089783,0.04694215953350067,0.2577369511127472
314294,gamma,1,0.7647886276245117,0.0018030256032943726,0.04077207297086716,0.45878079533576965
314294,gamma,2,0.19032913446426392,-0.005952924489974976,0.05450934171676636,0.5337448716163635
314294,contrast,1,0.758367121219635,0.007057443261146545,0.07198220491409302,0.33621570467948914
314294,contrast,2,0.8328611254692078,-0.0006844401359558105,0.10293078422546387,0.6995781064033508
314294,color_cast,1,0.7946289777755737,0.007956378161907196,0.11549616605043411,0.024787329137325287
314294,color_cast,2,-0.11926351487636566,0.008236795663833618,0.05734403058886528,0.10134835541248322
317024,gamma,1,0.2861534059047699,-0.0005236342549324036,0.08425142616033554,0.028919445350766182
317024,gamma,2,0.551671028137207,0.0002472400665283203,0.1070278212428093,0.05984915420413017
317024,contrast,1,0.4701957702636719,0.0014297440648078918,0.05340494588017464,0.02342076413333416
317024,contrast,2,-0.29262301325798035,0.000744551420211792,0.04553450271487236,0.015126049518585205
317024,color_cast,1,-0.27506959438323975,0.0004086531698703766,0.06234438717365265,0.014089065603911877
317024,color_cast,2,0.30809080600738525,-0.00034269317984580994,0.10964639484882355,0.012499721720814705
321333,gamma,1,0.1873316913843155,0.008132189512252808,0.09197549521923065,0.115614153444767
321333,gamma,2,-0.41490259766578674,-0.008998572826385498,0.11162736266851425,0.0891040787100792
321333,contrast,1,0.7358351349830627,-0.00022551417350769043,0.04819244146347046,0.08513388782739639
321333,contrast,2,-0.7461501955986023,0.013111889362335205,0.0842166319489479,0.5786163210868835
321333,color_cast,1,-0.06436630338430405,0.004612147808074951,0.10909771919250488,0.19925116002559662
321333,color_cast,2,-0.20129995048046112,0.013495594263076782,0.07029946148395538,0.16103419661521912
336587,gamma,1,0.45340871810913086,0.005034506320953369,0.07950340211391449,0.35265082120895386
336587,gamma,2,0.5339499115943909,0.004786491394042969,0.10161229223012924,0.21987015008926392
336587,contrast,1,0.10832268744707108,0.004035085439682007,0.3267008066177368,0.7291893362998962
336587,contrast,2,0.7547758221626282,0.002088487148284912,0.10412140935659409,0.3011821210384369
336587,color_cast,1,-0.0058303698897361755,0.0033266544342041016,0.05342796444892883,0.6826415061950684
336587,color_cast,2,0.5641728639602661,-0.009531915187835693,0.05519002303481102,0.4964201748371124
343706,gamma,1,-0.3126872181892395,0.013989835977554321,0.0914136990904808,0.5054877996444702
343706,gamma,2,-0.3059479892253876,0.0034776926040649414,0.05621296912431717,0.4217536151409149
343706,contrast,1,0.16316184401512146,-0.01615452766418457,0.11648128181695938,0.32331332564353943
343706,contrast,2,-0.6457787156105042,0.003397136926651001,0.054018955677747726,0.1450919508934021
343706,color_cast,1,0.23865923285484314,0.007046759128570557,0.059616390615701675,0.29612231254577637
343706,color_cast,2,-0.02381918765604496,0.010944098234176636,0.17064569890499115,0.25673097372055054
345252,gamma,1,-0.47768858075141907,-0.016150623559951782,0.07468415051698685,0.1585257649421692
345252,gamma,2,-0.2815929353237152,0.014192640781402588,0.09048203378915787,0.1719006597995758
345252,contrast,1,-0.5814263224601746,-0.010298550128936768,0.13368399441242218,0.2496875375509262
345252,contrast,2,-0.7063767313957214,-0.004580438137054443,0.2018508017063141,0.6466509699821472
345252,color_cast,1,-0.4508248269557953,0.0011616945266723633,0.04827127605676651,0.18274617195129395
345252,color_cast,2,-0.3954974412918091,0.007535159587860107,0.07747156918048859,0.05868668854236603
348481,gamma,1,0.3456245958805084,0.01198422908782959,0.06788019090890884,0.239544078707695
348481,gamma,2,-0.19638921320438385,-0.019013047218322754,0.06362223625183105,0.26010072231292725
348481,contrast,1,-0.0024887423496693373,0.023027360439300537,0.1269248127937317,0.5389222502708435
348481,contrast,2,-0.3306829333305359,0.04100382328033447,0.07276313751935959,0.7220557332038879
348481,color_cast,1,-0.8243659734725952,-1.9311904907226562e-05,0.09160157293081284,0.35665765404701233
348481,color_cast,2,-0.704087495803833,5.424022674560547e-06,0.08905987441539764,0.3168710172176361
351810,gamma,1,0.3267367482185364,-0.031198740005493164,0.1287764310836792,0.5310791730880737
351810,gamma,2,-0.47264203429222107,0.07971906661987305,0.1634112447500229,1.025389552116394
351810,contrast,1,0.5297152400016785,-0.12966537475585938,0.10260821878910065,0.7164559364318848
351810,contrast,2,-0.2679295241832733,-0.020992517471313477,0.06025318801403046,1.1498589515686035
351810,color_cast,1,0.266949325799942,0.012547492980957031,0.04472203552722931,0.6628777980804443
351810,color_cast,2,-0.38912880420684814,0.06085360050201416,0.049222901463508606,0.43620702624320984
352900,gamma,1,0.9160180687904358,0.017210304737091064,0.1441376805305481,0.18631809949874878
352900,gamma,2,0.2824742794036865,-0.026313185691833496,0.24044965207576752,0.16557465493679047
352900,contrast,1,-0.9428440928459167,0.04426264762878418,0.20249363780021667,0.5853256583213806
352900,contrast,2,-0.7216760516166687,0.02279752492904663,0.10392799973487854,0.2182038277387619
352900,color_cast,1,-0.13512465357780457,0.0030874013900756836,0.04372895509004593,0.20134998857975006
352900,color_cast,2,0.8515017032623291,0.012661278247833252,0.13315550982952118,0.7918031215667725
355817,gamma,1,0.35452404618263245,-0.003534764051437378,0.08437757194042206,0.28932344913482666
355817,gamma,2,0.5713010430335999,0.029253482818603516,0.11578679829835892,0.14498034119606018
355817,contrast,1,0.26358872652053833,-0.03379896283149719,0.09394118934869766,0.27542006969451904
355817,contrast,2,-0.16424517333507538,0.01529693603515625,0.2747560143470764,0.11465080827474594
355817,color_cast,1,0.18086129426956177,-0.01350855827331543,0.1013605073094368,0.1387176662683487
355817,color_cast,2,0.07286857068538666,-0.03650972247123718,0.06869900971651077,0.07946234941482544
359219,gamma,1,0.38239192962646484,-0.009434640407562256,0.03958972916007042,0.3567794859409332
359219,gamma,2,0.695242702960968,0.034173548221588135,0.022369790822267532,0.2749248743057251
359219,contrast,1,0.09746414422988892,0.005378007888793945,0.04830126836895943,0.384371280670166
359219,contrast,2,0.5835472345352173,-0.0075827836990356445,0.17499011754989624,0.7278405427932739
359219,color_cast,1,-0.06823481619358063,0.006023228168487549,0.014145778492093086,0.13763773441314697
359219,color_cast,2,0.0536278672516346,-0.011689335107803345,0.026787040755152702,0.16998399794101715
360097,gamma,1,0.453113853931427,0.020554542541503906,0.6717885136604309,1.0932446718215942
360097,gamma,2,0.09915143996477127,0.03856015205383301,0.2912934422492981,1.7140979766845703
360097,contrast,1,-0.8348075747489929,-0.04907500743865967,0.258555144071579,0.8492345809936523
360097,contrast,2,0.7963989973068237,-0.039742112159729004,0.19121022522449493,1.4133641719818115
360097,color_cast,1,0.0620824359357357,-0.0059661865234375,0.047813303768634796,0.7989535927772522
360097,color_cast,2,-0.335297554731369,0.006890296936035156,0.04163304716348648,0.8708434700965881
361551,gamma,1,0.3923007845878601,-0.08543097972869873,0.07556568086147308,0.2039293795824051
361551,gamma,2,0.23798829317092896,0.00042623281478881836,0.07852940261363983,0.29337403178215027
361551,contrast,1,-0.686373233795166,-0.05287986993789673,0.07995646446943283,0.5352632999420166
361551,contrast,2,-0.1101205050945282,0.042558908462524414,0.054921943694353104,0.6182045936584473
361551,color_cast,1,0.14081989228725433,0.03907060623168945,0.05819571390748024,0.1924912929534912
361551,color_cast,2,0.6792188882827759,0.019357502460479736,0.0675194263458252,0.17650319635868073
361586,gamma,1,-0.02414243295788765,0.06566226482391357,0.20564845204353333,0.6862783432006836
361586,gamma,2,-0.12784607708454132,0.08780503273010254,0.24862352013587952,0.8329726457595825
361586,contrast,1,0.972307026386261,-0.0008302927017211914,0.3890710771083832,0.45703837275505066
361586,contrast,2,0.4656786024570465,-0.08892881870269775,0.32031866908073425,0.6607970595359802
361586,color_cast,1,0.12312982231378555,0.018216848373413086,0.1585536003112793,0.27539733052253723
361586,color_cast,2,0.10744036734104156,-0.013495564460754395,0.11323966085910797,0.3933854401111603
365208,gamma,1,0.6890339851379395,-0.043490052223205566,0.45887523889541626,0.21788717806339264
365208,gamma,2,0.9065648317337036,-0.04062843322753906,0.5219162106513977,0.1168893426656723
365208,contrast,1,-0.26425352692604065,0.0043444037437438965,0.3704555332660675,0.5814980864524841
365208,contrast,2,0.0009105521603487432,-0.05575203895568848,0.20556248724460602,0.21087878942489624
365208,color_cast,1,0.8708713054656982,0.006097316741943359,0.21920107305049896,0.29277193546295166
365208,color_cast,2,-0.06597836315631866,-0.007563948631286621,0.1722673624753952,0.16029271483421326
365886,gamma,1,0.6760398745536804,0.014219477772712708,0.289663165807724,0.0668172687292099
365886,gamma,2,0.912962019443512,0.01136849820613861,0.31120777130126953,0.11017076671123505
365886,contrast,1,0.8303369879722595,-0.020847618579864502,0.2644473910331726,0.15727336704730988
365886,contrast,2,0.01674778386950493,-0.0022479891777038574,0.036229997873306274,0.44019901752471924
365886,color_cast,1,0.828666627407074,-0.0050420016050338745,0.11611660569906235,0.1607203185558319
365886,color_cast,2,-0.22549955546855927,0.005236774682998657,0.06418635696172714,0.20860649645328522
369323,gamma,1,-0.16703718900680542,-0.0019577741622924805,0.024065854027867317,1.0791921615600586
369323,gamma,2,-0.024866905063390732,-0.0027559995651245117,0.020698318257927895,1.2822307348251343
369323,contrast,1,0.27593857049942017,-0.0034935474395751953,0.22658541798591614,1.7631044387817383
369323,contrast,2,-0.5322553515434265,0.04582929611206055,0.13190174102783203,3.0023977756500244
369323,color_cast,1,0.1369832456111908,-0.011310338973999023,0.024439340457320213,1.5876389741897583
369323,color_cast,2,-0.3476724922657013,-0.007508754730224609,0.050745490938425064,1.7949793338775635
369442,gamma,1,0.9479845762252808,0.04733991622924805,0.06345304846763611,0.20533046126365662
369442,gamma,2,0.6205868721008301,-0.014273285865783691,0.10140500962734222,0.0785212516784668
369442,contrast,1,-0.4360869228839874,-0.02490752935409546,0.11844971776008606,0.1086435317993164
369442,contrast,2,-0.7105579376220703,0.06928789615631104,0.08692695945501328,0.5376610159873962
369442,color_cast,1,-0.10321781039237976,0.04769325256347656,0.04831134155392647,0.303221732378006
369442,color_cast,2,0.3375489115715027,-0.03128772974014282,0.07939334958791733,0.2054363340139389
378244,gamma,1,0.7264551520347595,-0.010390236973762512,0.5336552262306213,0.10454948246479034
378244,gamma,2,0.8945910334587097,0.01749931275844574,0.45208191871643066,0.1344652771949768
378244,contrast,1,0.013970003463327885,0.008079499006271362,0.1682068407535553,0.04839044436812401
378244,contrast,2,-0.1287400722503662,0.005133375525474548,0.05126845836639404,0.08327705413103104
378244,color_cast,1,-0.31944331526756287,0.00506940484046936,0.07481186836957932,0.14698094129562378
378244,color_cast,2,0.9126676321029663,-0.015002906322479248,0.13376617431640625,0.21233828365802765
382088,gamma,1,0.3842167556285858,-0.005708333104848862,0.07437584549188614,0.01674550399184227
382088,gamma,2,0.15981096029281616,-0.0019073151051998138,0.07079869508743286,0.016221703961491585
382088,contrast,1,0.21119067072868347,-0.004895392805337906,0.21514901518821716,0.026289112865924835
382088,contrast,2,0.8620126843452454,-0.006760451942682266,0.07985421270132065,0.0859384834766388
382088,color_cast,1,0.35771799087524414,-0.004135433584451675,0.0800735279917717,0.018671192228794098
382088,color_cast,2,0.2668057978153229,-0.00014701485633850098,0.06909813731908798,0.010394087061285973
389804,gamma,1,-0.11613499373197556,0.01993723213672638,0.18953056633472443,0.3110389709472656
389804,gamma,2,0.49259158968925476,-0.02069762349128723,0.09268209338188171,0.21824893355369568
389804,contrast,1,0.13357412815093994,0.00044561922550201416,0.10443789511919022,0.1537950336933136
389804,contrast,2,0.24698854982852936,-0.0085735023021698,0.10448328405618668,0.4435731768608093
389804,color_cast,1,0.1917518675327301,-0.012935638427734375,0.18300952017307281,0.0703493058681488
389804,color_cast,2,0.2502380609512329,-0.001344054937362671,0.20918302237987518,0.05534035339951515
396580,gamma,1,0.23430147767066956,0.000707775354385376,0.07926414161920547,0.08741293102502823
396580,gamma,2,-0.3194938898086548,0.0027821213006973267,0.10156670212745667,0.028880812227725983
396580,contrast,1,0.7897347211837769,-0.0028978288173675537,0.10768486559391022,0.24234738945960999
396580,contrast,2,0.8610374927520752,-0.011165082454681396,0.1447124183177948,1.145463466644287
396580,color_cast,1,-0.12621188163757324,0.0038218647241592407,0.06548453122377396,0.0489085428416729
396580,color_cast,2,-0.10538061708211899,-0.0049724578857421875,0.08010196685791016,0.0915670394897461
398438,gamma,1,0.7955079674720764,0.015003621578216553,0.3463338613510132,0.1914316862821579
398438,gamma,2,0.777416467666626,0.0054493248462677,0.2796825170516968,0.194630965590477
398438,contrast,1,0.9501213431358337,0.0029150545597076416,0.1445775032043457,0.1813361495733261
398438,contrast,2,0.9083492755889893,-0.008586138486862183,0.19351236522197723,0.29118576645851135
398438,color_cast,1,0.590073823928833,0.013254106044769287,0.12317638844251633,0.10115855187177658
398438,color_cast,2,-0.6065145134925842,-0.005175352096557617,0.1517832726240158,0.1412915140390396
403122,gamma,1,-0.09829147905111313,-0.03991216421127319,0.08349064737558365,0.06524376571178436
403122,gamma,2,-0.8337384462356567,-0.010310947895050049,0.17444168031215668,0.13982214033603668
403122,contrast,1,-0.4109273850917816,0.026955366134643555,0.09623757749795914,0.21082112193107605
403122,contrast,2,0.6985058784484863,-0.0032653212547302246,0.10464270412921906,0.16320453584194183
403122,color_cast,1,0.6310358047485352,-0.0201452374458313,0.052559684962034225,0.28510263562202454
403122,color_cast,2,0.30644112825393677,-0.02013838291168213,0.07093796133995056,0.19247666001319885
403817,gamma,1,0.7657361626625061,-0.006003886461257935,0.13628065586090088,0.12050989270210266
403817,gamma,2,0.4940773546695709,0.003173828125,0.11213254928588867,0.13830503821372986
403817,contrast,1,-0.7168642282485962,-0.0016743838787078857,0.06400630623102188,0.17390377819538116
403817,contrast,2,0.8412124514579773,0.023665934801101685,0.11893431097269058,0.20074965059757233
403817,color_cast,1,0.8683072924613953,-0.001577526330947876,0.0773896649479866,0.16603460907936096
403817,color_cast,2,0.728568971157074,-0.01877892017364502,0.11529945582151413,0.19304250180721283
409268,gamma,1,0.06873487681150436,-0.007303990423679352,0.09277389198541641,0.1873857080936432
409268,gamma,2,0.1739039123058319,0.001814626157283783,0.10603112727403641,0.061495132744312286
409268,contrast,1,0.8270831108093262,-0.0006708502769470215,0.24944910407066345,0.19819718599319458
409268,contrast,2,0.8571773767471313,0.0002683475613594055,0.24093422293663025,0.04266788437962532
409268,color_cast,1,-0.09999356418848038,0.0029458999633789062,0.05458875745534897,0.030134618282318115
409268,color_cast,2,0.5463675856590271,-0.005249418318271637,0.059934914112091064,0.029887953773140907
409475,gamma,1,-0.29359111189842224,0.006810247898101807,0.06690724194049835,0.08701683580875397
409475,gamma,2,0.09352599829435349,0.015452869236469269,0.068819560110569,0.06767816841602325
409475,contrast,1,0.7373759746551514,0.0012766942381858826,0.23380924761295319,0.06552346795797348
409475,contrast,2,0.033717092126607895,-0.00727391242980957,0.02027212455868721,0.07887174934148788
409475,color_cast,1,0.4419178366661072,0.0025330185890197754,0.06429043412208557,0.19852802157402039
409475,color_cast,2,0.6809642314910889,0.0064758434891700745,0.03653651475906372,0.13888879120349884
411665,gamma,1,0.630219042301178,0.014582425355911255,0.17698216438293457,0.1114613339304924
411665,gamma,2,0.8476099371910095,0.007905304431915283,0.11963175237178802,0.17564956843852997
411665,contrast,1,0.1266065090894699,0.0239180326461792,0.5281935334205627,0.1043776199221611
411665,contrast,2,0.9238322377204895,-0.01469394564628601,0.6703162789344788,0.2903684079647064
411665,color_cast,1,0.7460299134254456,0.007010310888290405,0.11875934153795242,0.16643604636192322
411665,color_cast,2,0.6367202401161194,-0.0032599270343780518,0.11036044359207153,0.3889954388141632
416534,gamma,1,-0.3965831696987152,-0.013000726699829102,0.07810351252555847,0.09347569197416306
416534,gamma,2,0.26069334149360657,0.01665586233139038,0.13153694570064545,0.3899836838245392
416534,contrast,1,-0.715709388256073,0.01654338836669922,0.10644526034593582,0.3633347451686859
416534,contrast,2,-0.8032642602920532,0.043466806411743164,0.32074224948883057,0.5949068069458008
416534,color_cast,1,-0.4729952812194824,-0.015584588050842285,0.08147675544023514,0.31283408403396606
416534,color_cast,2,-0.4741726517677307,0.02084934711456299,0.16772596538066864,0.20805862545967102
416758,gamma,1,0.3676098585128784,0.019276410341262817,0.07029199600219727,0.7307900786399841
416758,gamma,2,-0.11882666498422623,0.0010720491409301758,0.1241472139954567,0.6056508421897888
416758,contrast,1,0.7830567359924316,-0.0034093856811523438,0.305324912071228,0.6951726675033569
416758,contrast,2,0.6832617521286011,0.015736520290374756,0.2266591191291809,0.4116070568561554
416758,color_cast,1,0.7901589274406433,-0.024159610271453857,0.09713604301214218,0.16654469072818756
416758,color_cast,2,0.46034178137779236,0.01777493953704834,0.031561147421598434,0.3377665877342224
417465,gamma,1,-0.8765981197357178,-0.005713760852813721,0.12634843587875366,0.0852651596069336
417465,gamma,2,-0.5869674682617188,-0.01525627076625824,0.10179851204156876,0.06368868798017502
417465,contrast,1,0.6648359298706055,0.00013419240713119507,0.10439357161521912,0.021009698510169983
417465,contrast,2,0.9336040019989014,-0.0004914700984954834,0.2913975417613983,0.16491299867630005
417465,color_cast,1,-0.017284907400608063,-0.005702868103981018,0.08051726222038269,0.048408251255750656
417465,color_cast,2,-0.011285419575870037,0.0035986900329589844,0.06798934191465378,0.04778093099594116
419882,gamma,1,0.46596667170524597,0.01534801721572876,0.05780115723609924,0.17962706089019775
419882,gamma,2,0.1454707682132721,-0.012576937675476074,0.0460561104118824,0.15920354425907135
419882,contrast,1,0.1368233561515808,0.02403157949447632,0.06653884798288345,0.9940695762634277
419882,contrast,2,-0.34786534309387207,-0.0302121639251709,0.043916255235672,2.176924705505371
419882,color_cast,1,0.7363933324813843,-0.0433049201965332,0.12220237404108047,0.38471969962120056
419882,color_cast,2,-0.6986782550811768,0.00921785831451416,0.10827279090881348,0.652959406375885
424721,gamma,1,0.6483362913131714,-0.027246832847595215,0.07379355281591415,0.1824135184288025
424721,gamma,2,0.8013437390327454,-0.02479475736618042,0.13883274793624878,0.2139274775981903
424721,contrast,1,0.391690194606781,0.006088912487030029,0.0798882320523262,0.1806379109621048
424721,contrast,2,0.7771121263504028,-0.042214810848236084,0.12224700301885605,0.7499890923500061
424721,color_cast,1,0.7363049983978271,-0.006365537643432617,0.04110579565167427,0.10518623143434525
424721,color_cast,2,0.5725858807563782,-0.009923160076141357,0.09259358048439026,0.37160903215408325
425226,gamma,1,-0.6835528016090393,4.649162292480469e-06,0.10346579551696777,1.2705188989639282
425226,gamma,2,-0.503730833530426,-0.02066361904144287,0.09182754904031754,1.3802871704101562
425226,contrast,1,-0.17421893775463104,0.028828144073486328,0.10754136741161346,0.5761134028434753
425226,contrast,2,-0.7379047870635986,0.0443195104598999,0.08921065181493759,1.3853833675384521
425226,color_cast,1,0.06034807488322258,0.033228397369384766,0.05853017047047615,0.46674010157585144
425226,color_cast,2,-0.5437073111534119,-0.013798713684082031,0.07684241980314255,0.3721442222595215
426376,gamma,1,0.8291558623313904,-0.002516701817512512,0.13238638639450073,0.08867253363132477
426376,gamma,2,0.16193242371082306,-0.008897945284843445,0.10624893754720688,0.23930658400058746
426376,contrast,1,0.6025930047035217,0.00021150708198547363,0.11471349000930786,0.08604138344526291
426376,contrast,2,-0.18676941096782684,0.0026658177375793457,0.25285813212394714,0.1131666973233223
426376,color_cast,1,0.23357519507408142,0.017243236303329468,0.11724545806646347,0.09939916431903839
426376,color_cast,2,0.11518139392137527,-0.00813359022140503,0.06044420972466469,0.22103750705718994
429109,gamma,1,-0.5478671789169312,-0.0184287428855896,0.06685813516378403,0.27282747626304626
429109,gamma,2,-0.12175913155078888,-0.01810973882675171,0.06595253199338913,0.271758496761322
429109,contrast,1,0.04794389009475708,0.03501319885253906,0.06276818364858627,0.25292491912841797
429109,contrast,2,0.7780369520187378,-0.015254437923431396,0.048522233963012695,0.42249825596809387
429109,color_cast,1,0.2962324917316437,-0.001980721950531006,0.062176305800676346,0.13822896778583527
429109,color_cast,2,0.5094683766365051,0.005136370658874512,0.0555192194879055,0.17781385779380798
429623,gamma,1,-0.30053940415382385,-0.010919451713562012,0.06332606822252274,0.11707299202680588
429623,gamma,2,-0.6312007904052734,0.008458554744720459,0.09311207383871078,0.166182741522789
429623,contrast,1,-0.5188702940940857,0.006392717361450195,0.06087690219283104,0.3429342806339264
429623,contrast,2,-0.35843271017074585,0.005170702934265137,0.1789414882659912,0.5507412552833557
429623,color_cast,1,-0.5749136805534363,-0.003336876630783081,0.06541623920202255,0.1463632434606552
429623,color_cast,2,0.17908154428005219,0.0057943761348724365,0.06454497575759888,0.11522150039672852
438304,gamma,1,0.1646060049533844,0.009467095136642456,0.04060779884457588,0.2837972044944763
438304,gamma,2,0.05461738258600235,0.005131125450134277,0.05644761025905609,0.6954107880592346
438304,contrast,1,0.8750277161598206,0.00714188814163208,0.06473104655742645,0.2565579116344452
438304,contrast,2,0.27128106355667114,-0.018174827098846436,0.1433098018169403,0.3904688060283661
438304,color_cast,1,0.7764145135879517,-0.003026902675628662,0.04657943546772003,0.586043655872345
438304,color_cast,2,-0.1638433188199997,-0.031743645668029785,0.06015275418758392,0.4501611888408661
439773,gamma,1,0.22089999914169312,0.011508449912071228,0.1505252569913864,0.15013933181762695
439773,gamma,2,-0.22797180712223053,0.00447314977645874,0.2174745500087738,0.2518593966960907
439773,contrast,1,-0.31116777658462524,-0.01853889226913452,0.08267690986394882,0.12697838246822357
439773,contrast,2,-0.7650915384292603,0.008131325244903564,0.1470004767179489,0.28476840257644653
439773,color_cast,1,-0.119874007999897,-0.01010751724243164,0.10239524394273758,0.30936530232429504
439773,color_cast,2,0.7982943058013916,0.0034846365451812744,0.08005751669406891,0.11108861118555069
447200,gamma,1,-0.7769439816474915,-0.014018118381500244,0.09849182516336441,0.09820786118507385
447200,gamma,2,-0.7162229418754578,0.004541993141174316,0.09392055124044418,0.13680750131607056
447200,contrast,1,0.7466290593147278,0.0024962425231933594,0.14588098227977753,0.04729694873094559
447200,contrast,2,0.3100868761539459,0.01480141282081604,0.14537088572978973,0.024119582027196884
447200,color_cast,1,0.023722069337964058,0.02415478229522705,0.08738139271736145,0.05935660004615784
447200,color_cast,2,-0.3508543074131012,0.001888871192932129,0.02407865598797798,0.05920932814478874
451090,gamma,1,-0.3310755491256714,-0.001551993191242218,0.13250942528247833,0.017731642350554466
451090,gamma,2,-0.07568267732858658,0.0018395483493804932,0.0862046629190445,0.09426169097423553
451090,contrast,1,-0.5330750346183777,0.005310527980327606,0.1913173347711563,0.0452263168990612
451090,contrast,2,0.4631260931491852,0.0024802908301353455,0.25065720081329346,0.03794131055474281
451090,color_cast,1,0.47378796339035034,0.004532754421234131,0.15320824086666107,0.039942990988492966
451090,color_cast,2,0.24490304291248322,0.007473006844520569,0.08896877616643906,0.07202070206403732
451155,gamma,1,-0.5854494571685791,0.00024506449699401855,0.16790015995502472,0.29128238558769226
451155,gamma,2,-0.7408214211463928,-0.007853090763092041,0.17357029020786285,0.4790631830692291
451155,contrast,1,-0.7329680323600769,-0.019246160984039307,0.14285844564437866,0.4366872310638428
451155,contrast,2,-0.5984095335006714,0.005849480628967285,0.11572636663913727,0.4145258367061615
451155,color_cast,1,-0.9386079907417297,0.006846189498901367,0.07060141116380692,0.06943352520465851
451155,color_cast,2,-0.8309489488601685,0.02843451499938965,0.11763438582420349,0.1384522020816803
451714,gamma,1,0.38784658908843994,-0.012522995471954346,0.2557426989078522,0.1579401046037674
451714,gamma,2,-0.19875934720039368,0.027212083339691162,0.17985109984874725,0.09789548069238663
451714,contrast,1,0.25389474630355835,-0.020155131816864014,0.38318315148353577,0.3014265298843384
451714,contrast,2,-0.19544509053230286,0.03015071153640747,0.14972668886184692,0.4979879856109619
451714,color_cast,1,-0.5010600090026855,0.016733407974243164,0.06175830587744713,0.3050214946269989
451714,color_cast,2,-0.41459712386131287,0.004873812198638916,0.07736142724752426,0.4175267815589905
455301,gamma,1,-0.35052844882011414,0.011246860027313232,0.06496281176805496,0.20453891158103943
455301,gamma,2,0.3418687880039215,-0.001322925090789795,0.059016983956098557,0.19818727672100067
455301,contrast,1,0.9382147789001465,0.030405282974243164,0.13744322955608368,0.183026984333992
455301,contrast,2,0.21525150537490845,0.04055100679397583,0.1950669139623642,0.1397004872560501
455301,color_cast,1,0.26406893134117126,0.016918718814849854,0.15291118621826172,0.3223220407962799
455301,color_cast,2,0.8250295519828796,0.01527029275894165,0.1459558606147766,0.1070118248462677
460841,gamma,1,0.8028320074081421,0.008991003036499023,0.1851579248905182,0.9960659146308899
460841,gamma,2,0.7032703161239624,-0.01728188991546631,0.14024215936660767,0.7860074043273926
460841,contrast,1,0.7823212742805481,0.009891033172607422,0.10478928685188293,0.6516376733779907
460841,contrast,2,0.0857529565691948,-0.0041713714599609375,0.2679930627346039,1.8042508363723755
460841,color_cast,1,-0.6839808821678162,0.037433743476867676,0.1061655730009079,0.7586121559143066
460841,color_cast,2,0.5447626113891602,-0.011215448379516602,0.12016495317220688,0.7975997924804688
462031,gamma,1,-0.14656966924667358,-0.03674307465553284,0.19728238880634308,0.8101032376289368
462031,gamma,2,-0.3578653633594513,-0.03692010045051575,0.06641624122858047,0.5778677463531494
462031,contrast,1,-0.2760857939720154,0.07049626111984253,0.22933292388916016,0.6599879860877991
462031,contrast,2,0.23872746527194977,-0.0034973621368408203,0.200925812125206,0.43761003017425537
462031,color_cast,1,0.5571963787078857,-0.016880393028259277,0.2760438919067383,0.4109700322151184
462031,color_cast,2,0.9001501798629761,-0.03988441824913025,0.26211029291152954,0.609943687915802
463802,gamma,1,0.3206031322479248,-0.05118808150291443,0.06730973720550537,0.27449893951416016
463802,gamma,2,-0.12265374511480331,-0.016551047563552856,0.09858322143554688,0.3469187915325165
463802,contrast,1,0.7764058113098145,-0.02095973491668701,0.1619652360677719,0.5851342082023621
463802,contrast,2,0.6356267929077148,-0.00872337818145752,0.052023012191057205,0.47655948996543884
463802,color_cast,1,-0.29519692063331604,0.008609116077423096,0.0508936308324337,0.20760385692119598
463802,color_cast,2,-0.1164790540933609,0.02495071291923523,0.09620344638824463,0.17448531091213226
466156,gamma,1,-0.49988317489624023,-0.0008517801761627197,0.09525386989116669,0.2671152651309967
466156,gamma,2,0.030046939849853516,-0.0005791187286376953,0.11192671954631805,0.46396130323410034
466156,contrast,1,0.5859885215759277,0.010856419801712036,0.3465985953807831,0.22494271397590637
466156,contrast,2,0.9122629761695862,-0.015711665153503418,0.228102445602417,0.5932126045227051
466156,color_cast,1,0.32603779435157776,-0.0022669434547424316,0.10058257728815079,0.49339139461517334
466156,color_cast,2,0.8341872692108154,-0.04692274332046509,0.12120486050844193,0.44784826040267944
471567,gamma,1,-0.12600356340408325,0.033262550830841064,0.07864170521497726,1.7470706701278687
471567,gamma,2,-0.35956835746765137,0.05096840858459473,0.10869459807872772,0.8297497034072876
471567,contrast,1,0.24233123660087585,-0.0009461641311645508,0.10081622004508972,2.387354612350464
471567,contrast,2,-0.5161179304122925,0.0874483585357666,0.09781049191951752,1.3983386754989624
471567,color_cast,1,0.5175145864486694,-0.025047659873962402,0.09371335804462433,1.4309093952178955
471567,color_cast,2,0.6562832593917847,-0.04366171360015869,0.0776747614145279,4.383556842803955
474170,gamma,1,-0.1733027696609497,0.011261522769927979,0.09212026745080948,0.11854808032512665
474170,gamma,2,0.642049252986908,-0.0011189132928848267,0.048548292368650436,0.16632579267024994
474170,contrast,1,0.26340359449386597,-0.021864846348762512,0.04869023710489273,0.11656080186367035
474170,contrast,2,-0.7814599871635437,-0.002496868371963501,0.10411549359560013,0.32395195960998535
474170,color_cast,1,0.3715270161628723,0.008978188037872314,0.03275837376713753,0.06342516839504242
474170,color_cast,2,0.17351782321929932,-0.004553124308586121,0.055746596306562424,0.03892955929040909
474452,gamma,1,0.4674571752548218,-0.023090600967407227,0.0351557731628418,0.38833171129226685
474452,gamma,2,0.5254164934158325,-0.00019800662994384766,0.036918994039297104,0.5079602003097534
474452,contrast,1,0.7307266592979431,-0.00032192468643188477,0.0716993436217308,0.3013106882572174
474452,contrast,2,0.21987302601337433,0.01721334457397461,0.06459712237119675,0.5471599698066711
474452,color_cast,1,0.829888641834259,-0.006640613079071045,0.10510735213756561,0.20785754919052124
474452,color_cast,2,0.5503433346748352,-0.002897918224334717,0.07712976634502411,0.17293792963027954
475365,gamma,1,0.4685805141925812,0.008371725678443909,0.236891508102417,0.04400665685534477
475365,gamma,2,0.4430646002292633,0.0012386292219161987,0.16203634440898895,0.07745184749364853
475365,contrast,1,0.5498183369636536,-0.006606675684452057,0.10891929268836975,0.10846849530935287
475365,contrast,2,-0.3329439163208008,-0.0010036379098892212,0.08940145373344421,0.1674128621816635
475365,color_cast,1,0.44883835315704346,0.007965773344039917,0.0842825323343277,0.05763669312000275
475365,color_cast,2,-0.3807673752307892,0.0004209578037261963,0.1165488138794899,0.047647010535001755
477623,gamma,1,0.7979465126991272,0.024619296193122864,0.12358713895082474,0.06346366554498672
477623,gamma,2,0.018423184752464294,0.00013628602027893066,0.07569105178117752,0.02825871855020523
477623,contrast,1,0.704656183719635,-0.04422402381896973,0.18109135329723358,0.12753865122795105
477623,contrast,2,0.008308131247758865,0.010480016469955444,0.08887755125761032,0.02982691302895546
477623,color_cast,1,-0.027924533933401108,-0.034837640821933746,0.17306096851825714,0.07261195033788681
477623,color_cast,2,0.6768510341644287,0.0016841068863868713,0.11867892742156982,0.019755655899643898
482100,gamma,1,0.709327757358551,0.011804342269897461,0.16013117134571075,1.2883856296539307
482100,gamma,2,0.5348158478736877,-0.08257883787155151,0.15356093645095825,1.1558786630630493
482100,contrast,1,0.8889673352241516,-0.016660332679748535,0.16243527829647064,1.4357057809829712
482100,contrast,2,0.9779263138771057,-0.017107725143432617,0.07022561132907867,1.1075249910354614
482100,color_cast,1,-0.8585926294326782,-0.012278616428375244,0.08116345852613449,0.9680566191673279
482100,color_cast,2,-0.45928889513015747,0.005327761173248291,0.06584525853395462,0.8782680034637451
489091,gamma,1,0.24518398940563202,0.022497355937957764,0.14987514913082123,0.04336288571357727
489091,gamma,2,0.04810119792819023,0.012448281049728394,0.05932268127799034,0.030866829678416252
489091,contrast,1,-0.4215649366378784,0.0024649351835250854,0.05432445555925369,0.13020585477352142
489091,contrast,2,-0.5744838714599609,0.020037606358528137,0.2898637354373932,0.47875040769577026
489091,color_cast,1,-0.06365514546632767,0.006427302956581116,0.14649023115634918,0.04439971596002579
489091,color_cast,2,0.45172426104545593,0.006490379571914673,0.08215062320232391,0.03262900561094284
499266,gamma,1,-0.4717442989349365,-0.03471270203590393,0.4186658561229706,0.11207529157400131
499266,gamma,2,-0.36367493867874146,0.017620205879211426,0.40894055366516113,0.17583054304122925
499266,contrast,1,0.32804635167121887,-0.03793132305145264,0.11411835998296738,0.516012966632843
499266,contrast,2,-0.3938854932785034,0.0027410387992858887,0.16067706048488617,0.6134898066520691
499266,color_cast,1,-0.0293695367872715,0.0011316239833831787,0.2077201008796692,0.2639572322368622
499266,color_cast,2,-0.01060026790946722,0.006878197193145752,0.057976871728897095,0.2538597583770752
499313,gamma,1,-0.1806640774011612,0.01263350248336792,0.040937211364507675,0.3610588014125824
499313,gamma,2,0.525466799736023,-0.004636108875274658,0.043797723948955536,0.33921730518341064
499313,contrast,1,0.7711188197135925,-0.016219675540924072,0.02860387973487377,0.649895966053009
499313,contrast,2,0.7158636450767517,0.0015103816986083984,0.028461093083024025,1.4969881772994995
499313,color_cast,1,0.12080661207437515,0.0038391947746276855,0.04188758134841919,0.38453570008277893
499313,color_cast,2,0.5731140971183777,0.006255090236663818,0.03575693443417549,0.3293309509754181
502737,gamma,1,-0.5019239783287048,-0.0046263933181762695,0.10069552063941956,0.44912517070770264
502737,gamma,2,-0.3353458642959595,-0.014225184917449951,0.12390503287315369,0.39190179109573364
502737,contrast,1,0.5707244873046875,-0.07126748561859131,0.13017871975898743,0.3545413613319397
502737,contrast,2,-0.8564541339874268,0.025011122226715088,0.3691484034061432,0.6240378618240356
502737,color_cast,1,-0.7521259188652039,0.0023275017738342285,0.10161349922418594,0.22990745306015015
502737,color_cast,2,0.23311008512973785,0.014280259609222412,0.0714149996638298,0.26959192752838135
506310,gamma,1,0.36791345477104187,0.008449375629425049,0.15794537961483002,0.26309576630592346
506310,gamma,2,0.30306071043014526,0.02861863374710083,0.07615694403648376,0.13633763790130615
506310,contrast,1,0.6126549243927002,-0.00092315673828125,0.0598541758954525,0.09744200110435486
506310,contrast,2,0.7859322428703308,0.0007333159446716309,0.07952800393104553,0.28920042514801025
506310,color_cast,1,0.615419864654541,-0.025845110416412354,0.19472761452198029,0.5301791429519653
506310,color_cast,2,0.47121739387512207,-0.01809448003768921,0.20371174812316895,0.5777055025100708
507042,gamma,1,0.2542724311351776,0.022305428981781006,0.13035796582698822,0.06484554708003998
507042,gamma,2,0.4835319519042969,-0.015608489513397217,0.0995977446436882,0.10410521179437637
507042,contrast,1,-0.3258889317512512,-0.00205346941947937,0.10860618948936462,0.13931810855865479
507042,contrast,2,-0.09230868518352509,0.00029796361923217773,0.03482957184314728,0.236062690615654
507042,color_cast,1,-0.6530866622924805,-0.010673940181732178,0.2363874465227127,0.1334361433982849
507042,color_cast,2,-0.6742168068885803,-0.020923316478729248,0.22717413306236267,0.055509477853775024
509258,gamma,1,0.23751850426197052,-0.01804530620574951,0.14950020611286163,0.08223079890012741
509258,gamma,2,0.3472103774547577,-0.006974115967750549,0.11812882870435715,0.060021549463272095
509258,contrast,1,0.4294328987598419,-0.013728231191635132,0.1697932630777359,0.1004011407494545
509258,contrast,2,0.7022538185119629,-0.0038830935955047607,0.034271854907274246,0.19284822046756744
509258,color_cast,1,-0.49381133913993835,-0.007378369569778442,0.14261901378631592,0.07416893541812897
509258,color_cast,2,0.8644514679908752,0.0034942626953125,0.07812139391899109,0.11624196916818619
511760,gamma,1,0.7620482444763184,-0.023030906915664673,0.362958163022995,0.2640553116798401
511760,gamma,2,0.5359619855880737,0.006468981504440308,0.17091859877109528,0.26804405450820923
511760,contrast,1,0.27345725893974304,-0.01791396737098694,0.17560157179832458,0.14608772099018097
511760,contrast,2,0.4308396875858307,-0.009984105825424194,0.31426429748535156,0.5424333214759827
511760,color_cast,1,-0.011885934509336948,-0.012311697006225586,0.17518222332000732,0.6456625461578369
511760,color_cast,2,0.560065746307373,0.009282350540161133,0.11408160626888275,1.2539154291152954
514979,gamma,1,-0.47737744450569153,-0.004814505577087402,0.11793527752161026,0.09400913119316101
514979,gamma,2,-0.3491383492946625,-0.012371912598609924,0.11177454143762589,0.19446799159049988
514979,contrast,1,0.15140391886234283,0.003472432494163513,0.057496991008520126,0.20898321270942688
514979,contrast,2,0.9437487125396729,0.008232057094573975,0.08316567540168762,0.19140587747097015
514979,color_cast,1,0.736822247505188,0.0006393492221832275,0.11801915615797043,0.0783119648694992
514979,color_cast,2,0.8028826713562012,-0.009962141513824463,0.15534266829490662,0.1707906723022461
523782,gamma,1,-0.9010574817657471,-0.005836516618728638,0.17356184124946594,0.09309728443622589
523782,gamma,2,-0.8161801099777222,-0.02679315209388733,0.1737450659275055,0.06208529323339462
523782,contrast,1,-0.13909387588500977,0.006617844104766846,0.3653106093406677,0.0987318828701973
523782,contrast,2,0.7078356146812439,-0.011748552322387695,0.1555444598197937,0.27079975605010986
523782,color_cast,1,-0.49967601895332336,0.00934329628944397,0.05400655046105385,0.18647980690002441
523782,color_cast,2,-0.7134356498718262,-0.011423587799072266,0.07841193675994873,0.37472593784332275
532058,gamma,1,-0.8217829465866089,-0.007013916969299316,0.3855820894241333,0.30673086643218994
532058,gamma,2,-0.4425385296344757,0.007208406925201416,0.31332969665527344,0.273011714220047
532058,contrast,1,-0.26151615381240845,0.018183380365371704,0.3539447486400604,0.1791440099477768
532058,contrast,2,-0.18521755933761597,0.000899970531463623,0.10429107397794724,1.861704707145691
532058,color_cast,1,0.15984462201595306,-0.003671616315841675,0.07945943623781204,0.20257775485515594
532058,color_cast,2,0.20504723489284515,-0.009359508752822876,0.049255356192588806,0.11747454851865768
535523,gamma,1,0.10388083010911942,0.01962113380432129,0.10986873507499695,1.1014248132705688
535523,gamma,2,-0.3252938389778137,-0.014984607696533203,0.1170835793018341,1.060389518737793
535523,contrast,1,0.034003593027591705,-0.0027823448181152344,0.06873992830514908,2.3758537769317627
535523,contrast,2,-0.12362836301326752,0.029491424560546875,0.07574763149023056,1.9291759729385376
535523,color_cast,1,0.08363315463066101,0.003382444381713867,0.12861137092113495,1.7709513902664185
535523,color_cast,2,-0.2817034125328064,0.016608476638793945,0.048135459423065186,1.1062474250793457
535578,gamma,1,0.4421059787273407,0.0046482086181640625,0.11077981442213058,0.06153169274330139
535578,gamma,2,0.032958146184682846,0.021374821662902832,0.060604892671108246,0.08165740221738815
535578,contrast,1,0.6678168773651123,-0.005192279815673828,0.06600812822580338,0.8276885747909546
535578,contrast,2,-0.23411543667316437,-0.01155400276184082,0.11088994890451431,0.6222211122512817
535578,color_cast,1,0.7107145190238953,0.017057359218597412,0.11249956488609314,0.11560621112585068
535578,color_cast,2,0.6251307725906372,-0.04524892568588257,0.12500248849391937,2.2704458236694336
536038,gamma,1,-0.15945260226726532,0.0019698143005371094,0.08010163903236389,0.4031682014465332
536038,gamma,2,-0.6800357103347778,0.11955195665359497,0.1583845019340515,0.9246797561645508
536038,contrast,1,-0.8052269220352173,0.02345883846282959,0.06748054176568985,1.2915195226669312
536038,contrast,2,0.6392049789428711,-0.034721434116363525,0.07725226134061813,1.4853527545928955
536038,color_cast,1,-0.49912571907043457,-0.008762001991271973,0.05635041743516922,0.1445196121931076
536038,color_cast,2,0.317827045917511,0.01794588565826416,0.10797890275716782,0.21505063772201538
546219,gamma,1,-0.16155722737312317,-0.15473461151123047,0.21795599162578583,0.31821271777153015
546219,gamma,2,-0.23042993247509003,0.02249622344970703,0.21630840003490448,0.3426147997379303
546219,contrast,1,-0.35585275292396545,0.11341714859008789,0.23398104310035706,0.4054531455039978
546219,contrast,2,-0.6624111533164978,0.01607370376586914,0.13329078257083893,0.6397197842597961
546219,color_cast,1,-0.7993044257164001,0.033773183822631836,0.027121717110276222,0.2579754889011383
546219,color_cast,2,0.3274678587913513,0.028675317764282227,0.0765567496418953,0.40314024686813354
546626,gamma,1,0.4815267324447632,0.00883212685585022,0.09424927085638046,0.11920027434825897
546626,gamma,2,-0.14114710688591003,-0.009093642234802246,0.10940912365913391,0.20978249609470367
546626,contrast,1,0.0681999996304512,0.007541626691818237,0.07597283273935318,0.24350881576538086
546626,contrast,2,0.8634573221206665,-0.0016070306301116943,0.03789858892560005,0.10186183452606201
546626,color_cast,1,0.4032731056213379,-0.007124543190002441,0.1306477040052414,0.05549612641334534
546626,color_cast,2,0.4932421147823334,-0.004916518926620483,0.14409366250038147,0.06932035088539124
546826,gamma,1,0.5349187254905701,0.006919100880622864,0.12477307766675949,0.17754220962524414
546826,gamma,2,0.24207139015197754,-0.021417856216430664,0.3536660373210907,0.17251448333263397
546826,contrast,1,-0.32188066840171814,0.04014921188354492,0.5724477171897888,0.03658294677734375
546826,contrast,2,0.34529075026512146,-0.001491650938987732,0.25435253977775574,0.12357263267040253
546826,color_cast,1,0.07309752702713013,-0.0023735612630844116,0.2814801335334778,0.03943604603409767
546826,color_cast,2,-0.3534616529941559,0.0011805891990661621,0.1312914937734604,0.08293712884187698
549167,gamma,1,-0.6976788640022278,0.023439764976501465,0.16951946914196014,0.6563672423362732
549167,gamma,2,-0.6675524115562439,0.0010963082313537598,0.2853117883205414,0.707789421081543
549167,contrast,1,-0.7418131828308105,-0.024377942085266113,0.14581763744354248,1.2894346714019775
549167,contrast,2,-0.8240458369255066,0.06196331977844238,0.056181930005550385,2.653998374938965
549167,color_cast,1,0.8465835452079773,0.0007842183113098145,0.11490584909915924,1.0148091316223145
549167,color_cast,2,0.5434369444847107,-0.02909088134765625,0.07323059439659119,1.7716364860534668
555012,gamma,1,0.48574599623680115,-0.001466367393732071,0.11516834795475006,0.04138965159654617
555012,gamma,2,0.6847975254058838,-0.0003887861967086792,0.10878964513540268,0.0382961630821228
555012,contrast,1,0.21898812055587769,0.007208101451396942,0.05518101528286934,0.05327969416975975
555012,contrast,2,0.3050782382488251,0.0026529058814048767,0.04581943526864052,0.09492506086826324
555012,color_cast,1,-0.805851936340332,-0.003376394510269165,0.07862883061170578,0.08596502244472504
555012,color_cast,2,0.8554487824440002,0.005800813436508179,0.13507473468780518,0.08663862198591232
556193,gamma,1,-0.4509981572628021,0.00027060508728027344,0.1425582468509674,0.8569948077201843
556193,gamma,2,-0.5910933613777161,0.04589736461639404,0.11560474336147308,1.3271228075027466
556193,contrast,1,-0.25551095604896545,0.044908761978149414,0.09957323968410492,0.5909454822540283
556193,contrast,2,-0.6440141201019287,0.00493389368057251,0.039507173001766205,1.0945658683776855
556193,color_cast,1,0.12848591804504395,-0.006152093410491943,0.01236309576779604,1.0536404848098755
556193,color_cast,2,0.8411391973495483,0.03679811954498291,0.0623132549226284,0.5171623229980469
558213,gamma,1,-0.3308049738407135,-0.00047597289085388184,0.019058505073189735,0.4074060022830963
558213,gamma,2,-0.02710885740816593,-0.0009284019470214844,0.04654831439256668,0.39885249733924866
558213,contrast,1,-0.30458566546440125,0.0015783309936523438,0.017450537532567978,1.3699952363967896
558213,contrast,2,0.32914116978645325,-0.02655613422393799,0.03046296164393425,0.7421982884407043
558213,color_cast,1,-0.4680720269680023,-0.0011587142944335938,0.04858855530619621,0.5716617107391357
558213,color_cast,2,0.16477836668491364,-0.007747232913970947,0.06832090765237808,0.2635829448699951
562207,gamma,1,-0.9350521564483643,-0.006386607885360718,0.0888783410191536,0.16842329502105713
562207,gamma,2,0.8550381660461426,-0.005608230829238892,0.08266901224851608,0.07148856669664383
562207,contrast,1,-0.3645373582839966,0.00023245811462402344,0.1182967871427536,0.10601399093866348
562207,contrast,2,-0.49487072229385376,0.005803883075714111,0.15908567607402802,0.16118821501731873
562207,color_cast,1,0.4076917767524719,0.0008714497089385986,0.08679044246673584,0.239606574177742
562207,color_cast,2,-0.2809080481529236,-0.021179676055908203,0.05746908485889435,0.25152432918548584
564336,gamma,1,0.7262705564498901,0.1070396900177002,0.17095190286636353,0.6618800759315491
564336,gamma,2,0.46475473046302795,0.03487396240234375,0.3726890981197357,0.9656035900115967
564336,contrast,1,0.43611225485801697,-0.00024330615997314453,0.20457445085048676,1.1003199815750122
564336,contrast,2,-0.6563042402267456,-0.04429638385772705,0.1403898298740387,0.6943652033805847
564336,color_cast,1,-0.6184844374656677,-0.018158316612243652,0.0952603816986084,0.8726126551628113
564336,color_cast,2,-0.7768198847770691,-0.05890977382659912,0.0663934051990509,0.6538910269737244
565989,gamma,1,0.8183587193489075,-0.0288468599319458,0.42650794982910156,0.5459863543510437
565989,gamma,2,0.30670028924942017,-0.004240751266479492,0.3572930097579956,0.569639265537262
565989,contrast,1,-0.46530547738075256,-0.021111100912094116,0.1095799133181572,0.2765858769416809
565989,contrast,2,0.7320552468299866,0.0015496611595153809,0.10426130145788193,0.15157195925712585
565989,color_cast,1,-0.3580121099948883,0.009283632040023804,0.058297351002693176,0.14615170657634735
565989,color_cast,2,-0.5761073231697083,-0.014191985130310059,0.09872251003980637,0.1771031767129898
567197,gamma,1,0.00648091034963727,0.03470194339752197,0.23786787688732147,0.37181001901626587
567197,gamma,2,-0.3032688498497009,-0.006744325160980225,0.18434269726276398,0.2613488733768463
567197,contrast,1,0.1997217983007431,0.00862574577331543,0.21525079011917114,0.6191021203994751
567197,contrast,2,0.8962159156799316,-0.013482093811035156,0.19583645462989807,0.6179125905036926
567197,color_cast,1,0.3252679407596588,-0.004634857177734375,0.06880488246679306,1.0950090885162354
567197,color_cast,2,0.19735805690288544,0.0007354021072387695,0.0877041146159172,0.8402273654937744
570448,gamma,1,0.5943935513496399,-0.006428241729736328,0.12704996764659882,2.859070301055908
570448,gamma,2,0.2761184573173523,-0.016359329223632812,0.13656704127788544,2.785595178604126
570448,contrast,1,-0.2699313163757324,0.04534912109375,0.16192081570625305,3.0866222381591797
570448,contrast,2,-0.4748751223087311,0.022934913635253906,0.056969981640577316,2.488755941390991
570448,color_cast,1,-0.15101103484630585,-0.007684230804443359,0.06480630487203598,3.9026994705200195
570448,color_cast,2,-0.7706534266471863,0.04927968978881836,0.1103535145521164,4.552791118621826
570736,gamma,1,-0.5511242151260376,0.009439796209335327,0.06320923566818237,0.1318589299917221
570736,gamma,2,0.31075310707092285,0.00871288776397705,0.06309685856103897,0.13931448757648468
570736,contrast,1,-0.743562638759613,-0.03190737962722778,0.1121235117316246,0.08681552857160568
570736,contrast,2,0.5818958282470703,0.006484493613243103,0.0796092301607132,0.13473623991012573
570736,color_cast,1,0.7603814005851746,-0.009620308876037598,0.07898391038179398,0.0717199295759201
570736,color_cast,2,0.02350829541683197,-0.0006090104579925537,0.057322751730680466,0.04443877935409546
