config,role,seed,clean_coverage,corruption_coverage,clean_effective_phi3,clean_nonzero_phi_fraction,clean_latency_estimate_seconds,corruption_latency_estimate_seconds,target_positive_blocks,ssd_positive_blocks,source_macro_AP_delta_no_adapt,source_clean_AP_delta_no_adapt,source_macro_AP50_delta_no_adapt,source_clean_AP50_delta_no_adapt,source_macro_AP75_delta_no_adapt,source_clean_AP75_delta_no_adapt,source_positive_conditions_no_adapt,source_macro_AP_delta_full_hybrid,source_clean_AP_delta_full_hybrid,source_macro_AP50_delta_full_hybrid,source_clean_AP50_delta_full_hybrid,source_macro_AP75_delta_full_hybrid,source_clean_AP75_delta_full_hybrid,source_positive_conditions_full_hybrid,target_macro_AP_delta_no_adapt,target_clean_AP_delta_no_adapt,target_macro_AP50_delta_no_adapt,target_clean_AP50_delta_no_adapt,target_macro_AP75_delta_no_adapt,target_clean_AP75_delta_no_adapt,target_positive_conditions_no_adapt,target_macro_AP_delta_full_hybrid,target_clean_AP_delta_full_hybrid,target_macro_AP50_delta_full_hybrid,target_clean_AP50_delta_full_hybrid,target_macro_AP75_delta_full_hybrid,target_clean_AP75_delta_full_hybrid,target_positive_conditions_full_hybrid,ssd_macro_AP_delta_no_adapt,ssd_clean_AP_delta_no_adapt,ssd_macro_AP50_delta_no_adapt,ssd_clean_AP50_delta_no_adapt,ssd_macro_AP75_delta_no_adapt,ssd_clean_AP75_delta_no_adapt,ssd_positive_conditions_no_adapt,ssd_macro_AP_delta_full_hybrid,ssd_clean_AP_delta_full_hybrid,ssd_macro_AP50_delta_full_hybrid,ssd_clean_AP50_delta_full_hybrid,ssd_macro_AP75_delta_full_hybrid,ssd_clean_AP75_delta_full_hybrid,ssd_positive_conditions_full_hybrid,R012_rule_met
no_adapt,anchor,,0.0,0.0,0.0,0.0,0.02769636450498365,0.028007085880531427,0,0,0.0,0.0,0.0,0.0,0.0,0.0,0,-0.06718218630448562,0.017910704859031013,-0.10704743514907873,0.1014312091500491,-0.22742025071105973,0.05983418417963016,2,0.0,0.0,0.0,0.0,0.0,0.0,0,-0.07027160697552585,-0.06094732073553821,-0.07828048294435212,-0.04005631834886891,-0.08014442576742553,-0.2474250223821861,1,0.0,0.0,0.0,0.0,0.0,0.0,0,-0.032160728803563854,0.0041213336793327615,-0.07884506292992477,0.05138722315151112,0.04745143513218928,0.006933787152552107,1,False
full_hybrid,anchor,,1.0,1.0,0.036655454281019045,0.993,0.3137933691007493,0.3142064461344174,4,4,0.06718218630448562,-0.017910704859031013,0.10704743514907873,-0.1014312091500491,0.22742025071105973,-0.05983418417963016,4,0.0,0.0,0.0,0.0,0.0,0.0,0,0.07027160697552585,0.06094732073553821,0.07828048294435212,0.04005631834886891,0.08014442576742553,0.2474250223821861,5,0.0,0.0,0.0,0.0,0.0,0.0,0,0.032160728803563854,-0.0041213336793327615,0.07884506292992477,-0.05138722315151112,-0.04745143513218928,-0.006933787152552107,5,0.0,0.0,0.0,0.0,0.0,0.0,0,False
support_confidence_low_50,anchor,,0.497,0.5005,0.017600069291424006,0.49,0.16982689061391285,0.1706061027475856,4,5,0.07857403849694893,-0.014278819541863053,0.06257384235309009,-0.13005237264283043,0.276396209225994,0.06748456884358434,6,0.011391852192463303,0.00363188531716796,-0.04447359279598865,-0.02862116349278132,0.04897595851493427,0.1273187530232145,3,0.0367931176901611,0.0741003865401435,0.04831891233663862,0.09613218133815993,0.013306684295850505,-0.025323472405003322,5,-0.03347848928536475,0.01315306580460529,-0.0299615706077135,0.056075862989291014,-0.06683774147157502,-0.27274849478718943,1,0.03292636368797397,0.01571122362068189,0.0714578066266051,-0.05032257047957733,-0.007344746914804412,-0.016351860501784277,4,0.0007656348844101157,0.019832557300014653,-0.007387256303319674,0.0010646526719337857,0.04010668821738487,-0.00941807334923217,3,True
random_2026091600,random,2026091600,0.497,0.5005,0.017890305768465623,0.492,0.17030364576302237,0.1713394426422504,3,4,0.0489764422647504,0.012143071289177909,0.04059569747587958,-0.07700034401521005,0.2429371819179895,0.03680619792248985,4,-0.01820574403973522,0.03005377614820892,-0.06645173767319916,0.024430865134839053,0.015516931206929763,0.09664038210212,2,0.02830648966158089,0.07301511870510535,0.02591096411879897,0.03704658400253136,0.012968675909657187,0.20692484321936377,5,-0.04196511731394496,0.01206779796956714,-0.05236951882555315,-0.003009734346337556,-0.06717574985776835,-0.040500179162822336,1,0.03349406646260683,-0.03740759721154452,0.04492814012873788,-0.0742170767142003,-0.012858138574642816,-0.03269379446046994,5,0.0013333376590429769,-0.03328626353221176,-0.03391692280118689,-0.022829853562689184,0.03459329655754647,-0.02576000730791783,3,False
random_2026091601,random,2026091601,0.497,0.5005,0.01825951581937261,0.493,0.1699816659479402,0.1713399702122212,4,4,-0.0472490371928036,0.0026134192490590014,-0.06492734647456921,-0.0029412479990220675,0.023175422380010875,-0.07361164756872762,3,-0.11443122349728922,0.020524124108090014,-0.17197478162364796,0.09848996115102704,-0.20424482833104884,-0.013777463389097466,1,0.049633666151809495,0.06757018034997397,0.06752834479289797,0.04441308899627572,0.07259042144885375,0.10838255531108176,4,-0.020637940823716356,0.006622859614435761,-0.01075213815145415,0.004356770647406805,-0.007554004318571783,-0.13904246707110435,1,0.011646719385773052,0.006235812641178229,0.035751552556768464,-0.03633556042080266,-0.04170158439351599,-0.01617188997549146,5,-0.0205140094177908,0.01035714632051099,-0.043093510373156306,0.01505166273070846,0.00574985073867329,-0.009238102822939354,3,True
random_2026091602,random,2026091602,0.497,0.5005,0.01793221093714237,0.493,0.1696562755003688,0.17112509996623945,4,4,0.03320982124613755,-0.0461092074407532,0.06486025693646646,-0.1316692244940021,0.16646338824942986,0.028204872036963202,3,-0.033972365058348074,-0.028198502581722185,-0.042187178212612274,-0.030238015343952984,-0.06095686246162987,0.08803905621659336,2,0.04558511745460514,0.020933360956232328,0.051307832638406804,0.015823932723679768,0.05990400513574227,-0.01637262742939516,5,-0.024686489520920712,-0.040013959779305885,-0.02697265030594531,-0.024232385625189146,-0.02024042063168326,-0.26379764981158127,1,0.03031243233988142,0.016749244090155657,0.07630934448440985,-0.012796858269437106,-0.032169137141800176,0.004290919762661716,4,-0.0018482964636824344,0.02087057776948842,-0.002535718445514923,0.03859036488207401,0.015282297990389104,0.011224706915213822,2,True
random_2026091603,random,2026091603,0.497,0.5005,0.018713051720056682,0.493,0.17008057059301063,0.17150812592388925,5,4,-0.025600178785103084,-0.08478718200558011,-0.029822283188922032,-0.14615305461425088,0.11644497519666674,-0.037275903414019096,4,-0.0927823650895887,-0.0668764771465491,-0.13686971833800077,-0.04472184546420177,-0.11097527551439297,0.02255828076561106,2,0.04554393201865089,0.05463220503767463,0.05180285717316102,0.06368094741772135,0.0728487258402355,0.1427281885952869,5,-0.024727674956874963,-0.0063151156978635825,-0.026477625771191098,0.023624629068852432,-0.007295699927190036,-0.1046968337868992,3,0.006468409720113606,0.016214959576385524,0.021892587778307715,0.01405979665243251,-0.048739330776485325,0.022613871490279047,2,-0.02569231908345025,0.020336293255718285,-0.056952475151617055,0.06544701980394363,-0.0012878956442960443,0.029547658642831154,2,True
random_2026091604,random,2026091604,0.497,0.5005,0.017345118110533804,0.495,0.16987334740170626,0.1711973010407528,5,3,0.004499881560235397,-0.026317636500877706,0.04365957358664074,-0.016633481862293742,-0.012852860631736482,-0.030013023695152352,3,-0.06268230474425023,-0.008406931641846693,-0.06338786156243799,0.08479772728775536,-0.2402731113427962,0.029821160484477804,0,0.052098004575113856,0.004804891004256406,0.03719918212106895,-0.04460763610311114,0.041621347996304014,0.12115637436194704,5,-0.018173602400411992,-0.05614242973128181,-0.04108130082328317,-0.08466395445198005,-0.03852307777112152,-0.12626864802023907,2,0.025434397224644023,0.025636875918955138,0.059895899637049665,-0.018076352912343996,-0.00021967746837436852,0.053076672935603586,4,-0.006726331578919831,0.0297582095982879,-0.018949163292875104,0.03331087023916712,0.04723175766381491,0.06001046008815569,4,False
random_2026091605,random,2026091605,0.497,0.5005,0.0171871922519058,0.496,0.17052756269782549,0.1713708305915837,3,3,-0.014002109552579967,-0.08802196297020282,-0.06950143753556663,-0.11293908584060208,0.1336393503670393,-0.0967914772688594,4,-0.08118429585706559,-0.0701112581111718,-0.17654887268464536,-0.011507876690552976,-0.09378090034402042,-0.03695729308922924,2,0.027449412303633586,0.03104987458955044,0.06327276468481118,-0.01640957694174494,-0.016104048537759114,0.18468881556668038,4,-0.042822194671892265,-0.02989744614598777,-0.015007718259540948,-0.056465895290613854,-0.09624847430518464,-0.06273620681550574,1,0.013918235202028487,0.017785469494238648,-0.004792617304571108,-0.04150815877005387,0.03035755601194697,0.014017137998190154,4,-0.018242493601535365,0.02190680317357141,-0.08363768023449587,0.009879064381457248,0.07780899114413625,0.02095092515074226,2,False
random_2026091606,random,2026091606,0.497,0.5005,0.018062510448973626,0.494,0.17037374842280406,0.1710420211270442,4,2,0.006166299096548496,-0.01527231233577897,-0.021058181767565538,-0.06848794563955041,-0.03399324734010648,0.06532154781412891,4,-0.061015887207937124,0.002638392523252042,-0.12810561691664427,0.0329432635104987,-0.2614134980511662,0.12515573199375907,1,0.04106297783333657,0.01755888732488109,0.014568175086334309,-0.026833962696137803,0.016666544752771035,0.1803096412390015,4,-0.029208629142189284,-0.04338843341065712,-0.0637123078580178,-0.06689028104500672,-0.0634778810146545,-0.0671153811431846,2,-0.008949150765021988,-0.011458193752053591,0.0041221025378808855,-0.03915634976339177,-0.06339145953778759,0.013929206420471019,2,-0.04110987956858584,-0.00733686007272083,-0.07472296039204389,0.012230873388119345,-0.015940024405598312,0.020862993573023125,1,False
random_2026091607,random,2026091607,0.497,0.5005,0.01766483309189789,0.492,0.1695032575027435,0.1714432083243155,3,4,0.028718540278260818,0.003176684043459943,0.07147680246652281,-0.05662310738379084,0.03338566164298636,-0.162322208360427,3,-0.0384636460262248,0.021087388902490956,-0.035570632682555926,0.04480810176625827,-0.19403458906807336,-0.10248802418079683,0,0.021250238002551436,0.09659830862799312,0.045447105004864374,0.12084219901624671,-0.02857831008771239,0.23566943976885968,4,-0.04902136897297441,0.03565098789245491,-0.03283337793948774,0.0807858806673778,-0.10872273585513792,-0.011755582613326432,1,0.023037762994562727,-0.016212594050576956,0.0590540087277408,-0.06094227032676924,0.004238578359012923,-0.04892217130586518,5,-0.009122965809001127,-0.012091260371244195,-0.019791054202183966,-0.009555047175258125,0.051690013491202204,-0.041988384153313074,3,False
random_2026091608,random,2026091608,0.497,0.5005,0.019007534670410678,0.494,0.16974700723885325,0.17142013995646752,4,4,0.06670144701713214,-0.025716007068821156,0.08232757658476753,-0.16364502125255642,0.29146993685847206,0.08196650110328108,4,-0.00048073928735348215,-0.007805302209790144,-0.02471985856431121,-0.062213812102507315,0.06404968614741231,0.14180068528291123,3,0.043153820193589376,0.04766204563077525,0.05262387856113104,0.054982991451757446,0.036618435815413686,0.15479834885118726,5,-0.027117786781936475,-0.013285275104762961,-0.025656604383221076,0.014926673102888532,-0.043525989952011845,-0.09262667353099885,1,0.012297064220910073,-0.016418852051203192,0.01677738070037978,-0.023163381182900178,0.016267387711621506,-0.03884929286716576,4,-0.01986366458265378,-0.01229751837187043,-0.062067682229544986,0.02822384196861094,0.0637188228438108,-0.03191550571461366,2,True
random_2026091609,random,2026091609,0.497,0.5005,0.018981425585690884,0.492,0.16993630266044055,0.17122041784310324,4,5,0.014490593333614058,-0.06996007168691976,0.10608229269918334,-0.09919495319754557,-0.05753016037988353,0.07119900634202647,3,-0.05269159297087156,-0.05204936682788874,-0.0009651424498953917,0.002236255952503541,-0.28495041109094327,0.13103319052165663,0,0.03614026392941468,0.09535363711074551,0.03705150360290658,0.05148250214173089,0.11546636987565066,0.13900509775368053,5,-0.03413134304611117,0.0344063163752073,-0.04122897934144554,0.011426183792861977,0.035321944108225124,-0.10841992462850558,1,0.012470457665151221,0.03643295145153158,0.026012113124116814,-0.031176831235046887,-0.0016025044476314365,0.043925962740193336,5,-0.019690271138412634,0.04055428513086434,-0.05283294980580796,0.020210391916464232,0.045848930684557844,0.05085974989274544,2,True
random_2026091610,random,2026091610,0.497,0.5005,0.017562206354690715,0.491,0.17053163357588347,0.17123510127533517,4,4,0.03916810196369728,-0.04065916115468249,0.016925936101140165,-0.0621569943642708,0.22882374206888065,-0.059286048485002185,4,-0.028014084340788337,-0.022748456295651476,-0.09012149904793858,0.039274214785778305,0.0014034913578209185,0.0005481356946279714,2,0.03884792680035609,0.0796093629701844,0.05591596099333018,0.06545079781379304,0.03270595744037282,0.1198325376042364,5,-0.031423680175169756,0.01866204223464618,-0.022364521951021937,0.025394479464924125,-0.04743846832705271,-0.1275924847779497,1,0.018601399270625856,0.007603438695230613,0.04787684662203676,-0.023967087559301214,-0.014471085944941139,0.034443389044103156,4,-0.013559329532938,0.011724772374563375,-0.030968216307888003,0.027420135592209904,0.03298034918724815,0.04137717619665526,3,True
random_2026091611,random,2026091611,0.497,0.5005,0.0180068072155118,0.492,0.16940129021892789,0.17127695500269086,4,4,0.04787404368004344,-0.05627647506361577,0.09728491809715134,-0.1381241066521266,0.233921193040638,0.017454660299126568,5,-0.019308142624442175,-0.03836577020458476,-0.009762517051927396,-0.03669289750207749,0.006500942329578281,0.07728884447875672,2,0.05353674083552843,-0.05385417356584821,0.06282471881828659,-0.02703662640631821,0.04288069797162194,0.027002165760176,5,-0.016734866139997417,-0.11480149430138642,-0.01545576412606553,-0.06709294475518712,-0.03726372779580359,-0.2204228566220101,2,0.02869605367600281,-0.02154623723495952,0.07971970096535552,-0.04535151785703406,0.005269831614090892,-0.03514621273938423,5,-0.0034646751275610455,-0.01742490355562676,0.0008746380354307526,0.006035705294477056,0.05272126674628017,-0.028212425586832124,3,True
random_2026091612,random,2026091612,0.497,0.5005,0.018526337262475864,0.494,0.17081201525119832,0.1711686369427383,4,3,0.05490144648996701,-0.010623251984720472,0.04442952021636026,-0.03165278899709412,0.2507198292182433,-0.026660033869074784,6,-0.012280739814518604,0.0072874528743105405,-0.06261791493271847,0.06977842015295499,0.0232995785071836,0.03317415031055537,2,0.05086089439625593,0.06684822411584523,0.049178488028345235,0.036878658907213424,0.07407813258105873,0.14003757145524265,6,-0.019410712579269924,0.005900903380307021,-0.029101994916006884,-0.0031776594416554893,-0.006066293186366793,-0.10738745092694346,2,0.020402464844412882,-0.0292512630395092,0.02782452219518931,-0.04594686535788761,-0.005894915967070517,-0.049804330887809334,2,-0.011758263959150972,-0.02512992936017644,-0.05102054073473546,0.005440357793623507,0.041556519165118766,-0.04287054373525723,2,False
random_2026091613,random,2026091613,0.497,0.5005,0.017882706117350607,0.492,0.16959468289482174,0.1711356953468979,4,3,-0.0353010953948768,0.04206256012534437,-0.06221088656368501,-0.03790846946614135,-0.10453457368057122,-0.0011004450286400402,3,-0.10248328169936242,0.059973264984375385,-0.16925832171276375,0.06352273968390776,-0.33195482439163093,0.058733739150990116,1,0.011861847166845055,0.04334612390501924,0.025325756606477585,0.03475827740575532,0.03777165295950994,0.12316850645751054,4,-0.058409759808680795,-0.017601196830518973,-0.052954726337874534,-0.005298040943113591,-0.04237277280791559,-0.12425651592467557,1,0.00405775721062281,-0.03073886508194179,0.021938909659941868,-0.03900465363006478,-0.02120408956625362,0.028119346785232535,2,-0.028102971592941044,-0.02661753140260903,-0.056906153269982905,0.01238256952144634,0.026247345565935665,0.03505313393778464,2,False
random_2026091614,random,2026091614,0.497,0.5005,0.018281048781704157,0.494,0.16970549966194085,0.17108327481271407,4,4,-0.05163336621117065,-0.0996803485877662,-0.08399842611197157,-0.12850939806055006,-0.07638976703502609,-0.26797460244143423,2,-0.11881555251565627,-0.08176964372873519,-0.1910458612610503,-0.027078188910500955,-0.3038100177460858,-0.20814041826180407,0,0.02129057813396451,-0.036209783017887576,0.0059822741630558935,-0.06387519457194957,0.04402068823842845,0.05509542289961478,3,-0.04898102884156134,-0.09715710375342579,-0.07229820878129622,-0.10393151292081848,-0.03612373752899708,-0.19232959948257133,1,0.006239105079504832,-0.020498009076322377,0.010396752676916643,-0.03374643426231061,-0.019207313268486403,0.01184815451289456,3,-0.025921623724059022,-0.016376675396989615,-0.06844831025300813,0.01764078888920051,0.02824412186370288,0.018781941665446666,1,True
random_2026091615,random,2026091615,0.497,0.5005,0.018535103247966617,0.493,0.1699211134427751,0.17136218086853236,4,4,0.04355383402634231,0.00773357997074231,0.10866649976891685,-0.0008173184882331874,0.06488637500687659,0.03909198629502564,4,-0.023628352278143305,0.025644284829773323,0.0016190646198381102,0.10061389066181592,-0.16253387570418312,0.0989261704746558,1,0.04617827617937609,0.056820339448082624,0.06581994129759201,0.004132765763009694,0.06697491718885377,0.13962755175621622,5,-0.024093330796149764,-0.004126981287455589,-0.0124605416467601,-0.03592355258585922,-0.013169508578571762,-0.1077974706259699,2,0.015504845659107999,0.0397155415524153,0.028345539710218175,0.009523431221380996,-0.02489319595576032,0.05348995428873238,4,-0.016655883144455857,0.04383687523174806,-0.0504995232197066,0.060910654372892115,0.022558239176428962,0.060423741441284484,3,True
random_2026091616,random,2026091616,0.497,0.5005,0.018305707528488712,0.495,0.17015148526782287,0.1715064468717028,4,4,-0.029843284912132544,-0.021062352890049985,-0.05484265591986781,-0.0830219593207393,0.0826464804055312,-0.024267599566485387,3,-0.09702547121661816,-0.003151648031018972,-0.16189009106894656,0.018409249829309804,-0.14477377030552852,0.03556658461314477,2,0.04593241671050352,0.04123019697986341,0.06557175238014468,0.07921078846310214,0.06710601428503622,-0.025357501887696143,5,-0.02433919026502233,-0.019717123755674804,-0.01270873056420744,0.03915447011423323,-0.013038411482389304,-0.27278252426988225,1,0.01525745396139394,0.029473144062361345,0.06426938423723383,-0.014283776447521213,-0.06940791712483167,-0.029972006121653516,4,-0.016903274842169913,0.033594477741694106,-0.014575678692690941,0.037103446703989906,-0.021956481992642385,-0.02303821896910141,2,True
random_2026091617,random,2026091617,0.497,0.5005,0.018215325220720842,0.495,0.1696846734530409,0.17143289376803053,5,3,0.021540147237656775,-0.04396479477456472,0.015227613608379912,-0.08658545676640816,0.0050927147864504585,0.006046029447426271,4,-0.04564203906682884,-0.026054089915533707,-0.09181982154069883,0.014845752383640942,-0.22232753592460927,0.06588021362705643,2,0.04829495486669555,0.015301832843095386,0.021972736770583163,-0.029404948578293233,0.09725952168872416,0.30038786955696173,5,-0.0219766521088303,-0.045645487892442826,-0.056307746173768956,-0.06946126692716215,0.017115095921298635,0.05296284717477562,2,0.0008334107190680987,0.03732942384040705,0.020735807725720073,-0.028921361970973836,-0.04420777645061935,0.05031625245218163,4,-0.03132731808449576,0.04145075751973981,-0.0581092552042047,0.022465861180537283,0.003243658681569931,0.05725003960473374,1,False
random_2026091618,random,2026091618,0.497,0.5005,0.018123563091270625,0.495,0.16950771513479412,0.17158408735953465,3,3,0.043891179126243074,-0.007236004791560946,0.07390910387385004,-0.04185336512123605,0.005517026165641203,-0.00916052194961936,5,-0.023291007178242545,0.010674700067470067,-0.033138331275228694,0.059577844028813054,-0.22190322454541853,0.050673662230010796,1,0.02675289314088188,0.012332254460284409,0.03090969841140212,-0.006443815491952165,0.0702034161097533,0.01902842010693684,5,-0.04351871383464397,-0.048615066275253804,-0.047370784532949996,-0.04650013384082108,-0.009941009657672232,-0.22839660227524927,1,0.019590712837123474,-0.008896333422989122,0.031248566618582996,-0.0650377765176513,-0.03561160173059472,0.05757410488225201,5,-0.012570015966440381,-0.004774999743656361,-0.047596496311341774,-0.013650553366140183,0.011839833401594557,0.06450789203480412,3,False
random_2026091619,random,2026091619,0.497,0.5005,0.018159008155809717,0.494,0.16987291047192413,0.17088583563034868,4,3,0.06958925338311588,-0.018456070377870226,0.10814666391444534,-0.1264517907862861,0.2517462548213084,-0.12599523298383875,4,0.002407067078630254,-0.0005453655188392137,0.001099228765366611,-0.025020581636236994,0.024326004110248694,-0.06616104880420859,3,0.05180271119603804,0.08332108990917186,0.056060882300960437,0.10455406617275731,0.02587650072065813,0.24527285749723626,4,-0.01846889577948781,0.02237376917363365,-0.02221960064339168,0.0644977478238884,-0.0542679250467674,-0.0021521648849498476,2,0.022312487410720838,-0.06785199367826122,0.06871054603032334,-0.08671331785203296,-0.045278026594261035,-0.06938417161047039,5,-0.009848241392843016,-0.06373065999892846,-0.010134516899601431,-0.03532609470052184,0.0021734085379282453,-0.062450384457918284,2,False
random_2026091620,random,2026091620,0.497,0.5005,0.01792908930289559,0.496,0.17073090181374573,0.1715578023562072,4,3,0.06703808398143274,0.006587955260906053,0.10646924546051466,-0.07672926763101495,0.06120129153601994,-0.01788312312796525,5,-0.00014410232305287854,0.024498660119937066,-0.0005781896885640828,0.024701941519034154,-0.1662189591750398,0.041951061051664906,3,0.04245480514777263,0.08264544725872791,0.04705546253559456,0.08311916398769936,0.08290718692947341,0.37649940987651287,5,-0.02781680182775322,0.021698126523189698,-0.031225020408757558,0.04306284563883045,0.0027627611620478776,0.12907438749432676,1,-0.0016243277303808663,-0.00796711001471162,0.030868940935314487,-0.013271173474699305,-0.0641498681451839,0.06442803109977802,3,-0.03378505653394472,-0.0038457763353788588,-0.04797612199461029,0.038116049676811814,-0.016698433012994618,0.07136181825233012,2,False
random_2026091621,random,2026091621,0.497,0.5005,0.01762168864440173,0.494,0.1699138216546562,0.1710900657229989,2,4,0.058987178063974834,0.03461445089916748,0.08087542475358848,0.0018197452830381877,0.209238025203722,0.00833423252252219,4,-0.008195008240510782,0.052525155758198494,-0.026172010395490258,0.1032509544330873,-0.018182225507337724,0.06816841670215235,2,0.022325948728626106,0.048091181716719555,0.04359564636847354,0.000139196853821133,-0.0011668385795193803,0.12335280529831572,4,-0.047945658246899746,-0.012856139018818658,-0.034684836575878585,-0.03991712149504778,-0.08131126434694491,-0.1240722170838704,1,0.017882995301484367,-0.011165893780154534,0.04830441383557501,-0.004698285155918525,0.00012214204763161263,0.01903107323125708,4,-0.014277733502079485,-0.007044560100821773,-0.030540649094349764,0.046688937995592594,0.04757357717982089,0.025964860383809185,3,False
random_2026091622,random,2026091622,0.497,0.5005,0.018297737803077325,0.493,0.17031399360854993,0.17103267530812202,3,3,-0.021852421953130752,-0.026808026639307814,-0.07163600488053201,-0.09808355920819523,0.1389687184031041,-0.061974260333341746,4,-0.08903460825761637,-0.008897321780276801,-0.17868344002961076,0.0033476499418538808,-0.08845153230795562,-0.0021400761537115898,3,0.04117109926340864,0.023976100926548227,0.04041921501596509,0.037271469550492764,0.04507603194870887,0.13502441037797075,5,-0.029100507712117214,-0.036971219808989986,-0.03786126792838703,-0.0027848487983761494,-0.03506839381871666,-0.11240061200421536,1,0.0017281594265094087,-0.044787936665463546,0.028028768397073134,-0.06510166668957096,-0.06478125878181575,-0.05441313934904657,4,-0.030432569377054446,-0.040666602986130784,-0.050816294532851636,-0.01371444353805984,-0.01732982364962647,-0.04747935219649446,1,False
random_2026091623,random,2026091623,0.497,0.5005,0.01858024290110916,0.494,0.1698843208657927,0.17114602053419123,4,4,0.05016210048247779,-0.04309784573728881,0.04849157221685404,0.0003538523839052843,0.22684139990011565,-0.09570835986768556,5,-0.01702008582200783,-0.025187140878257797,-0.0585558629322247,0.10178506153395439,-0.0005788508109440723,-0.0358741756880554,3,0.043090492932601476,0.07248142885005748,0.05853531629976816,0.061485770297808884,0.03247313308741007,0.09297644333406963,5,-0.027181114042924375,0.01153410811451927,-0.01974516664458396,0.02142945194893997,-0.047671292680015465,-0.15444857904811649,1,0.0011502517912066283,-0.0007068034107604593,0.010301079533567292,-0.017828184150753268,-0.035043615555094276,-0.044791863418269795,3,-0.031010477012357224,0.0034145302685723022,-0.06854398339635748,0.03355903900075785,0.012407819577095006,-0.03785807626571769,1,True
random_2026091624,random,2026091624,0.497,0.5005,0.018542652470292523,0.493,0.1698059199229465,0.17088054377468265,4,4,0.004428715323113545,0.020501561147545644,-0.015400397245102226,-0.014186813602623527,0.12234607532109847,0.07986998000852896,4,-0.06275347098137207,0.038412266006576656,-0.12244783239418096,0.08724439554742558,-0.10507417538996126,0.13970416418815912,2,0.034375944613980934,-0.0017515832330283754,0.02245494352005976,-0.025109495281305794,0.08425223666377694,0.04343362936994888,4,-0.03589566236154492,-0.06269890396856659,-0.05582553942429236,-0.06516581363017471,0.004107810896351409,-0.20399139301223723,1,0.004875789503576422,-0.009368883563129482,0.0010755622686708932,-0.020624660280410545,-0.002705682913327808,-0.044423201413335,3,-0.027284939299987432,-0.0052475498837967205,-0.07776950066125388,0.030762562871100574,0.04474575221886148,-0.037489414260782894,1,True
random_2026091625,random,2026091625,0.497,0.5005,0.017632576978532596,0.491,0.1696767343818501,0.17145085365814156,4,3,-0.002045801806926928,0.003708204924512959,0.042498174517898356,-0.004870009284974053,0.006776952168718875,0.049992867025228094,4,-0.06922798811141255,0.02161890978354397,-0.06454926063118038,0.09656119986507505,-0.22064329854234085,0.10982705120485825,1,0.039959005620045694,0.0656907956541275,0.026657325419495354,0.010939536720255827,0.028532124204960763,0.030536151587745586,4,-0.030312601355480157,0.0047434749185892855,-0.051623157524856765,-0.029116781628613086,-0.05161230156246477,-0.21688887079444052,1,0.012861946026757054,0.02200735309595414,0.06780207178267994,-0.04883571021220279,-0.0360388453144044,0.043131981134048036,4,-0.0192987827768068,0.026128686775286902,-0.01104299114724483,0.0025515129393083313,0.011412589817784887,0.05006576828660014,2,False
random_2026091626,random,2026091626,0.497,0.5005,0.018360520745860413,0.494,0.16948577109607868,0.17149103727576342,4,4,0.015962029253104488,0.049086348892857234,0.05193524359458449,0.0012672984711192825,-0.03749140112941455,0.1933655514670951,3,-0.05122015705138113,0.06699705375188825,-0.05511219155449424,0.10269850762116839,-0.26491165184047427,0.25319973564672527,0,0.04096115750325443,0.03680691692344862,0.04777125687442004,0.008476014586278335,0.0690214199341399,0.09007195805649792,4,-0.029310449472271422,-0.024140403812089595,-0.030509226069932078,-0.03158030376259058,-0.011123005833285626,-0.15735306432568819,2,0.017389650670249685,0.01652582424658544,0.05044258266039825,-0.004461812281292277,-0.014003242316747155,-0.010403274423625986,3,-0.014771078133314167,0.020647157925918203,-0.02840248026952652,0.04692541087021884,0.033448192815442125,-0.003469487271073879,1,True
random_2026091627,random,2026091627,0.497,0.5005,0.018265219531953335,0.494,0.17017564579081954,0.17141382201578137,4,4,0.013747978604451242,-0.0050903421813297545,0.010145146046475206,-0.08468328000305059,0.1499904512295147,-0.138188509253101,4,-0.053434207700034375,0.012820362677701258,-0.09690228910260353,0.01674792914699852,-0.077429799481545,-0.07835432507347084,3,0.04820709490174768,0.05221898613457232,0.0528897302907505,0.07893663864791955,0.05376935170706143,-0.030339467762346972,4,-0.02206451207377817,-0.008728334600965892,-0.025390752653601616,0.03888032029905064,-0.0263750740603641,-0.2777644901445331,2,0.018988774089469713,-0.005494613679821181,0.02325834191974537,-0.039328792124115886,-0.013611800704184848,0.006353688632826371,4,-0.01317195471409414,-0.0013732800004884194,-0.0555867210101794,0.012058431027395233,0.03383963442800444,0.013287475785378478,1,True
random_2026091628,random,2026091628,0.497,0.5005,0.018347547342069448,0.495,0.16972839472271153,0.17119315935284735,3,2,-0.05387742980585789,-0.12459888182781431,-0.0944215101190878,-0.1126022323475806,-0.17579501077295742,-0.14544227887788308,4,-0.12105961611034351,-0.1066881769687833,-0.20146894526816653,-0.011171023197531493,-0.40321526148401715,-0.08560809469825292,1,0.017293603580078216,0.09829599931875377,0.02180022891406508,0.13180859131166622,-0.019872997612190486,0.18144063293072388,5,-0.052978003395447636,0.037348678583215555,-0.05648025403028704,0.09175227296279731,-0.10001742337961601,-0.06598438945146223,1,0.006950708573174684,-0.0026413624733101493,0.022245969569197516,-0.03230770473497957,-0.0164305282094319,-0.02300887909562621,4,-0.02521002023038917,0.0014799712060226122,-0.05659909336072725,0.01907951841653155,0.031020906922757385,-0.016075091943074105,2,False
random_2026091629,random,2026091629,0.497,0.5005,0.018060145634924994,0.492,0.1700515980437922,0.17091428780722587,4,3,-0.004361770053798453,-0.03606031649187047,0.03827839994129759,0.06489119290635781,-0.007718637132786421,0.09208627721528084,2,-0.07154395635828407,-0.018149611632839457,-0.06876903520778115,0.16632240205640691,-0.23513888784384615,0.151920461394911,0,0.013683120092004378,0.030241617031279144,0.0017278937317566356,0.004015022705183835,0.046333597105803016,0.13326962203532577,3,-0.05658848688352147,-0.03070570370425907,-0.07655258921259549,-0.03604129564368508,-0.033810828661622515,-0.11415540034686034,0,0.015624637821224733,0.019726296062586024,0.032023848025178325,-0.024112573697593342,-0.03311199831488356,0.03383442202100628,5,-0.01653609098233912,0.023847629741918785,-0.046821214904746444,0.027274649453917776,0.014339436817305725,0.04076820917355839,3,False
random_2026091630,random,2026091630,0.497,0.5005,0.017618949788622558,0.494,0.17004633973306044,0.17145805183898968,4,5,0.01321789933832751,-0.12656073893715925,0.009462122359623256,-0.16203541472677996,0.2064197326657589,-0.148769053696457,5,-0.053964286966158105,-0.10865003407812823,-0.09758531278945548,-0.06060420557673085,-0.021000518045300825,-0.08893486951682683,1,0.03677733063870888,0.0775192818377235,0.037584174231462354,0.06688014003872755,0.005495599865894725,0.2234043387258855,4,-0.033494276336816974,0.016571961102185284,-0.04069630871288976,0.02682382168985864,-0.07464882590153081,-0.024020683656300612,1,0.036792105952467014,-0.05184099117251095,0.06358415978901615,-0.03399966862168702,0.019968274447548784,-0.09012014390848422,5,0.00463137714890316,-0.04771965749317819,-0.01526090314090863,0.0173875545298241,0.06741970957973807,-0.08318635675593211,3,False
random_2026091631,random,2026091631,0.497,0.5005,0.018637927720556037,0.493,0.17004416078855866,0.1714849282020926,4,5,-0.003708812587743804,-0.07061306144767188,0.0002163413292270248,-0.155217577373723,-0.026435033583017502,-0.16924451422452025,2,-0.07089099889222943,-0.052702356588640864,-0.10683109381985172,-0.053786368223673886,-0.2538552842940772,-0.10941033004489009,1,0.02743508819472255,0.0824721112074156,0.03287621201935783,0.03165817306355345,0.05121414876399869,0.17514472392323177,5,-0.0428365187808033,0.021524790471877386,-0.04540427092499429,-0.008398145285315461,-0.028930277003426836,-0.07228029845895434,1,0.030268725714507432,-0.011051119851696045,0.07488837909790842,-0.018678275634342878,-0.02049914552523328,0.046821963855769866,5,-0.0018920030890564228,-0.006929786172363284,-0.003956683832016343,0.03270894751716824,0.026952289606956004,0.05375575100832197,3,True
random_2026091632,random,2026091632,0.497,0.5005,0.017773807417834176,0.496,0.17006786583006034,0.17134183445161033,5,2,-0.02580722755143594,0.007413658783544941,-0.09912494450048197,-0.10135312026974264,0.1161017459264067,0.04001066226271832,4,-0.09298941385592156,0.025324363642575953,-0.2061723796495607,7.808888030647054e-05,-0.11131850478465304,0.09984484644234848,2,0.03190162951676179,-0.022332606117997367,0.027487266127124155,-0.023171675481525877,0.04304582577584667,0.21199840674065995,5,-0.03836997745876406,-0.08327992685353558,-0.05079321681722796,-0.06322799383039479,-0.037098599991578864,-0.03542661564152616,2,0.009243296283113767,-0.032603093086436274,0.030027695072804932,-0.042916541262105756,-0.025154470204833784,-0.014467540747836738,4,-0.022917432520450087,-0.028481759407103513,-0.04881736785711984,0.008470681889405363,0.0222969649273555,-0.007533753595284631,2,False
random_2026091633,random,2026091633,0.497,0.5005,0.018060552746756,0.492,0.16910579930993844,0.17105532788520697,4,5,0.03803280938777335,0.01977372256409815,0.08334535703019563,-0.055059404674862034,0.007996199805623827,-0.01953291456200379,5,-0.029149376916712266,0.03768442742312916,-0.023702078118883103,0.04637180447518707,-0.2194240509054359,0.04030126961762637,3,0.041435281373200517,0.06095534720433338,0.03407686397308152,0.018987501839251575,0.05351860428583303,0.09307882757836339,5,-0.028836325602325335,8.026468795163666e-06,-0.0442036189712706,-0.02106881650961734,-0.0266258214815925,-0.15434619480382272,2,0.027630251030341668,-0.03450084441646295,0.06350088215296978,-0.03909104317220691,-0.054671943271367617,0.01566849255995595,5,-0.004530477773222186,-0.03037951073713019,-0.015344180776954985,0.012296179979304211,-0.007220508139178332,0.022602279712508055,3,True
random_2026091634,random,2026091634,0.497,0.5005,0.018562312931520865,0.493,0.1699679893187713,0.17122692345282606,4,4,-0.014013119952599462,0.007240783090678438,-0.030302057012909778,0.04092922602476623,0.08862328155830786,-0.07519287553067189,4,-0.08119530625708508,0.02515148794970945,-0.13734949216198852,0.14236043517481534,-0.13879696915275186,-0.015358691351041731,2,0.04436337421444373,0.08569569360369345,0.041827650277265205,0.03990909319426805,0.02513730277191965,0.22098410773861432,5,-0.025908232761082117,0.024748372868155233,-0.03645283266708691,-0.00014722515460086072,-0.055007122995505885,-0.02644091464357179,3,0.02179510772507831,0.007469416990638078,0.036814968891997014,-0.008643297389510085,-0.02532007860442988,0.07679115645478074,4,-0.010365621078485543,0.01159075066997084,-0.042030094037927755,0.042743925762001034,0.0221313565277594,0.08372494360733285,2,True
random_2026091635,random,2026091635,0.497,0.5005,0.018161202692426742,0.492,0.1696304546977626,0.17133044185905116,5,4,0.048408179882994395,-0.07905420427591348,0.08731867579071147,-0.11007172675778776,0.11138232927837739,-0.20131462927236443,5,-0.018774006421491223,-0.06114349941688246,-0.019728759358367265,-0.008640517607738651,-0.11603792143268232,-0.14148044509273427,2,0.0572997470637715,0.040207656015556203,0.03467201922007779,0.08152456649681561,0.06216413688366618,0.08461425416986801,5,-0.01297185991175435,-0.02073966471998201,-0.04360846372427433,0.041468248147946696,-0.017980288883759354,-0.1628107682123181,2,0.012228154626103827,-0.020237706235462505,0.018005761029923906,-0.05314236458111021,0.0019234183687382351,0.016408575573756412,4,-0.019932574177460027,-0.016116372556129743,-0.060839301900000864,-0.0017551414295990941,0.04937485350092752,0.02334236272630852,1,True
random_2026091636,random,2026091636,0.497,0.5005,0.018197619054000826,0.494,0.1699116407490219,0.17152255006660805,3,5,0.013291275331887379,-0.03563613746528915,0.03842395740118095,-0.04087912433551333,0.058772081071642446,-0.051573271030280754,3,-0.05389091097259824,-0.01772543260625814,-0.06862347774789779,0.06055208481453578,-0.16864816963941728,0.008260913149349403,2,0.022453457417979477,0.021295536635451695,0.0527457585949076,0.02098220928758998,0.013212037504845934,0.09373458422993752,4,-0.047818149557546374,-0.03965178410008652,-0.02553472434944452,-0.019074109061278932,-0.06693238826257959,-0.1536904381522486,1,0.01578737097946148,-0.009150849487793433,0.03422004619731781,-0.03662268982098649,-0.01663110643976423,-0.0053237548986895256,4,-0.016373357824102375,-0.005029515808460672,-0.04462501673260696,0.014764533330524632,0.030820328692425052,0.001610032253862581,2,False
random_2026091637,random,2026091637,0.497,0.5005,0.01746373184397817,0.493,0.16951970840987632,0.17115355301507224,5,5,-0.038169313540160434,0.017189715092197355,-0.09383665665570289,-0.11519963002526445,0.0791281767118975,0.08394809778798362,2,-0.10535149984464605,0.03510041995122837,-0.20088409180478162,-0.013768420875215348,-0.14829207399916222,0.14378228196761378,2,0.05533409675751629,-0.0018906571994825594,0.05744369491758975,0.010347058786519536,0.02416577969936347,0.14518742644953342,5,-0.014937510218009561,-0.06283797793502077,-0.020836788026762365,-0.029709259562349377,-0.055978646068062056,-0.10223759593265269,1,0.030846868443021775,-0.0025842987393609462,0.07226615442810318,-0.014560627898962952,-0.03366219054025029,0.03593355217940131,4,-0.0013138603605420778,0.0015370349399718153,-0.006578908501821597,0.03682659525254817,0.013789244591938995,0.042867339331953414,3,True
random_2026091638,random,2026091638,0.497,0.5005,0.018099132378352804,0.493,0.16952195068568107,0.17133831071880315,4,2,-0.005372256161873905,-0.03304207906448253,0.015926218609681648,-0.08977233309633847,0.20137941613815694,-0.10591354222859728,3,-0.07255444246635952,-0.01513137420545152,-0.09112121653939709,0.011658876053710632,-0.026040834572902776,-0.04607935804896712,1,0.05096959673698739,0.019120944496503478,0.03699237170849042,0.02431609769286691,0.08796225121895374,0.1370148162382845,6,-0.019302010238538465,-0.041826376239034735,-0.0412881112358617,-0.015740220656002002,0.007817825451528204,-0.11041020614390162,1,0.03167217743794276,0.007662505333871916,0.08023615929521333,-0.04747573052230614,-0.047419976712646805,0.024477271401340817,4,-0.0004885513656210927,0.011783839013204678,0.0013910963652885577,0.003911492629204982,3.145841954247756e-05,0.03141105855389292,2,False
random_2026091639,random,2026091639,0.497,0.5005,0.018434015243314207,0.497,0.16960747724043904,0.17140559543662434,5,5,0.062407881563085,-0.03132909303708575,0.015441813025927434,-0.06645541789103149,0.22102722610639705,-0.01635584204544016,5,-0.0047743047414006146,-0.013418388178054741,-0.0916056221231513,0.03497579125901762,-0.00639302460466266,0.043478342134189996,2,0.05415719584900928,0.02211475750030778,0.05197744615545267,0.02263548150508443,0.0625678719982777,-0.015479243217003669,5,-0.01611441112651657,-0.03883256323523043,-0.026303036788899448,-0.017420836843784482,-0.017576553769147834,-0.2629042655991898,3,0.02509786234265593,-0.007731220440063136,0.04528841686790297,-0.045073831865788394,-0.03562606980078801,-0.06007445247553367,4,-0.007062866460907924,-0.003609886760730374,-0.0335566460620218,0.006313391285722725,0.011825365331401272,-0.05314066532298156,2,True
random_2026091640,random,2026091640,0.497,0.5005,0.018692266694735737,0.494,0.16965017772855936,0.17107694875277715,3,5,0.025551314606589437,-0.11442469468174177,0.057511528967354085,-0.19195896546797542,-0.03193680320387563,-0.11754760558819743,4,-0.04163087169789618,-0.09651398982271076,-0.049535906181724654,-0.09052775631792631,-0.25935705391493535,-0.05771342140856728,1,0.017191292190632534,0.04808978120746654,0.026725560915837516,0.05050485263585758,0.019446497312396633,0.17821778724614323,3,-0.053080314784893314,-0.012857539528071671,-0.0515549220285146,0.010448534286988664,-0.060697928455028895,-0.06920723513604288,1,0.037347564445936364,-0.022797808755364857,0.046952479983430884,-0.05534007436718835,3.894670401553372e-05,-0.03243280653428826,5,0.0051868356423725075,-0.018676475076032095,-0.031892582946493886,-0.003952851215677233,0.04749038183620482,-0.025499019381736154,3,False
random_2026091641,random,2026091641,0.497,0.5005,0.01791322369268164,0.492,0.16972961194082745,0.17163755706652592,4,5,0.025037521528701683,-0.021715283483925152,0.06256331062281333,-0.12541257187415056,0.040225587670048024,-0.05619335800336467,3,-0.042144664775783935,-0.0038045786248941393,-0.04448412452626541,-0.02398136272410145,-0.1871946630410117,0.003640826176265488,1,0.033178002571825536,0.08455036511815228,0.02380534282710271,0.07443117108604236,0.0474930612678485,0.29331064575356947,4,-0.03709360440370032,0.02360304438261407,-0.05447514011724941,0.034374852737173445,-0.03265136449957703,0.045885623371383355,1,0.02012366440371736,-0.003273210784868197,0.049443108776233334,-0.04469807675109294,-0.0708196659404516,0.041095062242396674,3,-0.012037064399846495,0.0008481228944645647,-0.02940195415369144,0.006689146400418178,-0.02336823080826232,0.04802884939494878,3,True
random_2026091642,random,2026091642,0.497,0.5005,0.018140603758627548,0.496,0.1707361518930702,0.17135376790133888,4,4,0.010618701976666811,-0.08855280847602232,-0.006444251698793184,-0.020808935915006543,-0.04844158026448645,-0.25816005917512763,3,-0.056563484327818804,-0.0706421036169913,-0.11349168684787192,0.08062227323504256,-0.2758618309755462,-0.19832587499549748,2,0.02985101881009533,-0.002947301666578195,0.0200176581282611,0.029095509076482173,0.079225121376252,0.0654486181562719,5,-0.04042058816543052,-0.06389462240211641,-0.05826282481609102,-0.01096080927238674,-0.0009193043911735291,-0.1819764042259142,0,0.025096169866251534,-0.008343247211337057,0.05188640826838398,-0.043430791391990686,0.0016242052152069346,-0.037165162872598856,4,-0.007064558937312319,-0.0042219135320042955,-0.026958654661540793,0.007956431759520433,0.04907564034739622,-0.03023137572004675,3,True
random_2026091643,random,2026091643,0.497,0.5005,0.01854133743746206,0.494,0.16938761177597916,0.17097374508071517,4,4,0.030985255494412705,0.024268170191288352,-0.002276592071183877,0.02138039284371729,0.19040003529500657,-0.13355820859976553,4,-0.036196930810072914,0.042178875050319364,-0.10932402722026262,0.1228116019937664,-0.03702021541605316,-0.07372402442013537,2,0.03841156382823433,0.03595195331547729,0.0524842121384983,0.0819671206783279,0.07826955348479436,0.08184844439363403,5,-0.03186004314729152,-0.02499536742006092,-0.02579627080585382,0.041910802329458985,-0.0018748722826311681,-0.16557657798855208,1,0.025868032982351297,-0.02891864080739881,0.027894367629731815,-0.026540879978426135,0.005720947560369782,0.0024336109770539682,5,-0.006292695821212557,-0.02479730712806605,-0.05095069530019295,0.024846343173084984,0.05317238269255906,0.009367398129606075,4,True
random_2026091644,random,2026091644,0.497,0.5005,0.018426434458000584,0.494,0.17000332534781773,0.17122101334225834,4,4,0.06802953978613246,-0.033473472046047226,0.10777514276749112,0.00415856868070108,0.2896877690520115,-0.039725379003929806,4,0.0008473534816468472,-0.015562767187016213,0.0007277076184123802,0.10558977783075019,0.062267518340951754,0.02010880517570035,2,0.04361695627182841,0.06022040363281023,0.02985749108019853,0.07047599944322025,0.06758143271527739,0.15515079165876466,5,-0.026654650703697436,-0.0007269171027279864,-0.04842299186415359,0.030419681094351336,-0.012562993052148141,-0.09227423072342145,2,0.016151413974749746,-0.02303165108951677,0.025197451726269304,-0.02072307466680634,0.0022635302923535807,-0.012317889474472432,4,-0.016009314828814108,-0.018910317410184008,-0.053647611203655465,0.03066414848470478,0.049714965424542866,-0.0053841023219203255,2,True
random_2026091645,random,2026091645,0.497,0.5005,0.01791099384240806,0.492,0.16978497007975238,0.17158018246099527,4,4,0.02352682857688082,-0.023859618163729612,0.04507939167472941,-0.06975669809732299,-0.0327436155645631,0.04320621968342819,4,-0.043655357727604795,-0.0059489133046986,-0.06196804347434933,0.03167451105272612,-0.2601638662756228,0.10304040386305835,2,0.03833327408762632,0.08358778713161152,0.04094820676307879,0.025657581866889156,0.013926004675923753,0.20375803232825507,5,-0.031938332887899525,0.02264046639607331,-0.03733227618127333,-0.014398736481979757,-0.06621842109150178,-0.04366699005393104,1,0.03200504710716793,-0.043353956465977395,0.07325886279338871,-0.06340576152631949,0.016647077389742488,-0.032007893394359055,5,-0.00015568169639592253,-0.03923262278664463,-0.005586200136536064,-0.012018538374808374,0.06409851252193177,-0.025074106241806948,2,True
random_2026091646,random,2026091646,0.497,0.5005,0.01839052592054941,0.49,0.16934255583782215,0.17125176162295488,4,3,0.03477852194949763,-0.045584597710329744,0.1025603816182441,-0.05760232928653242,0.012430086172850649,-0.046989950697995386,4,-0.03240366435498798,-0.02767389285129873,-0.004487053530834635,0.04382887986351669,-0.21499016453820907,0.01284423348163477,2,0.02382705815619039,0.03305522852516396,0.026998188993526684,0.043833329691800316,0.057037801870582494,0.08692513548819725,4,-0.04644454881933546,-0.027892092210374253,-0.05128229395082543,0.0037770113429314023,-0.023106623896843037,-0.16049988689398886,2,-0.0051733611177319965,-0.039475566002392104,0.014137669495306593,-0.005488815871312891,-0.05195080707391849,-0.09173877261947072,2,-0.03733408992129585,-0.03535423232305934,-0.06470739343461818,0.04589840728019823,-0.004499371941729206,-0.08480498546691861,2,False
random_2026091647,random,2026091647,0.497,0.5005,0.018431470003910363,0.495,0.170141996647988,0.1712280175838241,4,4,0.04803863152821238,-0.05099239225676566,0.09604557213864957,-0.11225148567739485,0.2287323789707557,-0.14572280584150277,5,-0.019143554776273237,-0.03308168739773465,-0.011001863010429158,-0.01082027652734574,0.001312128259695992,-0.08588862166187261,1,0.034196319401447184,-0.038906061612231646,0.04537820100071199,-0.004018164035957117,0.018570969252392395,-0.10148508712055637,5,-0.036075287574078664,-0.09985338234776986,-0.03290228194364012,-0.04407448238482603,-0.06157345651503313,-0.3489101095027425,2,0.018496696919167537,0.007401744500112883,0.029844919010976745,-0.020124617183842064,-0.0031883828620825803,0.0842667767852412,5,-0.013664031884396318,0.011523078179445645,-0.049000143918948025,0.031262605967669055,0.044263052270106705,0.0912005639377933,3,True
random_2026091648,random,2026091648,0.497,0.5005,0.018445444010198115,0.493,0.16941439988554338,0.17112355836888796,3,4,-0.05034478391836109,-0.08606708274500607,-0.10900940584004186,-0.10475932790188214,0.09120558710095279,-0.20368873368154516,2,-0.11752697022284671,-0.06815637788597506,-0.2160568409891206,-0.0033281187518330313,-0.13621466361010692,-0.143854549501915,2,0.014871278889302952,0.06545652890422304,0.03779949167192117,0.020360318776435626,0.005884519352044222,0.14572712025531787,4,-0.055400328086222896,0.004509208168684831,-0.040480991272430954,-0.019695999572433287,-0.07425990641538131,-0.10169790212686824,1,0.020853005269608666,-0.026794364102755708,0.036141106087722585,-0.02770037874256226,-0.01596652320501879,-0.06726173419529524,5,-0.011307723533955186,-0.022673030423422946,-0.042703956842202184,0.02368684440894886,0.03148491192717049,-0.060327947042743135,3,False
random_2026091649,random,2026091649,0.497,0.5005,0.018248059675795958,0.493,0.16970980289496948,0.1712465876392477,4,5,0.010569942973491045,-0.043645110781664886,0.04500876355722864,-0.10742569907521426,0.09498411882238693,0.01003915719985371,3,-0.05661224333099457,-0.025734405922633874,-0.06203867159185009,-0.0059944899251651584,-0.1324361318886728,0.06987334137948387,1,0.046325753748403344,0.056083981526411364,0.031770530575098155,0.03141690110438633,0.08910517838720451,0.2531870147977733,5,-0.023945853227122504,-0.004863339209126849,-0.04650995236925396,-0.008639417244482583,0.008960752619778986,0.005761992415587169,2,0.020079452072415776,-0.0012737041804822269,0.07406631165210731,-0.03218717376568536,-0.010439323901588008,0.030456884179008714,4,-0.01208127673114808,0.0028476294988505346,-0.004778751277817461,0.019200049385825757,0.037012111230601275,0.03739067133156082,2,True
random_2026091650,random,2026091650,0.497,0.5005,0.01796693074819632,0.495,0.1699253324602323,0.17155295758600794,4,4,0.023021780290669962,0.03342906752717423,0.04638703508182962,-0.07113949765045202,0.15741520082043955,0.06330623117607459,5,-0.044160406013815656,0.05133977238620524,-0.06066040006724912,0.030291711499597085,-0.07000504989062017,0.12314041535570475,2,0.02280878787067712,0.04534680323348694,0.033362839146474275,0.07182026268794939,0.06114408823558274,0.10416434216816706,4,-0.04746281910484873,-0.01560051750205127,-0.04491764379787785,0.031763944339080474,-0.019000337531842788,-0.14326068021401905,1,0.01285204510296419,0.004302260843286332,0.01041034217844535,-0.015458605898044375,0.015818841372314724,-0.009576978287989535,5,-0.019308683700599665,0.008423594522619093,-0.06843472075147942,0.035928617253466744,0.06327027650450401,-0.0026431911354374282,2,True
random_2026091651,random,2026091651,0.497,0.5005,0.017917916680686177,0.494,0.17050521421985468,0.17124612743680578,4,5,0.08204991568184124,-0.018959788102557162,0.11212953504071514,-0.07149118933417187,0.2991890639327606,-0.15936035728210118,6,0.014867729377355624,-0.00104908324352615,0.005082099891636401,0.02994001981587724,0.07176881322170092,-0.09952617310247103,3,0.025444104280183955,0.005028577227578213,0.01163781675880086,0.03668532756628817,0.021751213761458943,0.09171754673760191,5,-0.04482750269534189,-0.05591874350796,-0.06664266618555126,-0.0033709907825807406,-0.05839321200596659,-0.1557074756445842,2,0.033236260681814934,-0.03081378137181623,0.06591004453193328,-0.0402101181451453,0.01799235576640153,-0.034112495942301146,4,0.001075531878251083,-0.026692447692483467,-0.012935018397991493,0.011177105006365817,0.06544379089859081,-0.02717870878974904,3,True
random_2026091652,random,2026091652,0.497,0.5005,0.018777800529263915,0.493,0.16961094242791297,0.17132116154909696,4,4,0.05831300627933411,-0.04169205400006426,0.06098771056413469,-0.15553209550100977,0.2797677763708095,-0.1003902880128471,6,-0.008869180025151505,-0.023781349141033248,-0.04605972458494404,-0.054100886350960664,0.052347525659749795,-0.04055610383321695,3,0.033001604514123116,0.06674082703338469,0.053886031472788476,0.03922529699388333,0.04903326436031622,0.10308021401529976,4,-0.03727000246140274,0.0057935062978464735,-0.024394451471563643,-0.0008310213549855838,-0.031111161407109306,-0.14434480836688635,1,0.027057508303057753,-0.017256874630700025,0.0556846924774812,-0.009600170002521669,-0.029436896557500276,-0.021456686852078244,4,-0.0051032205005061,-0.013135540951367264,-0.02316037045244357,0.04178705314898945,0.018014538574689005,-0.014522899699526137,3,True
random_2026091653,random,2026091653,0.497,0.5005,0.018378440115833655,0.495,0.17037734764500057,0.17135088390269568,3,2,0.02789577961633168,-0.08344581486161018,0.07579887465047896,-0.13274882146951938,0.15080561820260316,-0.11904713415157864,3,-0.03928640668815394,-0.06553511000257917,-0.03124856049859977,-0.03131761231947028,-0.07661463250845657,-0.05921294997194848,1,0.013737385857344927,0.015388540239430482,0.0033958797710657387,0.04341238291121208,0.04024660403195065,0.08855406409441491,4,-0.056534221118180926,-0.04555878049610773,-0.07488460317328638,0.003356064562343164,-0.03989782173547488,-0.1588709582877712,1,-0.00021415958196685514,0.007226654004405253,0.004017962028827575,-0.044776529210266425,-0.030201660692060855,-0.01899163928396619,4,-0.03237488838553071,0.011347987683738014,-0.07482710090109719,0.006610693941244694,0.01724977444012843,-0.012057852131414082,2,False
random_2026091654,random,2026091654,0.497,0.5005,0.018801082137739285,0.493,0.1700815932050755,0.17123446784064678,4,3,-0.07434908424594766,0.043152226565879026,-0.13812391947380007,-0.08740212787606838,-0.09651138948880607,-0.07448137149592693,2,-0.14153127055043327,0.06106293142491004,-0.24517135462287878,0.014029081273980726,-0.3239316401998658,-0.014647187316296773,1,0.0373423898325694,0.08236523268156937,0.07422366197095687,0.10207368667126682,0.09806715772112673,0.04817675302449809,5,-0.032929217142956456,0.021417911946031154,-0.004056820973395252,0.0620173683223979,0.0179227319537012,-0.19924826935768802,1,0.01597122290077635,-0.052075384821342885,0.06623399815376778,-0.07266349746634648,-0.03270530924458365,-0.0652628722033699,3,-0.016189505902787504,-0.04795405114201012,-0.012611064776156996,-0.021276274314835364,0.014746125887605635,-0.0583290850508178,2,False
random_2026091655,random,2026091655,0.497,0.5005,0.01845201935013756,0.496,0.17028522770860582,0.17118019171333193,4,2,0.03955085215414378,0.029234818980972133,0.019542702329816697,-0.023164980711731786,0.2769279365199199,-0.0784316713582367,6,-0.02763133415034184,0.047145523840003145,-0.08750473281926203,0.07826622843831732,0.04950768580886019,-0.018597487178606542,2,0.03674794502693257,0.06189974717228375,0.04402093221820095,0.03660869126538291,0.058105076921579256,0.14128372249406773,5,-0.03352366194859328,0.0009524264367455348,-0.03425955072615117,-0.0034476270834860046,-0.02203934884584628,-0.10614129988811838,2,0.00343130950083842,-0.012693836347602017,0.024722190966977586,-0.05192200715316564,-0.010593342245329707,0.01619888132202707,4,-0.028729419302725434,-0.008572502668269255,-0.05412287196294718,-0.0005347840016545202,0.036858092886859574,0.023132668474579177,1,False
random_2026091656,random,2026091656,0.497,0.5005,0.017834337215404956,0.494,0.1696208196579537,0.17147275367376763,4,5,0.04331542950273456,-0.07866638002759774,0.052251203187144345,-0.1622899281577772,0.07223439420316984,-0.14575137086840773,4,-0.02386675680175106,-0.060755675168566725,-0.054796231961934394,-0.0608587190077281,-0.15518585650788988,-0.08591718668877757,2,0.05090407284406295,0.08354109996648873,0.03622107423833324,0.13926444417885486,0.028620151525908983,0.2635083048709963,5,-0.0193675341314629,0.022593779230950517,-0.042059408706018875,0.09920812582998595,-0.051524274241516545,0.01608328248881019,2,0.022332082389814784,-0.002760172107146852,0.047440358186566965,0.008219768232986535,-0.06940625569412569,0.01401662964852779,4,-0.009828646413749068,0.0013611615721859094,-0.031404704743357804,0.059606991384497654,-0.02195482056193641,0.020950416801079896,3,True
random_2026091657,random,2026091657,0.497,0.5005,0.01780399994715117,0.496,0.1700670134111424,0.17117864862496207,4,3,-0.05619026581429135,0.0326102459376143,-0.05524266387380202,-0.042919486749037894,-0.12737377136259978,-0.0041752814256779125,2,-0.12337245211877697,0.050520950796645314,-0.16229009902288075,0.05851172240101121,-0.35479402207365957,0.055658902753952244,0,0.042702351258377035,0.041189706283639715,0.025588496388404918,0.019570724609063728,0.08517411489544398,0.07720758401729699,5,-0.027569255717148817,-0.019757614451898498,-0.0526919865559472,-0.020485593739805186,0.005029689128018451,-0.17021743836488912,1,0.02597445676121163,0.03540557965720503,0.057483958219468424,-0.011182537770360046,-0.02709775809317296,0.12202971134063212,4,-0.0061862720423522255,0.039526913336537794,-0.021361104710456342,0.04020468538115107,0.020353677039016322,0.12896349849318423,3,False
random_2026091658,random,2026091658,0.497,0.5005,0.018305034754797816,0.492,0.16934826494552543,0.17152508548037926,4,5,0.01446394501526486,0.0209061183334025,0.10937584277947072,-0.10109831827354032,0.0060777272505270945,0.17596497264052435,3,-0.05271824128922076,0.038816823192433514,0.002328407630391993,0.00033289087650878457,-0.22134252346053263,0.2357991568201545,0,0.03454199594352114,0.005389316773096731,0.021589967412346162,0.004993460174274045,-0.006968982134065531,0.17925395767656727,5,-0.035729611032004706,-0.05555800396244148,-0.05669051553200596,-0.03506285817459487,-0.08711340790149107,-0.06817106470561884,2,0.01324002217235933,-0.008092107124155201,0.01945360059116182,-0.04579666000993354,-0.039502116185613036,0.029306085537395,4,-0.018920706631204525,-0.00397077344482244,-0.05939146233876295,0.005590563141577576,0.007949318946576245,0.036239872689947106,2,True
random_2026091659,random,2026091659,0.497,0.5005,0.01866501294169575,0.494,0.17013460437342293,0.17110563419846586,4,4,0.003539865278650208,-0.002283299240779524,0.0391936440886087,0.019988048456331953,0.031041577879695192,0.06872172444532532,4,-0.0636423210258354,0.01562740561825149,-0.06785379106047003,0.12141925760638106,-0.19637867283136454,0.12855590862495547,1,0.03438515522813564,0.03355132831546759,0.0385802069089447,0.06495786751770094,0.061802971952661566,0.06633584897579037,5,-0.03588645174739021,-0.027395992420070625,-0.03970027603540741,0.024901549168832027,-0.01834145381476397,-0.18108917340639574,1,0.0188942000009934,0.03692980573443694,0.05323622781414258,-0.019580074486463817,0.011928779301892864,0.07321643605391892,3,-0.013266528802570454,0.0410511394137697,-0.025608835115782196,0.0318071486650473,0.059380214434082146,0.08015022320647103,2,True
random_2026091660,random,2026091660,0.497,0.5005,0.017890490212943404,0.495,0.17014365610992535,0.1713764808186485,4,4,0.009168486235901682,0.04014788646573009,0.04709009771723949,-0.011729300847418411,0.007251276023464981,0.08338745262352898,2,-0.05801370006858394,0.0580585913247611,-0.05995733743183925,0.0897019083026307,-0.22016897468759475,0.14322163680315914,1,0.04275244834938593,-0.009054368548538916,0.021633229340691413,0.05635180165172171,0.059861160154250914,0.16233792397453706,5,-0.027519158626139923,-0.07000168928407713,-0.056647253603660706,0.016295483302852798,-0.020283265613174617,-0.08508709840764905,1,0.007451628488124029,-0.022726811761675236,0.07200448795262789,-0.03873056562238575,-0.055386069962112816,-0.03440217162115622,2,-0.024709100315439825,-0.018605478082342475,-0.00684057497729688,0.01265665752912537,-0.007934634829923534,-0.027468384468604112,1,True
random_2026091661,random,2026091661,0.497,0.5005,0.01865979315619916,0.493,0.17002409349597292,0.17099407715706427,4,5,-0.0006839451954010478,-0.03567789103977592,0.01573498394268717,-0.12235381026947101,-0.07231117850983089,-0.14205233462518674,3,-0.06786613149988667,-0.01776718618074491,-0.09131245120639157,-0.020922601119421902,-0.29973142922089063,-0.08221815044555658,1,0.027022473804565645,0.10097081714820488,0.041092719820403266,0.125810455758657,0.003042636947132397,0.06348701574363513,5,-0.043249133170960206,0.04002349641266667,-0.03718776312394886,0.0857541374097881,-0.07710178882029313,-0.18393800663855098,1,0.020989852431984684,0.026262158590986684,0.05122595712198549,-0.010661626343316799,-0.034287909489277846,0.041030660943786046,5,-0.011170876371579172,0.030383492270319445,-0.027619105807939286,0.04072559680819432,0.013163525642911436,0.04796444809633815,3,True
random_2026091662,random,2026091662,0.497,0.5005,0.018146948306588456,0.495,0.16987002955382924,0.17102534825382948,4,3,-0.004334185071487122,-0.03853332712361879,0.01584374511006496,-0.11691799805024772,-0.055358164641308716,-0.06234630860206258,3,-0.07151637137597273,-0.020622622264587775,-0.09120369003901378,-0.015486788900198611,-0.2827784153523684,-0.002512124422432427,0,0.05420023429755042,0.049649332507378796,0.05472617270537161,0.005233602209930854,0.03142626813018116,0.17955212388230946,5,-0.016071372677975426,-0.011297988228159417,-0.023554310238980507,-0.03482271613893806,-0.04871815763724437,-0.06787289849987665,2,0.020284614874888085,-0.0048839384167054245,0.055156480227001405,0.0002106953617853069,-0.006276475599111912,-0.01502192288579951,4,-0.011876113928675769,-0.000762604737372663,-0.02368858270292336,0.051597918513296426,0.04117495953307737,-0.008088135733247404,3,False
random_2026091663,random,2026091663,0.497,0.5005,0.018730321276001632,0.496,0.17059609075976187,0.1710363884125157,4,3,0.04557346310736602,-0.06012541751707623,0.06655513343407267,-0.14172648685307765,0.21826782127374877,-0.03446982486713379,4,-0.021608723197119595,-0.04221471265804522,-0.04049230171500606,-0.04029527770302854,-0.009152429437310946,0.025364359312496365,1,0.04082855207044415,0.028011269351413404,0.0378547533588347,0.029755988481594553,0.07830078848523787,0.08509562971012463,5,-0.0294430549050817,-0.03293605138412481,-0.04042572958551741,-0.01030032986727436,-0.0018436372821876528,-0.16232939267206148,3,0.0045353054206581644,-0.02358332537296115,0.026464682967725084,-0.07771190357295232,0.01151408077351516,-0.036532379595083375,4,-0.02762542338290569,-0.01946199169362839,-0.052380379962199686,-0.026324680421441204,0.058965515905704445,-0.02959859244253127,1,False
random_2026091664,random,2026091664,0.497,0.5005,0.018184608939336613,0.493,0.17012084704605512,0.17087905071274628,4,4,-0.00045728029050747426,0.036828786628839705,0.015365476886580742,-0.0075316061246222255,-0.055061069192853994,-0.054922301120480244,2,-0.06763946659499309,0.05473949148787072,-0.09168195826249799,0.09389960302542688,-0.28248131990391373,0.004911883059149913,1,0.049986947272901795,0.01654524676849012,0.031174211261142393,0.03288989160329381,0.10354602984482819,0.06950504893594167,6,-0.020284659702624053,-0.044402073967048095,-0.04710627168320972,-0.007166426745575105,0.02340160407740266,-0.17791997344624444,1,0.013352940345481382,0.03903445221861701,0.03876892202289336,0.014576063669857753,-0.012654189735783935,0.07959341218224947,4,-0.01880778845808247,0.04315578589794977,-0.04007614090703141,0.06596328682136887,0.03479724539640535,0.08652719933480157,2,True
random_2026091665,random,2026091665,0.497,0.5005,0.018587224357295783,0.493,0.16940597421789425,0.1714016178054735,4,4,0.022111398486509188,-0.008301031685192806,0.0484411781080718,-0.021786918966248958,-0.006893021164086632,0.03268899259203928,3,-0.04507078781797643,0.009609673173838207,-0.058606257041006936,0.07964429018380015,-0.23431327187514636,0.09252317677166944,1,0.03594957455005469,0.06337751638085809,0.06393654311028785,0.0815800382321874,0.04762888869205654,0.30878649829106375,4,-0.03432203242547116,0.002430195645319877,-0.01434393983406427,0.04152371988331849,-0.03251553707536899,0.06136147590887764,1,0.023668501742709253,0.018973895845050825,0.06930953637383497,-0.025019171778356553,-0.0042503203357043455,0.07735197289827633,4,-0.008492227060854599,0.023095229524383587,-0.009535526556089802,0.026368051373154566,0.04320111479648494,0.08428576005082844,2,True
random_2026091666,random,2026091666,0.497,0.5005,0.01736917174234986,0.495,0.17011770438586246,0.1714025841422311,3,4,-0.03386354419077642,0.022310657104418485,-0.12261022101506258,-0.11571231167109008,0.14774274223154268,-0.028057882438975446,3,-0.10104573049526204,0.0402213619634495,-0.22965765616414133,-0.014281102521040978,-0.07967750847951705,0.03177630174065471,3,0.039704472558205195,0.05465347275234733,0.03511011785077659,0.019343974414665066,0.06804365469581704,0.08943956882810356,4,-0.030567134417320656,-0.006293847983190881,-0.043170365093575525,-0.020712343934203847,-0.012100771071608488,-0.15798545355408256,2,0.022742609285309374,0.03638579650673546,0.04528220038497732,-0.03666233028674082,-0.06017115674869881,0.03780578967536585,4,-0.009418119518254478,0.04050713018606822,-0.03356286254494745,0.0147248928647703,-0.012719721616509527,0.04473957682791796,2,False
random_2026091667,random,2026091667,0.497,0.5005,0.01766479188762605,0.496,0.16994460690178675,0.17115863906339898,4,4,-0.059196625945351355,-0.029547095134041523,-0.08950000296158815,-0.11247302773692569,0.13241686824344198,-0.1392168247839609,2,-0.12637881224983696,-0.01163639027501051,-0.19654743811066688,-0.011041818586876584,-0.09500338246761775,-0.07938264060433076,0,0.026621627874267213,0.04323091584796934,0.03059442962308941,0.06884915457077145,0.03339705091210399,0.021664393683168415,5,-0.04364997910125864,-0.01771640488756887,-0.04768605332126271,0.02879283622190254,-0.046747374855321544,-0.2257606286990177,1,0.025915138093669337,-0.010770011319763406,0.07694175839997874,-0.01759781863089338,-0.012054899069810499,-0.059921165054699355,5,-0.006245590709894518,-0.006648677640430645,-0.001903304529946026,0.03378940452061774,0.03539653606237878,-0.05298737790214725,2,True
random_2026091668,random,2026091668,0.497,0.5005,0.018299858816200866,0.493,0.17023784127799446,0.17134425740370351,4,4,0.04403419141881156,-0.006076258414555724,0.053836334454362055,-0.11749813875705506,0.04661716875799249,0.030488909893305882,4,-0.023147994885674057,0.011834446444475288,-0.053211100694716684,-0.016066929607005953,-0.18080308195306724,0.09032309407293604,3,0.03412167123485743,0.054343536408518744,0.047470479281939516,0.04325172425402313,0.07726220522010496,0.21402301998769135,5,-0.03614993574066842,-0.0066037843270194685,-0.0308100036624126,0.003195405905154214,-0.0028822205473205686,-0.033402002394494756,1,0.00841375646467348,0.02509302287269921,0.04965393991884781,-0.02231763485884275,-0.052831288566793554,0.03183874667407327,4,-0.023746972338890376,0.029214356552031973,-0.029191123011076958,0.02906958829266837,-0.005379853434604269,0.03877253382662538,1,True
random_2026091669,random,2026091669,0.497,0.5005,0.01805832987674512,0.494,0.1701624661590904,0.17133993286753443,4,3,0.04043626753291637,-0.07691019039102742,0.043381625267358004,-0.11351668085433086,0.033027008763514276,-0.21970555113655088,5,-0.02674591877156925,-0.05899948553199641,-0.06366580988172073,-0.012085471704281758,-0.19439324194754545,-0.15987136695692072,3,0.025751964687531492,0.02923498507309552,0.012749031661291044,0.025180861848939085,0.0529775211971506,0.19948972528614495,5,-0.044519642287994356,-0.03171233566244269,-0.06553145128306108,-0.014875456499929829,-0.02716690457027493,-0.04793529709604116,1,0.010072918736630613,-0.011070989628511607,0.021146564288977248,-0.04660783422433257,-0.045672711781335106,-0.01643114359710096,4,-0.02208781006693324,-0.006949655949178846,-0.057698498640947525,0.004779388927178552,0.0017787233508541795,-0.009497356444548855,3,False
random_2026091670,random,2026091670,0.497,0.5005,0.018188434269512072,0.494,0.17025015582187916,0.17096032473770417,2,5,0.04634193957035737,-0.048773854521572124,0.049745026195398744,-0.15167932885735702,0.09101311558453636,-0.09399162590277288,3,-0.020840246734128248,-0.03086314966254111,-0.057302408953679995,-0.050248119707307914,-0.13640713512652336,-0.03415744172314272,2,0.03663335290529183,0.009088929197903495,0.05028478874024948,-0.005292031216819204,0.06874866110754459,0.1188139304926561,5,-0.03363825407023402,-0.05185839153763472,-0.02799569420410264,-0.04534834956568812,-0.011395764659880939,-0.12861109188953002,1,0.027777667771453074,-0.021267813901532095,0.037959624622772394,-0.039151589692087985,0.004300742948081897,-0.06426232163003753,5,-0.00438306103211078,-0.017146480222199334,-0.040885438307152376,0.012235633459423134,0.05175217808027118,-0.05732853447748543,3,False
random_2026091671,random,2026091671,0.497,0.5005,0.017977457686560228,0.494,0.1698878270216519,0.1711906366890859,4,4,0.02604222051229473,-0.012440881257946845,0.003559362915126855,-0.12506992156789964,0.02353435204469993,-0.04787308832433501,4,-0.04113996579219089,0.005469823601084167,-0.10348807223395189,-0.023638712417850538,-0.20388589866635978,0.011961095855295145,1,0.06429590697327274,0.02650067323204386,0.056050214556093346,0.05168915377649075,0.09898659321016338,0.18623011849440152,5,-0.005975700002253115,-0.034446647503494354,-0.022230268388258773,0.011632835427621835,0.01884216744273785,-0.06119490388778459,2,0.024852328667146945,0.024940805652692855,0.06303072708747082,-0.0011763632156769344,-0.04314982101798157,0.039572317908492805,4,-0.007308400136416908,0.029062139332025616,-0.015814335842453953,0.050210859935834184,0.004301614114207708,0.04650610506104491,2,True
random_2026091672,random,2026091672,0.497,0.5005,0.018330895215040072,0.496,0.17026817436574493,0.17101125004600423,4,5,0.02675426915958179,-0.027107603417314552,0.044200765232451276,-0.05079180216445156,0.17266639531664518,-0.04215488473096607,6,-0.040427917144903826,-0.00919689855828354,-0.06284666991662746,0.050639406985597546,-0.05475385539441454,0.017679299448664088,2,0.03776909370637923,0.06304375131779283,0.04151686742894234,0.07047022081692056,0.044555269237833706,0.11834959579839488,5,-0.032502513269146625,0.002096430582254616,-0.03676361551540978,0.030413902468051646,-0.035589156529591826,-0.12907542658379123,1,0.015071407495467296,0.015571880881617983,0.03828865092870929,0.010481997585143343,-0.0303939232789735,-0.018495104245364047,2,-0.017089321308096556,0.019693214560950745,-0.04055641200121548,0.06186922073665446,0.017057511853215784,-0.01156131709281194,1,True
random_2026091673,random,2026091673,0.497,0.5005,0.018106161539442837,0.491,0.16977690959427855,0.17119776915685603,4,2,-0.020682379964293007,-0.016512800606255373,0.03904933393089616,-0.04393647769743714,-0.03661744891572949,-0.11715859088802794,2,-0.08786456626877863,0.0013979042527756391,-0.06799810121818257,0.05749473145261197,-0.2640376996267892,-0.05732440670839778,2,0.01780474223250783,0.12244682536683427,0.03755934111646283,0.0748828938188617,-0.014575853760959157,0.1532550573215885,3,-0.05246686474301802,0.061499504631296054,-0.040721141827889294,0.03482657546999279,-0.09472027952838469,-0.0941699650605976,1,-0.0025311543726397323,0.06279129405232509,0.0073730361334484185,0.001917068366658059,-0.06068886868112142,0.004317289122329759,3,-0.034691883176203586,0.06691262773165785,-0.07147202679647635,0.05330429151816918,-0.013237433548932143,0.011251076274881866,1,False
random_2026091674,random,2026091674,0.497,0.5005,0.017859306590165942,0.494,0.1701693154288223,0.17149897800961722,4,4,-0.02784886342944992,-0.026592160000465936,-0.03218370209827811,-0.07215242170632852,-0.07059161478847516,-0.007155963803956444,4,-0.09503104973393554,-0.008681455141434924,-0.13923113724735683,0.02927878744372059,-0.2980118654995349,0.05267822037567371,2,0.03694082581436978,0.04853101301407481,0.03237559964537895,0.036879604079387285,0.08377163512657364,0.20678793946461993,5,-0.033330781161156064,-0.012416307721463404,-0.045904883298973166,-0.0031767142694816286,0.0036272093591481016,-0.04063708291756618,1,-0.0006400709678273478,0.032685971198623265,0.01161370967946255,-0.02077564227169204,-0.05716133573061832,0.04669814965900243,3,-0.0328007997713912,0.036807304877956026,-0.06723135325046221,0.030611580879819078,-0.009709900598429041,0.05363193681155454,1,False
random_2026091675,random,2026091675,0.497,0.5005,0.018567722550593316,0.495,0.1703201597968873,0.17125240760441618,4,2,0.015788302071192046,-0.004827810361723861,0.07403531864492718,-0.04849874020381728,0.009992938998830877,-0.02419296300896212,3,-0.05139388423329357,0.013082894497307151,-0.033012116504151555,0.052932468946231825,-0.21742731171222884,0.035641221170668036,0,0.03768486094238669,0.01966975659882242,0.02473955745102563,0.013616789137538277,0.032578257343994034,0.19300399562967585,5,-0.03258674603313916,-0.041277564136715794,-0.05354092549332649,-0.026439529211330637,-0.0475661684234315,-0.05442102675251026,1,-0.004458703151707932,-0.027395757010764688,0.020206997913906528,-0.031191014145387497,-0.04416550445831465,-0.0019442078329545698,3,-0.036619431955271786,-0.023274423331431926,-0.05863806501601824,0.020196209006123622,0.003285930673874634,0.004989579319597537,1,False
random_2026091676,random,2026091676,0.497,0.5005,0.018342437613522635,0.495,0.17010446515696823,0.1713452016542724,3,4,0.00254666196099392,-0.12253785885722457,0.03192628739597988,-0.06258072722569175,-0.007016201407622491,-0.05523405179768126,3,-0.0646355243434917,-0.10462715399819356,-0.07512114775309886,0.03885048192435736,-0.23443645211868222,0.004600132381948896,1,0.021527172988079307,0.05360443858844488,0.008764454854043313,0.021359669254505942,0.039126892313442095,-0.05995332525128294,5,-0.048744433987446545,-0.0073428821470933325,-0.06951602809030881,-0.01869664909436297,-0.041017533453983436,-0.30737834763346905,1,0.0086448921899962,-0.015169483885638102,0.01341089370626621,-0.06087272647525288,0.00421420998879124,0.001095862350070087,4,-0.023515836613567653,-0.01104815020630534,-0.06543416922365856,-0.009485503323741762,0.05166564512098052,0.008029649502622194,2,False
random_2026091677,random,2026091677,0.497,0.5005,0.018320533071644603,0.494,0.1702674170518294,0.17121082426285042,4,4,0.07410270706996828,-0.028078652818891436,0.06165115977334231,-0.05603035676042811,0.22378470127877859,-0.10051346091070612,5,0.006920520765482663,-0.010167947959860424,-0.04539627537573643,0.045400852389620994,-0.003635549432281134,-0.040679276731075964,3,0.03626150352689742,0.05755646319527408,0.043229486503615355,0.08462171015034547,0.06684475694587466,0.2990347902435797,5,-0.034010103448628426,-0.003390857540264136,-0.03505099644073676,0.04456539180147656,-0.01329966882155087,0.051609767861393596,1,-0.00798534316886849,-0.04275545477213927,0.021332714535778525,-0.03314248023539301,-0.04968765124416843,-0.02700083465999592,2,-0.04014607197243234,-0.038634121092806506,-0.05751234839414624,0.018244742916118106,-0.0022362161119791426,-0.020067047507443814,1,False
random_2026091678,random,2026091678,0.497,0.5005,0.01809736339119263,0.493,0.17063110603558015,0.1713810652726388,4,3,0.06439129180325169,-0.08594146007118719,0.12748851111996826,-0.06078815178545138,0.2665985259551834,-0.06825163817819058,5,-0.0027908945012339315,-0.06803075521215618,0.02044107597088951,0.04064305736459772,0.039178275244123685,-0.00841745399856042,2,0.033034123439021346,0.0010199685886558285,0.020730455420207388,0.003589635105216704,0.05250046854819723,0.013359327370804364,5,-0.0372374835365045,-0.059927352146882384,-0.05755002752414473,-0.03646668324365221,-0.0276439572192283,-0.23406569501138175,1,0.010913690679822027,-0.02690764714098348,0.022357200343361045,-0.08680722574075928,-0.00446205267297245,-0.04138989068425136,4,-0.02124703812374183,-0.02278631346165072,-0.05648786258656372,-0.035420002589248156,0.04298938245921683,-0.034456103531699256,3,False
random_2026091679,random,2026091679,0.497,0.5005,0.018205718318000434,0.493,0.16918526593386196,0.17125808317483945,4,3,0.008771516840780369,0.01808526113790121,0.03407466548473274,-0.007352476377986417,0.19090800398740745,-0.058284358240046075,3,-0.058410669463705246,0.03599596599693222,-0.072972769664346,0.09407873277206269,-0.036512246723652275,0.0015498259395840819,1,0.06328048664875723,0.05376699451022926,0.07001060533755969,0.07114657198229457,0.12046427856961435,0.1515979592765171,5,-0.0069911203267686295,-0.007180326225308953,-0.00826987760679243,0.031090253633425657,0.040319852802188826,-0.09582706310566902,2,0.010779566622870496,-0.00972455423293439,0.016628407569604004,-0.04476827252870019,-0.031231073024767797,-0.005200786090719944,4,-0.02138116218069336,-0.005603220553601629,-0.06221665536032076,0.006618950622810926,0.016220362107421487,0.0017330010618321623,2,False
random_2026091680,random,2026091680,0.497,0.5005,0.01840421617985703,0.494,0.16991703104489717,0.17135203921587283,4,5,0.0005325511358113729,-0.06168271041144813,0.05989502236973069,-0.1314459848666405,-0.013900350215223511,-0.10323442762572022,3,-0.06664963516867424,-0.043772005552417115,-0.04715241277934804,-0.03001477571659139,-0.24132060092628324,-0.04340024344609006,2,0.03142419216083381,0.07079676128141088,0.038087944128045725,0.03927477850043104,0.026417059913113234,0.1548840794084405,5,-0.03884741481469204,0.009849440545872667,-0.04019253881630639,-0.0007815398484378733,-0.053727365854312294,-0.0925409429737456,1,0.025640275379611166,-0.022489330591199397,0.07719880278400464,-0.06332746657947141,-0.03229993596585249,-0.0437635487750998,4,-0.006520453423952688,-0.018367996911866635,-0.0016462601459201383,-0.011940243427960295,0.01515149916633679,-0.036829761622547696,3,True
random_2026091681,random,2026091681,0.497,0.5005,0.018864481661934406,0.494,0.1692515421747521,0.17130416170519797,3,4,-0.03487895231726509,0.03805286202484548,-0.049617924743801854,0.04308597666481395,0.08843084006892692,-0.02383007850336183,4,-0.1020611386217507,0.05596356688387649,-0.15666535989288058,0.14451718581486306,-0.1389894106421328,0.03600410567626833,2,0.030757925716851098,0.028417160707205902,0.00913792155783355,0.010646230581534688,0.06240417347270303,0.24216153402776275,5,-0.03951368125867475,-0.03253016002833231,-0.06914256138651857,-0.029410087767334225,-0.017740252294722498,-0.005263488354423362,1,0.022851687178243135,-0.008940138262547581,0.06946177426990958,-0.05837377644571373,-0.04264654230539169,0.04177284712987839,4,-0.009309041625320721,-0.00481880458321482,-0.00938328866001518,-0.006986553294202613,0.004804892826797598,0.048706634282430494,4,False
random_2026091682,random,2026091682,0.497,0.5005,0.01789829015824944,0.495,0.1699159078746452,0.17133686615677532,4,3,-0.05467364585606538,-0.029803529009098106,-0.07831701406196268,-0.0009986347001778029,-0.13574735094398402,-0.08111324280974941,2,-0.121855832160551,-0.011892824150067094,-0.18536444921104142,0.1004325744498713,-0.36316760165504375,-0.021279058630119252,0,0.06236365873975117,0.020971352748727634,0.0687131533863572,0.017027084493093092,0.0615901799053418,0.07139214870172661,6,-0.007907948235774676,-0.03997596798681058,-0.009567329557994922,-0.02302923385577582,-0.018554245862083724,-0.1760328736804595,1,0.02312704438712417,0.0049340481634380096,0.07789580450653273,-0.034948458927241965,-0.022934438904944714,-0.030013886597091144,4,-0.009033684416439683,0.009055381842770771,-0.0009492584233920335,0.016438764224269153,0.02451699622724457,-0.023080099444539037,2,False
random_2026091683,random,2026091683,0.497,0.5005,0.017845387115841733,0.492,0.16953899047564483,0.1712901908193356,4,4,-0.03013940180434845,0.05319294198760094,-0.020424197289163153,-0.00672951936311339,-0.07170216782123873,0.1620958528832206,4,-0.09732158810883407,0.07110364684663195,-0.1274716324382419,0.09470168978693572,-0.29912241853229843,0.22193003706285075,2,0.0412909401711542,0.0893387617525776,0.02810503771173793,0.04855971468525899,0.05389996594163948,0.2812601503461909,5,-0.02898066680437165,0.028391441017039387,-0.05017544523261419,0.008503396336390079,-0.02624445982578605,0.033835127964004785,1,0.006684948634317715,0.0663920583043126,0.004282188970340199,-0.009755037126851773,-0.020006161144246748,0.03567803462763974,3,-0.025475780169246138,0.07051339198364537,-0.07456287395958457,0.041632186024659346,0.027445273987942536,0.04261182178019185,2,True
random_2026091684,random,2026091684,0.497,0.5005,0.017662024444667624,0.494,0.1696468181879609,0.17086465995288744,4,4,0.034134703286757086,0.046295885224828526,0.06723492574471912,-0.03577988457942327,0.2163877826781411,-0.04475427392041653,4,-0.03304748301772853,0.06420659008385954,-0.03981250940435962,0.06565132457062584,-0.01103246803291861,0.015079910259213625,1,0.037449325180783734,0.02643250703101563,0.023096158450499244,0.02922768517565899,0.046679981331308275,0.14791800447040981,4,-0.032822281794742114,-0.034514813704522584,-0.055184324493852875,-0.010828633173209923,-0.033464444436117256,-0.0995070179117763,2,0.01275431383635182,-0.004720685079254161,0.01877024552464542,-0.06869026472196005,-0.03970737767625641,-0.017274837287717393,4,-0.019406414967212033,-0.0005993513999213995,-0.06007481740527935,-0.01730304157044893,0.007744057455932873,-0.010341050135165286,2,True
random_2026091685,random,2026091685,0.497,0.5005,0.01866877765581012,0.493,0.16961761423700955,0.17155781126779038,4,2,0.023865246740063333,0.028237431687155867,0.012058648381376344,-0.07581098528863794,0.23109808203162682,0.09106444001549807,5,-0.043316939564422285,0.04614813654618688,-0.0949887867677024,0.025620223861411162,0.003677831320567093,0.15089862419512823,2,0.03571113733677652,0.005677025534051028,0.013057086428726791,0.011220234869879775,0.05300730758562022,0.13166162852958352,5,-0.034560469638749335,-0.055270295201487185,-0.06522339651562532,-0.02883608347898914,-0.02713711818180531,-0.11576339385260259,1,-0.0046615790054609545,0.005258933985480274,0.019564395913039084,-0.04751176345857977,-0.04752203719920282,-0.011268857530788434,3,-0.03682230780902481,0.009380267664813036,-0.05928066701688569,0.003875459692931349,-7.060206701353655e-05,-0.004335070378236328,0,False
random_2026091686,random,2026091686,0.497,0.5005,0.018916951932245865,0.493,0.16945295655462542,0.17089788604000447,4,4,0.042446559228270786,-0.08030025137494845,0.015087340048645462,-0.1552412141395565,0.22635465749760442,0.019511066528588028,4,-0.024735627076214833,-0.06238954651591744,-0.09196009510043328,-0.05381000498950739,-0.0010655932134553032,0.07934525070821818,2,0.03325054678695686,-0.019121128533611254,0.04062135297670707,-0.0019651209172466544,0.024914732368752635,-0.030856047389543617,4,-0.03702106018856899,-0.08006844926914947,-0.037659129967645054,-0.04202143926611557,-0.0552296933986729,-0.2782810697717297,1,0.028469688264903814,-0.007043108883372784,0.07929148329522222,-0.020039957804435238,-0.019656845438963122,-0.053563519094468326,4,-0.0036910405386600398,-0.0029217752040400224,0.0004464203652974434,0.03134726534707588,0.027794589693226162,-0.04662973194191622,2,True
random_2026091687,random,2026091687,0.497,0.5005,0.018798944055335595,0.493,0.1697033847582061,0.17117251796543131,4,4,-0.05499895156698872,0.014707953774101279,-0.0444648589988661,-0.0035416355403827815,-0.1688103794837368,0.040185701962630604,3,-0.12218113787147433,0.03261865863313229,-0.15151229414794484,0.09788957360966632,-0.3962306301947966,0.10001988614226076,0,0.04071526899104838,0.009797993684851347,0.048138117831532844,0.03173378471906796,0.07364135966371847,-0.019571760565589846,5,-0.02955633798447747,-0.051149327050686866,-0.030142365112819276,-0.008322533629800954,-0.006503066103707063,-0.26699678294777596,1,0.015000342202379594,0.023931122989620524,0.0512394473341606,-0.012594966529394513,-0.04542896736541152,-0.037181044809331265,3,-0.01716038660118426,0.028052456668953285,-0.02760561559576417,0.038792256622116605,0.0020224677667777615,-0.03024725765677916,2,True
random_2026091688,random,2026091688,0.497,0.5005,0.018301038918318226,0.494,0.1698977421251475,0.17127174427938494,5,4,0.01961435736927697,-0.07610476251754261,-0.02642308605157277,-0.1058028673344591,0.17048597048434366,-0.08729806329114687,4,-0.047567828935208646,-0.0581940576585116,-0.1334705212006515,-0.004371658184409988,-0.05693428022671606,-0.02746387911151671,1,0.04996028954295887,0.014078201656342326,0.0001303836620281107,0.009729308393569003,0.07064639782337993,0.05842886502530065,4,-0.020311317432566978,-0.04686911907919589,-0.07815009928232401,-0.03032700995529991,-0.009498027944045603,-0.18899615735688546,1,0.029958674146008762,-0.029788893114812698,0.053799251364054314,-0.03813554740141334,0.011853731253558264,0.011920358173600487,4,-0.0022020546575550934,-0.025667559435479936,-0.025045811565870452,0.01325167575009778,0.059305166385747544,0.018854145326152594,3,True
random_2026091689,random,2026091689,0.497,0.5005,0.018500776362372563,0.492,0.16934284150807072,0.1714485423766552,5,2,0.04022337190286903,-0.028843025867719696,0.1192549000551842,-0.20935512875899231,-0.0015465055893661612,0.03695541093459709,5,-0.02695881440161659,-0.010932321008688684,0.01220746490610547,-0.10792391960894321,-0.22896675630042587,0.09678959511422724,2,0.05416102520653295,0.03519889257702635,0.04291468697922666,0.010189019730444393,0.05173179103530878,0.12267914709641059,5,-0.0161105817689929,-0.02574842815851186,-0.03536579596512546,-0.02986729861842452,-0.02841263473211675,-0.12474587528577552,3,0.005665143082638398,0.0524937422524574,0.015270792432430421,-0.0028172026723061183,-0.022832682917045082,0.0031535062149146142,4,-0.026495585720925457,0.05661507593179016,-0.06357427049749435,0.048570020479205,0.024618752215144202,0.010087293367466721,2,False
random_2026091690,random,2026091690,0.497,0.5005,0.018750754728214816,0.493,0.16960400195786496,0.17135311127191624,3,4,0.03982732377236046,-0.0007637336187138466,0.0634852036227429,-0.04413568047721972,0.19089632999155967,-0.0005775449109957087,5,-0.027354862532125157,0.017146971240317166,-0.043562231526335836,0.05729552867282939,-0.03652392071950006,0.05925663926863445,3,0.030193618005172618,0.1082404038670548,0.009679235933339006,0.11108661365584194,0.06017485511191819,0.33877139136782586,4,-0.04007798897035323,0.04729308313151659,-0.06860124701101311,0.07103029530697302,-0.019969570655507345,0.09134636898563975,1,0.005094314111634783,0.0021465124246999867,0.008358152927319859,-0.04258483669581925,0.020180053633131467,0.006581076962730581,3,-0.02706641469192907,0.006267846104032748,-0.07048691000260492,0.008802386455691869,0.06763148876532075,0.013514864115282688,1,False
random_2026091691,random,2026091691,0.497,0.5005,0.01797847345797345,0.495,0.1703893561217701,0.17074128359570265,4,3,0.07308376844773386,0.007123547724674495,0.08889882106494958,0.0022986746966435767,0.2988026679759087,-0.05853598058511711,4,0.005901582143248245,0.025034252583705507,-0.018148614084129155,0.10372988384669268,0.071382417264849,0.0012982035945130477,1,0.05052665850514467,0.02357717207452925,0.053188508944636746,0.021560982917012694,0.027090960472419174,0.11599047765052384,5,-0.01974494847038118,-0.03737014866100896,-0.025091973999715373,-0.01849533543185622,-0.053053465295006354,-0.13143454473166227,1,0.023070871449857682,-0.021148098098403012,0.04893055305246382,-0.07537121862546403,-0.05821774185683498,-0.017853311445081843,4,-0.009089857353706174,-0.01702676441907025,-0.029914509877460953,-0.023983995473952913,-0.0107663067246457,-0.010919524292529736,2,False
random_2026091692,random,2026091692,0.497,0.5005,0.018283693444216625,0.492,0.16914308460758185,0.17136795072980263,3,4,0.015582904011744262,0.08175647591373014,0.025316954172579138,-0.06930026557913083,0.13715038190355947,0.06538902841460859,3,-0.051599282292741355,0.09966718077276115,-0.0817304809764996,0.03213094357091828,-0.09026986880750025,0.12522321259423874,2,0.034359549832816784,-0.005755015323993806,0.03539931486684078,-0.016971115726549524,0.031231158910094425,0.24653244052231793,5,-0.035912057142709064,-0.06670233605953202,-0.042881168077511335,-0.05702743407541844,-0.048913266857331106,-0.0008925818598681801,2,0.0132108174167427,0.01894816846437497,0.015385797194114592,-0.07440245838564175,-0.004140503212946937,-0.03353023645394915,4,-0.018949911386821155,0.023069502143707732,-0.06345926573581018,-0.023015235234130627,0.043310931919242346,-0.02659644930139704,2,False
random_2026091693,random,2026091693,0.497,0.5005,0.017921329489909113,0.495,0.16992369352388778,0.17110498850132475,3,2,0.02921649007591916,0.00682561716888741,0.04416062146132179,0.00753590264708226,0.20514698223044006,-0.08791809578911902,5,-0.03796569622856646,0.024736322027918423,-0.06288681368775695,0.10896711179713137,-0.02227326848061965,-0.028083911609488865,1,0.04566007056924781,0.07264945590884642,0.02554160985640171,0.08798559110063664,0.07303824211151722,0.2326897379520687,5,-0.02461153640627804,0.011702135173308204,-0.05273887308795041,0.047929272751767726,-0.007106183655908316,-0.014735284430117401,2,0.0036095757635722556,-0.003539232895105604,0.029195248231802157,0.009930817131781344,-0.029739992138079024,-0.0351477359744945,4,-0.0285511530399916,0.0005821007842271575,-0.04964981469812261,0.06131804028329246,0.01771144299411026,-0.02821394882194239,1,False
random_2026091694,random,2026091694,0.497,0.5005,0.017978704527253284,0.494,0.17014167808086494,0.17145759875612082,5,3,-0.05461359225827911,-0.08072089660411397,-0.06272166194074928,-0.06035192324440608,-0.12413224795844724,0.058435251192834325,2,-0.12179577856276473,-0.06281019174508295,-0.169769097089828,0.041079285905643026,-0.35155249866950694,0.11826943537246448,1,0.035561053288804545,0.03392401633272035,0.045846259350112994,0.014806143102130687,-0.0036482658271682253,0.18602167016835702,5,-0.0347105536867213,-0.02702330440281786,-0.03243422359423912,-0.025250175246738227,-0.08379269159459375,-0.06140335221382909,2,0.02406136427407825,-0.02750475732826163,0.008682324453334242,-0.02817382622741227,-0.010653693834877334,0.022088134442654894,5,-0.0080993645294856,-0.02338342364892887,-0.07016273847659053,0.02321339692409885,0.03679774129731195,0.029021921595207,3,False
random_2026091695,random,2026091695,0.497,0.5005,0.018197634094394743,0.494,0.16991273770641419,0.17136707531689413,4,3,0.06713956563692558,-0.013361851037307915,0.0584768491295388,-0.09035599326332466,0.26043367757776675,-0.06673128566471176,4,-4.2620667560037497e-05,0.004548853821723098,-0.04857058601953993,0.011075215886724443,0.03301342686670705,-0.006897101485081603,2,0.024681262224623968,0.022132897573229338,0.01923604916241513,0.016746165657388623,0.017161048700932897,0.23811051807885453,5,-0.04559034475090188,-0.038814423162308875,-0.05904443378193699,-0.02331015269148029,-0.06298337706649264,-0.009314504303331583,1,0.026238718725892878,0.04513648341418208,0.03912882400814999,0.00401014421913537,-0.0037330515230013517,-0.004798521815713164,4,-0.0059220100776709765,0.049257817093514844,-0.03971623892177478,0.05539736737064649,0.04371838360918793,0.002135265336838943,2,False
random_2026091696,random,2026091696,0.497,0.5005,0.01835581020452082,0.494,0.16979536805703538,0.17108399967184232,5,4,-0.030979134690019745,0.031951148240588756,-0.07615752006001435,-0.18284450591832258,0.06498833897895888,0.11722066016451871,4,-0.09816132099450536,0.04986185309961977,-0.18320495520909308,-0.08141329676827347,-0.16243191173210084,0.17705484434414887,1,0.05604744923201251,0.05126108969246146,0.10002271722356164,0.01633846337735223,0.07123291299806582,0.01730978367018854,4,-0.01422415774351334,-0.009686231043076754,0.021742234279209516,-0.023717854971516683,-0.008911512769359716,-0.23011523871199757,2,0.027527198813045994,-0.008997003082222843,0.06068711306089954,-0.02088714633849964,-0.01520300715239555,-0.03472425473469154,3,-0.0046335299905178595,-0.0048756694028900815,-0.01815794986902523,0.03050007681301148,0.032248427979793735,-0.027790467582139433,2,True
random_2026091697,random,2026091697,0.497,0.5005,0.0180994099189993,0.491,0.16974877776089126,0.17139512063801035,3,4,-0.06525250449101183,-0.015175328496563889,-0.059693474601737094,-0.11699612044927532,-0.12760824814753713,-0.08530916001626698,3,-0.13243469079549744,0.0027353763624671235,-0.16674090975081582,-0.015564911299226214,-0.35502849885859683,-0.025474975836636826,1,0.025128827480471367,0.04479529404846083,0.039078521741729245,0.027785449870265655,0.02625671146228581,0.2621636665081084,4,-0.045142779495054484,-0.01615202668707738,-0.03920196120262287,-0.012270868478603258,-0.05388771430513972,0.014738644125922296,1,0.020931139362322104,0.03541509288222666,0.06504343595778543,-0.004184156630465674,-0.013297662485434644,0.04028464586282032,4,-0.01122958944124175,0.039536426561559423,-0.013801626972139344,0.047203066521045445,0.03415377264675464,0.04721843301537243,2,False
random_2026091698,random,2026091698,0.497,0.5005,0.01805607650289312,0.495,0.16971030322095612,0.17112378142337548,4,3,-0.007994328557266636,-0.05665642710934171,-0.0026708506002763124,-0.12026424921866008,-0.03549272442581649,-0.008662172957407677,3,-0.07517651486175225,-0.0387457222503107,-0.10971828574935505,-0.018833040068610973,-0.2629129751368762,0.05117201122222248,0,0.061478495476861385,0.056373803203824124,0.058485487339497245,0.05160332213045571,0.12179993478751612,0.1158602547919052,5,-0.008793111498664463,-0.004573517531714089,-0.01979499560485487,0.011547003781586795,0.041655509020090596,-0.1315647675902809,1,0.01866490984064791,-0.02125789478285567,0.04797563720157586,-0.03702620821158242,-0.0077983767175146546,0.04491879834423451,4,-0.013495818962915943,-0.017136561103522907,-0.030869425728348904,0.014361014939928696,0.039653058414674626,0.05185258549678662,3,False
random_2026091699,random,2026091699,0.497,0.5005,0.018601263403892516,0.493,0.16953772505462986,0.17084999712406232,4,3,0.058153884950706836,0.008829304336144261,0.09656033039771213,0.0011827411047882208,0.22381554859461825,0.04973883597589879,6,-0.009028301353778781,0.026740009195175274,-0.010487104751366605,0.10261395025483733,-0.0036047021164414828,0.10957302015552894,3,0.034659803975325976,0.018887935716860316,0.04198290709551503,0.03527924790985848,0.05280220952263529,0.0023465508657505296,4,-0.03561180300019987,-0.0420593850186779,-0.03629757584883708,-0.0047770704390104335,-0.027342216244790236,-0.24507847151643558,1,0.01888321859949092,0.008392827805081549,0.028280161265562914,-0.006286799316851388,0.012447294867516204,-0.06909411875709037,4,-0.013277510204072937,0.01251416148441431,-0.05056490166436186,0.04510042383465973,0.05989872999970549,-0.062160331604538266,2,False
random_2026091700,random,2026091700,0.497,0.5005,0.018599179031560196,0.493,0.16990349943560432,0.17170261174113935,4,4,-0.038378525366778805,-0.0643674799715721,-0.0702377872749312,-0.15747299885312538,-0.03119156849137698,-0.10875881418847544,3,-0.10556071167126442,-0.04645677511254109,-0.17728522242400993,-0.05604178970307627,-0.2586118192024367,-0.04892463000884528,2,0.036100022635496276,0.05244805521348317,0.05259416592130287,0.022092745926727275,0.05304398430260593,0.15717947417341338,5,-0.03417158434002957,-0.008499265522055044,-0.025686317023049243,-0.017963572422141638,-0.027100441464819602,-0.09024554820877273,1,0.03122388425137133,0.05104177256739506,0.06814778198675857,-0.01697300275401159,-0.03145716720677205,0.03399787921899433,5,-0.0009368445521925247,0.05516310624672782,-0.010697280943166207,0.03441422039749953,0.015994267925417232,0.04093166637154644,3,True
random_2026091701,random,2026091701,0.497,0.5005,0.018410561536671595,0.493,0.16969052277700394,0.17118264435209857,5,3,0.048573284179638986,-0.05652448408239308,0.054621881349429614,-0.05358745825813083,0.2290057302725662,-0.1483149366316272,4,-0.018608902124846633,-0.038613779223362066,-0.05242555379964912,0.04784375089191828,0.0015854795615064903,-0.08848075245199705,2,0.059620476728624215,0.011474253516119415,0.042688312378489725,-0.007835552336610263,0.07618712411381161,0.09977118700202348,5,-0.010651130246901638,-0.0494730672194188,-0.03559217056586239,-0.047891870685479176,-0.003957301653613928,-0.14765383538016263,3,0.011375084923881859,-0.00047452928194080535,0.030135946261114488,-0.04182290279114986,-0.02911659906293662,-0.026750462070262992,4,-0.020785643879681997,0.003646804397391956,-0.04870911666881028,0.009564320360361256,0.018334836069252663,-0.019816674917710886,2,False
random_2026091702,random,2026091702,0.497,0.5005,0.01874522076151334,0.495,0.16996648539399029,0.17126326458546584,5,5,0.054076798619988785,-0.09889026122025801,0.07226906031755909,-0.11545635108256569,0.24997443453168566,-0.1343426296541439,4,-0.013105387684496836,-0.080979556361227,-0.03477837483151965,-0.014025141932516583,0.022554183820625944,-0.07450844547451374,1,0.04082808941474799,0.057468607433902585,0.033669853274017246,0.07304140483170851,0.05673208845734338,0.18027534657926725,4,-0.02944351756077786,-0.0034787133016356275,-0.04461062967033488,0.0329850864828396,-0.02341233731008215,-0.06714967580291886,2,0.02830747782354287,-0.01862311346670087,0.05571857744282871,-0.05805632736580191,-0.0006751597454927408,-0.04883961720004715,5,-0.0038532509800209835,-0.014501779787368108,-0.02312648548709606,-0.006669104214290789,0.04677627538669654,-0.04190583004749504,4,True
random_2026091703,random,2026091703,0.497,0.5005,0.017380486876238138,0.493,0.16965960762710894,0.1714753852775757,4,3,0.0639725673982211,-0.03949577066790222,0.05583417759655688,-0.07288995225223083,0.253829363559796,0.049261947017043006,6,-0.0032096189062645144,-0.021585065808871207,-0.05121325755252185,0.02854125689781828,0.0264091128487363,0.10909613119667316,2,0.044957420122638626,0.03657689069169745,0.061331570390556665,-0.00634395934479004,0.01283406064602847,0.17935011155362224,5,-0.02531418685288722,-0.024370430043840763,-0.016948912553795454,-0.04640027769365895,-0.06731036512139706,-0.06807491082856387,1,0.005775657555371257,-0.014508849494110354,-0.001524659599734061,-0.05809637836637904,-0.0030999115013146303,0.01198619357415942,4,-0.026385071248192598,-0.010387515814777593,-0.08036972252965884,-0.006709155214867923,0.044351523630874655,0.018919980726711527,1,False
random_2026091704,random,2026091704,0.497,0.5005,0.018208943316247315,0.496,0.1704581058608892,0.17111849713267777,5,4,-0.019780514398102616,-0.02650741000838064,-0.07819210079721232,-0.09128689381282529,0.13003967153732052,-0.03020254193408789,4,-0.08696270070258823,-0.008596705149349626,-0.18523953594629106,0.01014431533722382,-0.09738057917373921,0.029631642245542267,2,0.029831092307145795,0.09688162633915698,0.03425423822908299,0.013609075361364908,0.054307354732756795,0.1379360591531542,4,-0.040440514668380056,0.035934305603618766,-0.044026244715269135,-0.026447242987504005,-0.02583707103466874,-0.1094889632290319,1,0.020416189319974003,0.0015032103492851334,0.03892047983966862,-0.028825107716445864,0.0031423904423987423,-0.00438691261841484,4,-0.011744539483589852,0.005624544028617895,-0.03992458309025615,0.022562115435065255,0.050593825574588025,0.0025468745341372667,2,True
random_2026091705,random,2026091705,0.497,0.5005,0.017892838927917182,0.492,0.16957093460779288,0.17117587234584788,4,5,0.001879606917209083,0.016116642069796683,0.0708417247349898,0.006496866529237533,-0.011505627167122482,0.1085708652298123,3,-0.06530257938727653,0.034027346928827695,-0.03620571041408893,0.10792807567928664,-0.2389258778781822,0.16840504940944245,0,0.041917851360937876,0.009057966845577026,0.06568393723467662,0.050217587939638264,0.10132287195908825,0.09012952653040252,5,-0.028353755614587972,-0.05188935388996119,-0.0125965457096755,0.01016126959076935,0.02117844619166272,-0.1572954958517836,2,0.002846341660300844,0.008652641623299595,0.018343036007016183,-0.026512387915189617,-0.02165744741710468,0.01662985045099985,3,-0.02931438714326301,0.012773975302632357,-0.06050202692290859,0.024874835236321502,0.025793987715084604,0.023563637603551957,1,True
random_2026091706,random,2026091706,0.497,0.5005,0.0182408716424834,0.491,0.16963556255889126,0.17121984964545603,4,5,0.014057169037151596,0.017712376468298485,0.05634731978196861,-0.002569069053426354,-0.011258356098377739,0.04563696161077324,4,-0.05312501726733402,0.0356230813273295,-0.05070011536711013,0.09886214009662275,-0.23867860680943745,0.1054711457904034,0,0.017212127426421975,0.03617694843845998,0.04359668186330231,-0.00670459454147343,0.017458483577561152,0.12209873888062717,4,-0.05305947954910387,-0.024770372297078236,-0.03468380108104981,-0.04676091289034234,-0.06268594218986438,-0.12532628350155894,0,0.03552545718853208,0.009805659809802858,0.05960672957142088,0.0063386269009868546,-0.030743295059801796,0.01124164794102378,5,0.003364728384968226,0.01392699348913562,-0.01923833335850389,0.05772585005249797,0.016708140072387485,0.018175435093575887,3,True
random_2026091707,random,2026091707,0.497,0.5005,0.018712391223525627,0.494,0.1702591810117883,0.17133286981538792,4,3,-0.0340206767013305,-0.007875247931188323,-0.09802467255641267,-0.0768556846373114,0.09118633144246657,-0.07515117601856747,3,-0.10120286300581612,0.01003545692784269,-0.20507210770549142,0.0245755245127377,-0.13623391926859316,-0.01531699183893731,1,0.05838405899863582,0.0463915384767144,0.05712711541599284,0.07172600666204287,0.06409709324107504,0.2732605237908303,5,-0.01188754797689003,-0.014555782258823813,-0.02115336752835928,0.03166968831317396,-0.01604733252635049,0.025835501408644213,2,0.018041587951727705,-0.010394815375927569,0.023823407941289676,0.003901525674437911,0.0007960803143229148,0.041762451401999856,5,-0.01411914085183615,-0.006273481696594807,-0.055021654988635094,0.05528874882594903,0.0482475154465122,0.04869623855455196,2,False
random_2026091708,random,2026091708,0.497,0.5005,0.018770732240518555,0.491,0.16987846814101795,0.17106965049468273,4,3,-0.04027712239174919,0.01492423402418841,-0.08255593511726038,-0.11324916369799265,0.13630271860229728,0.08141611341220267,4,-0.10745930869623481,0.03283493888321942,-0.1896033702663391,-0.011817954547943543,-0.09111753210876243,0.14125029759183283,2,0.024974592733385353,0.054511611629870504,0.037040316113125714,0.005077796201635731,0.03444948554764774,0.06688285136938754,4,-0.0452970142421405,-0.0064357091056677085,-0.04124016683122641,-0.03497852214723318,-0.04569494021977779,-0.18054217101279857,1,0.022098551059685872,0.0028700362071809593,0.043198417744053086,-0.0017699701511386667,-0.026497790125145266,-0.05444816509233008,5,-0.010062177743877984,0.006991369886513721,-0.035646645185871684,0.04961725300037245,0.020953645007044015,-0.047514377939777974,2,False
random_2026091709,random,2026091709,0.497,0.5005,0.01763980058976449,0.492,0.16967412800077,0.17143318213924066,4,3,0.03806648669011925,0.0007283679518244046,0.08800295789478756,-0.017448826790744665,0.06662434578246779,-0.20994559706660754,4,-0.02911569961436637,0.018639072810855417,-0.019044477254291186,0.08398238235930444,-0.16079590492859194,-0.15011141288697738,2,0.03222821908467899,0.05057808741563141,0.028607015877429864,0.03864600096763482,0.07365807827023063,0.24759772660759571,5,-0.03804338789084686,-0.010369233319906801,-0.04967346706692225,-0.0014103173812340941,-0.0064863474971949,0.0001727042254096034,3,0.025996925435775586,-0.002283644348302638,0.027733749941220392,-0.025803301542237644,0.016679433672264304,-0.03429805251256579,5,-0.0061638033677882675,0.0018376893310301234,-0.05111131298870438,0.025583921609273474,0.06413086880445358,-0.027364265360013684,5,False
random_2026091710,random,2026091710,0.497,0.5005,0.017816414912464097,0.493,0.17016716416191777,0.1712765438780043,4,4,-0.012207950900223566,-0.011511869111313633,0.05175601991809405,-0.07185316947763143,-0.01367976701745118,-0.0005668450115348111,3,-0.07939013720470918,0.00639883574771738,-0.055291415230984686,0.029578039672417678,-0.2411000177285109,0.059267339168095345,0,0.041670281254406936,0.10193834127066315,0.01906015731843458,0.09237163389437253,0.042779451177276294,0.1777231576899685,4,-0.028601325721118915,0.040991020535124933,-0.05922032562591754,0.052315315545503616,-0.03736497459014924,-0.06970186469221762,2,0.015734225836879407,0.024986580109903622,0.01965204496008806,-0.004806157809772449,0.012514993581110948,0.08287152145775023,5,-0.016426502966684447,0.029107913789236384,-0.059193017969836705,0.04658106534173867,0.059966428713300234,0.08980530861030234,2,True
random_2026091711,random,2026091711,0.497,0.5005,0.018516207995824516,0.494,0.1695913940476603,0.1713581791312463,4,3,-0.024541108695571207,0.018736622340576048,-0.043741057652587255,-0.06924141869250056,-0.07065715532486212,0.10609290895804424,3,-0.09172329500005683,0.03664732719960706,-0.15078849280166598,0.03218979045754855,-0.29807740603592187,0.1659270931376744,1,0.027537291925588032,0.02697691257839696,0.06058541792612152,0.025890296547115277,0.038446161554574663,0.24358183044108084,5,-0.04273431504993782,-0.03397040815714125,-0.017695065018230594,-0.014166021801753637,-0.04169826421285087,-0.003843191941105273,1,0.004351292423738588,0.016588166351713673,0.024953719959159664,-0.029063382215244182,-0.056011692839453654,-0.03117419208346628,3,-0.027809436379825265,0.020709500031046435,-0.05389134297076511,0.022323840936266937,-0.008560257707264374,-0.024240404930914172,1,False
random_2026091712,random,2026091712,0.497,0.5005,0.01820648975390941,0.494,0.1700144601109496,0.1710986597318697,5,3,0.03084771649626561,0.0031722205429574046,0.08197018955764708,-0.04693450789138298,0.019612666246936656,0.05388713635345321,3,-0.036334469808220006,0.021082925401988417,-0.02507724559143165,0.054496701258666125,-0.20780758446412306,0.11372132053308337,2,0.056058882113816745,-0.004004095350590431,0.07168255951267948,-0.01956983965740733,0.04083439650243529,0.13819647225732923,4,-0.014212724861709103,-0.06495141608612864,-0.006597923431672648,-0.05962615800627624,-0.03931002926499024,-0.10922855012485688,2,0.025168415881022626,-0.005542320194917849,0.05900788514407821,-0.0046787328962183405,-0.03641865940609279,0.04366217587092325,5,-0.006992312922541229,-0.0014209865155850876,-0.019837177785846555,0.04670849025529278,0.011032775726096492,0.050595963023475354,3,False
random_2026091713,random,2026091713,0.497,0.5005,0.01850164953037165,0.494,0.16996672820468667,0.17148963810324008,3,4,0.04425883639217291,-0.04986636157150448,0.12175175137297267,-0.10562521478342246,-0.037576661610465766,-0.17222506915025582,5,-0.022923349912312707,-0.03195565671247347,0.014704316223893935,-0.004194005633373354,-0.2649969123215255,-0.11239088497062566,2,0.02997399073082126,0.08308880348253389,0.029438274861988873,0.06966775361318955,0.006881902054654369,0.3099747029894795,5,-0.04029761624470459,0.022141482746995678,-0.048842208082363246,0.02961143526432064,-0.07326252371277116,0.06254968060729338,0,0.009851537201631863,-0.01677769482905378,0.02996545344155499,-0.01177195539689424,-0.009008806489143225,-0.026102322061422045,3,-0.022309191601931993,-0.012656361149721018,-0.04887960948836978,0.03961526775461688,0.03844262864304606,-0.01916853490886994,2,False
random_2026091714,random,2026091714,0.497,0.5005,0.018263053368544207,0.493,0.16945202600493212,0.1713067825341277,4,5,0.026409617179750284,-0.007523026377126429,0.08385965844186123,0.037995839731330694,0.040870583775066506,-0.12984297839424008,4,-0.040772569124735335,0.010387678481904583,-0.0231877767072175,0.1394270488813798,-0.1865496669359932,-0.07000879421460993,1,0.056370578590596764,0.05678336927238403,0.07274517815039072,0.060479337449903525,0.06286105798925246,0.07204410424382357,5,-0.01390102838492909,-0.004163951463154181,-0.005535304793961397,0.020423019101034612,-0.017283367778173075,-0.17538091813836254,1,0.024972695610080142,-0.005372646462251107,0.050395057015795164,-0.05183918788906339,-0.019952278801759853,0.010232359009365588,5,-0.007188033193483712,-0.0012513127829183457,-0.028450005914129606,-0.0004519647375522684,0.02749915633042943,0.017166146161917695,2,True
random_2026091715,random,2026091715,0.497,0.5005,0.018343687180429696,0.494,0.17044644457905087,0.17152405037990925,4,5,-0.030233692829520487,-0.01665766117373013,-0.09272609070844484,-0.09804391929741918,0.14754619186684026,0.004175380613175017,2,-0.09741587913400611,0.0012530436853008808,-0.1997735258575236,0.0033872898526299267,-0.07987405884421946,0.06400956479280517,1,0.033646583390258465,0.08830065077990445,0.036938051309398645,0.08970324150097131,0.04934625260198019,0.11852786066018917,5,-0.03662502358526739,0.027353330044366242,-0.04134243163495347,0.049646923152102396,-0.030798173165445347,-0.12889716172199694,1,0.025096743594964683,0.012114678241664789,0.0673028558284124,-0.03061182263495721,-0.0013954871083942295,0.05498945444927239,5,-0.00706398520859917,0.01623601192099755,-0.011542207101512362,0.02077540051655391,0.046055948023795056,0.0619232416018245,2,True
random_2026091716,random,2026091716,0.497,0.5005,0.017730958756990732,0.494,0.16945729705391568,0.17116660322610308,4,5,-0.02792155343132689,0.06342237246420579,-0.04533703957075308,-0.017729442664715656,0.1049583562339353,0.1432889894217193,2,-0.0951037397358125,0.0813330773232368,-0.15238447471983183,0.08370176648533345,-0.12246189447712441,0.20312317360134946,1,0.0328543645646745,0.07508392083901971,0.03587437726382999,0.09663514550770635,0.06790578056901549,0.14255408192172525,4,-0.03741724241085135,0.0141366001034815,-0.04240610568052213,0.05657882715883744,-0.01223864519841004,-0.10487094046046086,1,0.0219798918303038,-0.019386966455220422,0.07180126860664622,-0.028151134746839945,-0.04454515883243332,0.0013186586677982337,4,-0.010180836973260055,-0.015265632775887661,-0.0070437943232785445,0.023236088404671174,0.0029062762997559646,0.00825244582035034,1,True
random_2026091717,random,2026091717,0.497,0.5005,0.01837497178162448,0.492,0.1697394850392593,0.17090528444841524,4,5,-0.005108352705156712,-0.07654437810682979,-0.016173930830750322,-0.08939966614215367,0.1720592679493288,-0.01989202326356798,4,-0.07229053900964233,-0.05863367324779878,-0.12322136597982906,0.01203154300789544,-0.055360982761730924,0.039942160916062175,3,0.06622948197970897,0.030201847378569235,0.09340189415080746,0.010653211858213663,0.11609289579498545,0.12477199108689163,5,-0.004042124995816872,-0.030745473356968978,0.015121411206455345,-0.02940310649065525,0.03594847002755993,-0.12265303129529448,2,0.02431193906322811,0.04837628267942151,0.040376170857422955,-0.003088034382431326,-0.009258784741481008,0.07378382670133465,3,-0.00784878974033574,0.05249761635875427,-0.038468892072501815,0.04829918876907979,0.03819265039070827,0.08071761385388676,2,True
random_2026091718,random,2026091718,0.497,0.5005,0.018305841728579252,0.493,0.16986738236874224,0.17139412937358428,5,3,0.0015521979317774843,0.04838780526261188,0.017019330161871515,-0.0485095244603162,0.14603777723362818,0.01137834549453376,3,-0.06562998837270813,0.0662985101216429,-0.09002810498720722,0.052921684689732906,-0.08138247347743155,0.07121252967416392,0,0.033987797278634914,0.0818946307614754,0.054905349423302795,0.04753347010826303,0.009641375793584261,0.23172148351420785,3,-0.036283809696890934,0.020947310025937194,-0.023375133521049325,0.007477151759394118,-0.07050304997384127,-0.01570353886797826,2,0.019588853822070002,0.005961266749285321,0.061122770400072,-0.025466174643501427,-0.046774775138655,0.05690926040844424,4,-0.01257187498149385,0.010082600428618083,-0.017722292529852763,0.025921048508009692,0.0006766599935342787,0.06384304756099635,2,False
random_2026091719,random,2026091719,0.497,0.5005,0.01829084123414941,0.492,0.16938217626800178,0.1711138244522299,4,2,-0.004751945862276526,-0.05637278879556673,0.035700882333748275,-0.021004289338522053,0.1219917610504014,-0.15267867305012173,3,-0.07193413216676214,-0.03846208393653572,-0.07134655281533046,0.08042691981152705,-0.10542848966065832,-0.09284448887049157,1,0.03298531053959516,0.06936218485383283,0.04553286876103716,0.11706361576502289,0.019136025388126015,0.17082930873737467,5,-0.0372862964359307,0.008414864118294618,-0.032747614183314955,0.07700729741615397,-0.06100840037929952,-0.07659571364481144,2,0.005788417286195502,-0.0018294873669610912,0.011699310541250322,-0.020125660307557247,0.00860597980872809,-0.06445512717859758,4,-0.026372311517368352,0.0022918463123716704,-0.06714575238867444,0.03126156284395387,0.05605741494091737,-0.057521340026045475,2,False
random_2026091720,random,2026091720,0.497,0.5005,0.01840217386232689,0.496,0.1701376527418033,0.17124310022231173,4,3,0.006960531831286716,-0.026963772878857428,0.031115444137591597,-0.15563902252790918,0.05903980298814874,0.05478450388891609,3,-0.0602216544731989,-0.009053068019826416,-0.07593199101148713,-0.05420781337786007,-0.16838044772291097,0.11461868806854625,1,0.03168478236261022,0.041091213262334225,0.03152482695136979,0.0358667736179874,0.06266871813604413,0.15480619695014686,5,-0.03858682461291563,-0.019856107473203988,-0.046755655992982335,-0.0041895447308815115,-0.0174757076313814,-0.09261882543203925,2,0.01206230411099768,0.0006456151526834653,0.01404557525622833,0.016747597570265782,-0.026789469336044314,0.03580557921935568,4,-0.020098424692566175,0.004766948832016227,-0.06479948767369643,0.0681348207217769,0.02066196579614497,0.04273936637190778,1,False
random_2026091721,random,2026091721,0.497,0.5005,0.018244665800826624,0.495,0.17032839070100453,0.17124327912353812,4,3,0.02807491989708366,-0.03916650985138492,0.08851912483377837,0.03542157219906805,0.013812947277414,-0.11389935144360819,4,-0.039107266407401954,-0.02125580499235391,-0.018528310315300372,0.13685278134911716,-0.21360730343364573,-0.05406516726397803,1,0.045877481497977324,0.017100550068921416,0.058681348881421215,0.02680492013107383,0.05190886385607052,0.13720506043154446,5,-0.024394125477548528,-0.0438467706666168,-0.0195991340629309,-0.013251398217795085,-0.02823556191135501,-0.11021996195064165,2,0.011635309566770946,-0.03274825061398423,0.039318454840777305,-0.010348780290664328,0.0017332833260376896,-0.02674394344945319,4,-0.020525419236792908,-0.02862691693465147,-0.039526608089147465,0.04103844286084679,0.04918471845822697,-0.019810156296901082,1,False
random_2026091722,random,2026091722,0.497,0.5005,0.01799521395564079,0.493,0.16964036349894013,0.17113867414410924,4,4,0.015111571052936479,0.029679926312081717,0.030435584590380687,0.0035000006410212947,0.23076408575999816,0.027281449925420365,4,-0.052070615251549136,0.04759063117111273,-0.07661185055869806,0.1049312097910704,0.003343835048938426,0.08711563410505052,1,0.056323992555015745,-0.0018671317448648583,0.036859319395449175,-0.018096311817794586,0.054088152407638646,0.1263672861129994,5,-0.013947614420510105,-0.06281445248040307,-0.04142116354890294,-0.0581526301666635,-0.026056273359786886,-0.1210577362691867,2,-0.00018508059681602665,0.026904226134760734,0.002370988392529546,0.01812207664260712,-0.03783636068962065,-0.006272724282208042,4,-0.03234580940037988,0.031025559814093495,-0.07647407453739523,0.06950929979411824,0.00961507444256863,0.0006610628703440646,1,False
random_2026091723,random,2026091723,0.497,0.5005,0.01777667907066643,0.493,0.16961233500789968,0.1713230730200206,5,4,0.0365799195437481,-0.0676684662924032,0.03861605194898458,-0.19095115957452613,0.029363069252685836,-0.23443293227471962,5,-0.030602266760737518,-0.04975776143337218,-0.06843138320009416,-0.08951995042447702,-0.1980571814583739,-0.17459874809508946,2,0.05999576426171105,0.05007330018131362,0.09248059751072828,-0.004342777780219631,0.046460796174413455,0.16251544281530306,6,-0.010275842713814801,-0.010874020554224595,0.014200114566376154,-0.044399096129088544,-0.03368362959301208,-0.08490957956688305,3,0.0035925840992911038,-0.01853599251992466,0.02773201059303269,-0.05742538982552725,-0.04298586526109288,0.026665525883262653,3,-0.02856814470427275,-0.014414658840591899,-0.05111305233689208,-0.006038166674016132,0.004465569871096402,0.03359931303581476,1,True
random_2026091724,random,2026091724,0.497,0.5005,0.018012658341322093,0.495,0.17022142451119726,0.1710366145993321,4,4,0.011870932558928163,-0.02941050129212086,-0.007182365289023125,-0.09229779013032458,0.019261663816766417,-0.01583269871355819,4,-0.055311253745557454,-0.011499796433089848,-0.11422980043810187,0.009133419019724531,-0.2081585868942933,0.044001485466071966,1,0.044623990417891335,0.055035870212916116,0.00909866647176294,0.054419895187385325,0.021545409125272214,0.19402262893651323,4,-0.025647616557634517,-0.005911450522622097,-0.06918181647258918,0.014363576838516412,-0.05859901664215331,-0.05340239344567288,1,0.03511211033867858,-0.030590360738549927,0.059962887015708545,-0.019136621619536553,0.00928016304112452,-0.008427338982053278,5,0.002951381535114724,-0.026469027059217165,-0.01888217591421622,0.032250601531974565,0.0567315981733138,-0.0014935518295011718,2,True
random_2026091725,random,2026091725,0.497,0.5005,0.017768755558645353,0.494,0.1697125759026967,0.17119222348308055,4,4,0.020480286174779743,-0.02266922738656807,0.0024220475436061615,-0.1367833706626409,0.21133728230165275,-0.16693200356617255,3,-0.046701900129705876,-0.004758522527537057,-0.10462538760547258,-0.035352161512591795,-0.016082968409406966,-0.10709781938654239,1,0.04740064780869765,0.031214206432272906,0.055232224138975404,-0.010421249711789482,0.05276395834802883,0.11543443381301643,5,-0.022870959166828204,-0.029733114303265307,-0.023048258805376715,-0.050477568060658395,-0.027380467419396703,-0.13199058856916968,1,0.030809541678174696,-0.06310739906630336,0.05045610318403319,-0.07067802984239147,0.013759586912245417,-0.04469539317921156,4,-0.0013511871253891565,-0.0589860653869706,-0.02838895974589158,-0.019290806690880347,0.0612110220444347,-0.037761606026659456,2,True
random_2026091726,random,2026091726,0.497,0.5005,0.018186646790709346,0.492,0.1696309960859362,0.1712327672233902,4,3,0.03206432565643347,-0.008351232614184356,0.03027391484801874,-0.09698272419582654,0.034692384346403836,-0.04275381677726342,4,-0.03511786064805215,0.009559472244846656,-0.07677352030106,0.004448484954222565,-0.1927278663646559,0.017080367402366736,0,0.03311772159615608,0.07695527582557427,0.018180590738646012,0.03727687427447224,0.07164629595287168,0.22133507155460141,4,-0.037153885379369776,0.016007955090036052,-0.06009989220570611,-0.0027794440743966753,-0.008498129814553853,-0.026089950827584696,1,-0.0031711461438950947,0.04466616384833366,0.022025443204693834,0.0030688121700706006,-0.03424921069779402,0.03400030161052614,2,-0.03533187494745895,0.048787497527666424,-0.05681961972523094,0.05445603532158172,0.013202224434395263,0.04093408876307825,1,False
random_2026091727,random,2026091727,0.497,0.5005,0.018201471384847536,0.496,0.1702315187298227,0.171291947176549,4,4,0.042525357388184526,-0.051844787798144276,0.06527671713218626,-0.08097431792007947,0.19498189961921855,-0.04791324328049518,4,-0.024656828916301093,-0.033934082939113264,-0.04177071801689247,0.02045689122996963,-0.03243835109184116,0.01192094089913498,3,0.0462437492327078,0.058754509190944715,0.08873382181229239,0.05652771696484926,0.0705346274294194,0.0458735655771314,5,-0.024027857742818053,-0.002192811544593498,0.010453338867940273,0.01647139861598035,-0.009609798338006126,-0.2015514568050547,1,0.03440562653193174,-0.007212542544099421,0.06315644519771142,-0.050279885324333584,0.005494630723956728,-0.03341315998406924,4,0.0022448977283678895,-0.003091208864766659,-0.015688617732213344,0.0011073378271775347,0.05294606585614601,-0.026479372831517134,2,True
random_2026091728,random,2026091728,0.497,0.5005,0.017635723283980043,0.494,0.1702851696993457,0.1711373347928408,5,4,-0.026925143516403256,0.06339824728648913,-0.0650350477053363,-0.0106027991608304,0.12231286997003894,-0.05024395951012672,5,-0.09410732982088887,0.08130895214552014,-0.17208248285441505,0.0908284099892187,-0.10510738074102077,0.009590224669503433,3,0.030319532461092757,0.08321826619686057,0.0350190373760606,0.05198527251787377,0.038541350742106927,0.27100694584242246,5,-0.03995207451443309,0.022270945461322356,-0.043261445568291514,0.011928954169004857,-0.041603075025318605,0.023581923460236354,2,0.028680654316772896,-0.007015940186477776,0.07038181360712603,-0.02314110893920085,-0.02784569671768396,-0.011264613695544101,5,-0.003480074486790959,-0.0028946065071450144,-0.008463249322798738,0.02824611421231027,0.01960573841450532,-0.0043308265429919945,2,True
random_2026091729,random,2026091729,0.497,0.5005,0.01944625655678101,0.495,0.16983495630076503,0.17088914564200483,4,5,0.040420334560608194,0.007717234877280266,0.02055018178481934,-0.049901062409352104,0.21289738066696817,-0.06648029407160805,5,-0.026761851743877425,0.025627939736311278,-0.0864972533642594,0.051530146740697,-0.014522870044091548,-0.006646109891977892,4,0.056124136067946716,0.07116444415615208,0.07548770846404669,-0.004225839918681196,0.10199682768663176,0.20747761598965964,5,-0.014147470907579137,0.010217123420613872,-0.002792774480305423,-0.04428215826755011,0.021852401919206232,-0.039947406392526474,1,0.018907884729106594,0.027280552743286224,0.05768448341723446,-0.0013162483743667241,-0.023473954541336956,0.1170307385015612,4,-0.01325284407445726,0.031401886422618985,-0.02116057951269031,0.050070974777144395,0.023977480590852324,0.12396452565411331,2,True
random_2026091730,random,2026091730,0.497,0.5005,0.017801090056309476,0.495,0.17054737670082248,0.17102473472172278,4,4,-0.003919928791680054,-0.026398408278144325,-0.02473246103830336,-0.020238838806885262,0.012708303893673353,-0.08914404895623007,3,-0.07110211509616567,-0.008487703419113313,-0.1317798961873821,0.08119237034316384,-0.21471194681738637,-0.029309864776599914,1,0.0344881535649183,0.04426604546615143,0.026452398687859535,0.08308621602084454,0.06366762668967481,0.05774241243081124,5,-0.03578345341060755,-0.016681275269386786,-0.05182808425649258,0.043029897671975625,-0.01647679907775072,-0.18968260995137487,1,0.02536463792333447,-0.03193048341998128,0.06933456747642656,-0.02203993656837433,-0.00817115120409819,-0.019456572661075144,5,-0.0067960908802293845,-0.02780914974064852,-0.00951049545349821,0.02934728658313679,0.039280283928091096,-0.012522785508523038,2,True
random_2026091731,random,2026091731,0.497,0.5005,0.01804530709888786,0.494,0.17037605096079642,0.1713863798758539,3,2,0.013938492273930328,-0.0004919740633213543,0.019874091944899197,-0.06505879577141105,0.1564827649495254,-0.045420092411802004,3,-0.05324369403055529,0.017418730795709658,-0.08717334320417953,0.03637241337863806,-0.07093748576153432,0.014414091767828152,1,0.026330227978874077,-0.03990791798165749,0.055707177247793505,-0.0332220252499682,0.0410973741171633,0.00855458428395961,5,-0.04394137899665177,-0.1008552387171957,-0.022573305696558615,-0.07327834359883711,-0.03904705165026223,-0.2388704380982265,3,0.020407151146996833,0.013853911414332676,0.03764706842323088,-0.027382436814182842,-0.0064057683258044356,0.022913671814445147,4,-0.011753577656567019,0.017975245093665437,-0.04119799450669389,0.024004786337328277,0.04104566680638485,0.029847458966997253,1,False
random_2026091732,random,2026091732,0.497,0.5005,0.018164060177048667,0.492,0.17008085632298026,0.17111392434678177,4,3,0.013590608571940424,-0.028843274534606778,0.040764564168790006,-0.04721620901435575,0.021245813010464798,-0.08276801009191037,4,-0.05359157773254519,-0.010932569675575765,-0.06628287098028873,0.05421500013569336,-0.20617443770059493,-0.022933825912280215,1,0.050499790515792786,0.08425229547963653,0.039241697838578636,0.05904404474064151,0.060879265663163484,0.13567067601820693,5,-0.019771816459733065,0.023304974744098317,-0.03903878510577349,0.018987726391772597,-0.019265160104262047,-0.11175434636397918,1,0.008321862166531246,-0.05352838253069592,0.05700855333920415,-0.05209608545261868,-0.047183744373471836,-0.03294792555557646,3,-0.023838866637032607,-0.049407048851363156,-0.021836509590720626,-0.0007088623011075601,0.00026769075871744635,-0.026014138403024356,2,False
random_2026091733,random,2026091733,0.497,0.5005,0.01786942081549205,0.493,0.16985386606073008,0.17135092082146244,4,4,0.05368154512190396,-0.10888521645021632,0.08039611619187019,-0.17225942435222796,0.2365565388276434,-0.19505685304078146,5,-0.013500641182581652,-0.0909745115911853,-0.026651318957208552,-0.07082821520217886,0.009136288116583699,-0.1352226688611513,3,0.02716027175282872,0.09135476108053098,0.01601072493149225,0.03839327537312753,0.02351430960881029,0.23056074783520675,5,-0.04311133522269713,0.030407440344992764,-0.06226975801285987,-0.00166304297574138,-0.05663011615861524,-0.016864274546979363,0,0.021420232420014024,-5.5370050516811986e-05,0.054738241931308794,-0.006858383056740358,-0.0151773610375767,0.03563180039928282,4,-0.010740496383549828,0.0040659636288159495,-0.02410682099861598,0.04452884009477076,0.03227407409461258,0.04256558755183493,1,False
random_2026091734,random,2026091734,0.497,0.5005,0.018331410644110292,0.496,0.16995655649903346,0.17137736111056195,4,3,-0.0018842997145616474,0.027368880606770674,0.0560871705457211,0.0194513864938628,-0.036091329628529234,0.12029580707100251,2,-0.06906648601904726,0.045279585465801686,-0.05096026460335764,0.1208825956439119,-0.26351158033958894,0.18012999125063267,0,0.025187758329466476,0.04609142596458393,0.030455855018522254,0.027126832940183032,-0.017873087300421253,0.14395526393132796,4,-0.045083848646059375,-0.014855894770954281,-0.047824627925829866,-0.012929485408685881,-0.09801751306784678,-0.10346975845085815,1,0.028044354355870327,-0.0006033253383413983,0.07715447989939395,-0.009851132720439804,-0.032995467085789966,-0.0729529240495963,4,-0.004116374447693527,0.003518008340991363,-0.0016905830305308234,0.041536090431071315,0.014455968046399315,-0.0660191368970442,3,False
random_2026091735,random,2026091735,0.497,0.5005,0.01816002143966034,0.494,0.17019212885969318,0.17116629132439265,4,4,0.037102239253740864,0.0039522336567232585,0.05856310668910236,-0.08417740757254988,0.14730885963778473,0.03899758383735241,3,-0.030079947050744755,0.02186293851575427,-0.04848432845997638,0.017253801577499228,-0.08011139107327499,0.09883176801698257,2,0.052754053359938914,0.01951947980345925,0.07589772590721651,-0.007911149851014265,0.05204600124156707,0.05168223574529285,6,-0.017517553615586934,-0.04142784093207896,-0.002382757037135604,-0.04796746819988318,-0.02809842452585846,-0.19574278663689326,1,0.02474420400983927,-0.01181949778496505,0.055737223041598304,-0.024788519500046347,-0.01630795828688007,0.02242615527554004,5,-0.007416524793724584,-0.007698164105632288,-0.02310783988832647,0.026598703651464772,0.031143476845309215,0.029359942428092145,3,True
random_2026091736,random,2026091736,0.497,0.5005,0.018351572474464773,0.494,0.17008778167684796,0.171435214531671,4,5,-0.016195673115917037,0.0338080111458805,0.0338213066102655,0.00952682536116134,-0.06764903074692741,0.16114561865084864,2,-0.08337785942040266,0.051718716004911514,-0.07322612853881323,0.11095803451121045,-0.2950692814579871,0.2209798028304788,1,0.055534557175943945,0.06819752056961836,0.04743027845173035,0.08060993110048376,0.08334808608046196,0.026282550297557217,5,-0.014737049799581903,0.007250199834080151,-0.03085020449262177,0.04055361275161484,0.003203660313036427,-0.2211424720846289,2,0.03776414774007466,-0.03033155217813388,0.07003605358642251,-0.04200699451326617,-0.0060972381890548695,-0.031107481562109296,5,0.005603418936510803,-0.02621021849880112,-0.008809009343502261,0.009380228638244947,0.041354196943134414,-0.02417369440955719,3,True
random_2026091737,random,2026091737,0.497,0.5005,0.01885182500933297,0.495,0.17096942112315447,0.1711887444316332,5,3,0.006490617710541713,-0.05675081348228139,0.004692104214848447,-0.1116025916151786,-0.010261195021766626,0.018676247851284744,3,-0.0606915685939439,-0.03884010862325038,-0.10235533093423028,-0.010171382465129497,-0.23768144573282635,0.0785104320309149,1,0.031215645926796487,0.0059001789577795005,0.04167801435699947,0.01850670880283456,0.019906717600287616,0.04699963802495821,4,-0.03905596104872936,-0.05504714177775871,-0.036602468587352645,-0.021549609546034354,-0.060237708167137916,-0.2004253843572279,1,0.01767246770677568,0.024920991614629795,0.036544655714385955,-0.03584069740878992,-0.07838773447230209,-0.015926278256200854,4,-0.014488261096788172,0.029042325293962556,-0.042300407215538814,0.015546525742721196,-0.03093629934011281,-0.008992491103648748,2,False
random_2026091738,random,2026091738,0.497,0.5005,0.018770670145284385,0.494,0.16963860589262914,0.17116166001401628,4,4,0.021395187200784482,-0.06300059238879552,0.03196761390176402,-0.19806935425159544,0.06109324256305856,-0.10215138269662472,3,-0.04578699910370113,-0.045089887529764505,-0.07507982124731472,-0.09663814510154634,-0.16632700814800117,-0.04231719851699456,0,0.051984583574984,0.06510056154379606,0.040416610483471706,0.02779418778192655,0.10515858612102451,0.14264321885413822,6,-0.018287023400541853,0.004153240808257852,-0.03786387246088041,-0.012262130566942364,0.025014160353598974,-0.10478180352804789,2,0.029025022188961896,0.05273684562058789,0.057871193775856554,-0.02078601508410105,-0.03368071871661891,0.07681199855804621,5,-0.0031357066146019594,0.05685817929992065,-0.02097386915406822,0.03060120806741007,0.013770716415570372,0.08374578571059832,2,True
random_2026091739,random,2026091739,0.497,0.5005,0.018603558550588786,0.496,0.17014556307488238,0.17151343862184634,5,3,-0.0035311102964933707,-0.04427372033373733,-0.00018957956928189468,-0.04760818412313794,-0.011475746748952168,-0.018673162034615887,4,-0.07071329660097898,-0.02636301547470632,-0.10723701471836063,0.053823025026911164,-0.2388959974600119,0.04116102214501427,1,0.061110892935067884,0.013855693287284643,0.06550797020175025,-0.005088752480486569,0.047523597808467787,0.11727701556390469,5,-0.009160714040457965,-0.04709162744825357,-0.012772512742601863,-0.04514507082935548,-0.032620827958957745,-0.13014800681828143,2,0.021265975707566998,-0.021195933021389557,0.06004793020784882,-0.03703855550566404,0.00571199185354504,-0.008471455302883069,4,-0.010894753095996856,-0.017074599342056795,-0.01879713272207595,0.01434866764584708,0.05316342698573432,-0.001537668150330962,2,False
random_2026091740,random,2026091740,0.497,0.5005,0.017810928111430258,0.493,0.1707453605979972,0.17096071632836052,4,3,0.0808748343676317,0.002011936869439346,0.08232648962570588,-0.10070580252206085,0.2945825240805028,0.08651614854584544,6,0.013692648063146073,0.01992264172847036,-0.024720945523372857,0.0007254066279882565,0.06716227336944307,0.1463503327254756,3,0.04533767073420791,0.0665692904873949,0.07553114986723064,0.07677738901750164,0.05360843459371045,0.21971054969817105,5,-0.024933936241317938,0.0056219697518566925,-0.0027493330771214777,0.03672107066863273,-0.02653599117371508,-0.027714472684015057,1,0.0253209866849823,0.0430555721920578,0.06279613605871537,-0.021112081051716247,-0.022149051503162858,0.045892483309339926,4,-0.006839742118581553,0.04717690587139056,-0.0160489268712094,0.03027514209979487,0.025302383629026426,0.05282627046189203,3,False
random_2026091741,random,2026091741,0.497,0.5005,0.01879857205040753,0.495,0.17008980466119827,0.17102183249647593,4,3,-0.03845253777639279,0.012733588082375347,0.010875023442467416,-0.013984230756813876,-0.05679798614956488,0.0034698773411612205,1,-0.10563472408087841,0.03064429294140636,-0.09617241170661132,0.08744697839323523,-0.2842182368606246,0.06330406152079138,0,0.04545822758398044,0.02205928454692141,0.04354399972886965,0.0579346721930496,0.06680779422066074,0.20588026695460004,5,-0.024813379391545414,-0.038888036188616804,-0.03473648321548247,0.017878353844180683,-0.013336631546764788,-0.041544755427586066,1,0.02173917271208331,0.015807230116859916,0.02004220078262268,0.01576301377236855,-0.03076504063732934,0.01238347677571805,5,-0.010421556091480544,0.019928563796192678,-0.05880286214730209,0.06715023692387967,0.01668639449485994,0.019317263928270156,3,False
random_2026091742,random,2026091742,0.497,0.5005,0.018317524374928326,0.495,0.17013950379987364,0.17092972489318345,4,3,0.03132126066226574,0.0583651288848297,0.042572472445614094,-0.028277767636453177,0.2188424457309194,0.05655757267551409,3,-0.035860925642219876,0.07627583374386071,-0.06447496270346464,0.07315344151359593,-0.008577804980140305,0.11639175685514425,2,0.028455201267275448,0.0009836136523444505,0.05093965897683406,-0.010331900784021908,0.04423329303510729,0.12892167763606244,5,-0.041816405708250404,-0.05996370708319376,-0.027340823967518062,-0.05038821913289082,-0.03591113273231824,-0.11850334474612367,2,0.032201170410382784,0.01271322298815325,0.054032334686002215,-0.03348434135150291,0.017144861046536803,-0.014080265696586602,4,4.044160681893061e-05,0.01683455666748601,-0.024812728243922555,0.017902881800008208,0.06459629617872609,-0.007146478544034496,3,False
random_2026091743,random,2026091743,0.497,0.5005,0.017751286945072935,0.494,0.1699405450189952,0.17135868456268993,5,3,-0.017145690051161473,-0.005679537953440228,0.013256750676747068,-0.02939461114208619,-0.10458368906545445,0.10882289958268343,4,-0.08432787635564709,0.012231166905590785,-0.09379068447233167,0.07203659800796292,-0.33200393977651416,0.1686570837623136,1,0.043047320963417644,0.057751985828846664,0.06625651525544914,0.0782868690852645,0.02921263303868697,0.29935294244607946,4,-0.027224286012108207,-0.0031953349066915493,-0.012023967688902978,0.038230550736395585,-0.050931792728738566,0.05192792006389335,1,0.014584826128612172,0.014280547952288947,0.06544574042930407,-0.0338151635060957,-0.0702628010645102,0.08047387936610528,3,-0.017575902674951682,0.018401881631621708,-0.013399322500620703,0.017572059645415417,-0.022811365932320915,0.08740766651865739,3,False
random_2026091744,random,2026091744,0.497,0.5005,0.01801288521150127,0.492,0.16953928751772038,0.17170804241854057,4,5,0.04948397022419929,0.07700339719267646,0.05596343791223387,-0.07426247495536664,0.08224786353191275,0.12530034511276655,4,-0.017698216080286322,0.09491410205170747,-0.05108399723684487,0.027168734194682465,-0.14517238717914696,0.1851345292923967,2,0.05134929541498745,0.002028899932282613,0.05571592681589873,0.0010100652311995084,0.03578778801150336,0.11596088657738202,5,-0.0189223115605384,-0.0589184208032556,-0.02256455612845339,-0.039046253117669405,-0.04435663775592217,-0.1314641358048041,1,0.026771333641133672,0.03503171694285989,0.06144007663111036,-0.009325934230597355,-0.058848496581797215,0.056321754889487874,5,-0.005389395162430181,0.03915305062219265,-0.01740498629881441,0.042061288920913764,-0.011397061449607929,0.06325554204203998,2,True
random_2026091745,random,2026091745,0.497,0.5005,0.0182885782266967,0.492,0.17039495138981148,0.17151755362353774,4,4,-0.05750322177208537,-0.02895078684099217,-0.10707703021675674,-0.03625940668222638,-0.0668211319214194,-0.1165858429785227,3,-0.12468540807657098,-0.011040081981961158,-0.2141244653658355,0.06517180246782273,-0.2942413826324791,-0.056751658798892546,1,0.014833547657449228,0.027255283232580085,0.04616330671526151,0.005799719000076919,-0.0024812445160504737,0.14711454973156957,4,-0.055438059318076625,-0.03369203750295813,-0.032117176229090605,-0.034256599348791994,-0.082625670283476,-0.10031047265061654,1,0.018110147664167815,-0.0037926859195624996,0.07382103332499446,-0.05462382588654058,-0.04556248833834838,-0.008647605545664128,4,-0.014050581139396038,0.00032864775977026195,-0.0050240296049303135,-0.003236602735029459,0.0018889467938409028,-0.001713818393112021,2,True
random_2026091746,random,2026091746,0.497,0.5005,0.017999128038063646,0.493,0.16966324228220037,0.17142845742070736,4,3,0.026240662038988966,0.0003305470496595131,0.0517438496709229,-0.1088442869563333,0.04266645710439276,-0.06014212869639435,4,-0.04094152426549665,0.018241251908690526,-0.05530358547815584,-0.007413077806284196,-0.18475379360666697,-0.00030794451676419143,2,0.02552308163447185,0.08147250661863503,0.02745358569254212,0.014484617313037518,0.027421810346778264,0.2025051763209218,4,-0.044748525341054,0.02052518588309682,-0.05082689725181,-0.025571701035831396,-0.05272261542064727,-0.04491984606126431,1,0.02529326035555964,0.022214893147240455,0.060666570817043595,-0.019813562936560336,-0.002854045173044754,-0.040253864369160786,4,-0.006867468448004214,0.026336226826573217,-0.018178492112881178,0.03157366021495078,0.04459738995914453,-0.03332007721660868,3,False
random_2026091747,random,2026091747,0.497,0.5005,0.018196876196656376,0.493,0.17045347457259777,0.17117006805058432,4,2,0.04575544653788547,0.0873621109391376,0.07618487003312839,0.06957633812806341,0.19221227530610008,-0.0020687796863816388,5,-0.021426739766600145,0.1052728157981686,-0.03086256511595035,0.17100754727811251,-0.035207975404959645,0.05776540449324852,4,0.040143363032569636,0.03514495097486914,0.03745769236333888,0.0194462906758619,0.04820364126173945,0.20717049373135676,4,-0.030128243942956212,-0.025802369760669075,-0.040822790581013235,-0.020610027673007014,-0.03194078450568608,-0.040254528650829347,2,-0.0005611358575648614,0.017346721362257456,-0.0042670851455752406,-0.050176059208384416,-0.020149906664472528,0.06427765224778503,3,-0.03272186466112872,0.021468055041590217,-0.0831121480755,0.001211163943126703,0.027301528467716756,0.07121143940033714,2,False
random_2026091748,random,2026091748,0.497,0.5005,0.018179720242042095,0.496,0.1703228151522344,0.1712831270966029,4,5,0.023006285963123967,-0.0038353663112999925,0.01976681591800052,-0.05109033290103815,0.18044606035502175,-0.17133677484575394,4,-0.04417590034136165,0.01407533854773102,-0.08728061923107822,0.05034087624901096,-0.04697419035603797,-0.11150259066612378,1,0.049311115196009246,0.07289455338516104,0.041975559641527216,0.04470399854962226,0.06343465513935775,0.11594089008556963,5,-0.020960491779516605,0.01194723264962283,-0.0363049233028249,0.004647680200753346,-0.016709770628067777,-0.13148413229661648,1,0.019734070637709527,0.016461167378087338,0.041316214734216095,-0.008221297208915734,-0.019995964547440497,0.053748054588947936,4,-0.012426658165854329,0.0205825010574201,-0.037528848195708675,0.043165925942595385,0.027455470584748787,0.06068184174150004,1,True
random_2026091749,random,2026091749,0.497,0.5005,0.018213557310635224,0.49,0.16986686102999374,0.17122065796858807,4,4,0.04341620677069483,-0.020934510047126986,0.0011037152846726794,-0.09898091797387876,0.2686880674506796,-0.07740443239827588,5,-0.023765979533790782,-0.0030238051880959738,-0.10594371986440605,0.0024502911761703494,0.04126781673961984,-0.017570248218645723,3,0.023049521465698386,0.06672338439049907,0.035243279906379175,0.05288834783845342,0.020935719762095,0.1634829793154935,4,-0.04722208550982746,0.005776063654960861,-0.04303720303797295,0.012832029489584507,-0.059208706005330534,-0.08394204306669262,2,0.018717752575858615,0.00626816391091356,0.028278765806547906,-0.051475470447465144,0.011881973757521999,0.015413200701580587,4,-0.013442976227705239,0.010389497590246322,-0.05056629712337687,-8.824729595402481e-05,0.05933340888971128,0.022346987854132694,2,True
random_2026091750,random,2026091750,0.497,0.5005,0.018141392453340812,0.493,0.1700076024707523,0.17096787627671436,4,3,0.030062763864403357,0.0336688343536673,0.0784175306736375,-0.08557695185457126,0.013825837633581658,0.1526350720151226,3,-0.03711942244008226,0.05157953921269831,-0.028629904475441226,0.015854257295477847,-0.21359441307747806,0.21246925619475276,1,0.037127957415940736,0.08783280855725328,0.02794824396203562,0.107027689930006,0.04255631870164848,0.02076938040169729,4,-0.03314364955958512,0.02688548782171507,-0.0503322389823165,0.06697137158113708,-0.03758810706577705,-0.22665564198048882,1,0.014280613737784054,-0.036013717761923525,0.014383699467600727,-0.04551557268067663,-0.02940719224178573,-0.038530328731661845,5,-0.0178801150657798,-0.03189238408259076,-0.06446136346232405,0.0058716504708344885,0.018044242890403555,-0.03159654157910974,2,False
random_2026091751,random,2026091751,0.497,0.5005,0.018028941382654012,0.492,0.17013213620777243,0.17105049234626737,4,3,0.013709537347767845,-0.07514647527498419,0.018585321368051282,-0.11295122084148401,0.12211125790648296,0.08111129477896828,4,-0.05347264895671777,-0.05723577041595318,-0.08846211378102746,-0.011520011691434906,-0.10530899280457677,0.14094547895859844,4,0.04400311796320019,0.03129295453776493,0.05693912754698623,0.07867100467112698,0.035783702770692906,0.080934102923641,5,-0.026268489012325664,-0.029654366197773285,-0.021341355397365886,0.03861468632225806,-0.044360722996732625,-0.1664909194585451,2,0.02135810701720346,0.010816315538594856,0.05560089703993224,-0.04127084181164142,-0.009352681530859034,0.007193891365347982,4,-0.010802621786360397,0.014937649217927618,-0.023244165889992525,0.010116381339869696,0.03809875360133025,0.014127678517900089,3,False
random_2026091752,random,2026091752,0.497,0.5005,0.018004519313806668,0.495,0.17018119600985665,0.17112391610880634,4,4,-0.07892017240227756,-0.10668577952928637,-0.11455971804395688,-0.11626334750534095,0.07620900573923246,-0.12606911034154233,1,-0.14610235870676316,-0.08877507467025536,-0.22160715319303562,-0.014832138355291846,-0.15121124497182725,-0.06623492616191218,0,0.05324426302511972,-0.030271464233316836,0.0558526622315092,0.0047482153096800594,0.04497428923205352,0.028788639861665466,5,-0.017027343950406133,-0.09121878496885505,-0.02242782071284292,-0.035308103039188854,-0.03517013653537201,-0.21863638252052064,2,0.021369889525042762,-0.025558332094488545,0.06695672074425729,-0.04181002049879479,-0.048409455849900605,-0.025868402921375155,5,-0.010790839278521092,-0.021436998415155784,-0.011888342185667478,0.009577202652716332,-0.0009580207177113201,-0.01893461576882305,2,False
random_2026091753,random,2026091753,0.497,0.5005,0.018399817613884806,0.492,0.16967165542877047,0.17133772175988513,3,4,0.0219671652289181,-0.06038840728301298,0.040035427435512284,-0.12510741016967808,0.15207425112249337,0.05579113543723868,5,-0.04521502107556752,-0.04247770242398197,-0.06701200771356645,-0.023676201019628973,-0.07534599958856636,0.11562531961686884,2,0.01207832687085871,0.06337418873639811,0.03891187070897417,0.04537145284698729,0.010172669156093458,0.16979841089937442,4,-0.05819328010466714,0.002426868000859894,-0.039368612235377944,0.005315134498118379,-0.06997175661133208,-0.07762661148281169,1,0.026846513755632295,-0.028887036012684164,0.07114182641365467,-0.032586274233892265,-0.046942956695095184,-0.0003649469261401972,5,-0.005314215047931559,-0.024765702333351403,-0.007703236516270103,0.018800948917618854,0.000508478437094099,0.0065688402264119095,3,False
random_2026091754,random,2026091754,0.497,0.5005,0.01808109980286099,0.492,0.1697183060395182,0.1712054488712359,4,4,-0.03558178788038713,-0.054225717044670274,-0.038546743206533764,-0.03693829897737366,-0.0854790300459864,-0.1915279982953988,2,-0.10276397418487275,-0.03631501218563926,-0.1455941783556125,0.06449291017267544,-0.31289928075704615,-0.13169381411576864,1,0.0338198739002149,0.027863779840597847,0.012827506482043782,0.017796762611943517,0.07335496884275927,0.13395821595732493,4,-0.036451733075310945,-0.033083540894940366,-0.06545297646230834,-0.022259555736925396,-0.0067894569246662595,-0.11346680642486118,1,0.011756470166126668,-0.039245951698024806,0.031216499782864744,-0.0629377552742394,-0.014389564855502949,-0.057462872808206056,5,-0.020404258637437184,-0.035124618018692044,-0.04762856314706002,-0.011550532122728274,0.033061870276686334,-0.05052908565565395,3,True
random_2026091755,random,2026091755,0.497,0.5005,0.017914066884666683,0.495,0.16978723860986064,0.1707950742472749,5,4,-0.010800695165628463,-0.06648806020941311,0.033584467031215016,-0.09030826557810956,-0.003007724337102576,-0.19547141201357032,2,-0.07798288147011408,-0.0485773553503821,-0.07346296811786372,0.011122943571939548,-0.2304279750481623,-0.13563722783394017,1,0.04721416704712341,0.051625451594916605,0.042280984389166575,0.030562886318385996,0.050134739680693374,0.05203751043846294,5,-0.02305743992840244,-0.009321869140621608,-0.03599949855518555,-0.009493432030482918,-0.030009686086732157,-0.19538751194372317,1,0.008613002013225143,-0.005115239160402574,0.013600251979958844,-0.08111431609134634,-0.021018322493801072,0.027063866380422352,3,-0.023547726790338713,-0.0009939054810698122,-0.06524481094996593,-0.02972709293983522,0.026433112638388212,0.03399765353297446,1,True
random_2026091756,random,2026091756,0.497,0.5005,0.017900538346963004,0.493,0.1691973408171907,0.17104813895803334,4,2,0.02464184717384706,-0.03365325668002739,-0.0038851933347720338,-0.052876824709979786,0.17852591575819496,-0.1357413170624877,4,-0.04254033913063856,-0.015742551820996376,-0.11093262848385077,0.04855438444006932,-0.04889433495286477,-0.07590713288285755,2,0.035103679535388364,0.017206378311113157,0.02938732822819386,0.03995816073081304,0.05705166849104826,0.15516879329047217,5,-0.03516792744013749,-0.043740942424425056,-0.04889315471615826,-9.815761805587186e-05,-0.023092757276377274,-0.09225622909171394,2,0.023713875013908297,-0.0113894024557748,0.07724610860499008,-0.02339420322756136,-0.01663062570978202,-0.07195339412593982,4,-0.008446853789655559,-0.007268068776442038,-0.0015989543249346945,0.027993019923949758,0.030820809422407263,-0.06501960697338771,1,False
random_2026091757,random,2026091757,0.497,0.5005,0.01819023715192452,0.491,0.16957796627367497,0.17121019548865055,4,4,-0.06697715173853147,0.04228399911833658,-0.08297542098806288,-0.0832114294811448,-0.11137577572211121,0.025128320654888014,2,-0.13415933804301708,0.06019470397736759,-0.19002285613714162,0.018219779668904312,-0.3387960264331709,0.08496250483451817,1,0.03912987267788807,0.04625217950369187,0.024560389582463833,0.10173795789566453,0.055011660935592545,0.3090936579767778,5,-0.03114173429763778,-0.014695141231846343,-0.05372009336188829,0.06168163954679562,-0.025132764831832983,0.06166863559459168,1,0.007407307134181529,0.027251480744180934,0.03499907587238652,-0.020008116448377855,-0.02221001087929682,0.010370008109283901,4,-0.024753421669382325,0.031372814423513695,-0.04384598705753825,0.031379106703133264,0.02524142425289246,0.017303795261836008,2,True
random_2026091758,random,2026091758,0.497,0.5005,0.01794641481107101,0.491,0.16942245788371657,0.17121897229862224,4,5,-0.035709461954279896,-0.026842147207101208,-0.08651888109201995,-0.13580865187751145,-0.05412550963195539,-0.04166966509469017,3,-0.10289164825876551,-0.008931442348070195,-0.19356631624109868,-0.03437744272746235,-0.2815457603430151,0.01816451908493999,3,0.019407598235889518,0.09260759135489294,0.039991577860245174,0.02926338582192045,0.014289445997618203,0.1742715755661317,5,-0.050864008739636334,0.031660270619354725,-0.03828890508410695,-0.010792932526948462,-0.06585497976980732,-0.0731534468160544,0,0.0053843617842437115,-0.04168733420933102,0.022052597883843544,-0.04507314780909377,-0.039605455822837775,-0.039556421703390576,3,-0.02677636701932014,-0.037566000529998256,-0.05679246504608123,0.006314075342417347,0.007845979309351511,-0.03262263455083847,2,True
random_2026091759,random,2026091759,0.497,0.5005,0.018301811253651976,0.491,0.16916774205173715,0.17109446975907971,3,3,0.009766247597293535,0.005905419328372519,0.020668597403241302,-0.023245954062978136,0.14966365438243054,-0.0598686346486188,3,-0.05741593870719208,0.02381612418740353,-0.08637883774583743,0.07818525508707097,-0.07775659632862919,-3.44504689886449e-05,0,0.03940260994217959,0.037206256171834484,0.05794789851106078,-0.012422050181637445,0.03472759213663801,0.09961215135916301,5,-0.030868997033346262,-0.02374106456370373,-0.020332584433291334,-0.05247836853050636,-0.04541683363078752,-0.1478128710230231,2,0.0012196714493331595,0.023344578375797398,0.05613143992292032,-0.03961105453481051,-0.06169170416927596,0.04901164129250679,2,-0.030941057354230694,0.02746591205513016,-0.02271362300700445,0.01177616861670061,-0.014240269037086676,0.0559454284450589,1,False
random_2026091760,random,2026091760,0.497,0.5005,0.01863148197112605,0.494,0.16977462592499795,0.17124876855714927,4,4,0.05415324730692617,0.015053226866429403,0.026895898276511437,-0.037347243162655364,0.24958088237777842,0.07315576761355858,3,-0.01302893899755945,0.032963931725460416,-0.0801515368725673,0.06408396598739374,0.022160631666718705,0.13298995179318873,2,0.04330086448119663,0.06167967324678392,0.03663687309861108,0.037455770552241585,0.09988320040149046,0.11523682804519542,5,-0.02697074249432922,0.0007323525112457041,-0.04164360984574104,-0.0026005477966273283,0.019738774634064926,-0.1321881943369907,2,0.012389323421150658,0.02011409310904433,0.03744228845357911,-0.033037346491815445,-0.023184626563491073,0.08550096253996942,4,-0.019771405382413194,0.02423542678837709,-0.04140277447634566,0.018349876659695674,0.02426680856869821,0.09243474969252152,2,True
random_2026091761,random,2026091761,0.497,0.5005,0.018029602672206237,0.494,0.1698624611197447,0.1709820980393415,3,4,-0.04908910225030668,-0.010137949266303403,-0.08070241943996896,-0.028611953520574218,0.08080491271315142,-0.08193923274587012,3,-0.1162712885547923,0.007772755592727609,-0.1877498545890477,0.07281925562947489,-0.1466153379979083,-0.02210504856623996,2,0.03799867414192859,0.07455379693194208,0.023214419401053805,0.04900471759744507,0.020324019468995203,0.26363988901690893,4,-0.03227293283359726,0.013606476196403872,-0.055066063543298314,0.008948399248576155,-0.05982040629843033,0.016214866634722824,1,0.014469861243039672,0.0021873775912895077,0.034436028228598814,-0.050377770985454706,-0.0637581553988432,0.02950259828366497,4,-0.01769086756052418,0.006308711270622269,-0.044409034701325956,0.0010094521660564126,-0.016306720266653918,0.03643638543621708,2,False
random_2026091762,random,2026091762,0.497,0.5005,0.01842802667268552,0.494,0.1702571601168893,0.1711490131706329,3,5,0.02832954659219659,0.013633817534608461,0.03931486708246094,-0.006456405035237811,0.18296381971722545,0.08694635689073804,4,-0.03885263971228903,0.031544522393639474,-0.0677325680666178,0.0949748041148113,-0.04445643099383426,0.1467805410703682,2,0.04450852364964175,0.0794367134289764,0.04338157045684077,0.07684480735020705,0.010903879893791232,0.24019893598679065,5,-0.0257630833258841,0.01848939269343819,-0.03489891248751135,0.03678848900133813,-0.0692405458736343,-0.007226086395395459,1,0.005873566298348713,0.02158328818060995,0.022728001135891945,-0.004390908355139667,-0.03585887646790723,0.04449942570247112,4,-0.02628716250521514,0.02570462185994271,-0.05611706179403283,0.04699631479637145,0.011592558664282049,0.051433212855023225,2,False
random_2026091763,random,2026091763,0.497,0.5005,0.01775622009835206,0.491,0.16950877775569098,0.17143575446430864,4,5,0.05745578118562059,-0.041350824767422134,0.07236136869438099,-0.13046545919176422,0.21840457228458435,-0.00970254515409441,5,-0.009726405118865022,-0.02344011990839112,-0.03468606645469774,-0.029034250041715115,-0.009015678426475363,0.050131639025535746,1,0.03402222736703745,0.02085385359666403,0.03451890011658687,0.030097236031556562,0.03166917942053852,0.11035174122774327,5,-0.0362493796084884,-0.040093467138874184,-0.043761582827765245,-0.009959082317312351,-0.04847524634688701,-0.13707328115444284,1,0.025257252798857138,1.868704713747782e-05,0.04474258961472225,-0.03211041307032425,0.0023691258440363314,-0.002581957646097255,4,-0.006903476004706717,0.004140020726470239,-0.03410247331520252,0.019276810081186868,0.049820560976225614,0.004351829506454852,3,True
random_2026091764,random,2026091764,0.497,0.5005,0.01888224310427904,0.492,0.16968031482913648,0.17100339107700954,3,5,0.03940085734651655,-0.021882137540846225,0.0747146749572658,-0.06474489588694787,0.03310192400577857,-0.02362710961291703,5,-0.02778132895796907,-0.003971432681815212,-0.032332760191812936,0.03668631326310123,-0.19431832670528115,0.03620707456671313,2,0.030921872282159885,0.11325780864593904,0.0618494423336613,0.08045548286570448,0.06266656721603352,0.27336856813622856,4,-0.039349734693365966,0.05231048791040083,-0.016431040610690822,0.04039916451683556,-0.017477858551392018,0.025943545754042452,1,0.03122266125597517,-0.012789895764270254,0.059741591214527524,-0.017182926651343466,-0.024018331743189587,-0.055105072005229294,5,-0.0009380675475886835,-0.008668562084937492,-0.019103471715397242,0.03420429650016765,0.023433103388999694,-0.04817128485267719,2,False
random_2026091765,random,2026091765,0.497,0.5005,0.018325168904848397,0.494,0.16980348597516423,0.1715113611015986,4,4,-0.0463458906986162,0.014683859372666141,-0.03898982833825023,0.0031056518212557727,0.0422695827106199,-0.0189158142859136,3,-0.11352807700310182,0.032594564231697154,-0.14603726348732896,0.10453686097130488,-0.1851506680004398,0.040918369893716555,2,0.03378939718680085,0.07395322247157332,0.05160209249594113,0.07807494378039292,0.03663450948651614,0.2284083180745633,5,-0.036482209788725,0.013005901736035108,-0.02667839044841099,0.03801862543152401,-0.04350991628090939,-0.01901670430762281,0,0.026382508679745804,-0.0160170218546557,0.03988795672713319,-0.02786853730513128,-0.013989365184040314,-0.030793178395888132,5,-0.005778220123818049,-0.011895688175322938,-0.03895710620279158,0.02351868584637984,0.033462069948148966,-0.023859391243336026,3,True
random_2026091766,random,2026091766,0.497,0.5005,0.017626833711052312,0.492,0.16953544152501854,0.17144062814537028,4,5,-0.07827361912010611,-0.03217280540694922,-0.09089617071097085,-0.055549576324487315,-0.21819809987950653,-0.11856535932410206,2,-0.14545580542459172,-0.01426210054791821,-0.19794360586004958,0.04588163282556179,-0.44561835059056626,-0.0587311751444719,0,0.029327115760851192,0.0546100536998162,0.004255504095311095,0.003929499858168484,0.018743387965236558,0.16778709010967785,5,-0.04094449121467466,-0.006337267035722016,-0.07402497884904102,-0.03612681849070043,-0.061401037802188974,-0.07963793227250826,1,0.03125959895353322,-0.005998688929767515,0.06581617331502994,-0.0519035143782709,-0.0016418859335139608,0.008824474152602235,4,-0.000901129850030639,-0.0018773552504347535,-0.013028889614894826,-0.0005162912267597797,0.045809549198675324,0.015758261305154342,4,True
random_2026091767,random,2026091767,0.497,0.5005,0.01845583955803886,0.494,0.17051139733570744,0.1713894125263905,4,4,0.06763744467701745,-0.022616241857675856,0.0422347437476156,-0.15665503330959396,0.2372258793300062,-0.10138490234244402,6,0.00045525837253183415,-0.004705536998644844,-0.06481269140146313,-0.055223824159544854,0.00980562861894648,-0.04155071816281386,2,0.03888135700613934,0.01962937976686674,0.014887548931561781,0.0034761865517651813,0.06875042726555147,0.15073217993633037,4,-0.03139024996938652,-0.041317940968671474,-0.06339293401279034,-0.03658013179710373,-0.011393998501874059,-0.09669284244585574,1,0.0022075532545508723,-0.007439111038187729,0.0140502581494543,-0.026867531800772726,-0.04023012737182271,-0.0012215199796272724,3,-0.029953175549012983,-0.0033177773588549675,-0.06479480478047046,0.024519691350738393,0.007221307760366576,0.005712267172924834,1,True
random_2026091768,random,2026091768,0.497,0.5005,0.018780878623947502,0.492,0.1693384670120431,0.17121586242300205,3,4,0.015487918288071648,-0.02736038837587995,0.07442516866429938,-0.030072104192424565,-0.005361493051747601,0.08254112486599796,3,-0.05169426801641397,-0.009449683516848939,-0.03262226648477936,0.07135910495762454,-0.23278174376280733,0.14237530904562812,0,0.023778808243561194,0.05379927174418708,0.05508832861250331,0.07883482936643649,0.016714300620053007,0.11879867205343286,3,-0.04649279873196466,-0.00714804899135113,-0.02319215433184881,0.038778511017567574,-0.06343012514737252,-0.12862635032875325,1,0.028431817284346277,-0.00471573656946056,0.05656075998888658,-0.055141379173828664,-0.04738488164663194,-0.030712194473508925,5,-0.003728911519217578,-0.0005944028901277987,-0.022284302941038187,-0.003754156022317545,6.655348555734131e-05,-0.023778407320956818,3,False
random_2026091769,random,2026091769,0.497,0.5005,0.0179061545166187,0.493,0.16941900820386946,0.17114423216264793,4,3,0.00994621381076403,-0.030636110953463636,-0.01037137859706272,-0.11637553135340761,0.2271941580159568,-0.11223178685119128,3,-0.05723597249372159,-0.012725406094432623,-0.11741881374614145,-0.014944322203358507,-0.00022609269510291222,-0.05239760267156113,1,0.020864192884014383,0.0313573662902078,0.0360574828190241,0.01838803984264281,0.03639222605740233,0.07285145934133874,5,-0.04940741409151147,-0.029589954445330413,-0.042223000125328015,-0.021668278506226102,-0.0437521997100232,-0.17457356304084737,1,0.026290846953730407,0.01924129030474453,0.06971152783616837,-0.01400752749780021,-0.027367477893573227,0.04382367949485322,4,-0.005869881849833447,0.02336262398407729,-0.009133535093756398,0.03737969565371091,0.020083957238616057,0.050757466647405325,2,False
random_2026091770,random,2026091770,0.497,0.5005,0.018388872236944735,0.492,0.16913573948285193,0.17120984959954996,4,2,0.06525120574063699,-0.013546476276843356,0.10478182355997585,-0.08402446790022333,0.07351088750197539,0.03834001183186664,4,-0.001930980563848624,0.004364228582187657,-0.0022656115891028783,0.017406741249825775,-0.15390936320908433,0.0981741960114968,3,0.06944930589204516,0.04519843217949959,0.09022256326832734,-0.010340481092840914,0.0683472221290421,0.17085685423883779,5,-0.0008223010834806921,-0.01574888855603862,0.01194208032397522,-0.05039679944170983,-0.011797203638383436,-0.07656816814334833,3,0.0048293751853024465,0.006046921518429449,-0.00330912970658385,-0.04296392943416438,-0.026264550094165506,-0.0020788119742265465,3,-0.027331353618261407,0.01016825519776221,-0.08215419263650862,0.008423293717346736,0.021186885038023778,0.00485497517832556,2,False
random_2026091771,random,2026091771,0.497,0.5005,0.017575253410963342,0.493,0.1699979150069994,0.17146361594636497,3,2,0.015688936415703125,-0.05183454262496223,0.055920380760291856,-0.14285152269274404,0.016442342399398496,-0.17208450839771294,3,-0.05149324988878249,-0.03392383776593122,-0.051127054388786876,-0.04142031354269493,-0.21097790831166122,-0.11225032421808279,0,0.014581071139115517,0.009828745332501887,0.033983765729037975,-0.02812193554924125,0.05249474709597227,0.09003809547968866,3,-0.055690535836410336,-0.051118575403036326,-0.04429671721531414,-0.06817825389811016,-0.027649678671453255,-0.15738692690249745,1,0.026726320784683604,-0.002655406463869525,0.04963748314630497,-0.014326282694615555,0.02425183407997883,0.05596521388787634,4,-0.005434408018880251,0.0014659272154632363,-0.029207579783619802,0.037060940456895564,0.07170326921216812,0.06289900104042845,2,False
random_2026091772,random,2026091772,0.497,0.5005,0.01800863825972192,0.495,0.16990321469592162,0.17124365386015658,4,3,-0.048207220474523936,-0.13583470938353104,-0.06718879409596257,-0.1647561581160195,0.045508321478548074,-0.2050169843969496,2,-0.11538940677900955,-0.11792400452450003,-0.1742362292450413,-0.0633249489659704,-0.18191192923251165,-0.14518280021731944,1,0.03576871394209239,0.02056955103950653,0.05456432317179812,-0.038277586731039204,0.043129922485469575,0.20995321659885713,4,-0.03450289303343346,-0.040377769696031685,-0.023716159772553997,-0.07833390507990812,-0.037014503281955956,-0.03747180578332898,1,0.02391324786114868,-0.0009082006314525826,0.06442270217402828,-0.05705381524400699,-0.02284522133029071,0.0006356154473363684,4,-0.008247480942415175,0.003213133047880179,-0.014422360755896499,-0.00566659209249587,0.024606213801898574,0.007569402599888475,2,False
random_2026091773,random,2026091773,0.497,0.5005,0.01860533975251019,0.492,0.16980010463573852,0.17116994213171224,4,4,-0.024349286225168004,0.013186741957860182,0.01689102014334661,-0.08687834244965886,-0.10938042968836974,0.021852768424246438,3,-0.09153147252965362,0.031097446816891194,-0.09015641500573213,0.014552866700390243,-0.33680068039942945,0.0816869526038766,0,0.035562422570024434,0.07054145805280854,0.04143914002585625,0.16655718141008746,0.029726478506186815,0.2321068299992013,4,-0.034709184405501414,0.009594137317270324,-0.03684134291849587,0.12650086306121855,-0.050417947261238716,-0.015318192382984819,2,0.0004920055845930582,0.040765119606925304,0.003436799474370219,-0.00196824910265736,-0.03630946580389094,0.006518727780929767,2,-0.031668723218970796,0.044886453286258066,-0.07540826345555456,0.04941897404885376,0.011141969328298343,0.013452514933481874,1,True
random_2026091774,random,2026091774,0.497,0.5005,0.018144874367397278,0.492,0.16900201427799766,0.17105689389237766,3,2,0.008323192655082523,-0.14024114223900042,0.03247582376079879,-0.15718135931205302,0.15251524742126618,-0.22739677132913583,4,-0.05885899364940309,-0.1223304373799694,-0.07457161138827995,-0.05575015016200391,-0.07490500328979355,-0.16756258714950567,1,0.016956684395268613,0.06385059593626563,-0.029589851087569174,0.05287771438025057,0.08241469053323625,0.1594831092248561,4,-0.05331492258025724,0.0029032752007274176,-0.1078703340319213,0.01282139603138166,0.0022702647658107145,-0.08794191315733002,1,0.007513342264663103,0.011704621717420483,0.03011140683378914,-0.044873381421178804,-0.013014783169812416,0.00367266129863153,2,-0.02464738653890075,0.015825955396753244,-0.048733656096135634,0.006513841730332315,0.034436651962376864,0.010606448451183637,2,False
random_2026091775,random,2026091775,0.497,0.5005,0.01799959151423536,0.495,0.17046617749563303,0.17129940410264924,4,3,0.0419544735123345,-0.0092912406363721,0.07571187297867321,-0.005791564711077335,0.08047163362781273,0.00621482254200556,5,-0.02522771279215112,0.008619464222658912,-0.03133556217040553,0.09563964443897177,-0.146948617083247,0.06604900672163572,3,0.017789973724771646,0.029713303243456002,0.02343407138914455,0.017881676416731107,0.012220587774101435,0.12098680460546074,5,-0.0524816332507542,-0.03123401749208221,-0.054846411555207565,-0.022174641932137806,-0.06792383799332409,-0.12643821777672537,0,0.026132969590226634,-0.053397655143186395,0.030494050633661507,-0.04228962608905373,0.03565564063082403,-0.05431844985891443,5,-0.006027759213337221,-0.049276321463853634,-0.04835101229626326,0.009097597062457385,0.08310707576301331,-0.047384662706362324,3,False
random_2026091776,random,2026091776,0.497,0.5005,0.017969148581381888,0.494,0.16987933494104074,0.17102639361043598,3,4,0.045425596645939,-0.10515791209051994,0.11119756681553146,-0.08959512223494226,0.005703074541779651,-0.18947099191377603,5,-0.021756589658546616,-0.08724720723148893,0.004150131666452728,0.011836086915106847,-0.22171717616928008,-0.12963680773414588,3,0.03036576351323576,0.02391173063099883,0.03725006702038162,0.028907470312855565,0.040153813605015944,0.24351799835973242,5,-0.03990584346229009,-0.037035590104539384,-0.0410304159239705,-0.011148848036013348,-0.03999061216240959,-0.003907024022453687,1,0.03212484394530766,-0.036136172935505306,0.07092681973031405,-0.07285652710979917,-0.013878016379268812,0.02353557610910162,5,-3.5884858256192885e-05,-0.032014839256172545,-0.007918243199610727,-0.021469303958288055,0.03357341875292047,0.030469363261653726,2,False
random_2026091777,random,2026091777,0.497,0.5005,0.0184669279854279,0.492,0.16967113547294865,0.17113875706179532,4,5,-0.048566801170839745,-0.037219646601083234,-0.07884419915117717,-0.13560684383665533,0.10673875512005142,-0.08280007121909683,2,-0.11574898747532536,-0.01930894174205222,-0.1858916343002559,-0.03417563468660623,-0.12068149559100831,-0.02296588703946667,2,0.04871538465379873,0.0703271635884184,0.044936821966760444,0.045673246857846905,0.05237361019177026,0.1440068210105172,5,-0.02155622232172712,0.009379842852880182,-0.03334366097759167,0.005616928508977992,-0.027770815575655267,-0.1034182013716689,1,0.023252996380062712,0.007352945338004457,0.06876670769473958,-0.03700781436827283,0.004169141885381848,0.020780702956935126,4,-0.008907732423501144,0.011474279017337219,-0.010078355235185188,0.01437940878323829,0.05162057701757113,0.027714490109487233,2,True
random_2026091778,random,2026091778,0.497,0.5005,0.01791722053848207,0.494,0.17028714812279214,0.17141153368750625,4,4,-0.036154476481844076,-0.06762691995942927,-0.03170435606850338,-0.05093914081990558,-0.13286419705220617,-0.1330441196410348,3,-0.10333666278632969,-0.04971621510039825,-0.1387517912175821,0.050492068330143525,-0.3602844477632659,-0.07320993546140464,1,0.03671564413532483,0.018838908168911095,0.02714144731987278,0.02885253496346385,0.05379765479080201,0.15430098271936865,5,-0.033555962840201015,-0.04210841256662712,-0.051139035624479336,-0.011203783385405064,-0.026346770976623524,-0.09312403966281746,1,0.025620260831283697,0.03289834935577829,0.0704873119837283,-0.018439273844861326,-0.04203059356147528,-0.012632625623171245,5,-0.006540467972280158,0.03701968303511105,-0.00835775094619647,0.03294794930664979,0.005420841570714004,-0.005698838470619139,3,True
random_2026091779,random,2026091779,0.497,0.5005,0.018002760275267066,0.494,0.16973490627095453,0.1715219225387021,4,5,-0.07998903976365694,-0.054654424249317435,-0.08594484428809575,-0.043494144238764854,-0.10885725500963672,-0.06046638709117924,1,-0.14717122606814256,-0.03674371939028642,-0.19299227943717448,0.05793706491128425,-0.3362775057206964,-0.0006322029115490846,1,0.043425885246679376,0.032457440604372056,0.05073712001539462,0.05700279309299727,-0.0173162685763432,0.29533549727714936,5,-0.026845721728846472,-0.028489880131166156,-0.0275433629289575,0.01694647474412836,-0.09746069434376874,0.04791047489496325,1,0.021025984971710193,-0.009098648317529268,0.02178052247564788,-0.0032220506945401794,-0.013770874758281537,0.043063609185201024,5,-0.011134743831853663,-0.004977314638196506,-0.05706454045427689,0.04816517245697094,0.03368056037390774,0.04999739633775313,2,True
random_2026091780,random,2026091780,0.497,0.5005,0.018290165812242777,0.495,0.17087410425161942,0.17128578611020445,4,3,0.01115323156708666,-0.04157322362264293,-0.012345953949706908,-0.09384126961609063,0.16825266462734503,-0.12141929518934003,5,-0.05602895473739896,-0.023662518763611917,-0.11939338909878565,0.0075899395339584785,-0.059167586083714675,-0.06158511100970987,2,0.03896629241288696,0.06591208229148049,0.04653602034658625,0.024537042413286247,0.01313522477076797,0.23925831575464795,5,-0.03130531456263889,0.004964761555942276,-0.031744462597765866,-0.015519275935582666,-0.06700920099665757,-0.008166706627538156,1,0.011485473143458639,-0.011024865727987665,0.005851156176176857,0.01040715847666629,-0.03383975440966654,0.02870638523882474,3,-0.020675255660105214,-0.0069035320486549034,-0.07299390675374791,0.06179438162817741,0.013611680722522742,0.035640172391376845,1,False
random_2026091781,random,2026091781,0.497,0.5005,0.018574302789755165,0.493,0.17039089715192676,0.17129769955653076,4,4,-0.001247673503680195,0.0030669544265504722,0.025546035436977792,-0.06302815216988611,-0.04235145322741644,0.2492071983735744,3,-0.06842985980816581,0.020977659285581485,-0.08150139971210095,0.038403056980163,-0.26977170393847616,0.30904138255320457,2,0.04544918869906304,0.021129823177029605,0.04854179446161696,0.04577962068758046,0.0460051798338218,-0.05017246474076642,5,-0.02482241827646281,-0.03981749755850861,-0.02973868848273516,0.0057233023387115445,-0.034139245933603735,-0.29759748712295253,2,0.021694360499661947,-0.012538361032005119,0.058711796725101816,-0.05589631864904021,-0.013811448748793365,-0.010622439513213733,4,-0.010466368303901907,-0.008417027352672357,-0.020133266204822958,-0.004509095497529092,0.033639986383395916,-0.003688652360661626,3,True
random_2026091782,random,2026091782,0.497,0.5005,0.01808096391404979,0.494,0.1703398662590189,0.1711637199785279,5,4,-0.05856269956791745,-0.06098325003330851,-0.09299154843221598,-0.21111764910097808,-0.13425700312049335,-0.019951835278358976,2,-0.12574488587240307,-0.0430725451742775,-0.2000389835812947,-0.10968643995092897,-0.3616772538315531,0.03988234890127118,0,0.048243419335692685,0.025577630237350046,0.04154139640076271,-0.0021259211545943124,0.019410925074821634,0.009260000601990503,5,-0.022028187639833163,-0.03536969049818817,-0.03673908654358941,-0.042182239503463226,-0.060733500692603894,-0.2381650217801956,2,0.00016769769919285546,0.032062448012676326,-0.0016123113718319315,-0.007614053949522859,-0.02836684209355835,0.006431406274209905,3,-0.031993031104370996,0.03618378169200909,-0.0804573743017567,0.04377316920198826,0.019084593038630932,0.013365193426762012,1,True
random_2026091783,random,2026091783,0.497,0.5005,0.01860470416257158,0.492,0.16949843415184296,0.1713594301272727,4,3,0.03885547874045159,-0.057441208608371985,0.02485769022128233,-0.053126903411881976,0.18970920047404102,-0.08672635156504183,4,-0.02832670756403403,-0.03953050374934097,-0.0821897449277964,0.04830430573816713,-0.037711050237018706,-0.02689216738541167,2,0.04359888894233296,-0.025566540150057104,0.043937807873598946,-0.058947384348484455,0.07665269437175659,0.010621883516570563,5,-0.026672718033192894,-0.08651386088559532,-0.03434267507075317,-0.09900370269735337,-0.00349173139566894,-0.23680313886561555,2,0.02517907294093541,-0.03612625216640186,0.0745078656354814,-0.05323411312481707,-0.01697813118755609,-0.01227952330067894,4,-0.006981655862628444,-0.0320049184870691,-0.004337197294443373,-0.001846889973305954,0.030473303944633195,-0.005345736148126834,2,False
random_2026091784,random,2026091784,0.497,0.5005,0.018172114772023632,0.493,0.17048580876670894,0.17149940496545849,4,4,0.05184974937326355,-0.07943786854859303,0.05916615986580701,-0.11404657576077337,0.23373293708662166,-0.05839503108804878,4,-0.015332436931222068,-0.061527163689562014,-0.04788127528327172,-0.012615366610724266,0.006312686375561927,0.00143915309158138,1,0.03515073220941948,0.012296332805544763,0.020095096827097796,-0.00670948070710109,0.045222183046569886,0.09005166693535349,5,-0.03512087476610637,-0.04865098792999345,-0.05818538611725432,-0.04676579905597,-0.034922242720855645,-0.15737335544683262,1,0.013862704721051092,0.017316945339621026,0.02878187147981141,-0.016980694008611463,-0.04270178130666898,0.004229738726657661,4,-0.01829802408251276,0.021438279018953788,-0.05006319145011336,0.034406529142899656,0.004749653825520302,0.011163525879209768,3,True
random_2026091785,random,2026091785,0.497,0.5005,0.01846310075558722,0.495,0.17012001026186044,0.17126940858154072,3,5,-0.019909720576952172,-0.012036549834054666,0.02372811359903822,-0.09912274528169895,-0.053500562335576096,0.031142572673514834,3,-0.0870919068814378,0.005874155024976346,-0.08331932155004051,0.0023084638683501524,-0.2809208130466358,0.09097675685314499,0,0.013251570567748838,0.03180020284025975,0.013352478921048924,-0.021138420271094027,0.007301974665104479,0.1555981348029145,4,-0.05702003640777701,-0.029147117895278463,-0.06492800402330319,-0.06119473861996294,-0.07284245110232106,-0.0918268875792716,1,0.01354652715654936,-0.0225972441048633,0.03491264359531029,-0.04886463119030404,-0.05291532474959495,-0.04860159071736203,3,-0.018614201647014494,-0.01847591042553054,-0.04393241933461448,0.002522591961207077,-0.0054638896174056635,-0.041667803564809924,1,False
random_2026091786,random,2026091786,0.497,0.5005,0.018761973719578235,0.495,0.16982405949532403,0.17076522530766183,5,4,-0.024624402632314468,-0.0303944481427898,-0.03441697432886026,-0.10733328186117719,0.1186767144403041,-0.07039939152073127,4,-0.09180658893680009,-0.012483743283758786,-0.141464409477939,-0.005902072711128081,-0.10874353627075561,-0.010565207341101113,1,0.03618498463173655,0.048566613059480845,0.028305434282173875,0.015663545075061958,0.03627842380528971,-0.013846414274631957,4,-0.034086622343789306,-0.012380707676057368,-0.049975048662178244,-0.024392773273806956,-0.043866001962135824,-0.26127143665681807,2,0.026588108778297093,0.015678067433483323,0.041580409446803634,-0.00918062392267216,-0.011442817540950148,0.0516150232690582,4,-0.005572620025266761,0.019799401112816084,-0.037264653483121135,0.04220659922883896,0.036008617591239134,0.05854881042161031,3,True
random_2026091787,random,2026091787,0.497,0.5005,0.01793968304991722,0.492,0.169786523207702,0.17091681019042154,5,4,-0.04923732695811996,-0.010844018945288525,-0.10203451092586358,-0.11170374375046865,0.04744453370223537,0.1191813460450386,4,-0.11641951326260558,0.0070666859137424876,-0.20908194607494232,-0.010272534600419547,-0.17997571700882434,0.17901553022466876,2,0.048241099758828766,-0.027012725121500214,0.035712748107265734,-0.0378607752275828,0.07315797691077597,0.02279406022323016,5,-0.02203050721669708,-0.08796004585703843,-0.04256773483708639,-0.07791709357645171,-0.006986448856649563,-0.22463096215895595,1,0.02472500469463725,0.005012794345227167,0.05180252481111943,-0.022451549774527013,-0.0038335916707252227,0.0029452747542013658,3,-0.007435724108926604,0.009134128024559929,-0.027042538118805342,0.028935673376984106,0.04361784346146406,0.009879061906753472,2,True
random_2026091788,random,2026091788,0.497,0.5005,0.018804828205611558,0.495,0.1704682953376323,0.1711614924215537,5,4,-0.03282672406530832,-0.03769828916121987,-0.015211383159078698,-0.0761848398777687,-0.0976824054662669,-0.06278433523294602,2,-0.10000891036979394,-0.019787584302188854,-0.12225881830815744,0.02524636927228041,-0.32510265617732664,-0.0029501510533158637,0,0.02467995658524495,0.03321543128466109,0.02525178227359796,0.032174897670811387,-0.0031351373709409547,0.13999698537340843,5,-0.0455916503902809,-0.027731889450877123,-0.05302870067075416,-0.007881420678057527,-0.08327956313836649,-0.10742803700877768,1,0.02408118951092673,0.020589799053383206,0.043404424080510186,-0.00984181233121273,-0.016009845265879674,-0.004654198000969556,5,-0.008079539292637125,0.024711132732715968,-0.035440638849414584,0.04154541082029839,0.031441589866309606,0.0022795891515825506,2,True
random_2026091789,random,2026091789,0.497,0.5005,0.018436643764842303,0.493,0.16986302051701932,0.17104434438414076,4,3,0.029942782021314767,0.005156770159941981,0.04979706803402243,-0.12726397682347734,-0.02393142938248068,-0.0846332789013804,3,-0.03723940428317085,0.023067475018972994,-0.0572503671150563,-0.025832767673428236,-0.2513516800935404,-0.024799094721750237,0,0.038232731319067424,0.059438594025040814,0.036123420170110686,0.06615085126663311,0.0870087096673235,0.21711587328856474,5,-0.03203887565645843,-0.001508726710497399,-0.04215706277424144,0.0260945329177642,0.006864283899897979,-0.030309149093621368,1,0.006913982962284774,0.011541982528084915,0.030447556403954506,-0.03508857814329969,-0.013893534285408052,-0.014434346933195341,4,-0.02524674584127908,0.015663316207417677,-0.04839750652597027,0.016298645008211432,0.03355790084678123,-0.0075005597806432345,2,False
random_2026091790,random,2026091790,0.497,0.5005,0.018275381630053742,0.495,0.17069277020927984,0.17098164058338444,5,3,-0.04012866291670525,0.07037326059803894,-0.05808884665050954,-0.013610440485922748,0.10222545659544595,0.11809772672924379,4,-0.10731084922119087,0.08828396545706996,-0.16513628179958828,0.08782076866412636,-0.12519479411561377,0.17793191090887395,2,0.03791194902498518,0.07642090626617248,0.021575487787132513,0.034926133373669455,0.053940680155388034,0.1970323766880222,5,-0.03235965795054067,0.01547358553063427,-0.056704995157219606,-0.005130184975199459,-0.026203745612037494,-0.05039264569416391,1,0.027458174637250605,0.02236020830926888,0.031826902666221936,-0.0024706637260285547,-0.02219959499549599,0.00936400710506713,3,-0.004702554166313248,0.026481541988601642,-0.047018160263702834,0.048916559425482564,0.025251840136693293,0.016297794257619236,3,False
random_2026091791,random,2026091791,0.497,0.5005,0.01811062829568982,0.493,0.1697933216948877,0.17123111097099414,3,3,0.04937414933929296,-0.016620650561732786,0.08556683437775381,-0.04965877623024362,0.09146433624283672,-0.014196497433727195,5,-0.017808036965192658,0.0012900542972982265,-0.021480600771324927,0.05177243291980549,-0.135955914468223,0.04563768674590296,1,0.022989295456978438,0.08436476803956316,0.028521649722397974,0.07207999829383915,0.03685727278446941,0.14480593900937366,4,-0.047282311518547414,0.023417447304024952,-0.049758833221954145,0.03202367994497024,-0.04328715298295612,-0.10261908337281245,1,0.01222453587949914,-0.01102067820260566,0.05376626445064425,0.0014523694270685006,-0.02098893724832342,0.03805725114025549,3,-0.019936192924064716,-0.006899344523272899,-0.025078798479280517,0.05283959257857962,0.02646249788386586,0.044991038292807595,2,False
random_2026091792,random,2026091792,0.497,0.5005,0.018433326866477726,0.494,0.1699972188558313,0.17132887782775408,4,4,0.027817303730888015,-0.011392615572830556,0.05643987313963724,0.055765888747427717,0.2332414122221941,-0.0692661497417646,2,-0.039364882573597604,0.006518089286200457,-0.0506075620094415,0.15719709789747682,0.005821161511134394,-0.009431965562134437,2,0.05881895404266461,0.08974187196338357,0.07699488271160626,0.09633865044973433,0.07540362250364381,0.17849473267932403,5,-0.01145265293286124,0.028794551227845355,-0.0012856002327458576,0.05628233210086542,-0.004740803263781716,-0.06893028970286208,2,0.017493156325775378,0.0016940587486913294,0.00916101792367933,-0.033209158201080724,-0.013531803264002032,0.021641938250377413,6,-0.014667572477788474,0.005815392428024091,-0.06968404500624543,0.018178064950430395,0.03391963186818725,0.02857572540292952,2,True
random_2026091793,random,2026091793,0.497,0.5005,0.018110807662131266,0.494,0.17021941486559808,0.17107080420752754,4,5,0.033094678004930156,-0.04780496772405218,0.04460403638303171,-0.002741374282289044,0.24047313263952189,-0.1686005286672343,4,-0.03408750829955546,-0.02989426286502117,-0.06244339876604702,0.09868983486776006,0.013052881928462176,-0.10876634448760414,3,0.03965018144139095,0.06834635382782506,0.05347402399016876,0.052310333985106094,0.07157850808895416,0.1072983873497968,5,-0.0306214255341349,0.007399033092286844,-0.024806458954183357,0.012254015636237181,-0.008565917678471369,-0.1401266350323893,2,0.022640830136661422,0.023018592098489332,0.08063597693092246,-0.002845149816699255,-0.018238040704196084,0.04274967044978761,3,-0.00951989866690243,0.027139925777822094,0.0017909140009976972,0.048542073334811864,0.0292133944279932,0.04968345760233972,2,True
random_2026091794,random,2026091794,0.497,0.5005,0.0180422288000118,0.493,0.17062678644584958,0.1711178254080102,4,4,-0.038766270268665116,-0.029792371644543625,-0.08798597186309894,-0.038326860449544586,-0.0584053084149716,0.062156946463154394,3,-0.10594845657315073,-0.011881666785512612,-0.19503340701217767,0.06310434870050452,-0.2858255591260313,0.12199113064278455,2,0.04818144756990236,0.029534317478790983,0.06386750857406698,-0.018724129392233557,0.024651999667223607,0.008023997462242027,5,-0.022090159405623495,-0.03141300325674723,-0.01441297437028514,-0.05878044774110247,-0.05549242610020192,-0.23940102491994408,3,0.011074986914805704,0.01978558778425732,0.01601498286567434,-0.02098054797479154,-0.012842334131460872,0.037900896021081376,5,-0.021085741888758152,0.02390692146359008,-0.06283008006425043,0.030406675176719578,0.034609101000728414,0.04483468317363348,3,True
random_2026091795,random,2026091795,0.497,0.5005,0.018170951874693857,0.494,0.1704214083481347,0.17115781163062396,4,4,-0.017944349908990964,0.005489982689294015,0.023275269902245377,-0.008931696029268466,-0.056766545401764255,0.01780697803392961,2,-0.08512653621347659,0.023400687548325028,-0.08377216524683335,0.09249951312078064,-0.284186796112824,0.07764116221355977,0,0.02284072762635166,0.05510317578947821,0.030687520601143287,0.04743509563031045,0.050930413570705414,0.12870979955067474,4,-0.04743087934917419,-0.005844144946060004,-0.04759296234320883,0.00737877728144154,-0.029214012196720113,-0.11871522283151137,1,0.02528480668081608,-0.012953911081431402,0.06459905237517864,-0.09219642720841859,-0.04989039515726629,0.0028445944637023324,5,-0.0068759221227477725,-0.00883257740209864,-0.014246010554746133,-0.04080920405690747,-0.0024389600250770047,0.009778381616254439,1,True
random_2026091796,random,2026091796,0.497,0.5005,0.01802764884615317,0.493,0.1697239222168573,0.17094601852128594,4,5,0.06892941517766167,0.06920455350964971,0.08207917852682822,-0.08265436487777666,0.33527290299052437,-0.10379879527435132,6,0.0017472288731760581,0.08711525836868073,-0.024968256622250513,0.01877684427227244,0.10785265227946465,-0.04396461109472116,2,0.04063859711739467,0.060387942226081126,0.044928327670581046,0.03470062200077173,0.03403732161839738,0.05680430759784083,4,-0.029633009858131183,-0.0005593785094570869,-0.03335215527377108,-0.005355696348097183,-0.046107104149028154,-0.19062071478434528,1,0.022925570593686218,0.0018434650781051776,0.06979847666661783,-0.02756710671991125,0.01108873871104125,-0.0015674430578982435,5,-0.009235158209877636,0.005964798757437939,-0.009046586263306936,0.02382011643159987,0.058540173843230535,0.005366344094653863,2,True
random_2026091797,random,2026091797,0.497,0.5005,0.01841658054618165,0.494,0.17010728870792083,0.17121739561342594,4,4,-0.029593827522644833,0.016051672821787433,-0.06316825722301005,-0.07748379724655807,0.12226658209093799,0.05146762504078528,3,-0.09677601382713046,0.033962377680818445,-0.17021569237208878,0.023947411903491034,-0.10515366862012172,0.11130180922041544,1,0.04668956141337388,0.04598804621653296,0.029680902922973873,0.029027263959857663,0.07783251069267323,0.2676019945419994,5,-0.02358204556215197,-0.01495927451900525,-0.04859958002137824,-0.01102905438901125,-0.0023119150747522945,0.02017697215981329,2,-0.00036366011921575475,0.007787450027355036,-0.003280406456611836,-0.036597601741239494,-0.024062409337577417,-0.04174416339286502,3,-0.03252438892277961,0.011908783706687798,-0.0821254693865366,0.014789621410271625,0.023389025794611867,-0.03481037624031291,2,False
random_2026091798,random,2026091798,0.497,0.5005,0.018553662848193198,0.493,0.17035002426602294,0.17103311211756955,3,4,0.020953821225582387,0.009829970243852015,0.02203877126986109,0.015510290599640708,0.2122895120260306,0.031413184946116335,4,-0.04622836507890323,0.027740675102883028,-0.08500866387921764,0.11694149974968981,-0.015130738685029121,0.09124736912574649,2,0.04278327337193429,0.049386262317890894,0.060905843811491035,0.03964944141859883,0.048230970086258575,0.13453439843451043,5,-0.02748833360359156,-0.011561058417647319,-0.01737463913286108,-0.00040687693027008365,-0.031913455681166956,-0.11289062394767568,1,0.032103824108218236,0.038763652838189055,0.06420163595309651,-0.010843179376179846,-0.03049878957104568,0.03980646009780209,5,-5.6904695345620183e-05,0.04288498651752182,-0.014643426976828263,0.04054404377533127,0.016952645561143603,0.046740247250354194,5,False
random_2026091799,random,2026091799,0.497,0.5005,0.018415765994694085,0.491,0.16985058279769147,0.17114873986284754,5,4,0.02202319681489558,-0.06342816781783056,0.03030510523130044,-0.11779299755189099,-0.026793486988671567,-0.014027505317831812,4,-0.04515898948959004,-0.04551746295879955,-0.0767423299177783,-0.01636178840184188,-0.25421373769973127,0.045806678861798344,1,0.060250853836379036,0.07772315663583385,0.04074778149825894,0.06811316921165878,0.056601596234603,0.17023177202405426,5,-0.010020753139146818,0.016775835900295633,-0.037532701446093185,0.02805685086278986,-0.023542829532822534,-0.07719325035813185,1,-0.007223421643620664,-0.006887572541855458,0.0003472033575202538,-0.04323962734817943,-0.05223433151414723,-0.009890024016112609,3,-0.03938415044718452,-0.0027662388625226964,-0.07849785957240452,0.008147595803331686,-0.004782896381957946,-0.002956236863560502,1,False
