contrast,group,failure,statistic,estimate,ci_low,ci_high,valid_observations
source/global_generic-minus-no_adapt/K1,corrupted_overall,geometry,loss_good_proxy_bad,0.24958123953098826,0.225,0.27417276936026935,1194
source/global_generic-minus-no_adapt/K1,corrupted_overall,geometry,given_loss_good,0.5008403361344538,0.4610252888651207,0.5405405405405406,595
source/global_generic-minus-no_adapt/K1,corrupted_overall,class_score,loss_good_proxy_bad,0.24371859296482412,0.2174090524534687,0.26768501598903605,1194
source/global_generic-minus-no_adapt/K1,corrupted_overall,class_score,given_loss_good,0.4890756302521008,0.4440516978833562,0.5300171526586621,595
source/global_generic-minus-no_adapt/K1,corrupted_overall,false_positives,loss_good_proxy_bad,0.13333333333333333,0.11497916666666667,0.15416666666666667,1200
source/global_generic-minus-no_adapt/K1,corrupted_overall,false_positives,given_loss_good,0.26666666666666666,0.2288426616915423,0.30479760835391867,600
source/global_generic-minus-no_adapt/K1,corrupted_overall,duplicates,loss_good_proxy_bad,0.035,0.025833333333333333,0.04583333333333333,1200
source/global_generic-minus-no_adapt/K1,corrupted_overall,duplicates,given_loss_good,0.07,0.05089957740491611,0.09197374268572697,600
source/global_generic-minus-no_adapt/K1,gamma_s1,geometry,loss_good_proxy_bad,0.24120603015075376,0.18592964824120603,0.3015075376884422,199
source/global_generic-minus-no_adapt/K1,gamma_s1,geometry,given_loss_good,0.5714285714285714,0.46987951807228917,0.6760666942833471,84
source/global_generic-minus-no_adapt/K1,gamma_s1,class_score,loss_good_proxy_bad,0.23115577889447236,0.17169559920816202,0.2914572864321608,199
source/global_generic-minus-no_adapt/K1,gamma_s1,class_score,given_loss_good,0.5476190476190477,0.43529411764705883,0.6521739130434783,84
source/global_generic-minus-no_adapt/K1,gamma_s1,false_positives,loss_good_proxy_bad,0.11,0.07,0.155,200
source/global_generic-minus-no_adapt/K1,gamma_s1,false_positives,given_loss_good,0.2619047619047619,0.16494238932686475,0.3625,84
source/global_generic-minus-no_adapt/K1,gamma_s1,duplicates,loss_good_proxy_bad,0.01,0.0,0.025,200
source/global_generic-minus-no_adapt/K1,gamma_s1,duplicates,given_loss_good,0.023809523809523808,0.0,0.06061529933481148,84
source/global_generic-minus-no_adapt/K1,gamma_s2,geometry,loss_good_proxy_bad,0.32160804020100503,0.26497398477157363,0.385,199
source/global_generic-minus-no_adapt/K1,gamma_s2,geometry,given_loss_good,0.5714285714285714,0.48330357142857144,0.6635535259133389,112
source/global_generic-minus-no_adapt/K1,gamma_s2,class_score,loss_good_proxy_bad,0.3165829145728643,0.25252525252525254,0.38071065989847713,199
source/global_generic-minus-no_adapt/K1,gamma_s2,class_score,given_loss_good,0.5625,0.47058823529411764,0.6551724137931034,112
source/global_generic-minus-no_adapt/K1,gamma_s2,false_positives,loss_good_proxy_bad,0.16,0.11,0.21,200
source/global_generic-minus-no_adapt/K1,gamma_s2,false_positives,given_loss_good,0.2831858407079646,0.2032520325203252,0.3652215719063545,113
source/global_generic-minus-no_adapt/K1,gamma_s2,duplicates,loss_good_proxy_bad,0.045,0.02,0.075,200
source/global_generic-minus-no_adapt/K1,gamma_s2,duplicates,given_loss_good,0.07964601769911504,0.034482758620689655,0.13393087260677466,113
source/global_generic-minus-no_adapt/K1,contrast_s1,geometry,loss_good_proxy_bad,0.21608040201005024,0.16078391959798996,0.27,199
source/global_generic-minus-no_adapt/K1,contrast_s1,geometry,given_loss_good,0.43434343434343436,0.339614218328841,0.5257731958762887,99
source/global_generic-minus-no_adapt/K1,contrast_s1,class_score,loss_good_proxy_bad,0.22613065326633167,0.1699166666666667,0.285,199
source/global_generic-minus-no_adapt/K1,contrast_s1,class_score,given_loss_good,0.45454545454545453,0.356432798452259,0.5533980582524272,99
source/global_generic-minus-no_adapt/K1,contrast_s1,false_positives,loss_good_proxy_bad,0.135,0.09,0.185,200
source/global_generic-minus-no_adapt/K1,contrast_s1,false_positives,given_loss_good,0.27,0.18947368421052632,0.358695652173913,100
source/global_generic-minus-no_adapt/K1,contrast_s1,duplicates,loss_good_proxy_bad,0.055,0.025,0.09,200
source/global_generic-minus-no_adapt/K1,contrast_s1,duplicates,given_loss_good,0.11,0.053763440860215055,0.17476334951456307,100
source/global_generic-minus-no_adapt/K1,contrast_s2,geometry,loss_good_proxy_bad,0.24120603015075376,0.185,0.3,199
source/global_generic-minus-no_adapt/K1,contrast_s2,geometry,given_loss_good,0.5,0.39740566037735847,0.6,96
source/global_generic-minus-no_adapt/K1,contrast_s2,class_score,loss_good_proxy_bad,0.17587939698492464,0.125,0.23,199
source/global_generic-minus-no_adapt/K1,contrast_s2,class_score,given_loss_good,0.3645833333333333,0.27,0.45570730624028416,96
source/global_generic-minus-no_adapt/K1,contrast_s2,false_positives,loss_good_proxy_bad,0.15,0.105,0.2,200
source/global_generic-minus-no_adapt/K1,contrast_s2,false_positives,given_loss_good,0.30927835051546393,0.21875,0.404508604750391,97
source/global_generic-minus-no_adapt/K1,contrast_s2,duplicates,loss_good_proxy_bad,0.035,0.01,0.065,200
source/global_generic-minus-no_adapt/K1,contrast_s2,duplicates,given_loss_good,0.07216494845360824,0.022981974921630094,0.1276595744680851,97
source/global_generic-minus-no_adapt/K1,color_cast_s1,geometry,loss_good_proxy_bad,0.24623115577889448,0.18684521090299985,0.3065326633165829,199
source/global_generic-minus-no_adapt/K1,color_cast_s1,geometry,given_loss_good,0.45794392523364486,0.36605425824175825,0.5514326119035905,107
source/global_generic-minus-no_adapt/K1,color_cast_s1,class_score,loss_good_proxy_bad,0.27638190954773867,0.21715479537644486,0.34,199
source/global_generic-minus-no_adapt/K1,color_cast_s1,class_score,given_loss_good,0.514018691588785,0.41662735849056604,0.6078431372549019,107
source/global_generic-minus-no_adapt/K1,color_cast_s1,false_positives,loss_good_proxy_bad,0.13,0.085,0.18,200
source/global_generic-minus-no_adapt/K1,color_cast_s1,false_positives,given_loss_good,0.24074074074074073,0.16216216216216217,0.32710280373831774,108
source/global_generic-minus-no_adapt/K1,color_cast_s1,duplicates,loss_good_proxy_bad,0.045,0.02,0.075,200
source/global_generic-minus-no_adapt/K1,color_cast_s1,duplicates,given_loss_good,0.08333333333333333,0.03635815991237678,0.14000467289719626,108
source/global_generic-minus-no_adapt/K1,color_cast_s2,geometry,loss_good_proxy_bad,0.23115577889447236,0.17587939698492464,0.29,199
source/global_generic-minus-no_adapt/K1,color_cast_s2,geometry,given_loss_good,0.4742268041237113,0.38,0.5744931754315535,97
source/global_generic-minus-no_adapt/K1,color_cast_s2,class_score,loss_good_proxy_bad,0.23618090452261306,0.17766497461928935,0.2964824120603015,199
source/global_generic-minus-no_adapt/K1,color_cast_s2,class_score,given_loss_good,0.4845360824742268,0.38613861386138615,0.5825242718446602,97
source/global_generic-minus-no_adapt/K1,color_cast_s2,false_positives,loss_good_proxy_bad,0.115,0.075,0.16,200
source/global_generic-minus-no_adapt/K1,color_cast_s2,false_positives,given_loss_good,0.23469387755102042,0.15730337078651685,0.3173076923076923,98
source/global_generic-minus-no_adapt/K1,color_cast_s2,duplicates,loss_good_proxy_bad,0.02,0.005,0.04,200
source/global_generic-minus-no_adapt/K1,color_cast_s2,duplicates,given_loss_good,0.04081632653061224,0.009615384615384616,0.08572196620583714,98
source/global_generic-minus-no_adapt/K1,clean_s0,geometry,loss_good_proxy_bad,0.25125628140703515,0.19095477386934673,0.315,199
source/global_generic-minus-no_adapt/K1,clean_s0,geometry,given_loss_good,0.4716981132075472,0.37834874348032244,0.5714285714285714,106
source/global_generic-minus-no_adapt/K1,clean_s0,class_score,loss_good_proxy_bad,0.271356783919598,0.21105527638190955,0.33337499999999975,199
source/global_generic-minus-no_adapt/K1,clean_s0,class_score,given_loss_good,0.5094339622641509,0.4134510869565217,0.6020798860084572,106
source/global_generic-minus-no_adapt/K1,clean_s0,false_positives,loss_good_proxy_bad,0.17,0.12,0.225,200
source/global_generic-minus-no_adapt/K1,clean_s0,false_positives,given_loss_good,0.32075471698113206,0.23528132992327366,0.411214953271028,106
source/global_generic-minus-no_adapt/K1,clean_s0,duplicates,loss_good_proxy_bad,0.055,0.025,0.09,200
source/global_generic-minus-no_adapt/K1,clean_s0,duplicates,given_loss_good,0.10377358490566038,0.049019607843137254,0.17,106
source/global_generic-minus-no_adapt/K1,"corrupted_overall ratio [0,1)",geometry,loss_good_proxy_bad,0.2743682310469314,0.22007722007722008,0.3245064001186122,277
source/global_generic-minus-no_adapt/K1,"corrupted_overall ratio [0,1)",geometry,given_loss_good,0.5170068027210885,0.4324216216216216,0.5966015094979646,147
source/global_generic-minus-no_adapt/K1,"corrupted_overall ratio [0,1)",class_score,loss_good_proxy_bad,0.2779783393501805,0.2250877820196887,0.32954651855635,277
source/global_generic-minus-no_adapt/K1,"corrupted_overall ratio [0,1)",class_score,given_loss_good,0.5238095238095238,0.44678937700903104,0.5947712418300654,147
source/global_generic-minus-no_adapt/K1,"corrupted_overall ratio [0,1)",false_positives,loss_good_proxy_bad,0.14840989399293286,0.10869361667480866,0.19366231976841283,283
source/global_generic-minus-no_adapt/K1,"corrupted_overall ratio [0,1)",false_positives,given_loss_good,0.27631578947368424,0.20134228187919462,0.36078305952060313,152
source/global_generic-minus-no_adapt/K1,"corrupted_overall ratio [0,1)",duplicates,loss_good_proxy_bad,0.0353356890459364,0.016282704633813178,0.05681913195500151,283
source/global_generic-minus-no_adapt/K1,"corrupted_overall ratio [0,1)",duplicates,given_loss_good,0.06578947368421052,0.030671334238748654,0.10596026490066225,152
source/global_generic-minus-no_adapt/K1,"corrupted_overall ratio [1,2)",geometry,loss_good_proxy_bad,0.23699421965317918,0.1657125328659071,0.3048780487804878,173
source/global_generic-minus-no_adapt/K1,"corrupted_overall ratio [1,2)",geometry,given_loss_good,0.45555555555555555,0.3434343434343434,0.5666666666666667,90
source/global_generic-minus-no_adapt/K1,"corrupted_overall ratio [1,2)",class_score,loss_good_proxy_bad,0.2543352601156069,0.1893212669683258,0.32045563058454396,173
source/global_generic-minus-no_adapt/K1,"corrupted_overall ratio [1,2)",class_score,given_loss_good,0.4888888888888889,0.38144329896907214,0.5955115945493664,90
source/global_generic-minus-no_adapt/K1,"corrupted_overall ratio [1,2)",false_positives,loss_good_proxy_bad,0.1676300578034682,0.1098727422003284,0.22653120021692702,173
source/global_generic-minus-no_adapt/K1,"corrupted_overall ratio [1,2)",false_positives,given_loss_good,0.32222222222222224,0.22104957160342717,0.4230882352941176,90
source/global_generic-minus-no_adapt/K1,"corrupted_overall ratio [1,2)",duplicates,loss_good_proxy_bad,0.05202312138728324,0.02185792349726776,0.08522727272727272,173
source/global_generic-minus-no_adapt/K1,"corrupted_overall ratio [1,2)",duplicates,given_loss_good,0.1,0.04081632653061224,0.16483516483516483,90
source/global_generic-minus-no_adapt/K1,"corrupted_overall ratio [2,4)",geometry,loss_good_proxy_bad,0.24904214559386972,0.19921610885733604,0.3025250330017064,261
source/global_generic-minus-no_adapt/K1,"corrupted_overall ratio [2,4)",geometry,given_loss_good,0.5371900826446281,0.4563064213932891,0.620977528969621,121
source/global_generic-minus-no_adapt/K1,"corrupted_overall ratio [2,4)",class_score,loss_good_proxy_bad,0.2260536398467433,0.18071609747259715,0.2727364001460386,261
source/global_generic-minus-no_adapt/K1,"corrupted_overall ratio [2,4)",class_score,given_loss_good,0.48760330578512395,0.40322268067016753,0.5703968253968253,121
source/global_generic-minus-no_adapt/K1,"corrupted_overall ratio [2,4)",false_positives,loss_good_proxy_bad,0.1532567049808429,0.11023541700144625,0.19857213744300767,261
source/global_generic-minus-no_adapt/K1,"corrupted_overall ratio [2,4)",false_positives,given_loss_good,0.3305785123966942,0.25396520146520146,0.41304347826086957,121
source/global_generic-minus-no_adapt/K1,"corrupted_overall ratio [2,4)",duplicates,loss_good_proxy_bad,0.04597701149425287,0.022639381472549295,0.07114661515003479,261
source/global_generic-minus-no_adapt/K1,"corrupted_overall ratio [2,4)",duplicates,given_loss_good,0.09917355371900827,0.04860942556634304,0.15315315315315314,121
source/global_generic-minus-no_adapt/K1,"corrupted_overall ratio [4,inf)",geometry,loss_good_proxy_bad,0.2401656314699793,0.2,0.281253382034632,483
source/global_generic-minus-no_adapt/K1,"corrupted_overall ratio [4,inf)",geometry,given_loss_good,0.48945147679324896,0.42125353040858593,0.5536514884667338,237
source/global_generic-minus-no_adapt/K1,"corrupted_overall ratio [4,inf)",class_score,loss_good_proxy_bad,0.22981366459627328,0.18902045046792415,0.27149132082669847,483
source/global_generic-minus-no_adapt/K1,"corrupted_overall ratio [4,inf)",class_score,given_loss_good,0.46835443037974683,0.4023774062627992,0.5362976986624705,237
source/global_generic-minus-no_adapt/K1,"corrupted_overall ratio [4,inf)",false_positives,loss_good_proxy_bad,0.10144927536231885,0.07350017763391624,0.13114842235148952,483
source/global_generic-minus-no_adapt/K1,"corrupted_overall ratio [4,inf)",false_positives,given_loss_good,0.20675105485232068,0.15110488505747127,0.2625482625482625,237
source/global_generic-minus-no_adapt/K1,"corrupted_overall ratio [4,inf)",duplicates,loss_good_proxy_bad,0.022774327122153208,0.009781896913928391,0.038308386282176594,483
source/global_generic-minus-no_adapt/K1,"corrupted_overall ratio [4,inf)",duplicates,given_loss_good,0.046413502109704644,0.019801001839314367,0.07658523908523904,237
source/global_generic-minus-no_adapt/K1,"clean_s0 ratio [0,1)",geometry,loss_good_proxy_bad,0.27586206896551724,0.16071428571428573,0.39655172413793105,58
source/global_generic-minus-no_adapt/K1,"clean_s0 ratio [0,1)",geometry,given_loss_good,0.47058823529411764,0.3055555555555556,0.6451612903225806,34
source/global_generic-minus-no_adapt/K1,"clean_s0 ratio [0,1)",class_score,loss_good_proxy_bad,0.3275862068965517,0.20689655172413793,0.4482758620689655,58
source/global_generic-minus-no_adapt/K1,"clean_s0 ratio [0,1)",class_score,given_loss_good,0.5588235294117647,0.3870347394540943,0.71875,34
source/global_generic-minus-no_adapt/K1,"clean_s0 ratio [0,1)",false_positives,loss_good_proxy_bad,0.2542372881355932,0.15254237288135594,0.3728813559322034,59
source/global_generic-minus-no_adapt/K1,"clean_s0 ratio [0,1)",false_positives,given_loss_good,0.4411764705882353,0.2727272727272727,0.6216216216216216,34
source/global_generic-minus-no_adapt/K1,"clean_s0 ratio [0,1)",duplicates,loss_good_proxy_bad,0.0847457627118644,0.01694915254237288,0.15254237288135594,59
source/global_generic-minus-no_adapt/K1,"clean_s0 ratio [0,1)",duplicates,given_loss_good,0.14705882352941177,0.034482758620689655,0.275,34
source/global_generic-minus-no_adapt/K1,"clean_s0 ratio [1,2)",geometry,loss_good_proxy_bad,0.22580645161290322,0.0967741935483871,0.3870967741935484,31
source/global_generic-minus-no_adapt/K1,"clean_s0 ratio [1,2)",geometry,given_loss_good,0.4666666666666667,0.21428571428571427,0.7222222222222222,15
source/global_generic-minus-no_adapt/K1,"clean_s0 ratio [1,2)",class_score,loss_good_proxy_bad,0.25806451612903225,0.12903225806451613,0.41935483870967744,31
source/global_generic-minus-no_adapt/K1,"clean_s0 ratio [1,2)",class_score,given_loss_good,0.5333333333333333,0.2727272727272727,0.7857142857142857,15
source/global_generic-minus-no_adapt/K1,"clean_s0 ratio [1,2)",false_positives,loss_good_proxy_bad,0.06451612903225806,0.0,0.16129032258064516,31
source/global_generic-minus-no_adapt/K1,"clean_s0 ratio [1,2)",false_positives,given_loss_good,0.13333333333333333,0.0,0.3125,15
source/global_generic-minus-no_adapt/K1,"clean_s0 ratio [1,2)",duplicates,loss_good_proxy_bad,0.03225806451612903,0.0,0.0967741935483871,31
source/global_generic-minus-no_adapt/K1,"clean_s0 ratio [1,2)",duplicates,given_loss_good,0.06666666666666667,0.0,0.2222222222222222,15
source/global_generic-minus-no_adapt/K1,"clean_s0 ratio [2,4)",geometry,loss_good_proxy_bad,0.2558139534883721,0.13953488372093023,0.3953488372093023,43
source/global_generic-minus-no_adapt/K1,"clean_s0 ratio [2,4)",geometry,given_loss_good,0.5238095238095238,0.30434782608695654,0.7334210526315784,21
source/global_generic-minus-no_adapt/K1,"clean_s0 ratio [2,4)",class_score,loss_good_proxy_bad,0.20930232558139536,0.09302325581395349,0.32558139534883723,43
source/global_generic-minus-no_adapt/K1,"clean_s0 ratio [2,4)",class_score,given_loss_good,0.42857142857142855,0.22714646464646465,0.6504166666666644,21
source/global_generic-minus-no_adapt/K1,"clean_s0 ratio [2,4)",false_positives,loss_good_proxy_bad,0.23255813953488372,0.11627906976744186,0.37209302325581395,43
source/global_generic-minus-no_adapt/K1,"clean_s0 ratio [2,4)",false_positives,given_loss_good,0.47619047619047616,0.26059782608695653,0.6875,21
source/global_generic-minus-no_adapt/K1,"clean_s0 ratio [2,4)",duplicates,loss_good_proxy_bad,0.046511627906976744,0.0,0.11627906976744186,43
source/global_generic-minus-no_adapt/K1,"clean_s0 ratio [2,4)",duplicates,given_loss_good,0.09523809523809523,0.0,0.25,21
source/global_generic-minus-no_adapt/K1,"clean_s0 ratio [4,inf)",geometry,loss_good_proxy_bad,0.23880597014925373,0.14925373134328357,0.34328358208955223,67
source/global_generic-minus-no_adapt/K1,"clean_s0 ratio [4,inf)",geometry,given_loss_good,0.4444444444444444,0.2893796992481203,0.6072081881533097,36
source/global_generic-minus-no_adapt/K1,"clean_s0 ratio [4,inf)",class_score,loss_good_proxy_bad,0.26865671641791045,0.1787313432835821,0.3880597014925373,67
source/global_generic-minus-no_adapt/K1,"clean_s0 ratio [4,inf)",class_score,given_loss_good,0.5,0.34285714285714286,0.6666666666666666,36
source/global_generic-minus-no_adapt/K1,"clean_s0 ratio [4,inf)",false_positives,loss_good_proxy_bad,0.1044776119402985,0.04440298507462689,0.19402985074626866,67
source/global_generic-minus-no_adapt/K1,"clean_s0 ratio [4,inf)",false_positives,given_loss_good,0.19444444444444445,0.07405149051490514,0.3333333333333333,36
source/global_generic-minus-no_adapt/K1,"clean_s0 ratio [4,inf)",duplicates,loss_good_proxy_bad,0.04477611940298507,0.0,0.1044776119402985,67
source/global_generic-minus-no_adapt/K1,"clean_s0 ratio [4,inf)",duplicates,given_loss_good,0.08333333333333333,0.0,0.1860828488372091,36
source/global_generic-minus-no_adapt/K3,corrupted_overall,geometry,loss_good_proxy_bad,0.23785594639865998,0.21583333333333332,0.26046901172529313,1194
source/global_generic-minus-no_adapt/K3,corrupted_overall,geometry,given_loss_good,0.4905008635578584,0.451347994111152,0.5306903775014484,579
source/global_generic-minus-no_adapt/K3,corrupted_overall,class_score,loss_good_proxy_bad,0.2370184254606365,0.2124905303030303,0.2608333333333333,1194
source/global_generic-minus-no_adapt/K3,corrupted_overall,class_score,given_loss_good,0.48877374784110533,0.4448172598835799,0.53203490847169,579
source/global_generic-minus-no_adapt/K3,corrupted_overall,false_positives,loss_good_proxy_bad,0.1675,0.145,0.19,1200
source/global_generic-minus-no_adapt/K3,corrupted_overall,false_positives,given_loss_good,0.34536082474226804,0.30332328990228014,0.38422589512465,582
source/global_generic-minus-no_adapt/K3,corrupted_overall,duplicates,loss_good_proxy_bad,0.056666666666666664,0.04416666666666667,0.07083333333333333,1200
source/global_generic-minus-no_adapt/K3,corrupted_overall,duplicates,given_loss_good,0.11683848797250859,0.09185314089268971,0.14579940734399066,582
source/global_generic-minus-no_adapt/K3,gamma_s1,geometry,loss_good_proxy_bad,0.27638190954773867,0.215,0.34,199
source/global_generic-minus-no_adapt/K3,gamma_s1,geometry,given_loss_good,0.5789473684210527,0.47673034330011077,0.6790370370370369,95
source/global_generic-minus-no_adapt/K3,gamma_s1,class_score,loss_good_proxy_bad,0.2663316582914573,0.205,0.32663316582914576,199
source/global_generic-minus-no_adapt/K3,gamma_s1,class_score,given_loss_good,0.5578947368421052,0.45780529525509445,0.654320987654321,95
source/global_generic-minus-no_adapt/K3,gamma_s1,false_positives,loss_good_proxy_bad,0.175,0.125,0.225,200
source/global_generic-minus-no_adapt/K3,gamma_s1,false_positives,given_loss_good,0.3684210526315789,0.2736842105263158,0.46078431372549017,95
source/global_generic-minus-no_adapt/K3,gamma_s1,duplicates,loss_good_proxy_bad,0.06,0.03,0.095,200
source/global_generic-minus-no_adapt/K3,gamma_s1,duplicates,given_loss_good,0.12631578947368421,0.06449897048730267,0.1978021978021978,95
source/global_generic-minus-no_adapt/K3,gamma_s2,geometry,loss_good_proxy_bad,0.22110552763819097,0.165,0.2828282828282828,199
source/global_generic-minus-no_adapt/K3,gamma_s2,geometry,given_loss_good,0.44,0.3457606438213915,0.5402376514445479,100
source/global_generic-minus-no_adapt/K3,gamma_s2,class_score,loss_good_proxy_bad,0.24623115577889448,0.18592964824120603,0.3065326633165829,199
source/global_generic-minus-no_adapt/K3,gamma_s2,class_score,given_loss_good,0.49,0.38771468983633056,0.5922709344660192,100
source/global_generic-minus-no_adapt/K3,gamma_s2,false_positives,loss_good_proxy_bad,0.18,0.125,0.235,200
source/global_generic-minus-no_adapt/K3,gamma_s2,false_positives,given_loss_good,0.36,0.26666666666666666,0.45652173913043476,100
source/global_generic-minus-no_adapt/K3,gamma_s2,duplicates,loss_good_proxy_bad,0.045,0.02,0.075,200
source/global_generic-minus-no_adapt/K3,gamma_s2,duplicates,given_loss_good,0.09,0.03772703226944101,0.15,100
source/global_generic-minus-no_adapt/K3,contrast_s1,geometry,loss_good_proxy_bad,0.21608040201005024,0.16,0.2727272727272727,199
source/global_generic-minus-no_adapt/K3,contrast_s1,geometry,given_loss_good,0.4479166666666667,0.3493975903614458,0.5476304945054945,96
source/global_generic-minus-no_adapt/K3,contrast_s1,class_score,loss_good_proxy_bad,0.22613065326633167,0.1717171717171717,0.285,199
source/global_generic-minus-no_adapt/K3,contrast_s1,class_score,given_loss_good,0.46875,0.3711253330244411,0.5679082491582491,96
source/global_generic-minus-no_adapt/K3,contrast_s1,false_positives,loss_good_proxy_bad,0.155,0.105,0.205,200
source/global_generic-minus-no_adapt/K3,contrast_s1,false_positives,given_loss_good,0.31958762886597936,0.22782200182696072,0.4186234058514628,97
source/global_generic-minus-no_adapt/K3,contrast_s1,duplicates,loss_good_proxy_bad,0.055,0.025,0.09,200
source/global_generic-minus-no_adapt/K3,contrast_s1,duplicates,given_loss_good,0.1134020618556701,0.05317749160134379,0.18075027382256284,97
source/global_generic-minus-no_adapt/K3,contrast_s2,geometry,loss_good_proxy_bad,0.21105527638190955,0.15812332508761082,0.2676767676767677,199
source/global_generic-minus-no_adapt/K3,contrast_s2,geometry,given_loss_good,0.4375,0.3437421085858586,0.5400057471264368,96
source/global_generic-minus-no_adapt/K3,contrast_s2,class_score,loss_good_proxy_bad,0.18090452261306533,0.13,0.235,199
source/global_generic-minus-no_adapt/K3,contrast_s2,class_score,given_loss_good,0.375,0.279989247311828,0.4752565805361023,96
source/global_generic-minus-no_adapt/K3,contrast_s2,false_positives,loss_good_proxy_bad,0.21,0.155,0.27,200
source/global_generic-minus-no_adapt/K3,contrast_s2,false_positives,given_loss_good,0.4329896907216495,0.33325,0.5333495145631068,97
source/global_generic-minus-no_adapt/K3,contrast_s2,duplicates,loss_good_proxy_bad,0.09,0.05,0.13,200
source/global_generic-minus-no_adapt/K3,contrast_s2,duplicates,given_loss_good,0.18556701030927836,0.10987012987012987,0.26666666666666666,97
source/global_generic-minus-no_adapt/K3,color_cast_s1,geometry,loss_good_proxy_bad,0.22613065326633167,0.17,0.285,199
source/global_generic-minus-no_adapt/K3,color_cast_s1,geometry,given_loss_good,0.4639175257731959,0.36470281862745096,0.5604472630173565,97
source/global_generic-minus-no_adapt/K3,color_cast_s1,class_score,loss_good_proxy_bad,0.25125628140703515,0.195,0.31123282227463844,199
source/global_generic-minus-no_adapt/K3,color_cast_s1,class_score,given_loss_good,0.5154639175257731,0.4150893215576074,0.6122689641894492,97
source/global_generic-minus-no_adapt/K3,color_cast_s1,false_positives,loss_good_proxy_bad,0.13,0.085,0.18,200
source/global_generic-minus-no_adapt/K3,color_cast_s1,false_positives,given_loss_good,0.2653061224489796,0.1799736842105263,0.35645332390381884,98
source/global_generic-minus-no_adapt/K3,color_cast_s1,duplicates,loss_good_proxy_bad,0.04,0.015,0.07,200
source/global_generic-minus-no_adapt/K3,color_cast_s1,duplicates,given_loss_good,0.08163265306122448,0.031578947368421054,0.13861386138613863,98
source/global_generic-minus-no_adapt/K3,color_cast_s2,geometry,loss_good_proxy_bad,0.27638190954773867,0.21209456372772956,0.33668341708542715,199
source/global_generic-minus-no_adapt/K3,color_cast_s2,geometry,given_loss_good,0.5789473684210527,0.4747344579818807,0.6705156117247235,95
source/global_generic-minus-no_adapt/K3,color_cast_s2,class_score,loss_good_proxy_bad,0.25125628140703515,0.19494733502538072,0.31155778894472363,199
source/global_generic-minus-no_adapt/K3,color_cast_s2,class_score,given_loss_good,0.5263157894736842,0.4257373077733305,0.6250343406593405,95
source/global_generic-minus-no_adapt/K3,color_cast_s2,false_positives,loss_good_proxy_bad,0.155,0.105,0.21,200
source/global_generic-minus-no_adapt/K3,color_cast_s2,false_positives,given_loss_good,0.3263157894736842,0.23255226685459243,0.41935483870967744,95
source/global_generic-minus-no_adapt/K3,color_cast_s2,duplicates,loss_good_proxy_bad,0.05,0.025,0.085,200
source/global_generic-minus-no_adapt/K3,color_cast_s2,duplicates,given_loss_good,0.10526315789473684,0.053749142072752235,0.17172531769305957,95
source/global_generic-minus-no_adapt/K3,clean_s0,geometry,loss_good_proxy_bad,0.2864321608040201,0.22110552763819097,0.35,199
source/global_generic-minus-no_adapt/K3,clean_s0,geometry,given_loss_good,0.5327102803738317,0.4347716293368467,0.6239110863414213,107
source/global_generic-minus-no_adapt/K3,clean_s0,class_score,loss_good_proxy_bad,0.23618090452261306,0.17764254217299902,0.295,199
source/global_generic-minus-no_adapt/K3,clean_s0,class_score,given_loss_good,0.4392523364485981,0.3505025773195876,0.5339974045948284,107
source/global_generic-minus-no_adapt/K3,clean_s0,false_positives,loss_good_proxy_bad,0.17,0.12,0.22,200
source/global_generic-minus-no_adapt/K3,clean_s0,false_positives,given_loss_good,0.3177570093457944,0.23476889933411674,0.4038690476190475,107
source/global_generic-minus-no_adapt/K3,clean_s0,duplicates,loss_good_proxy_bad,0.085,0.05,0.125,200
source/global_generic-minus-no_adapt/K3,clean_s0,duplicates,given_loss_good,0.1588785046728972,0.09090909090909091,0.22937606560038962,107
source/global_generic-minus-no_adapt/K3,"corrupted_overall ratio [0,1)",geometry,loss_good_proxy_bad,0.23826714801444043,0.1887492593324116,0.28679563729002466,277
source/global_generic-minus-no_adapt/K3,"corrupted_overall ratio [0,1)",geometry,given_loss_good,0.532258064516129,0.4380165289256198,0.6183286971147626,124
source/global_generic-minus-no_adapt/K3,"corrupted_overall ratio [0,1)",class_score,loss_good_proxy_bad,0.22021660649819494,0.1709909196172832,0.2738657299860619,277
source/global_generic-minus-no_adapt/K3,"corrupted_overall ratio [0,1)",class_score,given_loss_good,0.49193548387096775,0.399965034965035,0.583941605839416,124
source/global_generic-minus-no_adapt/K3,"corrupted_overall ratio [0,1)",false_positives,loss_good_proxy_bad,0.10954063604240283,0.0708955223880597,0.14981306032964023,283
source/global_generic-minus-no_adapt/K3,"corrupted_overall ratio [0,1)",false_positives,given_loss_good,0.2440944881889764,0.16546627359766322,0.3217464996315401,127
source/global_generic-minus-no_adapt/K3,"corrupted_overall ratio [0,1)",duplicates,loss_good_proxy_bad,0.04946996466431095,0.02640046899426785,0.0738255033557047,283
source/global_generic-minus-no_adapt/K3,"corrupted_overall ratio [0,1)",duplicates,given_loss_good,0.11023622047244094,0.05932046453232894,0.16379663651780665,127
source/global_generic-minus-no_adapt/K3,"corrupted_overall ratio [1,2)",geometry,loss_good_proxy_bad,0.20809248554913296,0.14465045261206239,0.27513599072587835,173
source/global_generic-minus-no_adapt/K3,"corrupted_overall ratio [1,2)",geometry,given_loss_good,0.42857142857142855,0.32,0.5432098765432098,84
source/global_generic-minus-no_adapt/K3,"corrupted_overall ratio [1,2)",class_score,loss_good_proxy_bad,0.2254335260115607,0.16148567421358445,0.2912142857142857,173
source/global_generic-minus-no_adapt/K3,"corrupted_overall ratio [1,2)",class_score,given_loss_good,0.4642857142857143,0.35714285714285715,0.5714686998394861,84
source/global_generic-minus-no_adapt/K3,"corrupted_overall ratio [1,2)",false_positives,loss_good_proxy_bad,0.1676300578034682,0.11412148529028898,0.22414054336468128,173
source/global_generic-minus-no_adapt/K3,"corrupted_overall ratio [1,2)",false_positives,given_loss_good,0.34523809523809523,0.24652798018070532,0.45348837209302323,84
source/global_generic-minus-no_adapt/K3,"corrupted_overall ratio [1,2)",duplicates,loss_good_proxy_bad,0.09248554913294797,0.05142857142857143,0.13450573549257758,173
source/global_generic-minus-no_adapt/K3,"corrupted_overall ratio [1,2)",duplicates,given_loss_good,0.19047619047619047,0.10714285714285714,0.2737261632341722,84
source/global_generic-minus-no_adapt/K3,"corrupted_overall ratio [2,4)",geometry,loss_good_proxy_bad,0.23371647509578544,0.1875,0.2813724158865067,261
source/global_generic-minus-no_adapt/K3,"corrupted_overall ratio [2,4)",geometry,given_loss_good,0.488,0.4032258064516129,0.5663790560471976,125
source/global_generic-minus-no_adapt/K3,"corrupted_overall ratio [2,4)",class_score,loss_good_proxy_bad,0.26053639846743293,0.21175904977375565,0.3157894736842105,261
source/global_generic-minus-no_adapt/K3,"corrupted_overall ratio [2,4)",class_score,given_loss_good,0.544,0.4609375,0.6341508918820531,125
source/global_generic-minus-no_adapt/K3,"corrupted_overall ratio [2,4)",false_positives,loss_good_proxy_bad,0.23754789272030652,0.18533719114852024,0.28800640569395014,261
source/global_generic-minus-no_adapt/K3,"corrupted_overall ratio [2,4)",false_positives,given_loss_good,0.496,0.40475736095965104,0.5813953488372093,125
source/global_generic-minus-no_adapt/K3,"corrupted_overall ratio [2,4)",duplicates,loss_good_proxy_bad,0.07662835249042145,0.044528063701689644,0.1132880465888278,261
source/global_generic-minus-no_adapt/K3,"corrupted_overall ratio [2,4)",duplicates,given_loss_good,0.16,0.09655021173623714,0.23200357142857142,125
source/global_generic-minus-no_adapt/K3,"corrupted_overall ratio [4,inf)",geometry,loss_good_proxy_bad,0.2505175983436853,0.21666294642857142,0.28629074086467676,483
source/global_generic-minus-no_adapt/K3,"corrupted_overall ratio [4,inf)",geometry,given_loss_good,0.491869918699187,0.43373227422966204,0.5513307984790875,246
source/global_generic-minus-no_adapt/K3,"corrupted_overall ratio [4,inf)",class_score,loss_good_proxy_bad,0.23809523809523808,0.2008628244166696,0.27835896569207363,483
source/global_generic-minus-no_adapt/K3,"corrupted_overall ratio [4,inf)",class_score,given_loss_good,0.46747967479674796,0.40079326477672783,0.5344199785177229,246
source/global_generic-minus-no_adapt/K3,"corrupted_overall ratio [4,inf)",false_positives,loss_good_proxy_bad,0.16356107660455488,0.13097523489154392,0.19787290033594626,483
source/global_generic-minus-no_adapt/K3,"corrupted_overall ratio [4,inf)",false_positives,given_loss_good,0.32113821138211385,0.2627077743603168,0.3824762677684324,246
source/global_generic-minus-no_adapt/K3,"corrupted_overall ratio [4,inf)",duplicates,loss_good_proxy_bad,0.037267080745341616,0.019684179761372624,0.056966546112115705,483
source/global_generic-minus-no_adapt/K3,"corrupted_overall ratio [4,inf)",duplicates,given_loss_good,0.07317073170731707,0.04,0.10943396226415095,246
source/global_generic-minus-no_adapt/K3,"clean_s0 ratio [0,1)",geometry,loss_good_proxy_bad,0.22413793103448276,0.11864406779661017,0.3333333333333333,58
source/global_generic-minus-no_adapt/K3,"clean_s0 ratio [0,1)",geometry,given_loss_good,0.43333333333333335,0.25,0.6129032258064516,30
source/global_generic-minus-no_adapt/K3,"clean_s0 ratio [0,1)",class_score,loss_good_proxy_bad,0.2413793103448276,0.13559322033898305,0.3559322033898305,58
source/global_generic-minus-no_adapt/K3,"clean_s0 ratio [0,1)",class_score,given_loss_good,0.4666666666666667,0.28125,0.6451612903225806,30
source/global_generic-minus-no_adapt/K3,"clean_s0 ratio [0,1)",false_positives,loss_good_proxy_bad,0.13559322033898305,0.05084745762711865,0.23728813559322035,59
source/global_generic-minus-no_adapt/K3,"clean_s0 ratio [0,1)",false_positives,given_loss_good,0.26666666666666666,0.11538461538461539,0.42857142857142855,30
source/global_generic-minus-no_adapt/K3,"clean_s0 ratio [0,1)",duplicates,loss_good_proxy_bad,0.05084745762711865,0.0,0.11864406779661017,59
source/global_generic-minus-no_adapt/K3,"clean_s0 ratio [0,1)",duplicates,given_loss_good,0.1,0.0,0.2222222222222222,30
source/global_generic-minus-no_adapt/K3,"clean_s0 ratio [1,2)",geometry,loss_good_proxy_bad,0.22580645161290322,0.0967741935483871,0.3870967741935484,31
source/global_generic-minus-no_adapt/K3,"clean_s0 ratio [1,2)",geometry,given_loss_good,0.4375,0.1875,0.6666666666666666,16
source/global_generic-minus-no_adapt/K3,"clean_s0 ratio [1,2)",class_score,loss_good_proxy_bad,0.25806451612903225,0.12903225806451613,0.41935483870967744,31
source/global_generic-minus-no_adapt/K3,"clean_s0 ratio [1,2)",class_score,given_loss_good,0.5,0.26666666666666666,0.7333333333333333,16
source/global_generic-minus-no_adapt/K3,"clean_s0 ratio [1,2)",false_positives,loss_good_proxy_bad,0.1935483870967742,0.06451612903225806,0.3225806451612903,31
source/global_generic-minus-no_adapt/K3,"clean_s0 ratio [1,2)",false_positives,given_loss_good,0.375,0.14285714285714285,0.6112179487179482,16
source/global_generic-minus-no_adapt/K3,"clean_s0 ratio [1,2)",duplicates,loss_good_proxy_bad,0.0967741935483871,0.0,0.22580645161290322,31
source/global_generic-minus-no_adapt/K3,"clean_s0 ratio [1,2)",duplicates,given_loss_good,0.1875,0.0,0.4,16
source/global_generic-minus-no_adapt/K3,"clean_s0 ratio [2,4)",geometry,loss_good_proxy_bad,0.3488372093023256,0.20930232558139536,0.4883720930232558,43
source/global_generic-minus-no_adapt/K3,"clean_s0 ratio [2,4)",geometry,given_loss_good,0.5769230769230769,0.38461538461538464,0.76,26
source/global_generic-minus-no_adapt/K3,"clean_s0 ratio [2,4)",class_score,loss_good_proxy_bad,0.2558139534883721,0.13953488372093023,0.3953488372093023,43
source/global_generic-minus-no_adapt/K3,"clean_s0 ratio [2,4)",class_score,given_loss_good,0.4230769230769231,0.23809523809523808,0.6207974137931028,26
source/global_generic-minus-no_adapt/K3,"clean_s0 ratio [2,4)",false_positives,loss_good_proxy_bad,0.27906976744186046,0.13953488372093023,0.4186046511627907,43
source/global_generic-minus-no_adapt/K3,"clean_s0 ratio [2,4)",false_positives,given_loss_good,0.46153846153846156,0.2727272727272727,0.6554597701149409,26
source/global_generic-minus-no_adapt/K3,"clean_s0 ratio [2,4)",duplicates,loss_good_proxy_bad,0.11627906976744186,0.023255813953488372,0.20930232558139536,43
source/global_generic-minus-no_adapt/K3,"clean_s0 ratio [2,4)",duplicates,given_loss_good,0.19230769230769232,0.043478260869565216,0.36,26
source/global_generic-minus-no_adapt/K3,"clean_s0 ratio [4,inf)",geometry,loss_good_proxy_bad,0.3283582089552239,0.22388059701492538,0.44776119402985076,67
source/global_generic-minus-no_adapt/K3,"clean_s0 ratio [4,inf)",geometry,given_loss_good,0.6285714285714286,0.4614864864864865,0.78125,35
source/global_generic-minus-no_adapt/K3,"clean_s0 ratio [4,inf)",class_score,loss_good_proxy_bad,0.208955223880597,0.11940298507462686,0.31343283582089554,67
source/global_generic-minus-no_adapt/K3,"clean_s0 ratio [4,inf)",class_score,given_loss_good,0.4,0.2413793103448276,0.5714285714285714,35
source/global_generic-minus-no_adapt/K3,"clean_s0 ratio [4,inf)",false_positives,loss_good_proxy_bad,0.11940298507462686,0.04477611940298507,0.208955223880597,67
source/global_generic-minus-no_adapt/K3,"clean_s0 ratio [4,inf)",false_positives,given_loss_good,0.22857142857142856,0.09375,0.375,35
source/global_generic-minus-no_adapt/K3,"clean_s0 ratio [4,inf)",duplicates,loss_good_proxy_bad,0.08955223880597014,0.029850746268656716,0.16417910447761194,67
source/global_generic-minus-no_adapt/K3,"clean_s0 ratio [4,inf)",duplicates,given_loss_good,0.17142857142857143,0.06060606060606061,0.3055555555555556,35
source/det_pseudo-minus-no_adapt/K1,corrupted_overall,geometry,loss_good_proxy_bad,0.245393634840871,0.21943048576214405,0.2735690235690236,1194
source/det_pseudo-minus-no_adapt/K1,corrupted_overall,geometry,given_loss_good,0.46141732283464565,0.42044318181818185,0.5037824352213849,635
source/det_pseudo-minus-no_adapt/K1,corrupted_overall,class_score,loss_good_proxy_bad,0.19514237855946398,0.17169179229480738,0.21775544388609716,1194
source/det_pseudo-minus-no_adapt/K1,corrupted_overall,class_score,given_loss_good,0.3669291338582677,0.32507739938080493,0.4075902153226107,635
source/det_pseudo-minus-no_adapt/K1,corrupted_overall,false_positives,loss_good_proxy_bad,0.2075,0.1833125,0.235,1200
source/det_pseudo-minus-no_adapt/K1,corrupted_overall,false_positives,given_loss_good,0.3921259842519685,0.34680765829105775,0.4394028311281832,635
source/det_pseudo-minus-no_adapt/K1,corrupted_overall,duplicates,loss_good_proxy_bad,0.06916666666666667,0.0525,0.08666666666666667,1200
source/det_pseudo-minus-no_adapt/K1,corrupted_overall,duplicates,given_loss_good,0.13070866141732285,0.10030988711540201,0.16113836594069147,635
source/det_pseudo-minus-no_adapt/K1,gamma_s1,geometry,loss_good_proxy_bad,0.21105527638190955,0.15656565656565657,0.27,199
source/det_pseudo-minus-no_adapt/K1,gamma_s1,geometry,given_loss_good,0.4158415841584158,0.3235294117647059,0.5130552291421856,101
source/det_pseudo-minus-no_adapt/K1,gamma_s1,class_score,loss_good_proxy_bad,0.21608040201005024,0.16080402010050251,0.2727272727272727,199
source/det_pseudo-minus-no_adapt/K1,gamma_s1,class_score,given_loss_good,0.42574257425742573,0.3299974226804124,0.520844414893617,101
source/det_pseudo-minus-no_adapt/K1,gamma_s1,false_positives,loss_good_proxy_bad,0.195,0.145,0.25,200
source/det_pseudo-minus-no_adapt/K1,gamma_s1,false_positives,given_loss_good,0.38613861386138615,0.29462972689075634,0.48249151103565346,101
source/det_pseudo-minus-no_adapt/K1,gamma_s1,duplicates,loss_good_proxy_bad,0.075,0.04,0.115,200
source/det_pseudo-minus-no_adapt/K1,gamma_s1,duplicates,given_loss_good,0.1485148514851485,0.08163265306122448,0.2222222222222222,101
source/det_pseudo-minus-no_adapt/K1,gamma_s2,geometry,loss_good_proxy_bad,0.2864321608040201,0.2233220530174845,0.35000634517766493,199
source/det_pseudo-minus-no_adapt/K1,gamma_s2,geometry,given_loss_good,0.5277777777777778,0.4313680518078791,0.6228618421052629,108
source/det_pseudo-minus-no_adapt/K1,gamma_s2,class_score,loss_good_proxy_bad,0.19597989949748743,0.1457286432160804,0.255,199
source/det_pseudo-minus-no_adapt/K1,gamma_s2,class_score,given_loss_good,0.3611111111111111,0.28036448598130836,0.4536082474226804,108
source/det_pseudo-minus-no_adapt/K1,gamma_s2,false_positives,loss_good_proxy_bad,0.195,0.145,0.25,200
source/det_pseudo-minus-no_adapt/K1,gamma_s2,false_positives,given_loss_good,0.3611111111111111,0.2758532723434201,0.45162065756823816,108
source/det_pseudo-minus-no_adapt/K1,gamma_s2,duplicates,loss_good_proxy_bad,0.09,0.05,0.13,200
source/det_pseudo-minus-no_adapt/K1,gamma_s2,duplicates,given_loss_good,0.16666666666666666,0.1,0.2407748538011694,108
source/det_pseudo-minus-no_adapt/K1,contrast_s1,geometry,loss_good_proxy_bad,0.2613065326633166,0.20202020202020202,0.32323232323232326,199
source/det_pseudo-minus-no_adapt/K1,contrast_s1,geometry,given_loss_good,0.4369747899159664,0.3491626311541566,0.5299242424242424,119
source/det_pseudo-minus-no_adapt/K1,contrast_s1,class_score,loss_good_proxy_bad,0.21105527638190955,0.15151515151515152,0.26636528602608983,199
source/det_pseudo-minus-no_adapt/K1,contrast_s1,class_score,given_loss_good,0.35294117647058826,0.26828179442508715,0.4387817322050771,119
source/det_pseudo-minus-no_adapt/K1,contrast_s1,false_positives,loss_good_proxy_bad,0.23,0.175,0.29,200
source/det_pseudo-minus-no_adapt/K1,contrast_s1,false_positives,given_loss_good,0.3865546218487395,0.3008114799193105,0.47273079633544746,119
source/det_pseudo-minus-no_adapt/K1,contrast_s1,duplicates,loss_good_proxy_bad,0.075,0.04,0.11,200
source/det_pseudo-minus-no_adapt/K1,contrast_s1,duplicates,given_loss_good,0.12605042016806722,0.06837606837606838,0.1864406779661017,119
source/det_pseudo-minus-no_adapt/K1,contrast_s2,geometry,loss_good_proxy_bad,0.24120603015075376,0.18271804337794184,0.3030687586525148,199
source/det_pseudo-minus-no_adapt/K1,contrast_s2,geometry,given_loss_good,0.43636363636363634,0.3454465004022526,0.5294243338360984,110
source/det_pseudo-minus-no_adapt/K1,contrast_s2,class_score,loss_good_proxy_bad,0.18090452261306533,0.1306532663316583,0.23618090452261306,199
source/det_pseudo-minus-no_adapt/K1,contrast_s2,class_score,given_loss_good,0.32727272727272727,0.2416594827586207,0.4152711114444277,110
source/det_pseudo-minus-no_adapt/K1,contrast_s2,false_positives,loss_good_proxy_bad,0.23,0.175,0.29,200
source/det_pseudo-minus-no_adapt/K1,contrast_s2,false_positives,given_loss_good,0.41818181818181815,0.324780701754386,0.5126160029229082,110
source/det_pseudo-minus-no_adapt/K1,contrast_s2,duplicates,loss_good_proxy_bad,0.055,0.025,0.09,200
source/det_pseudo-minus-no_adapt/K1,contrast_s2,duplicates,given_loss_good,0.1,0.047619047619047616,0.15873386737872716,110
source/det_pseudo-minus-no_adapt/K1,color_cast_s1,geometry,loss_good_proxy_bad,0.19095477386934673,0.135,0.24623115577889448,199
source/det_pseudo-minus-no_adapt/K1,color_cast_s1,geometry,given_loss_good,0.4,0.3010726589414344,0.5,95
source/det_pseudo-minus-no_adapt/K1,color_cast_s1,class_score,loss_good_proxy_bad,0.17587939698492464,0.12121212121212122,0.2261592051164914,199
source/det_pseudo-minus-no_adapt/K1,color_cast_s1,class_score,given_loss_good,0.3684210526315789,0.269652117545376,0.46153846153846156,95
source/det_pseudo-minus-no_adapt/K1,color_cast_s1,false_positives,loss_good_proxy_bad,0.175,0.125,0.235,200
source/det_pseudo-minus-no_adapt/K1,color_cast_s1,false_positives,given_loss_good,0.3684210526315789,0.2777777777777778,0.46835443037974683,95
source/det_pseudo-minus-no_adapt/K1,color_cast_s1,duplicates,loss_good_proxy_bad,0.07,0.035,0.10512499999999932,200
source/det_pseudo-minus-no_adapt/K1,color_cast_s1,duplicates,given_loss_good,0.14736842105263157,0.07865168539325842,0.2222222222222222,95
source/det_pseudo-minus-no_adapt/K1,color_cast_s2,geometry,loss_good_proxy_bad,0.2814070351758794,0.22110552763819097,0.3417085427135678,199
source/det_pseudo-minus-no_adapt/K1,color_cast_s2,geometry,given_loss_good,0.5490196078431373,0.45263157894736844,0.6422018348623854,102
source/det_pseudo-minus-no_adapt/K1,color_cast_s2,class_score,loss_good_proxy_bad,0.19095477386934673,0.13703853253345638,0.24623115577889448,199
source/det_pseudo-minus-no_adapt/K1,color_cast_s2,class_score,given_loss_good,0.37254901960784315,0.2761904761904762,0.46536059855985595,102
source/det_pseudo-minus-no_adapt/K1,color_cast_s2,false_positives,loss_good_proxy_bad,0.22,0.165,0.28,200
source/det_pseudo-minus-no_adapt/K1,color_cast_s2,false_positives,given_loss_good,0.43137254901960786,0.3394495412844037,0.530015306122449,102
source/det_pseudo-minus-no_adapt/K1,color_cast_s2,duplicates,loss_good_proxy_bad,0.05,0.02,0.085,200
source/det_pseudo-minus-no_adapt/K1,color_cast_s2,duplicates,given_loss_good,0.09803921568627451,0.042105263157894736,0.16072868663594464,102
source/det_pseudo-minus-no_adapt/K1,clean_s0,geometry,loss_good_proxy_bad,0.2613065326633166,0.20495114213197968,0.3283257575757573,199
source/det_pseudo-minus-no_adapt/K1,clean_s0,geometry,given_loss_good,0.5,0.4020618556701031,0.6017010860622016,104
source/det_pseudo-minus-no_adapt/K1,clean_s0,class_score,loss_good_proxy_bad,0.1708542713567839,0.12,0.2200276381909546,199
source/det_pseudo-minus-no_adapt/K1,clean_s0,class_score,given_loss_good,0.3269230769230769,0.23711340206185566,0.4117776057791537,104
source/det_pseudo-minus-no_adapt/K1,clean_s0,false_positives,loss_good_proxy_bad,0.22,0.165,0.28,200
source/det_pseudo-minus-no_adapt/K1,clean_s0,false_positives,given_loss_good,0.4230769230769231,0.33,0.5157979626485569,104
source/det_pseudo-minus-no_adapt/K1,clean_s0,duplicates,loss_good_proxy_bad,0.085,0.05,0.125,200
source/det_pseudo-minus-no_adapt/K1,clean_s0,duplicates,given_loss_good,0.16346153846153846,0.09431164055004798,0.23958333333333334,104
source/det_pseudo-minus-no_adapt/K1,"corrupted_overall ratio [0,1)",geometry,loss_good_proxy_bad,0.23104693140794225,0.1776061776061776,0.289198606271777,277
source/det_pseudo-minus-no_adapt/K1,"corrupted_overall ratio [0,1)",geometry,given_loss_good,0.42953020134228187,0.3459061262520382,0.5142908902691511,149
source/det_pseudo-minus-no_adapt/K1,"corrupted_overall ratio [0,1)",class_score,loss_good_proxy_bad,0.19133574007220217,0.14859045557228914,0.2326481593851132,277
source/det_pseudo-minus-no_adapt/K1,"corrupted_overall ratio [0,1)",class_score,given_loss_good,0.35570469798657717,0.28124489379084966,0.4315105449886666,149
source/det_pseudo-minus-no_adapt/K1,"corrupted_overall ratio [0,1)",false_positives,loss_good_proxy_bad,0.09187279151943463,0.06108377354157097,0.12631774603795734,283
source/det_pseudo-minus-no_adapt/K1,"corrupted_overall ratio [0,1)",false_positives,given_loss_good,0.174496644295302,0.11764705882352941,0.23812576312576295,149
source/det_pseudo-minus-no_adapt/K1,"corrupted_overall ratio [0,1)",duplicates,loss_good_proxy_bad,0.0353356890459364,0.014084507042253521,0.058823529411764705,283
source/det_pseudo-minus-no_adapt/K1,"corrupted_overall ratio [0,1)",duplicates,given_loss_good,0.06711409395973154,0.027777777777777776,0.1111111111111111,149
source/det_pseudo-minus-no_adapt/K1,"corrupted_overall ratio [1,2)",geometry,loss_good_proxy_bad,0.1907514450867052,0.1352901430842607,0.25454827780914735,173
source/det_pseudo-minus-no_adapt/K1,"corrupted_overall ratio [1,2)",geometry,given_loss_good,0.4024390243902439,0.3026315789473684,0.512516447368421,82
source/det_pseudo-minus-no_adapt/K1,"corrupted_overall ratio [1,2)",class_score,loss_good_proxy_bad,0.17341040462427745,0.1204753439989466,0.226204318936877,173
source/det_pseudo-minus-no_adapt/K1,"corrupted_overall ratio [1,2)",class_score,given_loss_good,0.36585365853658536,0.25396233120113715,0.47368421052631576,82
source/det_pseudo-minus-no_adapt/K1,"corrupted_overall ratio [1,2)",false_positives,loss_good_proxy_bad,0.1329479768786127,0.08282967032967034,0.1840531159186309,173
source/det_pseudo-minus-no_adapt/K1,"corrupted_overall ratio [1,2)",false_positives,given_loss_good,0.2804878048780488,0.1828991130820399,0.379746835443038,82
source/det_pseudo-minus-no_adapt/K1,"corrupted_overall ratio [1,2)",duplicates,loss_good_proxy_bad,0.05202312138728324,0.021975019516003124,0.08771929824561403,173
source/det_pseudo-minus-no_adapt/K1,"corrupted_overall ratio [1,2)",duplicates,given_loss_good,0.10975609756097561,0.046511627906976744,0.18181818181818182,82
source/det_pseudo-minus-no_adapt/K1,"corrupted_overall ratio [2,4)",geometry,loss_good_proxy_bad,0.2720306513409962,0.21453896103896103,0.32806324110671936,261
source/det_pseudo-minus-no_adapt/K1,"corrupted_overall ratio [2,4)",geometry,given_loss_good,0.4797297297297297,0.3939393939393939,0.5608108108108109,148
source/det_pseudo-minus-no_adapt/K1,"corrupted_overall ratio [2,4)",class_score,loss_good_proxy_bad,0.2222222222222222,0.17053218180063687,0.27778354080221296,261
source/det_pseudo-minus-no_adapt/K1,"corrupted_overall ratio [2,4)",class_score,given_loss_good,0.3918918918918919,0.31156949934123845,0.47058823529411764,148
source/det_pseudo-minus-no_adapt/K1,"corrupted_overall ratio [2,4)",false_positives,loss_good_proxy_bad,0.2796934865900383,0.22670397257511596,0.3345595145953118,261
source/det_pseudo-minus-no_adapt/K1,"corrupted_overall ratio [2,4)",false_positives,given_loss_good,0.49324324324324326,0.41216216216216217,0.5714285714285714,148
source/det_pseudo-minus-no_adapt/K1,"corrupted_overall ratio [2,4)",duplicates,loss_good_proxy_bad,0.09578544061302682,0.05969831692600826,0.1351402154033733,261
source/det_pseudo-minus-no_adapt/K1,"corrupted_overall ratio [2,4)",duplicates,given_loss_good,0.16891891891891891,0.10869565217391304,0.23378414688759505,148
source/det_pseudo-minus-no_adapt/K1,"corrupted_overall ratio [4,inf)",geometry,loss_good_proxy_bad,0.2587991718426501,0.21541266704310183,0.30196611253196926,483
source/det_pseudo-minus-no_adapt/K1,"corrupted_overall ratio [4,inf)",geometry,given_loss_good,0.48828125,0.4227599755077049,0.5533649774138905,256
source/det_pseudo-minus-no_adapt/K1,"corrupted_overall ratio [4,inf)",class_score,loss_good_proxy_bad,0.19047619047619047,0.15207871835443038,0.23012594909202463,483
source/det_pseudo-minus-no_adapt/K1,"corrupted_overall ratio [4,inf)",class_score,given_loss_good,0.359375,0.29218106995884774,0.42857142857142855,256
source/det_pseudo-minus-no_adapt/K1,"corrupted_overall ratio [4,inf)",false_positives,loss_good_proxy_bad,0.2629399585921325,0.22340316532961282,0.30297335919158924,483
source/det_pseudo-minus-no_adapt/K1,"corrupted_overall ratio [4,inf)",false_positives,given_loss_good,0.49609375,0.4319954545454545,0.5622612121489761,256
source/det_pseudo-minus-no_adapt/K1,"corrupted_overall ratio [4,inf)",duplicates,loss_good_proxy_bad,0.08074534161490683,0.054538811918770164,0.10829589093701997,483
source/det_pseudo-minus-no_adapt/K1,"corrupted_overall ratio [4,inf)",duplicates,given_loss_good,0.15234375,0.10505795703495406,0.20233463035019456,256
source/det_pseudo-minus-no_adapt/K1,"clean_s0 ratio [0,1)",geometry,loss_good_proxy_bad,0.2413793103448276,0.13559322033898305,0.3510035682426398,58
source/det_pseudo-minus-no_adapt/K1,"clean_s0 ratio [0,1)",geometry,given_loss_good,0.4375,0.2592293906810036,0.6071428571428571,32
source/det_pseudo-minus-no_adapt/K1,"clean_s0 ratio [0,1)",class_score,loss_good_proxy_bad,0.1896551724137931,0.08928571428571429,0.29310344827586204,58
source/det_pseudo-minus-no_adapt/K1,"clean_s0 ratio [0,1)",class_score,given_loss_good,0.34375,0.18518518518518517,0.5143073593073592,32
source/det_pseudo-minus-no_adapt/K1,"clean_s0 ratio [0,1)",false_positives,loss_good_proxy_bad,0.1016949152542373,0.03389830508474576,0.1864406779661017,59
source/det_pseudo-minus-no_adapt/K1,"clean_s0 ratio [0,1)",false_positives,given_loss_good,0.1875,0.06060606060606061,0.3333333333333333,32
source/det_pseudo-minus-no_adapt/K1,"clean_s0 ratio [0,1)",duplicates,loss_good_proxy_bad,0.03389830508474576,0.0,0.0847457627118644,59
source/det_pseudo-minus-no_adapt/K1,"clean_s0 ratio [0,1)",duplicates,given_loss_good,0.0625,0.0,0.16,32
source/det_pseudo-minus-no_adapt/K1,"clean_s0 ratio [1,2)",geometry,loss_good_proxy_bad,0.25806451612903225,0.12903225806451613,0.41935483870967744,31
source/det_pseudo-minus-no_adapt/K1,"clean_s0 ratio [1,2)",geometry,given_loss_good,0.5714285714285714,0.3076923076923077,0.8181818181818182,14
source/det_pseudo-minus-no_adapt/K1,"clean_s0 ratio [1,2)",class_score,loss_good_proxy_bad,0.16129032258064516,0.03225806451612903,0.2903225806451613,31
source/det_pseudo-minus-no_adapt/K1,"clean_s0 ratio [1,2)",class_score,given_loss_good,0.35714285714285715,0.1111111111111111,0.6153846153846154,14
source/det_pseudo-minus-no_adapt/K1,"clean_s0 ratio [1,2)",false_positives,loss_good_proxy_bad,0.12903225806451613,0.03225806451612903,0.25806451612903225,31
source/det_pseudo-minus-no_adapt/K1,"clean_s0 ratio [1,2)",false_positives,given_loss_good,0.2857142857142857,0.06666666666666667,0.5454545454545454,14
source/det_pseudo-minus-no_adapt/K1,"clean_s0 ratio [1,2)",duplicates,loss_good_proxy_bad,0.0967741935483871,0.0,0.19435483870967302,31
source/det_pseudo-minus-no_adapt/K1,"clean_s0 ratio [1,2)",duplicates,given_loss_good,0.21428571428571427,0.0,0.46153846153846156,14
source/det_pseudo-minus-no_adapt/K1,"clean_s0 ratio [2,4)",geometry,loss_good_proxy_bad,0.23255813953488372,0.11627906976744186,0.3488372093023256,43
source/det_pseudo-minus-no_adapt/K1,"clean_s0 ratio [2,4)",geometry,given_loss_good,0.4,0.2,0.5926215277777775,25
source/det_pseudo-minus-no_adapt/K1,"clean_s0 ratio [2,4)",class_score,loss_good_proxy_bad,0.23255813953488372,0.11627906976744186,0.37209302325581395,43
source/det_pseudo-minus-no_adapt/K1,"clean_s0 ratio [2,4)",class_score,given_loss_good,0.4,0.20833333333333334,0.6,25
source/det_pseudo-minus-no_adapt/K1,"clean_s0 ratio [2,4)",false_positives,loss_good_proxy_bad,0.3488372093023256,0.20930232558139536,0.4883720930232558,43
source/det_pseudo-minus-no_adapt/K1,"clean_s0 ratio [2,4)",false_positives,given_loss_good,0.6,0.4136755485893417,0.7917025862068964,25
source/det_pseudo-minus-no_adapt/K1,"clean_s0 ratio [2,4)",duplicates,loss_good_proxy_bad,0.09302325581395349,0.023255813953488372,0.18604651162790697,43
source/det_pseudo-minus-no_adapt/K1,"clean_s0 ratio [2,4)",duplicates,given_loss_good,0.16,0.034482758620689655,0.3103448275862069,25
source/det_pseudo-minus-no_adapt/K1,"clean_s0 ratio [4,inf)",geometry,loss_good_proxy_bad,0.29850746268656714,0.19402985074626866,0.40298507462686567,67
source/det_pseudo-minus-no_adapt/K1,"clean_s0 ratio [4,inf)",geometry,given_loss_good,0.6060606060606061,0.43333333333333335,0.7741935483870968,33
source/det_pseudo-minus-no_adapt/K1,"clean_s0 ratio [4,inf)",class_score,loss_good_proxy_bad,0.11940298507462686,0.04477611940298507,0.208955223880597,67
source/det_pseudo-minus-no_adapt/K1,"clean_s0 ratio [4,inf)",class_score,given_loss_good,0.24242424242424243,0.10714285714285714,0.4,33
source/det_pseudo-minus-no_adapt/K1,"clean_s0 ratio [4,inf)",false_positives,loss_good_proxy_bad,0.2835820895522388,0.1791044776119403,0.40298507462686567,67
source/det_pseudo-minus-no_adapt/K1,"clean_s0 ratio [4,inf)",false_positives,given_loss_good,0.5757575757575758,0.4062288851351351,0.7419354838709677,33
source/det_pseudo-minus-no_adapt/K1,"clean_s0 ratio [4,inf)",duplicates,loss_good_proxy_bad,0.11940298507462686,0.04477611940298507,0.208955223880597,67
source/det_pseudo-minus-no_adapt/K1,"clean_s0 ratio [4,inf)",duplicates,given_loss_good,0.24242424242424243,0.1,0.39486842105263087,33
source/det_pseudo-minus-no_adapt/K3,corrupted_overall,geometry,loss_good_proxy_bad,0.22780569514237856,0.2051926298157454,0.25129166666666664,1194
source/det_pseudo-minus-no_adapt/K3,corrupted_overall,geometry,given_loss_good,0.43659711075441415,0.3966525974025974,0.477424765536432,623
source/det_pseudo-minus-no_adapt/K3,corrupted_overall,class_score,loss_good_proxy_bad,0.1658291457286432,0.1425,0.18855218855218855,1194
source/det_pseudo-minus-no_adapt/K3,corrupted_overall,class_score,given_loss_good,0.31781701444622795,0.27450980392156865,0.36088275248266816,623
source/det_pseudo-minus-no_adapt/K3,corrupted_overall,false_positives,loss_good_proxy_bad,0.25666666666666665,0.23,0.28583333333333333,1200
source/det_pseudo-minus-no_adapt/K3,corrupted_overall,false_positives,given_loss_good,0.4943820224719101,0.4501561641514375,0.5407733880225464,623
source/det_pseudo-minus-no_adapt/K3,corrupted_overall,duplicates,loss_good_proxy_bad,0.10416666666666667,0.08416666666666667,0.125,1200
source/det_pseudo-minus-no_adapt/K3,corrupted_overall,duplicates,given_loss_good,0.20064205457463885,0.16587072469297023,0.2396825396825397,623
source/det_pseudo-minus-no_adapt/K3,gamma_s1,geometry,loss_good_proxy_bad,0.19095477386934673,0.14,0.245,199
source/det_pseudo-minus-no_adapt/K3,gamma_s1,geometry,given_loss_good,0.4175824175824176,0.31958762886597936,0.5200136986301369,91
source/det_pseudo-minus-no_adapt/K3,gamma_s1,class_score,loss_good_proxy_bad,0.16080402010050251,0.11055276381909548,0.215,199
source/det_pseudo-minus-no_adapt/K3,gamma_s1,class_score,given_loss_good,0.3516483516483517,0.25280172413793106,0.44680851063829785,91
source/det_pseudo-minus-no_adapt/K3,gamma_s1,false_positives,loss_good_proxy_bad,0.22,0.16487500000000002,0.28,200
source/det_pseudo-minus-no_adapt/K3,gamma_s1,false_positives,given_loss_good,0.4835164835164835,0.3780131453911942,0.5934448462929474,91
source/det_pseudo-minus-no_adapt/K3,gamma_s1,duplicates,loss_good_proxy_bad,0.1,0.06,0.145,200
source/det_pseudo-minus-no_adapt/K3,gamma_s1,duplicates,given_loss_good,0.21978021978021978,0.13976254480286737,0.3048780487804878,91
source/det_pseudo-minus-no_adapt/K3,gamma_s2,geometry,loss_good_proxy_bad,0.2613065326633166,0.20100502512562815,0.3200402010050249,199
source/det_pseudo-minus-no_adapt/K3,gamma_s2,geometry,given_loss_good,0.4642857142857143,0.372722816399287,0.5526507409299949,112
source/det_pseudo-minus-no_adapt/K3,gamma_s2,class_score,loss_good_proxy_bad,0.1708542713567839,0.12,0.225,199
source/det_pseudo-minus-no_adapt/K3,gamma_s2,class_score,given_loss_good,0.30357142857142855,0.21818181818181817,0.3909363636363635,112
source/det_pseudo-minus-no_adapt/K3,gamma_s2,false_positives,loss_good_proxy_bad,0.29,0.225,0.35,200
source/det_pseudo-minus-no_adapt/K3,gamma_s2,false_positives,given_loss_good,0.5178571428571429,0.42342342342342343,0.6132238931440313,112
source/det_pseudo-minus-no_adapt/K3,gamma_s2,duplicates,loss_good_proxy_bad,0.1,0.06,0.145,200
source/det_pseudo-minus-no_adapt/K3,gamma_s2,duplicates,given_loss_good,0.17857142857142858,0.1111111111111111,0.2524322943280531,112
source/det_pseudo-minus-no_adapt/K3,contrast_s1,geometry,loss_good_proxy_bad,0.24623115577889448,0.19093090452261305,0.305,199
source/det_pseudo-minus-no_adapt/K3,contrast_s1,geometry,given_loss_good,0.4336283185840708,0.34744887239109123,0.5245942217172537,113
source/det_pseudo-minus-no_adapt/K3,contrast_s1,class_score,loss_good_proxy_bad,0.18592964824120603,0.135,0.23737373737373738,199
source/det_pseudo-minus-no_adapt/K3,contrast_s1,class_score,given_loss_good,0.3274336283185841,0.24239811912225706,0.4132373895696779,113
source/det_pseudo-minus-no_adapt/K3,contrast_s1,false_positives,loss_good_proxy_bad,0.25,0.195,0.31,200
source/det_pseudo-minus-no_adapt/K3,contrast_s1,false_positives,given_loss_good,0.4424778761061947,0.34950311412346585,0.5350943646996278,113
source/det_pseudo-minus-no_adapt/K3,contrast_s1,duplicates,loss_good_proxy_bad,0.135,0.09,0.185,200
source/det_pseudo-minus-no_adapt/K3,contrast_s1,duplicates,given_loss_good,0.23893805309734514,0.16215572715572715,0.3166768292682926,113
source/det_pseudo-minus-no_adapt/K3,contrast_s2,geometry,loss_good_proxy_bad,0.24623115577889448,0.19,0.30503831658291436,199
source/det_pseudo-minus-no_adapt/K3,contrast_s2,geometry,given_loss_good,0.44954128440366975,0.35454545454545455,0.5446631493506492,109
source/det_pseudo-minus-no_adapt/K3,contrast_s2,class_score,loss_good_proxy_bad,0.1407035175879397,0.09546545226130652,0.19,199
source/det_pseudo-minus-no_adapt/K3,contrast_s2,class_score,given_loss_good,0.25688073394495414,0.1792452830188679,0.34234859859859856,109
source/det_pseudo-minus-no_adapt/K3,contrast_s2,false_positives,loss_good_proxy_bad,0.31,0.25,0.375,200
source/det_pseudo-minus-no_adapt/K3,contrast_s2,false_positives,given_loss_good,0.5688073394495413,0.47786614047675996,0.6632702119309262,109
source/det_pseudo-minus-no_adapt/K3,contrast_s2,duplicates,loss_good_proxy_bad,0.08,0.045,0.12,200
source/det_pseudo-minus-no_adapt/K3,contrast_s2,duplicates,given_loss_good,0.14678899082568808,0.08333333333333333,0.21907142857142844,109
source/det_pseudo-minus-no_adapt/K3,color_cast_s1,geometry,loss_good_proxy_bad,0.19095477386934673,0.135,0.24623115577889448,199
source/det_pseudo-minus-no_adapt/K3,color_cast_s1,geometry,given_loss_good,0.4,0.2989353215513009,0.5054945054945055,95
source/det_pseudo-minus-no_adapt/K3,color_cast_s1,class_score,loss_good_proxy_bad,0.1658291457286432,0.11557788944723618,0.21719927703430228,199
source/det_pseudo-minus-no_adapt/K3,color_cast_s1,class_score,given_loss_good,0.3473684210526316,0.25489304812834224,0.44232954545454534,95
source/det_pseudo-minus-no_adapt/K3,color_cast_s1,false_positives,loss_good_proxy_bad,0.235,0.18,0.295,200
source/det_pseudo-minus-no_adapt/K3,color_cast_s1,false_positives,given_loss_good,0.49473684210526314,0.39470884658454647,0.594059405940594,95
source/det_pseudo-minus-no_adapt/K3,color_cast_s1,duplicates,loss_good_proxy_bad,0.095,0.06,0.14,200
source/det_pseudo-minus-no_adapt/K3,color_cast_s1,duplicates,given_loss_good,0.2,0.12643375680580762,0.28735632183908044,95
source/det_pseudo-minus-no_adapt/K3,color_cast_s2,geometry,loss_good_proxy_bad,0.23115577889447236,0.175,0.292966466697431,199
source/det_pseudo-minus-no_adapt/K3,color_cast_s2,geometry,given_loss_good,0.44660194174757284,0.3535204991087344,0.5464071724381001,103
source/det_pseudo-minus-no_adapt/K3,color_cast_s2,class_score,loss_good_proxy_bad,0.1708542713567839,0.12058793969849246,0.22113344500279158,199
source/det_pseudo-minus-no_adapt/K3,color_cast_s2,class_score,given_loss_good,0.3300970873786408,0.23958333333333334,0.4215686274509804,103
source/det_pseudo-minus-no_adapt/K3,color_cast_s2,false_positives,loss_good_proxy_bad,0.235,0.18,0.295,200
source/det_pseudo-minus-no_adapt/K3,color_cast_s2,false_positives,given_loss_good,0.4563106796116505,0.35998058252427184,0.5566062050184789,103
source/det_pseudo-minus-no_adapt/K3,color_cast_s2,duplicates,loss_good_proxy_bad,0.115,0.07,0.16,200
source/det_pseudo-minus-no_adapt/K3,color_cast_s2,duplicates,given_loss_good,0.22330097087378642,0.1415857060407849,0.31001699029126206,103
source/det_pseudo-minus-no_adapt/K3,clean_s0,geometry,loss_good_proxy_bad,0.3015075376884422,0.23615138190954774,0.365,199
source/det_pseudo-minus-no_adapt/K3,clean_s0,geometry,given_loss_good,0.5128205128205128,0.4214767290126142,0.6016967901604919,117
source/det_pseudo-minus-no_adapt/K3,clean_s0,class_score,loss_good_proxy_bad,0.21105527638190955,0.155,0.26636528602608983,199
source/det_pseudo-minus-no_adapt/K3,clean_s0,class_score,given_loss_good,0.358974358974359,0.27350427350427353,0.44231194690265485,117
source/det_pseudo-minus-no_adapt/K3,clean_s0,false_positives,loss_good_proxy_bad,0.31,0.245,0.375,200
source/det_pseudo-minus-no_adapt/K3,clean_s0,false_positives,given_loss_good,0.5299145299145299,0.4380165289256198,0.6218487394957983,117
source/det_pseudo-minus-no_adapt/K3,clean_s0,duplicates,loss_good_proxy_bad,0.135,0.09,0.18,200
source/det_pseudo-minus-no_adapt/K3,clean_s0,duplicates,given_loss_good,0.23076923076923078,0.15701221703197987,0.30693286433906547,117
source/det_pseudo-minus-no_adapt/K3,"corrupted_overall ratio [0,1)",geometry,loss_good_proxy_bad,0.24548736462093862,0.18971707925941333,0.29962612065928046,277
source/det_pseudo-minus-no_adapt/K3,"corrupted_overall ratio [0,1)",geometry,given_loss_good,0.4503311258278146,0.360437863372093,0.536146760956871,151
source/det_pseudo-minus-no_adapt/K3,"corrupted_overall ratio [0,1)",class_score,loss_good_proxy_bad,0.1588447653429603,0.10691703874405876,0.21498546460719414,277
source/det_pseudo-minus-no_adapt/K3,"corrupted_overall ratio [0,1)",class_score,given_loss_good,0.2913907284768212,0.20311680506993007,0.37953012048192764,151
source/det_pseudo-minus-no_adapt/K3,"corrupted_overall ratio [0,1)",false_positives,loss_good_proxy_bad,0.10247349823321555,0.06761445609310378,0.14130792334096107,283
source/det_pseudo-minus-no_adapt/K3,"corrupted_overall ratio [0,1)",false_positives,given_loss_good,0.19205298013245034,0.13193050486618005,0.2589938892259686,151
source/det_pseudo-minus-no_adapt/K3,"corrupted_overall ratio [0,1)",duplicates,loss_good_proxy_bad,0.05653710247349823,0.029411764705882353,0.08993475807589218,283
source/det_pseudo-minus-no_adapt/K3,"corrupted_overall ratio [0,1)",duplicates,given_loss_good,0.10596026490066225,0.054417813637082736,0.16788460466930405,151
source/det_pseudo-minus-no_adapt/K3,"corrupted_overall ratio [1,2)",geometry,loss_good_proxy_bad,0.20809248554913296,0.1489330040526849,0.27528510394940453,173
source/det_pseudo-minus-no_adapt/K3,"corrupted_overall ratio [1,2)",geometry,given_loss_good,0.41379310344827586,0.3125,0.52,87
source/det_pseudo-minus-no_adapt/K3,"corrupted_overall ratio [1,2)",class_score,loss_good_proxy_bad,0.17341040462427745,0.11827201884740848,0.2307803468208092,173
source/det_pseudo-minus-no_adapt/K3,"corrupted_overall ratio [1,2)",class_score,given_loss_good,0.3448275862068966,0.25,0.4431818181818182,87
source/det_pseudo-minus-no_adapt/K3,"corrupted_overall ratio [1,2)",false_positives,loss_good_proxy_bad,0.24277456647398843,0.17512779122948613,0.31613541097138687,173
source/det_pseudo-minus-no_adapt/K3,"corrupted_overall ratio [1,2)",false_positives,given_loss_good,0.4827586206896552,0.36780436312456016,0.5955056179775281,87
source/det_pseudo-minus-no_adapt/K3,"corrupted_overall ratio [1,2)",duplicates,loss_good_proxy_bad,0.09826589595375723,0.05324660633484163,0.14943217014247365,173
source/det_pseudo-minus-no_adapt/K3,"corrupted_overall ratio [1,2)",duplicates,given_loss_good,0.19540229885057472,0.11221655328798186,0.2839506172839506,87
source/det_pseudo-minus-no_adapt/K3,"corrupted_overall ratio [2,4)",geometry,loss_good_proxy_bad,0.210727969348659,0.16665162454873644,0.2585618429881458,261
source/det_pseudo-minus-no_adapt/K3,"corrupted_overall ratio [2,4)",geometry,given_loss_good,0.39568345323741005,0.32025490196078427,0.4790658682634729,139
source/det_pseudo-minus-no_adapt/K3,"corrupted_overall ratio [2,4)",class_score,loss_good_proxy_bad,0.19157088122605365,0.144,0.2415200852099817,261
source/det_pseudo-minus-no_adapt/K3,"corrupted_overall ratio [2,4)",class_score,given_loss_good,0.3597122302158273,0.28056115107913665,0.437511405109489,139
source/det_pseudo-minus-no_adapt/K3,"corrupted_overall ratio [2,4)",false_positives,loss_good_proxy_bad,0.3103448275862069,0.2582966313534103,0.36822695637412994,261
source/det_pseudo-minus-no_adapt/K3,"corrupted_overall ratio [2,4)",false_positives,given_loss_good,0.5827338129496403,0.5062461890243902,0.6691743782533256,139
source/det_pseudo-minus-no_adapt/K3,"corrupted_overall ratio [2,4)",duplicates,loss_good_proxy_bad,0.10727969348659004,0.071936337722275,0.14510129362948498,261
source/det_pseudo-minus-no_adapt/K3,"corrupted_overall ratio [2,4)",duplicates,given_loss_good,0.2014388489208633,0.13668247220405494,0.2676056338028169,139
source/det_pseudo-minus-no_adapt/K3,"corrupted_overall ratio [4,inf)",geometry,loss_good_proxy_bad,0.23395445134575568,0.197145288470957,0.26885465321902013,483
source/det_pseudo-minus-no_adapt/K3,"corrupted_overall ratio [4,inf)",geometry,given_loss_good,0.45934959349593496,0.39688059235909307,0.5171258503401359,246
source/det_pseudo-minus-no_adapt/K3,"corrupted_overall ratio [4,inf)",class_score,loss_good_proxy_bad,0.15320910973084886,0.11841970998925885,0.1913224121557455,483
source/det_pseudo-minus-no_adapt/K3,"corrupted_overall ratio [4,inf)",class_score,given_loss_good,0.3008130081300813,0.23728185812931576,0.3694048582389258,246
source/det_pseudo-minus-no_adapt/K3,"corrupted_overall ratio [4,inf)",false_positives,loss_good_proxy_bad,0.32298136645962733,0.27732492164703343,0.36820352467902484,483
source/det_pseudo-minus-no_adapt/K3,"corrupted_overall ratio [4,inf)",false_positives,given_loss_good,0.6341463414634146,0.5679891891891892,0.6940320456540825,246
source/det_pseudo-minus-no_adapt/K3,"corrupted_overall ratio [4,inf)",duplicates,loss_good_proxy_bad,0.13250517598343686,0.09795918367346938,0.1670023271150914,483
source/det_pseudo-minus-no_adapt/K3,"corrupted_overall ratio [4,inf)",duplicates,given_loss_good,0.2601626016260163,0.19767082974447314,0.3251053899427883,246
source/det_pseudo-minus-no_adapt/K3,"clean_s0 ratio [0,1)",geometry,loss_good_proxy_bad,0.3275862068965517,0.20680888369374634,0.4482758620689655,58
source/det_pseudo-minus-no_adapt/K3,"clean_s0 ratio [0,1)",geometry,given_loss_good,0.4634146341463415,0.3076388888888889,0.6190476190476191,41
source/det_pseudo-minus-no_adapt/K3,"clean_s0 ratio [0,1)",class_score,loss_good_proxy_bad,0.2413793103448276,0.13559322033898305,0.3510035682426398,58
source/det_pseudo-minus-no_adapt/K3,"clean_s0 ratio [0,1)",class_score,given_loss_good,0.34146341463414637,0.2,0.4878048780487805,41
source/det_pseudo-minus-no_adapt/K3,"clean_s0 ratio [0,1)",false_positives,loss_good_proxy_bad,0.288135593220339,0.1864406779661017,0.4067796610169492,59
source/det_pseudo-minus-no_adapt/K3,"clean_s0 ratio [0,1)",false_positives,given_loss_good,0.4146341463414634,0.2702208305866843,0.575,41
source/det_pseudo-minus-no_adapt/K3,"clean_s0 ratio [0,1)",duplicates,loss_good_proxy_bad,0.05084745762711865,0.0,0.11864406779661017,59
source/det_pseudo-minus-no_adapt/K3,"clean_s0 ratio [0,1)",duplicates,given_loss_good,0.07317073170731707,0.0,0.1628875968992243,41
source/det_pseudo-minus-no_adapt/K3,"clean_s0 ratio [1,2)",geometry,loss_good_proxy_bad,0.25806451612903225,0.12822580645161294,0.41935483870967744,31
source/det_pseudo-minus-no_adapt/K3,"clean_s0 ratio [1,2)",geometry,given_loss_good,0.6666666666666666,0.3747159090909091,0.9166666666666666,12
source/det_pseudo-minus-no_adapt/K3,"clean_s0 ratio [1,2)",class_score,loss_good_proxy_bad,0.16129032258064516,0.03225806451612903,0.2903225806451613,31
source/det_pseudo-minus-no_adapt/K3,"clean_s0 ratio [1,2)",class_score,given_loss_good,0.4166666666666667,0.125,0.7142857142857143,12
source/det_pseudo-minus-no_adapt/K3,"clean_s0 ratio [1,2)",false_positives,loss_good_proxy_bad,0.12903225806451613,0.03225806451612903,0.25806451612903225,31
source/det_pseudo-minus-no_adapt/K3,"clean_s0 ratio [1,2)",false_positives,given_loss_good,0.3333333333333333,0.09090909090909091,0.6,12
source/det_pseudo-minus-no_adapt/K3,"clean_s0 ratio [1,2)",duplicates,loss_good_proxy_bad,0.16129032258064516,0.03225806451612903,0.2903225806451613,31
source/det_pseudo-minus-no_adapt/K3,"clean_s0 ratio [1,2)",duplicates,given_loss_good,0.4166666666666667,0.14285714285714285,0.7,12
source/det_pseudo-minus-no_adapt/K3,"clean_s0 ratio [2,4)",geometry,loss_good_proxy_bad,0.3023255813953488,0.16279069767441862,0.4418604651162791,43
source/det_pseudo-minus-no_adapt/K3,"clean_s0 ratio [2,4)",geometry,given_loss_good,0.52,0.32142857142857145,0.72,25
source/det_pseudo-minus-no_adapt/K3,"clean_s0 ratio [2,4)",class_score,loss_good_proxy_bad,0.23255813953488372,0.11627906976744186,0.37209302325581395,43
source/det_pseudo-minus-no_adapt/K3,"clean_s0 ratio [2,4)",class_score,given_loss_good,0.4,0.20833333333333334,0.5862068965517241,25
source/det_pseudo-minus-no_adapt/K3,"clean_s0 ratio [2,4)",false_positives,loss_good_proxy_bad,0.3953488372093023,0.2558139534883721,0.5354651162790666,43
source/det_pseudo-minus-no_adapt/K3,"clean_s0 ratio [2,4)",false_positives,given_loss_good,0.68,0.4782608695652174,0.8636363636363636,25
source/det_pseudo-minus-no_adapt/K3,"clean_s0 ratio [2,4)",duplicates,loss_good_proxy_bad,0.18604651162790697,0.06976744186046512,0.3023255813953488,43
source/det_pseudo-minus-no_adapt/K3,"clean_s0 ratio [2,4)",duplicates,given_loss_good,0.32,0.14285714285714285,0.52,25
source/det_pseudo-minus-no_adapt/K3,"clean_s0 ratio [4,inf)",geometry,loss_good_proxy_bad,0.29850746268656714,0.19402985074626866,0.417910447761194,67
source/det_pseudo-minus-no_adapt/K3,"clean_s0 ratio [4,inf)",geometry,given_loss_good,0.5128205128205128,0.3611111111111111,0.6774193548387096,39
source/det_pseudo-minus-no_adapt/K3,"clean_s0 ratio [4,inf)",class_score,loss_good_proxy_bad,0.19402985074626866,0.1044776119402985,0.29850746268656714,67
source/det_pseudo-minus-no_adapt/K3,"clean_s0 ratio [4,inf)",class_score,given_loss_good,0.3333333333333333,0.1935483870967742,0.4762175324675323,39
source/det_pseudo-minus-no_adapt/K3,"clean_s0 ratio [4,inf)",false_positives,loss_good_proxy_bad,0.3582089552238806,0.25335820895522393,0.47761194029850745,67
source/det_pseudo-minus-no_adapt/K3,"clean_s0 ratio [4,inf)",false_positives,given_loss_good,0.6153846153846154,0.4650737379466818,0.775069444444444,39
source/det_pseudo-minus-no_adapt/K3,"clean_s0 ratio [4,inf)",duplicates,loss_good_proxy_bad,0.16417910447761194,0.07462686567164178,0.2537313432835821,67
source/det_pseudo-minus-no_adapt/K3,"clean_s0 ratio [4,inf)",duplicates,given_loss_good,0.28205128205128205,0.15,0.425,39
source/det_pseudo_clip_radius-minus-no_adapt/K1,corrupted_overall,geometry,loss_good_proxy_bad,0.23953098827470687,0.21440536013400335,0.26549413735343386,1194
source/det_pseudo_clip_radius-minus-no_adapt/K1,corrupted_overall,geometry,given_loss_good,0.45686900958466453,0.41490998834670556,0.4984025559105431,626
source/det_pseudo_clip_radius-minus-no_adapt/K1,corrupted_overall,class_score,loss_good_proxy_bad,0.1884422110552764,0.16415410385259632,0.211892797319933,1194
source/det_pseudo_clip_radius-minus-no_adapt/K1,corrupted_overall,class_score,given_loss_good,0.35942492012779553,0.31810428428593984,0.3990537185390126,626
source/det_pseudo_clip_radius-minus-no_adapt/K1,corrupted_overall,false_positives,loss_good_proxy_bad,0.14666666666666667,0.12583333333333332,0.16833333333333333,1200
source/det_pseudo_clip_radius-minus-no_adapt/K1,corrupted_overall,false_positives,given_loss_good,0.28115015974440893,0.24301494464067921,0.32020687841346585,626
source/det_pseudo_clip_radius-minus-no_adapt/K1,corrupted_overall,duplicates,loss_good_proxy_bad,0.0425,0.03,0.05583333333333333,1200
source/det_pseudo_clip_radius-minus-no_adapt/K1,corrupted_overall,duplicates,given_loss_good,0.08146964856230032,0.05863192182410423,0.1050080775444265,626
source/det_pseudo_clip_radius-minus-no_adapt/K1,gamma_s1,geometry,loss_good_proxy_bad,0.19095477386934673,0.14,0.245,199
source/det_pseudo_clip_radius-minus-no_adapt/K1,gamma_s1,geometry,given_loss_good,0.4418604651162791,0.3414562410329986,0.5454545454545454,86
source/det_pseudo_clip_radius-minus-no_adapt/K1,gamma_s1,class_score,loss_good_proxy_bad,0.1708542713567839,0.12060301507537688,0.22613065326633167,199
source/det_pseudo_clip_radius-minus-no_adapt/K1,gamma_s1,class_score,given_loss_good,0.3953488372093023,0.29347463768115944,0.5053856136447904,86
source/det_pseudo_clip_radius-minus-no_adapt/K1,gamma_s1,false_positives,loss_good_proxy_bad,0.125,0.085,0.175,200
source/det_pseudo_clip_radius-minus-no_adapt/K1,gamma_s1,false_positives,given_loss_good,0.29069767441860467,0.20253164556962025,0.38636363636363635,86
source/det_pseudo_clip_radius-minus-no_adapt/K1,gamma_s1,duplicates,loss_good_proxy_bad,0.045,0.02,0.075,200
source/det_pseudo_clip_radius-minus-no_adapt/K1,gamma_s1,duplicates,given_loss_good,0.10465116279069768,0.0449438202247191,0.17173458725182852,86
source/det_pseudo_clip_radius-minus-no_adapt/K1,gamma_s2,geometry,loss_good_proxy_bad,0.2964824120603015,0.23115577889447236,0.36185472818638625,199
source/det_pseudo_clip_radius-minus-no_adapt/K1,gamma_s2,geometry,given_loss_good,0.5412844036697247,0.44554455445544555,0.6381003039513677,109
source/det_pseudo_clip_radius-minus-no_adapt/K1,gamma_s2,class_score,loss_good_proxy_bad,0.23618090452261306,0.17587939698492464,0.3,199
source/det_pseudo_clip_radius-minus-no_adapt/K1,gamma_s2,class_score,given_loss_good,0.43119266055045874,0.3362812786084834,0.5267978896103895,109
source/det_pseudo_clip_radius-minus-no_adapt/K1,gamma_s2,false_positives,loss_good_proxy_bad,0.175,0.12,0.23,200
source/det_pseudo_clip_radius-minus-no_adapt/K1,gamma_s2,false_positives,given_loss_good,0.3211009174311927,0.23146367521367522,0.4077902068383283,109
source/det_pseudo_clip_radius-minus-no_adapt/K1,gamma_s2,duplicates,loss_good_proxy_bad,0.05,0.02,0.085,200
source/det_pseudo_clip_radius-minus-no_adapt/K1,gamma_s2,duplicates,given_loss_good,0.09174311926605505,0.0380952380952381,0.1485148514851485,109
source/det_pseudo_clip_radius-minus-no_adapt/K1,contrast_s1,geometry,loss_good_proxy_bad,0.24120603015075376,0.18090452261306533,0.3015075376884422,199
source/det_pseudo_clip_radius-minus-no_adapt/K1,contrast_s1,geometry,given_loss_good,0.47058823529411764,0.37497282608695653,0.5698951612903226,102
source/det_pseudo_clip_radius-minus-no_adapt/K1,contrast_s1,class_score,loss_good_proxy_bad,0.19095477386934673,0.14,0.24623115577889448,199
source/det_pseudo_clip_radius-minus-no_adapt/K1,contrast_s1,class_score,given_loss_good,0.37254901960784315,0.2828282828282828,0.4631768855127508,102
source/det_pseudo_clip_radius-minus-no_adapt/K1,contrast_s1,false_positives,loss_good_proxy_bad,0.15,0.105,0.2,200
source/det_pseudo_clip_radius-minus-no_adapt/K1,contrast_s1,false_positives,given_loss_good,0.29411764705882354,0.20950549450549452,0.3854166666666667,102
source/det_pseudo_clip_radius-minus-no_adapt/K1,contrast_s1,duplicates,loss_good_proxy_bad,0.05,0.025,0.08,200
source/det_pseudo_clip_radius-minus-no_adapt/K1,contrast_s1,duplicates,given_loss_good,0.09803921568627451,0.04597437519772224,0.1574074074074074,102
source/det_pseudo_clip_radius-minus-no_adapt/K1,contrast_s2,geometry,loss_good_proxy_bad,0.21608040201005024,0.16,0.27781302876480524,199
source/det_pseudo_clip_radius-minus-no_adapt/K1,contrast_s2,geometry,given_loss_good,0.40186915887850466,0.3052586975914362,0.5,107
source/det_pseudo_clip_radius-minus-no_adapt/K1,contrast_s2,class_score,loss_good_proxy_bad,0.1507537688442211,0.105,0.2,199
source/det_pseudo_clip_radius-minus-no_adapt/K1,contrast_s2,class_score,given_loss_good,0.2803738317757009,0.19811087240799552,0.36538461538461536,107
source/det_pseudo_clip_radius-minus-no_adapt/K1,contrast_s2,false_positives,loss_good_proxy_bad,0.125,0.08,0.175,200
source/det_pseudo_clip_radius-minus-no_adapt/K1,contrast_s2,false_positives,given_loss_good,0.2336448598130841,0.15684742647058825,0.3177776858820609,107
source/det_pseudo_clip_radius-minus-no_adapt/K1,contrast_s2,duplicates,loss_good_proxy_bad,0.055,0.025,0.09,200
source/det_pseudo_clip_radius-minus-no_adapt/K1,contrast_s2,duplicates,given_loss_good,0.102803738317757,0.04670753665437709,0.16666666666666666,107
source/det_pseudo_clip_radius-minus-no_adapt/K1,color_cast_s1,geometry,loss_good_proxy_bad,0.23618090452261306,0.17764254217299902,0.2964824120603015,199
source/det_pseudo_clip_radius-minus-no_adapt/K1,color_cast_s1,geometry,given_loss_good,0.43119266055045874,0.33980582524271846,0.5267978896103895,109
source/det_pseudo_clip_radius-minus-no_adapt/K1,color_cast_s1,class_score,loss_good_proxy_bad,0.18592964824120603,0.1319796954314721,0.24242424242424243,199
source/det_pseudo_clip_radius-minus-no_adapt/K1,color_cast_s1,class_score,given_loss_good,0.3394495412844037,0.2521720862257947,0.43103448275862066,109
source/det_pseudo_clip_radius-minus-no_adapt/K1,color_cast_s1,false_positives,loss_good_proxy_bad,0.12,0.08,0.165,200
source/det_pseudo_clip_radius-minus-no_adapt/K1,color_cast_s1,false_positives,given_loss_good,0.22018348623853212,0.1485056839017235,0.29632132132132116,109
source/det_pseudo_clip_radius-minus-no_adapt/K1,color_cast_s1,duplicates,loss_good_proxy_bad,0.025,0.005,0.05,200
source/det_pseudo_clip_radius-minus-no_adapt/K1,color_cast_s1,duplicates,given_loss_good,0.045871559633027525,0.009523809523809525,0.08738715721342186,109
source/det_pseudo_clip_radius-minus-no_adapt/K1,color_cast_s2,geometry,loss_good_proxy_bad,0.2562814070351759,0.19597989949748743,0.315,199
source/det_pseudo_clip_radius-minus-no_adapt/K1,color_cast_s2,geometry,given_loss_good,0.45132743362831856,0.35779630044006866,0.531536894036894,113
source/det_pseudo_clip_radius-minus-no_adapt/K1,color_cast_s2,class_score,loss_good_proxy_bad,0.19597989949748743,0.1406859296482412,0.25125628140703515,199
source/det_pseudo_clip_radius-minus-no_adapt/K1,color_cast_s2,class_score,given_loss_good,0.34513274336283184,0.25663716814159293,0.43479090607368065,113
source/det_pseudo_clip_radius-minus-no_adapt/K1,color_cast_s2,false_positives,loss_good_proxy_bad,0.185,0.135,0.24,200
source/det_pseudo_clip_radius-minus-no_adapt/K1,color_cast_s2,false_positives,given_loss_good,0.3274336283185841,0.2438973150235704,0.4166666666666667,113
source/det_pseudo_clip_radius-minus-no_adapt/K1,color_cast_s2,duplicates,loss_good_proxy_bad,0.03,0.01,0.055,200
source/det_pseudo_clip_radius-minus-no_adapt/K1,color_cast_s2,duplicates,given_loss_good,0.05309734513274336,0.017094017094017096,0.09910096046459682,113
source/det_pseudo_clip_radius-minus-no_adapt/K1,clean_s0,geometry,loss_good_proxy_bad,0.20603015075376885,0.1507537688442211,0.2613065326633166,199
source/det_pseudo_clip_radius-minus-no_adapt/K1,clean_s0,geometry,given_loss_good,0.41,0.3113207547169811,0.50495299529953,100
source/det_pseudo_clip_radius-minus-no_adapt/K1,clean_s0,class_score,loss_good_proxy_bad,0.19095477386934673,0.135678391959799,0.245,199
source/det_pseudo_clip_radius-minus-no_adapt/K1,clean_s0,class_score,given_loss_good,0.38,0.28421052631578947,0.47917729591836733,100
source/det_pseudo_clip_radius-minus-no_adapt/K1,clean_s0,false_positives,loss_good_proxy_bad,0.185,0.135,0.2401249999999993,200
source/det_pseudo_clip_radius-minus-no_adapt/K1,clean_s0,false_positives,given_loss_good,0.37,0.2772119233199916,0.4674037694455524,100
source/det_pseudo_clip_radius-minus-no_adapt/K1,clean_s0,duplicates,loss_good_proxy_bad,0.05,0.02,0.08,200
source/det_pseudo_clip_radius-minus-no_adapt/K1,clean_s0,duplicates,given_loss_good,0.1,0.0425531914893617,0.16162337662337659,100
source/det_pseudo_clip_radius-minus-no_adapt/K1,"corrupted_overall ratio [0,1)",geometry,loss_good_proxy_bad,0.23104693140794225,0.17670644985958875,0.2848382558947133,277
source/det_pseudo_clip_radius-minus-no_adapt/K1,"corrupted_overall ratio [0,1)",geometry,given_loss_good,0.42953020134228187,0.3450643516270034,0.5126842379053232,149
source/det_pseudo_clip_radius-minus-no_adapt/K1,"corrupted_overall ratio [0,1)",class_score,loss_good_proxy_bad,0.18050541516245489,0.13061186414864454,0.233718886959398,277
source/det_pseudo_clip_radius-minus-no_adapt/K1,"corrupted_overall ratio [0,1)",class_score,given_loss_good,0.33557046979865773,0.25489883851629824,0.4114017125837677,149
source/det_pseudo_clip_radius-minus-no_adapt/K1,"corrupted_overall ratio [0,1)",false_positives,loss_good_proxy_bad,0.13427561837455831,0.09731543624161074,0.17406212433156928,283
source/det_pseudo_clip_radius-minus-no_adapt/K1,"corrupted_overall ratio [0,1)",false_positives,given_loss_good,0.2550335570469799,0.18702927313321757,0.3310810810810811,149
source/det_pseudo_clip_radius-minus-no_adapt/K1,"corrupted_overall ratio [0,1)",duplicates,loss_good_proxy_bad,0.038869257950530034,0.017482517482517484,0.06433139941283365,283
source/det_pseudo_clip_radius-minus-no_adapt/K1,"corrupted_overall ratio [0,1)",duplicates,given_loss_good,0.0738255033557047,0.035193054881010204,0.12080942844771594,149
source/det_pseudo_clip_radius-minus-no_adapt/K1,"corrupted_overall ratio [1,2)",geometry,loss_good_proxy_bad,0.20809248554913296,0.15053067023232491,0.2742857142857143,173
source/det_pseudo_clip_radius-minus-no_adapt/K1,"corrupted_overall ratio [1,2)",geometry,given_loss_good,0.43373493975903615,0.32429702429702434,0.5517331178160919,83
source/det_pseudo_clip_radius-minus-no_adapt/K1,"corrupted_overall ratio [1,2)",class_score,loss_good_proxy_bad,0.15606936416184972,0.10588235294117647,0.20810489733678494,173
source/det_pseudo_clip_radius-minus-no_adapt/K1,"corrupted_overall ratio [1,2)",class_score,given_loss_good,0.3253012048192771,0.2235294117647059,0.4268326938887366,83
source/det_pseudo_clip_radius-minus-no_adapt/K1,"corrupted_overall ratio [1,2)",false_positives,loss_good_proxy_bad,0.15028901734104047,0.10301478641840088,0.19780366692131396,173
source/det_pseudo_clip_radius-minus-no_adapt/K1,"corrupted_overall ratio [1,2)",false_positives,given_loss_good,0.3132530120481928,0.22368034055727554,0.40476190476190477,83
source/det_pseudo_clip_radius-minus-no_adapt/K1,"corrupted_overall ratio [1,2)",duplicates,loss_good_proxy_bad,0.05202312138728324,0.0223463687150838,0.08771929824561403,173
source/det_pseudo_clip_radius-minus-no_adapt/K1,"corrupted_overall ratio [1,2)",duplicates,given_loss_good,0.10843373493975904,0.047058823529411764,0.17721518987341772,83
source/det_pseudo_clip_radius-minus-no_adapt/K1,"corrupted_overall ratio [2,4)",geometry,loss_good_proxy_bad,0.23371647509578544,0.18180940680940683,0.2891740876549676,261
source/det_pseudo_clip_radius-minus-no_adapt/K1,"corrupted_overall ratio [2,4)",geometry,given_loss_good,0.46923076923076923,0.38167687826436325,0.5606111793611793,130
source/det_pseudo_clip_radius-minus-no_adapt/K1,"corrupted_overall ratio [2,4)",class_score,loss_good_proxy_bad,0.19540229885057472,0.14772727272727273,0.24461761330235415,261
source/det_pseudo_clip_radius-minus-no_adapt/K1,"corrupted_overall ratio [2,4)",class_score,given_loss_good,0.3923076923076923,0.30882106198183973,0.4776281635301751,130
source/det_pseudo_clip_radius-minus-no_adapt/K1,"corrupted_overall ratio [2,4)",false_positives,loss_good_proxy_bad,0.19540229885057472,0.1479964980544747,0.24627136058836252,261
source/det_pseudo_clip_radius-minus-no_adapt/K1,"corrupted_overall ratio [2,4)",false_positives,given_loss_good,0.3923076923076923,0.30926697998787145,0.47794916879795396,130
source/det_pseudo_clip_radius-minus-no_adapt/K1,"corrupted_overall ratio [2,4)",duplicates,loss_good_proxy_bad,0.05747126436781609,0.02928262643448671,0.08865624743284316,261
source/det_pseudo_clip_radius-minus-no_adapt/K1,"corrupted_overall ratio [2,4)",duplicates,given_loss_good,0.11538461538461539,0.06060606060606061,0.17364146270396252,130
source/det_pseudo_clip_radius-minus-no_adapt/K1,"corrupted_overall ratio [4,inf)",geometry,loss_good_proxy_bad,0.2587991718426501,0.21893760173629953,0.29979035639413,483
source/det_pseudo_clip_radius-minus-no_adapt/K1,"corrupted_overall ratio [4,inf)",geometry,given_loss_good,0.4734848484848485,0.41195671108788434,0.5349804221995232,264
source/det_pseudo_clip_radius-minus-no_adapt/K1,"corrupted_overall ratio [4,inf)",class_score,loss_good_proxy_bad,0.20082815734989648,0.1622087808520422,0.24203821656050956,483
source/det_pseudo_clip_radius-minus-no_adapt/K1,"corrupted_overall ratio [4,inf)",class_score,given_loss_good,0.36742424242424243,0.3033677442907557,0.43130155749815313,264
source/det_pseudo_clip_radius-minus-no_adapt/K1,"corrupted_overall ratio [4,inf)",false_positives,loss_good_proxy_bad,0.12629399585921325,0.09607760053173812,0.16110666182807132,483
source/det_pseudo_clip_radius-minus-no_adapt/K1,"corrupted_overall ratio [4,inf)",false_positives,given_loss_good,0.23106060606060605,0.17752587036739934,0.2893645016797312,264
source/det_pseudo_clip_radius-minus-no_adapt/K1,"corrupted_overall ratio [4,inf)",duplicates,loss_good_proxy_bad,0.033126293995859216,0.01874612603305785,0.04842264752791068,483
source/det_pseudo_clip_radius-minus-no_adapt/K1,"corrupted_overall ratio [4,inf)",duplicates,given_loss_good,0.06060606060606061,0.03434787972019853,0.08922099044078596,264
source/det_pseudo_clip_radius-minus-no_adapt/K1,"clean_s0 ratio [0,1)",geometry,loss_good_proxy_bad,0.27586206896551724,0.1694915254237288,0.39655172413793105,58
source/det_pseudo_clip_radius-minus-no_adapt/K1,"clean_s0 ratio [0,1)",geometry,given_loss_good,0.48484848484848486,0.3055555555555556,0.6451612903225806,33
source/det_pseudo_clip_radius-minus-no_adapt/K1,"clean_s0 ratio [0,1)",class_score,loss_good_proxy_bad,0.22413793103448276,0.12280701754385964,0.3275862068965517,58
source/det_pseudo_clip_radius-minus-no_adapt/K1,"clean_s0 ratio [0,1)",class_score,given_loss_good,0.3939393939393939,0.2352450980392157,0.5666666666666667,33
source/det_pseudo_clip_radius-minus-no_adapt/K1,"clean_s0 ratio [0,1)",false_positives,loss_good_proxy_bad,0.23728813559322035,0.13559322033898305,0.3394067796610146,59
source/det_pseudo_clip_radius-minus-no_adapt/K1,"clean_s0 ratio [0,1)",false_positives,given_loss_good,0.42424242424242425,0.2571428571428571,0.6,33
source/det_pseudo_clip_radius-minus-no_adapt/K1,"clean_s0 ratio [0,1)",duplicates,loss_good_proxy_bad,0.05084745762711865,0.0,0.11864406779661017,59
source/det_pseudo_clip_radius-minus-no_adapt/K1,"clean_s0 ratio [0,1)",duplicates,given_loss_good,0.09090909090909091,0.0,0.20588235294117646,33
source/det_pseudo_clip_radius-minus-no_adapt/K1,"clean_s0 ratio [1,2)",geometry,loss_good_proxy_bad,0.16129032258064516,0.03225806451612903,0.2903225806451613,31
source/det_pseudo_clip_radius-minus-no_adapt/K1,"clean_s0 ratio [1,2)",geometry,given_loss_good,0.35714285714285715,0.10513157894736842,0.6363636363636364,14
source/det_pseudo_clip_radius-minus-no_adapt/K1,"clean_s0 ratio [1,2)",class_score,loss_good_proxy_bad,0.0967741935483871,0.0,0.22580645161290322,31
source/det_pseudo_clip_radius-minus-no_adapt/K1,"clean_s0 ratio [1,2)",class_score,given_loss_good,0.21428571428571427,0.0,0.45454545454545453,14
source/det_pseudo_clip_radius-minus-no_adapt/K1,"clean_s0 ratio [1,2)",false_positives,loss_good_proxy_bad,0.16129032258064516,0.03225806451612903,0.2903225806451613,31
source/det_pseudo_clip_radius-minus-no_adapt/K1,"clean_s0 ratio [1,2)",false_positives,given_loss_good,0.35714285714285715,0.09090909090909091,0.6,14
source/det_pseudo_clip_radius-minus-no_adapt/K1,"clean_s0 ratio [1,2)",duplicates,loss_good_proxy_bad,0.06451612903225806,0.0,0.16129032258064516,31
source/det_pseudo_clip_radius-minus-no_adapt/K1,"clean_s0 ratio [1,2)",duplicates,given_loss_good,0.14285714285714285,0.0,0.36363636363636365,14
source/det_pseudo_clip_radius-minus-no_adapt/K1,"clean_s0 ratio [2,4)",geometry,loss_good_proxy_bad,0.16279069767441862,0.06976744186046512,0.27906976744186046,43
source/det_pseudo_clip_radius-minus-no_adapt/K1,"clean_s0 ratio [2,4)",geometry,given_loss_good,0.3684210526315789,0.15,0.6,19
source/det_pseudo_clip_radius-minus-no_adapt/K1,"clean_s0 ratio [2,4)",class_score,loss_good_proxy_bad,0.20930232558139536,0.09302325581395349,0.32558139534883723,43
source/det_pseudo_clip_radius-minus-no_adapt/K1,"clean_s0 ratio [2,4)",class_score,given_loss_good,0.47368421052631576,0.25,0.700092592592592,19
source/det_pseudo_clip_radius-minus-no_adapt/K1,"clean_s0 ratio [2,4)",false_positives,loss_good_proxy_bad,0.20930232558139536,0.09302325581395349,0.32558139534883723,43
source/det_pseudo_clip_radius-minus-no_adapt/K1,"clean_s0 ratio [2,4)",false_positives,given_loss_good,0.47368421052631576,0.25,0.7001470588235286,19
source/det_pseudo_clip_radius-minus-no_adapt/K1,"clean_s0 ratio [2,4)",duplicates,loss_good_proxy_bad,0.0,0.0,0.0,43
source/det_pseudo_clip_radius-minus-no_adapt/K1,"clean_s0 ratio [2,4)",duplicates,given_loss_good,0.0,0.0,0.0,19
source/det_pseudo_clip_radius-minus-no_adapt/K1,"clean_s0 ratio [4,inf)",geometry,loss_good_proxy_bad,0.19402985074626866,0.1044776119402985,0.2835820895522388,67
source/det_pseudo_clip_radius-minus-no_adapt/K1,"clean_s0 ratio [4,inf)",geometry,given_loss_good,0.38235294117647056,0.21212121212121213,0.5455278592375362,34
source/det_pseudo_clip_radius-minus-no_adapt/K1,"clean_s0 ratio [4,inf)",class_score,loss_good_proxy_bad,0.19402985074626866,0.1044776119402985,0.29850746268656714,67
source/det_pseudo_clip_radius-minus-no_adapt/K1,"clean_s0 ratio [4,inf)",class_score,given_loss_good,0.38235294117647056,0.2222222222222222,0.5483870967741935,34
source/det_pseudo_clip_radius-minus-no_adapt/K1,"clean_s0 ratio [4,inf)",false_positives,loss_good_proxy_bad,0.13432835820895522,0.05970149253731343,0.22388059701492538,67
source/det_pseudo_clip_radius-minus-no_adapt/K1,"clean_s0 ratio [4,inf)",false_positives,given_loss_good,0.2647058823529412,0.12118181818181818,0.41935483870967744,34
source/det_pseudo_clip_radius-minus-no_adapt/K1,"clean_s0 ratio [4,inf)",duplicates,loss_good_proxy_bad,0.07462686567164178,0.014925373134328358,0.14925373134328357,67
source/det_pseudo_clip_radius-minus-no_adapt/K1,"clean_s0 ratio [4,inf)",duplicates,given_loss_good,0.14705882352941177,0.035683497536945816,0.28125,34
source/det_pseudo_clip_radius-minus-no_adapt/K3,corrupted_overall,geometry,loss_good_proxy_bad,0.2403685092127303,0.21741533386050388,0.26500378787878787,1194
source/det_pseudo_clip_radius-minus-no_adapt/K3,corrupted_overall,geometry,given_loss_good,0.4592,0.41951096742511046,0.5,625
source/det_pseudo_clip_radius-minus-no_adapt/K3,corrupted_overall,class_score,loss_good_proxy_bad,0.17252931323283083,0.15,0.19583333333333333,1194
source/det_pseudo_clip_radius-minus-no_adapt/K3,corrupted_overall,class_score,given_loss_good,0.3296,0.2892559221025018,0.37073170731707317,625
source/det_pseudo_clip_radius-minus-no_adapt/K3,corrupted_overall,false_positives,loss_good_proxy_bad,0.2025,0.18081250000000001,0.22668749999999988,1200
source/det_pseudo_clip_radius-minus-no_adapt/K3,corrupted_overall,false_positives,given_loss_good,0.3888,0.3507829349839244,0.42879524830378896,625
source/det_pseudo_clip_radius-minus-no_adapt/K3,corrupted_overall,duplicates,loss_good_proxy_bad,0.06916666666666667,0.05333333333333334,0.0875,1200
source/det_pseudo_clip_radius-minus-no_adapt/K3,corrupted_overall,duplicates,given_loss_good,0.1328,0.10422959617213265,0.1650998822665973,625
source/det_pseudo_clip_radius-minus-no_adapt/K3,gamma_s1,geometry,loss_good_proxy_bad,0.27638190954773867,0.215,0.34,199
source/det_pseudo_clip_radius-minus-no_adapt/K3,gamma_s1,geometry,given_loss_good,0.5445544554455446,0.4494091437427354,0.6428726708074534,101
source/det_pseudo_clip_radius-minus-no_adapt/K3,gamma_s1,class_score,loss_good_proxy_bad,0.18090452261306533,0.13,0.23115577889447236,199
source/det_pseudo_clip_radius-minus-no_adapt/K3,gamma_s1,class_score,given_loss_good,0.3564356435643564,0.26665137614678897,0.4454567956795679,101
source/det_pseudo_clip_radius-minus-no_adapt/K3,gamma_s1,false_positives,loss_good_proxy_bad,0.22,0.165,0.28,200
source/det_pseudo_clip_radius-minus-no_adapt/K3,gamma_s1,false_positives,given_loss_good,0.43564356435643564,0.33980582524271846,0.5321250964588871,101
source/det_pseudo_clip_radius-minus-no_adapt/K3,gamma_s1,duplicates,loss_good_proxy_bad,0.075,0.04,0.115,200
source/det_pseudo_clip_radius-minus-no_adapt/K3,gamma_s1,duplicates,given_loss_good,0.1485148514851485,0.08247422680412371,0.2222222222222222,101
source/det_pseudo_clip_radius-minus-no_adapt/K3,gamma_s2,geometry,loss_good_proxy_bad,0.21608040201005024,0.16,0.275,199
source/det_pseudo_clip_radius-minus-no_adapt/K3,gamma_s2,geometry,given_loss_good,0.4387755102040816,0.3406480117820324,0.5377539912917271,98
source/det_pseudo_clip_radius-minus-no_adapt/K3,gamma_s2,class_score,loss_good_proxy_bad,0.18090452261306533,0.12626262626262627,0.23618090452261306,199
source/det_pseudo_clip_radius-minus-no_adapt/K3,gamma_s2,class_score,given_loss_good,0.3673469387755102,0.26804123711340205,0.4666666666666667,98
source/det_pseudo_clip_radius-minus-no_adapt/K3,gamma_s2,false_positives,loss_good_proxy_bad,0.195,0.145,0.25,200
source/det_pseudo_clip_radius-minus-no_adapt/K3,gamma_s2,false_positives,given_loss_good,0.3979591836734694,0.303023352793995,0.49425918908677524,98
source/det_pseudo_clip_radius-minus-no_adapt/K3,gamma_s2,duplicates,loss_good_proxy_bad,0.075,0.04,0.115,200
source/det_pseudo_clip_radius-minus-no_adapt/K3,gamma_s2,duplicates,given_loss_good,0.15306122448979592,0.08409267912772585,0.23078947368421043,98
source/det_pseudo_clip_radius-minus-no_adapt/K3,contrast_s1,geometry,loss_good_proxy_bad,0.24623115577889448,0.18686868686868688,0.305,199
source/det_pseudo_clip_radius-minus-no_adapt/K3,contrast_s1,geometry,given_loss_good,0.44144144144144143,0.3529291224686596,0.5327102803738317,111
source/det_pseudo_clip_radius-minus-no_adapt/K3,contrast_s1,class_score,loss_good_proxy_bad,0.18592964824120603,0.135,0.24120603015075376,199
source/det_pseudo_clip_radius-minus-no_adapt/K3,contrast_s1,class_score,given_loss_good,0.3333333333333333,0.24761669024045263,0.41964285714285715,111
source/det_pseudo_clip_radius-minus-no_adapt/K3,contrast_s1,false_positives,loss_good_proxy_bad,0.185,0.135,0.24,200
source/det_pseudo_clip_radius-minus-no_adapt/K3,contrast_s1,false_positives,given_loss_good,0.3333333333333333,0.2472693831352575,0.4205730447614362,111
source/det_pseudo_clip_radius-minus-no_adapt/K3,contrast_s1,duplicates,loss_good_proxy_bad,0.085,0.05,0.125,200
source/det_pseudo_clip_radius-minus-no_adapt/K3,contrast_s1,duplicates,given_loss_good,0.15315315315315314,0.08847616829684832,0.22224517906336075,111
source/det_pseudo_clip_radius-minus-no_adapt/K3,contrast_s2,geometry,loss_good_proxy_bad,0.19597989949748743,0.145,0.25252525252525254,199
source/det_pseudo_clip_radius-minus-no_adapt/K3,contrast_s2,geometry,given_loss_good,0.375,0.2829746462264151,0.4684824204735708,104
source/det_pseudo_clip_radius-minus-no_adapt/K3,contrast_s2,class_score,loss_good_proxy_bad,0.1407035175879397,0.09547738693467336,0.19,199
source/det_pseudo_clip_radius-minus-no_adapt/K3,contrast_s2,class_score,given_loss_good,0.2692307692307692,0.18802083333333333,0.35111076345431763,104
source/det_pseudo_clip_radius-minus-no_adapt/K3,contrast_s2,false_positives,loss_good_proxy_bad,0.22,0.17,0.28,200
source/det_pseudo_clip_radius-minus-no_adapt/K3,contrast_s2,false_positives,given_loss_good,0.4230769230769231,0.3333333333333333,0.5192401960784314,104
source/det_pseudo_clip_radius-minus-no_adapt/K3,contrast_s2,duplicates,loss_good_proxy_bad,0.06,0.03,0.095,200
source/det_pseudo_clip_radius-minus-no_adapt/K3,contrast_s2,duplicates,given_loss_good,0.11538461538461539,0.05606178608515057,0.17822666195190942,104
source/det_pseudo_clip_radius-minus-no_adapt/K3,color_cast_s1,geometry,loss_good_proxy_bad,0.23618090452261306,0.17676767676767677,0.2959324684647728,199
source/det_pseudo_clip_radius-minus-no_adapt/K3,color_cast_s1,geometry,given_loss_good,0.44761904761904764,0.35416205752212393,0.5428571428571428,105
source/det_pseudo_clip_radius-minus-no_adapt/K3,color_cast_s1,class_score,loss_good_proxy_bad,0.1708542713567839,0.12,0.2222222222222222,199
source/det_pseudo_clip_radius-minus-no_adapt/K3,color_cast_s1,class_score,given_loss_good,0.3238095238095238,0.23231872294372294,0.41670454545454527,105
source/det_pseudo_clip_radius-minus-no_adapt/K3,color_cast_s1,false_positives,loss_good_proxy_bad,0.18,0.13,0.235,200
source/det_pseudo_clip_radius-minus-no_adapt/K3,color_cast_s1,false_positives,given_loss_good,0.34285714285714286,0.2545454545454545,0.43928020234930965,105
source/det_pseudo_clip_radius-minus-no_adapt/K3,color_cast_s1,duplicates,loss_good_proxy_bad,0.04,0.015,0.07,200
source/det_pseudo_clip_radius-minus-no_adapt/K3,color_cast_s1,duplicates,given_loss_good,0.0761904761904762,0.029695690157251018,0.1308411214953271,105
source/det_pseudo_clip_radius-minus-no_adapt/K3,color_cast_s2,geometry,loss_good_proxy_bad,0.271356783919598,0.21,0.33337499999999975,199
source/det_pseudo_clip_radius-minus-no_adapt/K3,color_cast_s2,geometry,given_loss_good,0.5094339622641509,0.41344610091743117,0.6060876623376622,106
source/det_pseudo_clip_radius-minus-no_adapt/K3,color_cast_s2,class_score,loss_good_proxy_bad,0.17587939698492464,0.12561243718592963,0.23,199
source/det_pseudo_clip_radius-minus-no_adapt/K3,color_cast_s2,class_score,given_loss_good,0.330188679245283,0.2399895833333333,0.4205971876875587,106
source/det_pseudo_clip_radius-minus-no_adapt/K3,color_cast_s2,false_positives,loss_good_proxy_bad,0.215,0.16,0.275,200
source/det_pseudo_clip_radius-minus-no_adapt/K3,color_cast_s2,false_positives,given_loss_good,0.4056603773584906,0.31425685425685423,0.5,106
source/det_pseudo_clip_radius-minus-no_adapt/K3,color_cast_s2,duplicates,loss_good_proxy_bad,0.08,0.045,0.12,200
source/det_pseudo_clip_radius-minus-no_adapt/K3,color_cast_s2,duplicates,given_loss_good,0.1509433962264151,0.08736808780075982,0.2222222222222222,106
source/det_pseudo_clip_radius-minus-no_adapt/K3,clean_s0,geometry,loss_good_proxy_bad,0.22613065326633167,0.1717171717171717,0.28288257575757547,199
source/det_pseudo_clip_radius-minus-no_adapt/K3,clean_s0,geometry,given_loss_good,0.4891304347826087,0.3888725490196078,0.5930232558139535,92
source/det_pseudo_clip_radius-minus-no_adapt/K3,clean_s0,class_score,loss_good_proxy_bad,0.16080402010050251,0.11055276381909548,0.215,199
source/det_pseudo_clip_radius-minus-no_adapt/K3,clean_s0,class_score,given_loss_good,0.34782608695652173,0.253160744242794,0.44565951821386596,92
source/det_pseudo_clip_radius-minus-no_adapt/K3,clean_s0,false_positives,loss_good_proxy_bad,0.23,0.17,0.29,200
source/det_pseudo_clip_radius-minus-no_adapt/K3,clean_s0,false_positives,given_loss_good,0.5,0.39432847082494965,0.5974065568577763,92
source/det_pseudo_clip_radius-minus-no_adapt/K3,clean_s0,duplicates,loss_good_proxy_bad,0.08,0.045,0.115,200
source/det_pseudo_clip_radius-minus-no_adapt/K3,clean_s0,duplicates,given_loss_good,0.17391304347826086,0.09780761924862812,0.25,92
source/det_pseudo_clip_radius-minus-no_adapt/K3,"corrupted_overall ratio [0,1)",geometry,loss_good_proxy_bad,0.20216606498194944,0.15487700748492114,0.24920081967213104,277
source/det_pseudo_clip_radius-minus-no_adapt/K3,"corrupted_overall ratio [0,1)",geometry,given_loss_good,0.38620689655172413,0.30370039682539685,0.46754628350373023,145
source/det_pseudo_clip_radius-minus-no_adapt/K3,"corrupted_overall ratio [0,1)",class_score,loss_good_proxy_bad,0.1407942238267148,0.09900613635508038,0.18382352941176472,277
source/det_pseudo_clip_radius-minus-no_adapt/K3,"corrupted_overall ratio [0,1)",class_score,given_loss_good,0.2689655172413793,0.1953077362804878,0.3424705431554746,145
source/det_pseudo_clip_radius-minus-no_adapt/K3,"corrupted_overall ratio [0,1)",false_positives,loss_good_proxy_bad,0.14840989399293286,0.10506802979629067,0.19622816212438854,283
source/det_pseudo_clip_radius-minus-no_adapt/K3,"corrupted_overall ratio [0,1)",false_positives,given_loss_good,0.2896551724137931,0.2124794708029197,0.3662089201877934,145
source/det_pseudo_clip_radius-minus-no_adapt/K3,"corrupted_overall ratio [0,1)",duplicates,loss_good_proxy_bad,0.04946996466431095,0.027024752024752026,0.07612985023376209,283
source/det_pseudo_clip_radius-minus-no_adapt/K3,"corrupted_overall ratio [0,1)",duplicates,given_loss_good,0.09655172413793103,0.053688279002876316,0.14881268996960484,145
source/det_pseudo_clip_radius-minus-no_adapt/K3,"corrupted_overall ratio [1,2)",geometry,loss_good_proxy_bad,0.24855491329479767,0.18451965283320032,0.3187754360465115,173
source/det_pseudo_clip_radius-minus-no_adapt/K3,"corrupted_overall ratio [1,2)",geometry,given_loss_good,0.48314606741573035,0.37861920172599783,0.5934362934362932,89
source/det_pseudo_clip_radius-minus-no_adapt/K3,"corrupted_overall ratio [1,2)",class_score,loss_good_proxy_bad,0.1791907514450867,0.12727009984235416,0.2367143527204501,173
source/det_pseudo_clip_radius-minus-no_adapt/K3,"corrupted_overall ratio [1,2)",class_score,given_loss_good,0.34831460674157305,0.2555442176870748,0.4470588235294118,89
source/det_pseudo_clip_radius-minus-no_adapt/K3,"corrupted_overall ratio [1,2)",false_positives,loss_good_proxy_bad,0.17341040462427745,0.11299435028248588,0.23952708617852012,173
source/det_pseudo_clip_radius-minus-no_adapt/K3,"corrupted_overall ratio [1,2)",false_positives,given_loss_good,0.33707865168539325,0.2298444527736132,0.4444444444444444,89
source/det_pseudo_clip_radius-minus-no_adapt/K3,"corrupted_overall ratio [1,2)",duplicates,loss_good_proxy_bad,0.11560693641618497,0.06896012931034483,0.16666666666666666,173
source/det_pseudo_clip_radius-minus-no_adapt/K3,"corrupted_overall ratio [1,2)",duplicates,given_loss_good,0.2247191011235955,0.13793103448275862,0.3173161764705882,89
source/det_pseudo_clip_radius-minus-no_adapt/K3,"corrupted_overall ratio [2,4)",geometry,loss_good_proxy_bad,0.2413793103448276,0.18907675111773473,0.29554655870445345,261
source/det_pseudo_clip_radius-minus-no_adapt/K3,"corrupted_overall ratio [2,4)",geometry,given_loss_good,0.44680851063829785,0.3618386058230683,0.5333333333333333,141
source/det_pseudo_clip_radius-minus-no_adapt/K3,"corrupted_overall ratio [2,4)",class_score,loss_good_proxy_bad,0.19157088122605365,0.139515899383009,0.24521072796934865,261
source/det_pseudo_clip_radius-minus-no_adapt/K3,"corrupted_overall ratio [2,4)",class_score,given_loss_good,0.3546099290780142,0.26895779722079255,0.4383650022094564,141
source/det_pseudo_clip_radius-minus-no_adapt/K3,"corrupted_overall ratio [2,4)",false_positives,loss_good_proxy_bad,0.25287356321839083,0.20384615384615384,0.3007998866889312,261
source/det_pseudo_clip_radius-minus-no_adapt/K3,"corrupted_overall ratio [2,4)",false_positives,given_loss_good,0.46808510638297873,0.3925854700854701,0.537944297082228,141
source/det_pseudo_clip_radius-minus-no_adapt/K3,"corrupted_overall ratio [2,4)",duplicates,loss_good_proxy_bad,0.08812260536398467,0.05468218020428016,0.12686567164179105,261
source/det_pseudo_clip_radius-minus-no_adapt/K3,"corrupted_overall ratio [2,4)",duplicates,given_loss_good,0.16312056737588654,0.1039925925925926,0.22964546783625722,141
source/det_pseudo_clip_radius-minus-no_adapt/K3,"corrupted_overall ratio [4,inf)",geometry,loss_good_proxy_bad,0.2587991718426501,0.2210477881821117,0.2968773674242424,483
source/det_pseudo_clip_radius-minus-no_adapt/K3,"corrupted_overall ratio [4,inf)",geometry,given_loss_good,0.5,0.44072649572649575,0.5596747388414055,250
source/det_pseudo_clip_radius-minus-no_adapt/K3,"corrupted_overall ratio [4,inf)",class_score,loss_good_proxy_bad,0.17805383022774326,0.14430291442744936,0.21145973959073466,483
source/det_pseudo_clip_radius-minus-no_adapt/K3,"corrupted_overall ratio [4,inf)",class_score,given_loss_good,0.344,0.2815865515881443,0.404671576801927,250
source/det_pseudo_clip_radius-minus-no_adapt/K3,"corrupted_overall ratio [4,inf)",false_positives,loss_good_proxy_bad,0.21739130434782608,0.17974806038117727,0.25377016129032254,483
source/det_pseudo_clip_radius-minus-no_adapt/K3,"corrupted_overall ratio [4,inf)",false_positives,given_loss_good,0.42,0.357429718875502,0.48148148148148145,250
source/det_pseudo_clip_radius-minus-no_adapt/K3,"corrupted_overall ratio [4,inf)",duplicates,loss_good_proxy_bad,0.053830227743271224,0.03354122259940528,0.07510025827852822,483
source/det_pseudo_clip_radius-minus-no_adapt/K3,"corrupted_overall ratio [4,inf)",duplicates,given_loss_good,0.104,0.06666666666666667,0.14400082304526748,250
source/det_pseudo_clip_radius-minus-no_adapt/K3,"clean_s0 ratio [0,1)",geometry,loss_good_proxy_bad,0.1896551724137931,0.08928571428571429,0.29310344827586204,58
source/det_pseudo_clip_radius-minus-no_adapt/K3,"clean_s0 ratio [0,1)",geometry,given_loss_good,0.39285714285714285,0.21419172932330827,0.5757867132867132,28
source/det_pseudo_clip_radius-minus-no_adapt/K3,"clean_s0 ratio [0,1)",class_score,loss_good_proxy_bad,0.1896551724137931,0.09250992063492064,0.29310344827586204,58
source/det_pseudo_clip_radius-minus-no_adapt/K3,"clean_s0 ratio [0,1)",class_score,given_loss_good,0.39285714285714285,0.21423160173160172,0.5834051724137927,28
source/det_pseudo_clip_radius-minus-no_adapt/K3,"clean_s0 ratio [0,1)",false_positives,loss_good_proxy_bad,0.2542372881355932,0.15254237288135594,0.3728813559322034,59
source/det_pseudo_clip_radius-minus-no_adapt/K3,"clean_s0 ratio [0,1)",false_positives,given_loss_good,0.5357142857142857,0.35714285714285715,0.7242163009404384,28
source/det_pseudo_clip_radius-minus-no_adapt/K3,"clean_s0 ratio [0,1)",duplicates,loss_good_proxy_bad,0.03389830508474576,0.0,0.0847457627118644,59
source/det_pseudo_clip_radius-minus-no_adapt/K3,"clean_s0 ratio [0,1)",duplicates,given_loss_good,0.07142857142857142,0.0,0.18518518518518517,28
source/det_pseudo_clip_radius-minus-no_adapt/K3,"clean_s0 ratio [1,2)",geometry,loss_good_proxy_bad,0.25806451612903225,0.0967741935483871,0.41935483870967744,31
source/det_pseudo_clip_radius-minus-no_adapt/K3,"clean_s0 ratio [1,2)",geometry,given_loss_good,0.6666666666666666,0.375,0.9166666666666666,12
source/det_pseudo_clip_radius-minus-no_adapt/K3,"clean_s0 ratio [1,2)",class_score,loss_good_proxy_bad,0.16129032258064516,0.03225806451612903,0.2903225806451613,31
source/det_pseudo_clip_radius-minus-no_adapt/K3,"clean_s0 ratio [1,2)",class_score,given_loss_good,0.4166666666666667,0.1111111111111111,0.7,12
source/det_pseudo_clip_radius-minus-no_adapt/K3,"clean_s0 ratio [1,2)",false_positives,loss_good_proxy_bad,0.1935483870967742,0.06451612903225806,0.3548387096774194,31
source/det_pseudo_clip_radius-minus-no_adapt/K3,"clean_s0 ratio [1,2)",false_positives,given_loss_good,0.5,0.2,0.7777777777777778,12
source/det_pseudo_clip_radius-minus-no_adapt/K3,"clean_s0 ratio [1,2)",duplicates,loss_good_proxy_bad,0.06451612903225806,0.0,0.16129032258064516,31
source/det_pseudo_clip_radius-minus-no_adapt/K3,"clean_s0 ratio [1,2)",duplicates,given_loss_good,0.16666666666666666,0.0,0.4166666666666667,12
source/det_pseudo_clip_radius-minus-no_adapt/K3,"clean_s0 ratio [2,4)",geometry,loss_good_proxy_bad,0.23255813953488372,0.11627906976744186,0.37209302325581395,43
source/det_pseudo_clip_radius-minus-no_adapt/K3,"clean_s0 ratio [2,4)",geometry,given_loss_good,0.45454545454545453,0.23529411764705882,0.6666666666666666,22
source/det_pseudo_clip_radius-minus-no_adapt/K3,"clean_s0 ratio [2,4)",class_score,loss_good_proxy_bad,0.18604651162790697,0.06976744186046512,0.3023255813953488,43
source/det_pseudo_clip_radius-minus-no_adapt/K3,"clean_s0 ratio [2,4)",class_score,given_loss_good,0.36363636363636365,0.16666666666666666,0.5714285714285714,22
source/det_pseudo_clip_radius-minus-no_adapt/K3,"clean_s0 ratio [2,4)",false_positives,loss_good_proxy_bad,0.27906976744186046,0.16279069767441862,0.4186046511627907,43
source/det_pseudo_clip_radius-minus-no_adapt/K3,"clean_s0 ratio [2,4)",false_positives,given_loss_good,0.5454545454545454,0.3333333333333333,0.75,22
source/det_pseudo_clip_radius-minus-no_adapt/K3,"clean_s0 ratio [2,4)",duplicates,loss_good_proxy_bad,0.11627906976744186,0.023255813953488372,0.20930232558139536,43
source/det_pseudo_clip_radius-minus-no_adapt/K3,"clean_s0 ratio [2,4)",duplicates,given_loss_good,0.22727272727272727,0.05256578947368421,0.41386494252873524,22
source/det_pseudo_clip_radius-minus-no_adapt/K3,"clean_s0 ratio [4,inf)",geometry,loss_good_proxy_bad,0.23880597014925373,0.13432835820895522,0.34328358208955223,67
source/det_pseudo_clip_radius-minus-no_adapt/K3,"clean_s0 ratio [4,inf)",geometry,given_loss_good,0.5333333333333333,0.3461206896551724,0.72,30
source/det_pseudo_clip_radius-minus-no_adapt/K3,"clean_s0 ratio [4,inf)",class_score,loss_good_proxy_bad,0.11940298507462686,0.04477611940298507,0.208955223880597,67
source/det_pseudo_clip_radius-minus-no_adapt/K3,"clean_s0 ratio [4,inf)",class_score,given_loss_good,0.26666666666666666,0.11527777777777778,0.4375,30
source/det_pseudo_clip_radius-minus-no_adapt/K3,"clean_s0 ratio [4,inf)",false_positives,loss_good_proxy_bad,0.19402985074626866,0.1044776119402985,0.28395522388059496,67
source/det_pseudo_clip_radius-minus-no_adapt/K3,"clean_s0 ratio [4,inf)",false_positives,given_loss_good,0.43333333333333335,0.25806451612903225,0.6153846153846154,30
source/det_pseudo_clip_radius-minus-no_adapt/K3,"clean_s0 ratio [4,inf)",duplicates,loss_good_proxy_bad,0.1044776119402985,0.04477611940298507,0.1791044776119403,67
source/det_pseudo_clip_radius-minus-no_adapt/K3,"clean_s0 ratio [4,inf)",duplicates,given_loss_good,0.23333333333333334,0.08695652173913043,0.39285714285714285,30
source/det_pseudo_clip_radius-minus-det_pseudo/K1,corrupted_overall,geometry,loss_good_proxy_bad,0.2269681742043551,0.2025,0.2520938023450586,1194
source/det_pseudo_clip_radius-minus-det_pseudo/K1,corrupted_overall,geometry,given_loss_good,0.4696707105719237,0.42807763645998936,0.5110305078164145,577
source/det_pseudo_clip_radius-minus-det_pseudo/K1,corrupted_overall,class_score,loss_good_proxy_bad,0.24874371859296482,0.2219430485762144,0.275259821836455,1194
source/det_pseudo_clip_radius-minus-det_pseudo/K1,corrupted_overall,class_score,given_loss_good,0.5147313691507799,0.4675716753646219,0.559446142093201,577
source/det_pseudo_clip_radius-minus-det_pseudo/K1,corrupted_overall,false_positives,loss_good_proxy_bad,0.14,0.12166666666666667,0.16166666666666665,1200
source/det_pseudo_clip_radius-minus-det_pseudo/K1,corrupted_overall,false_positives,given_loss_good,0.29116117850953205,0.25413720550768615,0.33272091885315275,577
source/det_pseudo_clip_radius-minus-det_pseudo/K1,corrupted_overall,duplicates,loss_good_proxy_bad,0.050833333333333335,0.03833333333333333,0.06416666666666666,1200
source/det_pseudo_clip_radius-minus-det_pseudo/K1,corrupted_overall,duplicates,given_loss_good,0.10571923743500866,0.08,0.13300200914252006,577
source/det_pseudo_clip_radius-minus-det_pseudo/K1,gamma_s1,geometry,loss_good_proxy_bad,0.1708542713567839,0.12060301507537688,0.23,199
source/det_pseudo_clip_radius-minus-det_pseudo/K1,gamma_s1,geometry,given_loss_good,0.37362637362637363,0.27847775022837007,0.48150326797385606,91
source/det_pseudo_clip_radius-minus-det_pseudo/K1,gamma_s1,class_score,loss_good_proxy_bad,0.2814070351758794,0.21714443429267552,0.34673366834170855,199
source/det_pseudo_clip_radius-minus-det_pseudo/K1,gamma_s1,class_score,given_loss_good,0.6153846153846154,0.5189538346984364,0.7159406565656564,91
source/det_pseudo_clip_radius-minus-det_pseudo/K1,gamma_s1,false_positives,loss_good_proxy_bad,0.135,0.09,0.185,200
source/det_pseudo_clip_radius-minus-det_pseudo/K1,gamma_s1,false_positives,given_loss_good,0.2967032967032967,0.20450428194993414,0.3953488372093023,91
source/det_pseudo_clip_radius-minus-det_pseudo/K1,gamma_s1,duplicates,loss_good_proxy_bad,0.045,0.02,0.08,200
source/det_pseudo_clip_radius-minus-det_pseudo/K1,gamma_s1,duplicates,given_loss_good,0.0989010989010989,0.043010752688172046,0.16666666666666666,91
source/det_pseudo_clip_radius-minus-det_pseudo/K1,gamma_s2,geometry,loss_good_proxy_bad,0.21105527638190955,0.155,0.27,199
source/det_pseudo_clip_radius-minus-det_pseudo/K1,gamma_s2,geometry,given_loss_good,0.39622641509433965,0.3039128151260504,0.49074074074074076,106
source/det_pseudo_clip_radius-minus-det_pseudo/K1,gamma_s2,class_score,loss_good_proxy_bad,0.23115577889447236,0.17587939698492464,0.29,199
source/det_pseudo_clip_radius-minus-det_pseudo/K1,gamma_s2,class_score,given_loss_good,0.4339622641509434,0.339995145631068,0.5263157894736842,106
source/det_pseudo_clip_radius-minus-det_pseudo/K1,gamma_s2,false_positives,loss_good_proxy_bad,0.15,0.105,0.205,200
source/det_pseudo_clip_radius-minus-det_pseudo/K1,gamma_s2,false_positives,given_loss_good,0.2830188679245283,0.19811320754716982,0.3750286697247705,106
source/det_pseudo_clip_radius-minus-det_pseudo/K1,gamma_s2,duplicates,loss_good_proxy_bad,0.045,0.02,0.075,200
source/det_pseudo_clip_radius-minus-det_pseudo/K1,gamma_s2,duplicates,given_loss_good,0.08490566037735849,0.03773584905660377,0.1414141414141414,106
source/det_pseudo_clip_radius-minus-det_pseudo/K1,contrast_s1,geometry,loss_good_proxy_bad,0.19597989949748743,0.1407035175879397,0.25125628140703515,199
source/det_pseudo_clip_radius-minus-det_pseudo/K1,contrast_s1,geometry,given_loss_good,0.5064935064935064,0.39472757598220903,0.6119402985074627,77
source/det_pseudo_clip_radius-minus-det_pseudo/K1,contrast_s1,class_score,loss_good_proxy_bad,0.1507537688442211,0.10492602040816326,0.20304568527918782,199
source/det_pseudo_clip_radius-minus-det_pseudo/K1,contrast_s1,class_score,given_loss_good,0.38961038961038963,0.2794032147742818,0.5,77
source/det_pseudo_clip_radius-minus-det_pseudo/K1,contrast_s1,false_positives,loss_good_proxy_bad,0.095,0.055,0.14,200
source/det_pseudo_clip_radius-minus-det_pseudo/K1,contrast_s1,false_positives,given_loss_good,0.24675324675324675,0.1527777777777778,0.3472373188405796,77
source/det_pseudo_clip_radius-minus-det_pseudo/K1,contrast_s1,duplicates,loss_good_proxy_bad,0.045,0.02,0.075,200
source/det_pseudo_clip_radius-minus-det_pseudo/K1,contrast_s1,duplicates,given_loss_good,0.11688311688311688,0.05263157894736842,0.1910436473638719,77
source/det_pseudo_clip_radius-minus-det_pseudo/K1,contrast_s2,geometry,loss_good_proxy_bad,0.24120603015075376,0.18090452261306533,0.29803030303030276,199
source/det_pseudo_clip_radius-minus-det_pseudo/K1,contrast_s2,geometry,given_loss_good,0.46601941747572817,0.36891926417986715,0.5636411992263055,103
source/det_pseudo_clip_radius-minus-det_pseudo/K1,contrast_s2,class_score,loss_good_proxy_bad,0.2613065326633166,0.20097989949748746,0.32160804020100503,199
source/det_pseudo_clip_radius-minus-det_pseudo/K1,contrast_s2,class_score,given_loss_good,0.5048543689320388,0.413038492221779,0.6,103
source/det_pseudo_clip_radius-minus-det_pseudo/K1,contrast_s2,false_positives,loss_good_proxy_bad,0.14,0.095,0.19,200
source/det_pseudo_clip_radius-minus-det_pseudo/K1,contrast_s2,false_positives,given_loss_good,0.27184466019417475,0.1941747572815534,0.3592233009708738,103
source/det_pseudo_clip_radius-minus-det_pseudo/K1,contrast_s2,duplicates,loss_good_proxy_bad,0.08,0.045,0.12,200
source/det_pseudo_clip_radius-minus-det_pseudo/K1,contrast_s2,duplicates,given_loss_good,0.1553398058252427,0.09006998069498069,0.22772277227722773,103
source/det_pseudo_clip_radius-minus-det_pseudo/K1,color_cast_s1,geometry,loss_good_proxy_bad,0.271356783919598,0.21492803030303032,0.3333333333333333,199
source/det_pseudo_clip_radius-minus-det_pseudo/K1,color_cast_s1,geometry,given_loss_good,0.5192307692307693,0.4259213421342134,0.6146205357142855,104
source/det_pseudo_clip_radius-minus-det_pseudo/K1,color_cast_s1,class_score,loss_good_proxy_bad,0.3015075376884422,0.23737373737373738,0.3687004662004661,199
source/det_pseudo_clip_radius-minus-det_pseudo/K1,color_cast_s1,class_score,given_loss_good,0.5769230769230769,0.4782412847630239,0.6730769230769231,104
source/det_pseudo_clip_radius-minus-det_pseudo/K1,color_cast_s1,false_positives,loss_good_proxy_bad,0.18,0.125,0.235,200
source/det_pseudo_clip_radius-minus-det_pseudo/K1,color_cast_s1,false_positives,given_loss_good,0.34615384615384615,0.25688073394495414,0.4423076923076923,104
source/det_pseudo_clip_radius-minus-det_pseudo/K1,color_cast_s1,duplicates,loss_good_proxy_bad,0.05,0.02,0.08012499999999932,200
source/det_pseudo_clip_radius-minus-det_pseudo/K1,color_cast_s1,duplicates,given_loss_good,0.09615384615384616,0.043478260869565216,0.15686679630529896,104
source/det_pseudo_clip_radius-minus-det_pseudo/K1,color_cast_s2,geometry,loss_good_proxy_bad,0.271356783919598,0.21,0.335,199
source/det_pseudo_clip_radius-minus-det_pseudo/K1,color_cast_s2,geometry,given_loss_good,0.5625,0.46153846153846156,0.6631605800214823,96
source/det_pseudo_clip_radius-minus-det_pseudo/K1,color_cast_s2,class_score,loss_good_proxy_bad,0.2663316582914573,0.20707070707070707,0.33,199
source/det_pseudo_clip_radius-minus-det_pseudo/K1,color_cast_s2,class_score,given_loss_good,0.5520833333333334,0.45096961861667745,0.6547991071428569,96
source/det_pseudo_clip_radius-minus-det_pseudo/K1,color_cast_s2,false_positives,loss_good_proxy_bad,0.14,0.095,0.19,200
source/det_pseudo_clip_radius-minus-det_pseudo/K1,color_cast_s2,false_positives,given_loss_good,0.2916666666666667,0.2022415162864601,0.3861442394239424,96
source/det_pseudo_clip_radius-minus-det_pseudo/K1,color_cast_s2,duplicates,loss_good_proxy_bad,0.04,0.015,0.07,200
source/det_pseudo_clip_radius-minus-det_pseudo/K1,color_cast_s2,duplicates,given_loss_good,0.08333333333333333,0.03224948524365134,0.13978494623655913,96
source/det_pseudo_clip_radius-minus-det_pseudo/K1,clean_s0,geometry,loss_good_proxy_bad,0.25125628140703515,0.1919191919191919,0.31155778894472363,199
source/det_pseudo_clip_radius-minus-det_pseudo/K1,clean_s0,geometry,given_loss_good,0.5102040816326531,0.41237113402061853,0.6087081459270365,98
source/det_pseudo_clip_radius-minus-det_pseudo/K1,clean_s0,class_score,loss_good_proxy_bad,0.23115577889447236,0.175,0.2914940865945889,199
source/det_pseudo_clip_radius-minus-det_pseudo/K1,clean_s0,class_score,given_loss_good,0.46938775510204084,0.37233424047501235,0.5760869565217391,98
source/det_pseudo_clip_radius-minus-det_pseudo/K1,clean_s0,false_positives,loss_good_proxy_bad,0.205,0.155,0.265,200
source/det_pseudo_clip_radius-minus-det_pseudo/K1,clean_s0,false_positives,given_loss_good,0.41836734693877553,0.32352198455139636,0.5168636187524215,98
source/det_pseudo_clip_radius-minus-det_pseudo/K1,clean_s0,duplicates,loss_good_proxy_bad,0.035,0.015,0.06012499999999932,200
source/det_pseudo_clip_radius-minus-det_pseudo/K1,clean_s0,duplicates,given_loss_good,0.07142857142857142,0.027498579199480396,0.1262135922330097,98
source/det_pseudo_clip_radius-minus-det_pseudo/K1,"corrupted_overall ratio [0,1)",geometry,loss_good_proxy_bad,0.17689530685920576,0.12584825341179418,0.22917058270676688,277
source/det_pseudo_clip_radius-minus-det_pseudo/K1,"corrupted_overall ratio [0,1)",geometry,given_loss_good,0.3712121212121212,0.2822528949545079,0.46032031517643024,132
source/det_pseudo_clip_radius-minus-det_pseudo/K1,"corrupted_overall ratio [0,1)",class_score,loss_good_proxy_bad,0.15162454873646208,0.10148482212995175,0.20775468025544566,277
source/det_pseudo_clip_radius-minus-det_pseudo/K1,"corrupted_overall ratio [0,1)",class_score,given_loss_good,0.3181818181818182,0.22376033057851238,0.4129254727474971,132
source/det_pseudo_clip_radius-minus-det_pseudo/K1,"corrupted_overall ratio [0,1)",false_positives,loss_good_proxy_bad,0.05653710247349823,0.033129299375720705,0.0813975021533161,283
source/det_pseudo_clip_radius-minus-det_pseudo/K1,"corrupted_overall ratio [0,1)",false_positives,given_loss_good,0.12121212121212122,0.07142857142857142,0.1791044776119403,132
source/det_pseudo_clip_radius-minus-det_pseudo/K1,"corrupted_overall ratio [0,1)",duplicates,loss_good_proxy_bad,0.014134275618374558,0.0033112582781456954,0.02974379083352886,283
source/det_pseudo_clip_radius-minus-det_pseudo/K1,"corrupted_overall ratio [0,1)",duplicates,given_loss_good,0.030303030303030304,0.006993006993006993,0.06429147465437784,132
source/det_pseudo_clip_radius-minus-det_pseudo/K1,"corrupted_overall ratio [1,2)",geometry,loss_good_proxy_bad,0.23699421965317918,0.1746917904174839,0.2983552422683685,173
source/det_pseudo_clip_radius-minus-det_pseudo/K1,"corrupted_overall ratio [1,2)",geometry,given_loss_good,0.4939759036144578,0.38823529411764707,0.595543350662418,83
source/det_pseudo_clip_radius-minus-det_pseudo/K1,"corrupted_overall ratio [1,2)",class_score,loss_good_proxy_bad,0.3236994219653179,0.25581065010570825,0.3956280788177338,173
source/det_pseudo_clip_radius-minus-det_pseudo/K1,"corrupted_overall ratio [1,2)",class_score,given_loss_good,0.6746987951807228,0.5714285714285714,0.7820783132530119,83
source/det_pseudo_clip_radius-minus-det_pseudo/K1,"corrupted_overall ratio [1,2)",false_positives,loss_good_proxy_bad,0.10982658959537572,0.06546090733590734,0.15791078305519887,173
source/det_pseudo_clip_radius-minus-det_pseudo/K1,"corrupted_overall ratio [1,2)",false_positives,given_loss_good,0.2289156626506024,0.139994623655914,0.3287671232876712,83
source/det_pseudo_clip_radius-minus-det_pseudo/K1,"corrupted_overall ratio [1,2)",duplicates,loss_good_proxy_bad,0.028901734104046242,0.005988023952095809,0.054945054945054944,173
source/det_pseudo_clip_radius-minus-det_pseudo/K1,"corrupted_overall ratio [1,2)",duplicates,given_loss_good,0.060240963855421686,0.013157894736842105,0.11252840909090894,83
source/det_pseudo_clip_radius-minus-det_pseudo/K1,"corrupted_overall ratio [2,4)",geometry,loss_good_proxy_bad,0.2413793103448276,0.18390398440355793,0.29730288139379046,261
source/det_pseudo_clip_radius-minus-det_pseudo/K1,"corrupted_overall ratio [2,4)",geometry,given_loss_good,0.4921875,0.39023045193687234,0.5916666666666667,128
source/det_pseudo_clip_radius-minus-det_pseudo/K1,"corrupted_overall ratio [2,4)",class_score,loss_good_proxy_bad,0.2796934865900383,0.22006979506979507,0.3409090909090909,261
source/det_pseudo_clip_radius-minus-det_pseudo/K1,"corrupted_overall ratio [2,4)",class_score,given_loss_good,0.5703125,0.46875,0.6692322834645669,128
source/det_pseudo_clip_radius-minus-det_pseudo/K1,"corrupted_overall ratio [2,4)",false_positives,loss_good_proxy_bad,0.1417624521072797,0.10305062864840593,0.18113339030964432,261
source/det_pseudo_clip_radius-minus-det_pseudo/K1,"corrupted_overall ratio [2,4)",false_positives,given_loss_good,0.2890625,0.22033898305084745,0.36090747702589804,128
source/det_pseudo_clip_radius-minus-det_pseudo/K1,"corrupted_overall ratio [2,4)",duplicates,loss_good_proxy_bad,0.05363984674329502,0.027775032938076413,0.08208955223880597,261
source/det_pseudo_clip_radius-minus-det_pseudo/K1,"corrupted_overall ratio [2,4)",duplicates,given_loss_good,0.109375,0.05785123966942149,0.16535954528862698,128
source/det_pseudo_clip_radius-minus-det_pseudo/K1,"corrupted_overall ratio [4,inf)",geometry,loss_good_proxy_bad,0.2443064182194617,0.20644989704873026,0.28216018605273724,483
source/det_pseudo_clip_radius-minus-det_pseudo/K1,"corrupted_overall ratio [4,inf)",geometry,given_loss_good,0.5042735042735043,0.4449413863404689,0.5619607300884955,234
source/det_pseudo_clip_radius-minus-det_pseudo/K1,"corrupted_overall ratio [4,inf)",class_score,loss_good_proxy_bad,0.2608695652173913,0.2233601403502985,0.300019920318725,483
source/det_pseudo_clip_radius-minus-det_pseudo/K1,"corrupted_overall ratio [4,inf)",class_score,given_loss_good,0.5384615384615384,0.47058823529411764,0.6094441038217862,234
source/det_pseudo_clip_radius-minus-det_pseudo/K1,"corrupted_overall ratio [4,inf)",false_positives,loss_good_proxy_bad,0.19875776397515527,0.16077512254901963,0.2368447474106954,483
source/det_pseudo_clip_radius-minus-det_pseudo/K1,"corrupted_overall ratio [4,inf)",false_positives,given_loss_good,0.41025641025641024,0.3430873768389796,0.47637837518164305,234
source/det_pseudo_clip_radius-minus-det_pseudo/K1,"corrupted_overall ratio [4,inf)",duplicates,loss_good_proxy_bad,0.07867494824016563,0.056127940020557474,0.10367947112903529,483
source/det_pseudo_clip_radius-minus-det_pseudo/K1,"corrupted_overall ratio [4,inf)",duplicates,given_loss_good,0.1623931623931624,0.1181055935225078,0.20941220238095232,234
source/det_pseudo_clip_radius-minus-det_pseudo/K1,"clean_s0 ratio [0,1)",geometry,loss_good_proxy_bad,0.20689655172413793,0.10344827586206896,0.31593045112781876,58
source/det_pseudo_clip_radius-minus-det_pseudo/K1,"clean_s0 ratio [0,1)",geometry,given_loss_good,0.4,0.2222222222222222,0.5757867132867132,30
source/det_pseudo_clip_radius-minus-det_pseudo/K1,"clean_s0 ratio [0,1)",class_score,loss_good_proxy_bad,0.1724137931034483,0.0847457627118644,0.2728056426332284,58
source/det_pseudo_clip_radius-minus-det_pseudo/K1,"clean_s0 ratio [0,1)",class_score,given_loss_good,0.3333333333333333,0.16214036617262426,0.500337837837836,30
source/det_pseudo_clip_radius-minus-det_pseudo/K1,"clean_s0 ratio [0,1)",false_positives,loss_good_proxy_bad,0.13559322033898305,0.05084745762711865,0.23728813559322035,59
source/det_pseudo_clip_radius-minus-det_pseudo/K1,"clean_s0 ratio [0,1)",false_positives,given_loss_good,0.26666666666666666,0.11759049773755656,0.4444444444444444,30
source/det_pseudo_clip_radius-minus-det_pseudo/K1,"clean_s0 ratio [0,1)",duplicates,loss_good_proxy_bad,0.01694915254237288,0.0,0.05084745762711865,59
source/det_pseudo_clip_radius-minus-det_pseudo/K1,"clean_s0 ratio [0,1)",duplicates,given_loss_good,0.03333333333333333,0.0,0.11538461538461539,30
source/det_pseudo_clip_radius-minus-det_pseudo/K1,"clean_s0 ratio [1,2)",geometry,loss_good_proxy_bad,0.3548387096774194,0.1935483870967742,0.5161290322580645,31
source/det_pseudo_clip_radius-minus-det_pseudo/K1,"clean_s0 ratio [1,2)",geometry,given_loss_good,0.5238095238095238,0.3042391304347826,0.7368993135011438,21
source/det_pseudo_clip_radius-minus-det_pseudo/K1,"clean_s0 ratio [1,2)",class_score,loss_good_proxy_bad,0.3548387096774194,0.1935483870967742,0.5483870967741935,31
source/det_pseudo_clip_radius-minus-det_pseudo/K1,"clean_s0 ratio [1,2)",class_score,given_loss_good,0.5238095238095238,0.3157894736842105,0.7391304347826086,21
source/det_pseudo_clip_radius-minus-det_pseudo/K1,"clean_s0 ratio [1,2)",false_positives,loss_good_proxy_bad,0.2903225806451613,0.12903225806451613,0.45161290322580644,31
source/det_pseudo_clip_radius-minus-det_pseudo/K1,"clean_s0 ratio [1,2)",false_positives,given_loss_good,0.42857142857142855,0.21739130434782608,0.6428571428571429,21
source/det_pseudo_clip_radius-minus-det_pseudo/K1,"clean_s0 ratio [1,2)",duplicates,loss_good_proxy_bad,0.03225806451612903,0.0,0.0967741935483871,31
source/det_pseudo_clip_radius-minus-det_pseudo/K1,"clean_s0 ratio [1,2)",duplicates,given_loss_good,0.047619047619047616,0.0,0.15789473684210525,21
source/det_pseudo_clip_radius-minus-det_pseudo/K1,"clean_s0 ratio [2,4)",geometry,loss_good_proxy_bad,0.18604651162790697,0.06976744186046512,0.32558139534883723,43
source/det_pseudo_clip_radius-minus-det_pseudo/K1,"clean_s0 ratio [2,4)",geometry,given_loss_good,0.4444444444444444,0.21428571428571427,0.6842105263157895,18
source/det_pseudo_clip_radius-minus-det_pseudo/K1,"clean_s0 ratio [2,4)",class_score,loss_good_proxy_bad,0.23255813953488372,0.11627906976744186,0.37209302325581395,43
source/det_pseudo_clip_radius-minus-det_pseudo/K1,"clean_s0 ratio [2,4)",class_score,given_loss_good,0.5555555555555556,0.3,0.7857142857142857,18
source/det_pseudo_clip_radius-minus-det_pseudo/K1,"clean_s0 ratio [2,4)",false_positives,loss_good_proxy_bad,0.20930232558139536,0.09302325581395349,0.3261627906976713,43
source/det_pseudo_clip_radius-minus-det_pseudo/K1,"clean_s0 ratio [2,4)",false_positives,given_loss_good,0.5,0.25,0.7333333333333333,18
source/det_pseudo_clip_radius-minus-det_pseudo/K1,"clean_s0 ratio [2,4)",duplicates,loss_good_proxy_bad,0.023255813953488372,0.0,0.06976744186046512,43
source/det_pseudo_clip_radius-minus-det_pseudo/K1,"clean_s0 ratio [2,4)",duplicates,given_loss_good,0.05555555555555555,0.0,0.1875,18
source/det_pseudo_clip_radius-minus-det_pseudo/K1,"clean_s0 ratio [4,inf)",geometry,loss_good_proxy_bad,0.2835820895522388,0.1791044776119403,0.3880597014925373,67
source/det_pseudo_clip_radius-minus-det_pseudo/K1,"clean_s0 ratio [4,inf)",geometry,given_loss_good,0.6551724137931034,0.4666666666666667,0.8333333333333334,29
source/det_pseudo_clip_radius-minus-det_pseudo/K1,"clean_s0 ratio [4,inf)",class_score,loss_good_proxy_bad,0.22388059701492538,0.13432835820895522,0.3283582089552239,67
source/det_pseudo_clip_radius-minus-det_pseudo/K1,"clean_s0 ratio [4,inf)",class_score,given_loss_good,0.5172413793103449,0.3333333333333333,0.6896551724137931,29
source/det_pseudo_clip_radius-minus-det_pseudo/K1,"clean_s0 ratio [4,inf)",false_positives,loss_good_proxy_bad,0.22388059701492538,0.13432835820895522,0.3283582089552239,67
source/det_pseudo_clip_radius-minus-det_pseudo/K1,"clean_s0 ratio [4,inf)",false_positives,given_loss_good,0.5172413793103449,0.34615384615384615,0.6896551724137931,29
source/det_pseudo_clip_radius-minus-det_pseudo/K1,"clean_s0 ratio [4,inf)",duplicates,loss_good_proxy_bad,0.05970149253731343,0.014925373134328358,0.11940298507462686,67
source/det_pseudo_clip_radius-minus-det_pseudo/K1,"clean_s0 ratio [4,inf)",duplicates,given_loss_good,0.13793103448275862,0.03125,0.2857142857142857,29
source/det_pseudo_clip_radius-minus-det_pseudo/K3,corrupted_overall,geometry,loss_good_proxy_bad,0.24120603015075376,0.21801346801346802,0.2658333333333333,1194
source/det_pseudo_clip_radius-minus-det_pseudo/K3,corrupted_overall,geometry,given_loss_good,0.4939965694682676,0.45439702994528386,0.5329977247851905,583
source/det_pseudo_clip_radius-minus-det_pseudo/K3,corrupted_overall,class_score,loss_good_proxy_bad,0.24204355108877723,0.2175,0.2671774497487437,1194
source/det_pseudo_clip_radius-minus-det_pseudo/K3,corrupted_overall,class_score,given_loss_good,0.4957118353344768,0.450173487544484,0.539136261015221,583
source/det_pseudo_clip_radius-minus-det_pseudo/K3,corrupted_overall,false_positives,loss_good_proxy_bad,0.16833333333333333,0.14666666666666667,0.19166666666666668,1200
source/det_pseudo_clip_radius-minus-det_pseudo/K3,corrupted_overall,false_positives,given_loss_good,0.346483704974271,0.3060640929535232,0.3887969251084701,583
source/det_pseudo_clip_radius-minus-det_pseudo/K3,corrupted_overall,duplicates,loss_good_proxy_bad,0.0575,0.0425,0.07333333333333333,1200
source/det_pseudo_clip_radius-minus-det_pseudo/K3,corrupted_overall,duplicates,given_loss_good,0.1183533447684391,0.08812592058333028,0.15010280903048523,583
source/det_pseudo_clip_radius-minus-det_pseudo/K3,gamma_s1,geometry,loss_good_proxy_bad,0.2814070351758794,0.22,0.341876674912389,199
source/det_pseudo_clip_radius-minus-det_pseudo/K3,gamma_s1,geometry,given_loss_good,0.5714285714285714,0.46937181122448984,0.6734747583243823,98
source/det_pseudo_clip_radius-minus-det_pseudo/K3,gamma_s1,class_score,loss_good_proxy_bad,0.27638190954773867,0.21105527638190955,0.3383838383838384,199
source/det_pseudo_clip_radius-minus-det_pseudo/K3,gamma_s1,class_score,given_loss_good,0.5612244897959183,0.4607647058823529,0.6538551401869158,98
source/det_pseudo_clip_radius-minus-det_pseudo/K3,gamma_s1,false_positives,loss_good_proxy_bad,0.18,0.13,0.235,200
source/det_pseudo_clip_radius-minus-det_pseudo/K3,gamma_s1,false_positives,given_loss_good,0.3673469387755102,0.2736842105263158,0.46464646464646464,98
source/det_pseudo_clip_radius-minus-det_pseudo/K3,gamma_s1,duplicates,loss_good_proxy_bad,0.045,0.02,0.075,200
source/det_pseudo_clip_radius-minus-det_pseudo/K3,gamma_s1,duplicates,given_loss_good,0.09183673469387756,0.0384433962264151,0.15306122448979592,98
source/det_pseudo_clip_radius-minus-det_pseudo/K3,gamma_s2,geometry,loss_good_proxy_bad,0.24623115577889448,0.19,0.305,199
source/det_pseudo_clip_radius-minus-det_pseudo/K3,gamma_s2,geometry,given_loss_good,0.47115384615384615,0.3771717600452745,0.561269507803121,104
source/det_pseudo_clip_radius-minus-det_pseudo/K3,gamma_s2,class_score,loss_good_proxy_bad,0.22613065326633167,0.1708542713567839,0.29,199
source/det_pseudo_clip_radius-minus-det_pseudo/K3,gamma_s2,class_score,given_loss_good,0.4326923076923077,0.34041489361702126,0.528860294117647,104
source/det_pseudo_clip_radius-minus-det_pseudo/K3,gamma_s2,false_positives,loss_good_proxy_bad,0.165,0.115,0.22,200
source/det_pseudo_clip_radius-minus-det_pseudo/K3,gamma_s2,false_positives,given_loss_good,0.3173076923076923,0.22855021216407354,0.4074074074074074,104
source/det_pseudo_clip_radius-minus-det_pseudo/K3,gamma_s2,duplicates,loss_good_proxy_bad,0.055,0.025,0.09,200
source/det_pseudo_clip_radius-minus-det_pseudo/K3,gamma_s2,duplicates,given_loss_good,0.10576923076923077,0.051533242162844516,0.17346938775510204,104
source/det_pseudo_clip_radius-minus-det_pseudo/K3,contrast_s1,geometry,loss_good_proxy_bad,0.22613065326633167,0.1708542713567839,0.2864321608040201,199
source/det_pseudo_clip_radius-minus-det_pseudo/K3,contrast_s1,geometry,given_loss_good,0.5,0.3955980066445183,0.60417239010989,90
source/det_pseudo_clip_radius-minus-det_pseudo/K3,contrast_s1,class_score,loss_good_proxy_bad,0.23618090452261306,0.1808819095477387,0.295,199
source/det_pseudo_clip_radius-minus-det_pseudo/K3,contrast_s1,class_score,given_loss_good,0.5222222222222223,0.42043700897867564,0.626691489361702,90
source/det_pseudo_clip_radius-minus-det_pseudo/K3,contrast_s1,false_positives,loss_good_proxy_bad,0.145,0.095,0.195,200
source/det_pseudo_clip_radius-minus-det_pseudo/K3,contrast_s1,false_positives,given_loss_good,0.32222222222222224,0.22340425531914893,0.4210655314757481,90
source/det_pseudo_clip_radius-minus-det_pseudo/K3,contrast_s1,duplicates,loss_good_proxy_bad,0.03,0.01,0.055,200
source/det_pseudo_clip_radius-minus-det_pseudo/K3,contrast_s1,duplicates,given_loss_good,0.06666666666666667,0.021972049689440994,0.12222222222222222,90
source/det_pseudo_clip_radius-minus-det_pseudo/K3,contrast_s2,geometry,loss_good_proxy_bad,0.18592964824120603,0.135678391959799,0.24,199
source/det_pseudo_clip_radius-minus-det_pseudo/K3,contrast_s2,geometry,given_loss_good,0.3978494623655914,0.2999742268041237,0.5,93
source/det_pseudo_clip_radius-minus-det_pseudo/K3,contrast_s2,class_score,loss_good_proxy_bad,0.18592964824120603,0.135678391959799,0.24120603015075376,199
source/det_pseudo_clip_radius-minus-det_pseudo/K3,contrast_s2,class_score,given_loss_good,0.3978494623655914,0.30094660194174755,0.49473684210526314,93
source/det_pseudo_clip_radius-minus-det_pseudo/K3,contrast_s2,false_positives,loss_good_proxy_bad,0.15,0.105,0.205,200
source/det_pseudo_clip_radius-minus-det_pseudo/K3,contrast_s2,false_positives,given_loss_good,0.3225806451612903,0.2278449680411079,0.42045454545454547,93
source/det_pseudo_clip_radius-minus-det_pseudo/K3,contrast_s2,duplicates,loss_good_proxy_bad,0.065,0.035,0.1,200
source/det_pseudo_clip_radius-minus-det_pseudo/K3,contrast_s2,duplicates,given_loss_good,0.13978494623655913,0.07446808510638298,0.21001315789473676,93
source/det_pseudo_clip_radius-minus-det_pseudo/K3,color_cast_s1,geometry,loss_good_proxy_bad,0.23618090452261306,0.17766497461928935,0.2980045298344266,199
source/det_pseudo_clip_radius-minus-det_pseudo/K3,color_cast_s1,geometry,given_loss_good,0.47959183673469385,0.38144329896907214,0.5841584158415841,98
source/det_pseudo_clip_radius-minus-det_pseudo/K3,color_cast_s1,class_score,loss_good_proxy_bad,0.2562814070351759,0.19597989949748743,0.32,199
source/det_pseudo_clip_radius-minus-det_pseudo/K3,color_cast_s1,class_score,given_loss_good,0.5204081632653061,0.42105263157894735,0.6170369211514393,98
source/det_pseudo_clip_radius-minus-det_pseudo/K3,color_cast_s1,false_positives,loss_good_proxy_bad,0.215,0.155,0.275,200
source/det_pseudo_clip_radius-minus-det_pseudo/K3,color_cast_s1,false_positives,given_loss_good,0.4387755102040816,0.3370755984367367,0.5375033602150537,98
source/det_pseudo_clip_radius-minus-det_pseudo/K3,color_cast_s1,duplicates,loss_good_proxy_bad,0.085,0.05,0.12,200
source/det_pseudo_clip_radius-minus-det_pseudo/K3,color_cast_s1,duplicates,given_loss_good,0.17346938775510204,0.10431645002241147,0.24510266370699219,98
source/det_pseudo_clip_radius-minus-det_pseudo/K3,color_cast_s2,geometry,loss_good_proxy_bad,0.271356783919598,0.21317105060759883,0.335,199
source/det_pseudo_clip_radius-minus-det_pseudo/K3,color_cast_s2,geometry,given_loss_good,0.54,0.4479166666666667,0.6400194174757281,100
source/det_pseudo_clip_radius-minus-det_pseudo/K3,color_cast_s2,class_score,loss_good_proxy_bad,0.271356783919598,0.21,0.3333333333333333,199
source/det_pseudo_clip_radius-minus-det_pseudo/K3,color_cast_s2,class_score,given_loss_good,0.54,0.4418499895244081,0.6382978723404256,100
source/det_pseudo_clip_radius-minus-det_pseudo/K3,color_cast_s2,false_positives,loss_good_proxy_bad,0.155,0.105,0.21,200
source/det_pseudo_clip_radius-minus-det_pseudo/K3,color_cast_s2,false_positives,given_loss_good,0.31,0.2197544642857143,0.39834745762711843,100
source/det_pseudo_clip_radius-minus-det_pseudo/K3,color_cast_s2,duplicates,loss_good_proxy_bad,0.065,0.035,0.1,200
source/det_pseudo_clip_radius-minus-det_pseudo/K3,color_cast_s2,duplicates,given_loss_good,0.13,0.0660377358490566,0.2,100
source/det_pseudo_clip_radius-minus-det_pseudo/K3,clean_s0,geometry,loss_good_proxy_bad,0.19095477386934673,0.135,0.24623115577889448,199
source/det_pseudo_clip_radius-minus-det_pseudo/K3,clean_s0,geometry,given_loss_good,0.4318181818181818,0.32529367469879517,0.5341107293868921,88
source/det_pseudo_clip_radius-minus-det_pseudo/K3,clean_s0,class_score,loss_good_proxy_bad,0.19095477386934673,0.135678391959799,0.24623115577889448,199
source/det_pseudo_clip_radius-minus-det_pseudo/K3,clean_s0,class_score,given_loss_good,0.4318181818181818,0.3297811895551257,0.537655086848635,88
source/det_pseudo_clip_radius-minus-det_pseudo/K3,clean_s0,false_positives,loss_good_proxy_bad,0.19,0.135,0.245,200
source/det_pseudo_clip_radius-minus-det_pseudo/K3,clean_s0,false_positives,given_loss_good,0.4318181818181818,0.32671653034868703,0.53522384305835,88
source/det_pseudo_clip_radius-minus-det_pseudo/K3,clean_s0,duplicates,loss_good_proxy_bad,0.05,0.02,0.08,200
source/det_pseudo_clip_radius-minus-det_pseudo/K3,clean_s0,duplicates,given_loss_good,0.11363636363636363,0.047619047619047616,0.18294549527127915,88
source/det_pseudo_clip_radius-minus-det_pseudo/K3,"corrupted_overall ratio [0,1)",geometry,loss_good_proxy_bad,0.20577617328519857,0.15327315275117007,0.2598044199886359,277
source/det_pseudo_clip_radius-minus-det_pseudo/K3,"corrupted_overall ratio [0,1)",geometry,given_loss_good,0.42857142857142855,0.3405557834290402,0.5210084033613446,133
source/det_pseudo_clip_radius-minus-det_pseudo/K3,"corrupted_overall ratio [0,1)",class_score,loss_good_proxy_bad,0.1552346570397112,0.11191335740072202,0.20141342756183744,277
source/det_pseudo_clip_radius-minus-det_pseudo/K3,"corrupted_overall ratio [0,1)",class_score,given_loss_good,0.3233082706766917,0.24160495255727843,0.4102941176470586,133
source/det_pseudo_clip_radius-minus-det_pseudo/K3,"corrupted_overall ratio [0,1)",false_positives,loss_good_proxy_bad,0.12014134275618374,0.08227375779331192,0.16296690307328604,283
source/det_pseudo_clip_radius-minus-det_pseudo/K3,"corrupted_overall ratio [0,1)",false_positives,given_loss_good,0.2556390977443609,0.18109093218186437,0.3333333333333333,133
source/det_pseudo_clip_radius-minus-det_pseudo/K3,"corrupted_overall ratio [0,1)",duplicates,loss_good_proxy_bad,0.028268551236749116,0.01090810276679842,0.04844452047719877,283
source/det_pseudo_clip_radius-minus-det_pseudo/K3,"corrupted_overall ratio [0,1)",duplicates,given_loss_good,0.06015037593984962,0.02438532651455547,0.10156973379629626,133
source/det_pseudo_clip_radius-minus-det_pseudo/K3,"corrupted_overall ratio [1,2)",geometry,loss_good_proxy_bad,0.2774566473988439,0.21301775147928995,0.34178047968021313,173
source/det_pseudo_clip_radius-minus-det_pseudo/K3,"corrupted_overall ratio [1,2)",geometry,given_loss_good,0.5393258426966292,0.43373493975903615,0.6373660714285714,89
source/det_pseudo_clip_radius-minus-det_pseudo/K3,"corrupted_overall ratio [1,2)",class_score,loss_good_proxy_bad,0.2774566473988439,0.2073170731707317,0.3496932515337423,173
source/det_pseudo_clip_radius-minus-det_pseudo/K3,"corrupted_overall ratio [1,2)",class_score,given_loss_good,0.5393258426966292,0.4186046511627907,0.6585437589670015,89
source/det_pseudo_clip_radius-minus-det_pseudo/K3,"corrupted_overall ratio [1,2)",false_positives,loss_good_proxy_bad,0.1329479768786127,0.08522727272727272,0.18404907975460122,173
source/det_pseudo_clip_radius-minus-det_pseudo/K3,"corrupted_overall ratio [1,2)",false_positives,given_loss_good,0.25842696629213485,0.16837719298245613,0.35443037974683544,89
source/det_pseudo_clip_radius-minus-det_pseudo/K3,"corrupted_overall ratio [1,2)",duplicates,loss_good_proxy_bad,0.05202312138728324,0.022857142857142857,0.08620689655172414,173
source/det_pseudo_clip_radius-minus-det_pseudo/K3,"corrupted_overall ratio [1,2)",duplicates,given_loss_good,0.10112359550561797,0.04443223443223444,0.16666666666666666,89
source/det_pseudo_clip_radius-minus-det_pseudo/K3,"corrupted_overall ratio [2,4)",geometry,loss_good_proxy_bad,0.2681992337164751,0.21862085769980508,0.3190682175676794,261
source/det_pseudo_clip_radius-minus-det_pseudo/K3,"corrupted_overall ratio [2,4)",geometry,given_loss_good,0.5384615384615384,0.445235198702352,0.6339340156794424,130
source/det_pseudo_clip_radius-minus-det_pseudo/K3,"corrupted_overall ratio [2,4)",class_score,loss_good_proxy_bad,0.27586206896551724,0.225,0.3283046717259625,261
source/det_pseudo_clip_radius-minus-det_pseudo/K3,"corrupted_overall ratio [2,4)",class_score,given_loss_good,0.5538461538461539,0.4621687136393019,0.644248188405797,130
source/det_pseudo_clip_radius-minus-det_pseudo/K3,"corrupted_overall ratio [2,4)",false_positives,loss_good_proxy_bad,0.1724137931034483,0.1244727428816712,0.22014925373134328,261
source/det_pseudo_clip_radius-minus-det_pseudo/K3,"corrupted_overall ratio [2,4)",false_positives,given_loss_good,0.34615384615384615,0.2608695652173913,0.4369747899159664,130
source/det_pseudo_clip_radius-minus-det_pseudo/K3,"corrupted_overall ratio [2,4)",duplicates,loss_good_proxy_bad,0.05747126436781609,0.030072371941088676,0.08889338731443992,261
source/det_pseudo_clip_radius-minus-det_pseudo/K3,"corrupted_overall ratio [2,4)",duplicates,given_loss_good,0.11538461538461539,0.06193669162695711,0.17648190045248863,130
source/det_pseudo_clip_radius-minus-det_pseudo/K3,"corrupted_overall ratio [4,inf)",geometry,loss_good_proxy_bad,0.23395445134575568,0.19801930693069308,0.2744303126656068,483
source/det_pseudo_clip_radius-minus-det_pseudo/K3,"corrupted_overall ratio [4,inf)",geometry,given_loss_good,0.48917748917748916,0.4279475982532751,0.5506654595684312,231
source/det_pseudo_clip_radius-minus-det_pseudo/K3,"corrupted_overall ratio [4,inf)",class_score,loss_good_proxy_bad,0.2608695652173913,0.22102697429125293,0.3044487943963595,483
source/det_pseudo_clip_radius-minus-det_pseudo/K3,"corrupted_overall ratio [4,inf)",class_score,given_loss_good,0.5454545454545454,0.48333333333333334,0.6126753634497615,231
source/det_pseudo_clip_radius-minus-det_pseudo/K3,"corrupted_overall ratio [4,inf)",false_positives,loss_good_proxy_bad,0.2070393374741201,0.16984661250746913,0.24786324786324787,483
source/det_pseudo_clip_radius-minus-det_pseudo/K3,"corrupted_overall ratio [4,inf)",false_positives,given_loss_good,0.4329004329004329,0.3670886075949367,0.5021285806392188,231
source/det_pseudo_clip_radius-minus-det_pseudo/K3,"corrupted_overall ratio [4,inf)",duplicates,loss_good_proxy_bad,0.07660455486542443,0.050401006796510446,0.10590696088922641,483
source/det_pseudo_clip_radius-minus-det_pseudo/K3,"corrupted_overall ratio [4,inf)",duplicates,given_loss_good,0.16017316017316016,0.10525762936753648,0.22036148192590357,231
source/det_pseudo_clip_radius-minus-det_pseudo/K3,"clean_s0 ratio [0,1)",geometry,loss_good_proxy_bad,0.13793103448275862,0.05172413793103448,0.23728813559322035,58
source/det_pseudo_clip_radius-minus-det_pseudo/K3,"clean_s0 ratio [0,1)",geometry,given_loss_good,0.34782608695652173,0.15,0.5454545454545454,23
source/det_pseudo_clip_radius-minus-det_pseudo/K3,"clean_s0 ratio [0,1)",class_score,loss_good_proxy_bad,0.10344827586206896,0.03389830508474576,0.1896551724137931,58
source/det_pseudo_clip_radius-minus-det_pseudo/K3,"clean_s0 ratio [0,1)",class_score,given_loss_good,0.2608695652173913,0.08333333333333333,0.4584134615384611,23
source/det_pseudo_clip_radius-minus-det_pseudo/K3,"clean_s0 ratio [0,1)",false_positives,loss_good_proxy_bad,0.13559322033898305,0.05084745762711865,0.22033898305084745,59
source/det_pseudo_clip_radius-minus-det_pseudo/K3,"clean_s0 ratio [0,1)",false_positives,given_loss_good,0.34782608695652173,0.16,0.55,23
source/det_pseudo_clip_radius-minus-det_pseudo/K3,"clean_s0 ratio [0,1)",duplicates,loss_good_proxy_bad,0.01694915254237288,0.0,0.05084745762711865,59
source/det_pseudo_clip_radius-minus-det_pseudo/K3,"clean_s0 ratio [0,1)",duplicates,given_loss_good,0.043478260869565216,0.0,0.14285714285714285,23
source/det_pseudo_clip_radius-minus-det_pseudo/K3,"clean_s0 ratio [1,2)",geometry,loss_good_proxy_bad,0.25806451612903225,0.12903225806451613,0.41935483870967744,31
source/det_pseudo_clip_radius-minus-det_pseudo/K3,"clean_s0 ratio [1,2)",geometry,given_loss_good,0.47058823529411764,0.22727272727272727,0.7142857142857143,17
source/det_pseudo_clip_radius-minus-det_pseudo/K3,"clean_s0 ratio [1,2)",class_score,loss_good_proxy_bad,0.3225806451612903,0.16129032258064516,0.4838709677419355,31
source/det_pseudo_clip_radius-minus-det_pseudo/K3,"clean_s0 ratio [1,2)",class_score,given_loss_good,0.5882352941176471,0.35286764705882356,0.8181818181818182,17
source/det_pseudo_clip_radius-minus-det_pseudo/K3,"clean_s0 ratio [1,2)",false_positives,loss_good_proxy_bad,0.22580645161290322,0.0967741935483871,0.3870967741935484,31
source/det_pseudo_clip_radius-minus-det_pseudo/K3,"clean_s0 ratio [1,2)",false_positives,given_loss_good,0.4117647058823529,0.1875,0.6470588235294118,17
source/det_pseudo_clip_radius-minus-det_pseudo/K3,"clean_s0 ratio [1,2)",duplicates,loss_good_proxy_bad,0.06451612903225806,0.0,0.16129032258064516,31
source/det_pseudo_clip_radius-minus-det_pseudo/K3,"clean_s0 ratio [1,2)",duplicates,given_loss_good,0.11764705882352941,0.0,0.29411764705882354,17
source/det_pseudo_clip_radius-minus-det_pseudo/K3,"clean_s0 ratio [2,4)",geometry,loss_good_proxy_bad,0.18604651162790697,0.06976744186046512,0.3023255813953488,43
source/det_pseudo_clip_radius-minus-det_pseudo/K3,"clean_s0 ratio [2,4)",geometry,given_loss_good,0.4,0.1904017857142857,0.625,20
source/det_pseudo_clip_radius-minus-det_pseudo/K3,"clean_s0 ratio [2,4)",class_score,loss_good_proxy_bad,0.2558139534883721,0.13953488372093023,0.3953488372093023,43
source/det_pseudo_clip_radius-minus-det_pseudo/K3,"clean_s0 ratio [2,4)",class_score,given_loss_good,0.55,0.3333333333333333,0.7777777777777778,20
source/det_pseudo_clip_radius-minus-det_pseudo/K3,"clean_s0 ratio [2,4)",false_positives,loss_good_proxy_bad,0.23255813953488372,0.11627906976744186,0.37209302325581395,43
source/det_pseudo_clip_radius-minus-det_pseudo/K3,"clean_s0 ratio [2,4)",false_positives,given_loss_good,0.5,0.2725757575757576,0.7142857142857143,20
source/det_pseudo_clip_radius-minus-det_pseudo/K3,"clean_s0 ratio [2,4)",duplicates,loss_good_proxy_bad,0.0,0.0,0.0,43
source/det_pseudo_clip_radius-minus-det_pseudo/K3,"clean_s0 ratio [2,4)",duplicates,given_loss_good,0.0,0.0,0.0,20
source/det_pseudo_clip_radius-minus-det_pseudo/K3,"clean_s0 ratio [4,inf)",geometry,loss_good_proxy_bad,0.208955223880597,0.11940298507462686,0.31343283582089554,67
source/det_pseudo_clip_radius-minus-det_pseudo/K3,"clean_s0 ratio [4,inf)",geometry,given_loss_good,0.5,0.32,0.6857589285714283,28
source/det_pseudo_clip_radius-minus-det_pseudo/K3,"clean_s0 ratio [4,inf)",class_score,loss_good_proxy_bad,0.16417910447761194,0.08917910447761196,0.2537313432835821,67
source/det_pseudo_clip_radius-minus-det_pseudo/K3,"clean_s0 ratio [4,inf)",class_score,given_loss_good,0.39285714285714285,0.21875,0.5770833333333324,28
source/det_pseudo_clip_radius-minus-det_pseudo/K3,"clean_s0 ratio [4,inf)",false_positives,loss_good_proxy_bad,0.19402985074626866,0.1044776119402985,0.2835820895522388,67
source/det_pseudo_clip_radius-minus-det_pseudo/K3,"clean_s0 ratio [4,inf)",false_positives,given_loss_good,0.4642857142857143,0.2727272727272727,0.6500543478260867,28
source/det_pseudo_clip_radius-minus-det_pseudo/K3,"clean_s0 ratio [4,inf)",duplicates,loss_good_proxy_bad,0.1044776119402985,0.029850746268656716,0.1791044776119403,67
source/det_pseudo_clip_radius-minus-det_pseudo/K3,"clean_s0 ratio [4,inf)",duplicates,given_loss_good,0.25,0.09669858870967742,0.4166666666666667,28
target/global_generic-minus-no_adapt/K1,corrupted_overall,geometry,loss_good_proxy_bad,0.17922948073701842,0.15577889447236182,0.20202020202020202,1194
target/global_generic-minus-no_adapt/K1,corrupted_overall,geometry,given_loss_good,0.3596638655462185,0.3216560880829015,0.3975908754471812,595
target/global_generic-minus-no_adapt/K1,corrupted_overall,class_score,loss_good_proxy_bad,0.2018425460636516,0.1783152356902357,0.22583333333333333,1194
target/global_generic-minus-no_adapt/K1,corrupted_overall,class_score,given_loss_good,0.4050420168067227,0.3628401226110174,0.448106667091316,595
target/global_generic-minus-no_adapt/K1,corrupted_overall,false_positives,loss_good_proxy_bad,0.0975,0.08,0.11666666666666667,1200
target/global_generic-minus-no_adapt/K1,corrupted_overall,false_positives,given_loss_good,0.19663865546218487,0.16372923475745962,0.23168089254766022,595
target/global_generic-minus-no_adapt/K1,corrupted_overall,duplicates,loss_good_proxy_bad,0.04416666666666667,0.0325,0.05583333333333333,1200
target/global_generic-minus-no_adapt/K1,corrupted_overall,duplicates,given_loss_good,0.08907563025210084,0.06589685900199578,0.11277076157673172,595
target/global_generic-minus-no_adapt/K1,gamma_s1,geometry,loss_good_proxy_bad,0.19597989949748743,0.1407035175879397,0.25125628140703515,199
target/global_generic-minus-no_adapt/K1,gamma_s1,geometry,given_loss_good,0.4105263157894737,0.3124652777777778,0.5096249999999999,95
target/global_generic-minus-no_adapt/K1,gamma_s1,class_score,loss_good_proxy_bad,0.18090452261306533,0.12626262626262627,0.235,199
target/global_generic-minus-no_adapt/K1,gamma_s1,class_score,given_loss_good,0.37894736842105264,0.2804878048780488,0.48078703703703696,95
target/global_generic-minus-no_adapt/K1,gamma_s1,false_positives,loss_good_proxy_bad,0.095,0.055,0.135,200
target/global_generic-minus-no_adapt/K1,gamma_s1,false_positives,given_loss_good,0.2,0.12044606999426277,0.28125,95
target/global_generic-minus-no_adapt/K1,gamma_s1,duplicates,loss_good_proxy_bad,0.03,0.01,0.055,200
target/global_generic-minus-no_adapt/K1,gamma_s1,duplicates,given_loss_good,0.06315789473684211,0.020202020202020204,0.11766287160025292,95
target/global_generic-minus-no_adapt/K1,gamma_s2,geometry,loss_good_proxy_bad,0.16080402010050251,0.11109715242881071,0.215,199
target/global_generic-minus-no_adapt/K1,gamma_s2,geometry,given_loss_good,0.38095238095238093,0.275,0.48718749999999994,84
target/global_generic-minus-no_adapt/K1,gamma_s2,class_score,loss_good_proxy_bad,0.1457286432160804,0.09644670050761421,0.19597989949748743,199
target/global_generic-minus-no_adapt/K1,gamma_s2,class_score,given_loss_good,0.34523809523809523,0.24690957190957188,0.4523809523809524,84
target/global_generic-minus-no_adapt/K1,gamma_s2,false_positives,loss_good_proxy_bad,0.12,0.075,0.17,200
target/global_generic-minus-no_adapt/K1,gamma_s2,false_positives,given_loss_good,0.2857142857142857,0.19101123595505617,0.38461538461538464,84
target/global_generic-minus-no_adapt/K1,gamma_s2,duplicates,loss_good_proxy_bad,0.03,0.01,0.055,200
target/global_generic-minus-no_adapt/K1,gamma_s2,duplicates,given_loss_good,0.07142857142857142,0.023809523809523808,0.12790697674418605,84
target/global_generic-minus-no_adapt/K1,contrast_s1,geometry,loss_good_proxy_bad,0.16080402010050251,0.11,0.21105527638190955,199
target/global_generic-minus-no_adapt/K1,contrast_s1,geometry,given_loss_good,0.32653061224489793,0.23232323232323232,0.4174783953910167,98
target/global_generic-minus-no_adapt/K1,contrast_s1,class_score,loss_good_proxy_bad,0.25125628140703515,0.1919191919191919,0.315,199
target/global_generic-minus-no_adapt/K1,contrast_s1,class_score,given_loss_good,0.5102040816326531,0.4112123572170301,0.603778255184009,98
target/global_generic-minus-no_adapt/K1,contrast_s1,false_positives,loss_good_proxy_bad,0.09,0.05487500000000001,0.13,200
target/global_generic-minus-no_adapt/K1,contrast_s1,false_positives,given_loss_good,0.1836734693877551,0.10891089108910891,0.2636363636363636,98
target/global_generic-minus-no_adapt/K1,contrast_s1,duplicates,loss_good_proxy_bad,0.045,0.02,0.075,200
target/global_generic-minus-no_adapt/K1,contrast_s1,duplicates,given_loss_good,0.09183673469387756,0.039603960396039604,0.15463917525773196,98
target/global_generic-minus-no_adapt/K1,contrast_s2,geometry,loss_good_proxy_bad,0.1507537688442211,0.10101010101010101,0.20100502512562815,199
target/global_generic-minus-no_adapt/K1,contrast_s2,geometry,given_loss_good,0.29411764705882354,0.20453934506353863,0.38144329896907214,102
target/global_generic-minus-no_adapt/K1,contrast_s2,class_score,loss_good_proxy_bad,0.18592964824120603,0.135,0.24242424242424243,199
target/global_generic-minus-no_adapt/K1,contrast_s2,class_score,given_loss_good,0.3627450980392157,0.2743174987477041,0.45918367346938777,102
target/global_generic-minus-no_adapt/K1,contrast_s2,false_positives,loss_good_proxy_bad,0.13,0.085,0.175,200
target/global_generic-minus-no_adapt/K1,contrast_s2,false_positives,given_loss_good,0.2549019607843137,0.17307692307692307,0.34285714285714286,102
target/global_generic-minus-no_adapt/K1,contrast_s2,duplicates,loss_good_proxy_bad,0.065,0.03,0.10012499999999933,200
target/global_generic-minus-no_adapt/K1,contrast_s2,duplicates,given_loss_good,0.12745098039215685,0.0648073476702509,0.201837067748765,102
target/global_generic-minus-no_adapt/K1,color_cast_s1,geometry,loss_good_proxy_bad,0.17587939698492464,0.125,0.23,199
target/global_generic-minus-no_adapt/K1,color_cast_s1,geometry,given_loss_good,0.3181818181818182,0.2336448598130841,0.4086044880785414,110
target/global_generic-minus-no_adapt/K1,color_cast_s1,class_score,loss_good_proxy_bad,0.21105527638190955,0.1549128787878788,0.27,199
target/global_generic-minus-no_adapt/K1,color_cast_s1,class_score,given_loss_good,0.38181818181818183,0.2912621359223301,0.47706422018348627,110
target/global_generic-minus-no_adapt/K1,color_cast_s1,false_positives,loss_good_proxy_bad,0.07,0.035,0.105,200
target/global_generic-minus-no_adapt/K1,color_cast_s1,false_positives,given_loss_good,0.12727272727272726,0.06896551724137931,0.1926605504587156,110
target/global_generic-minus-no_adapt/K1,color_cast_s1,duplicates,loss_good_proxy_bad,0.05,0.02,0.08,200
target/global_generic-minus-no_adapt/K1,color_cast_s1,duplicates,given_loss_good,0.09090909090909091,0.04081217852994856,0.14655172413793102,110
target/global_generic-minus-no_adapt/K1,color_cast_s2,geometry,loss_good_proxy_bad,0.23115577889447236,0.175,0.29,199
target/global_generic-minus-no_adapt/K1,color_cast_s2,geometry,given_loss_good,0.4339622641509434,0.3364485981308411,0.5319503546099289,106
target/global_generic-minus-no_adapt/K1,color_cast_s2,class_score,loss_good_proxy_bad,0.23618090452261306,0.18,0.2964824120603015,199
target/global_generic-minus-no_adapt/K1,color_cast_s2,class_score,given_loss_good,0.44339622641509435,0.35164092664092667,0.5368469785575049,106
target/global_generic-minus-no_adapt/K1,color_cast_s2,false_positives,loss_good_proxy_bad,0.08,0.045,0.12,200
target/global_generic-minus-no_adapt/K1,color_cast_s2,false_positives,given_loss_good,0.1509433962264151,0.08737864077669903,0.2233218948778037,106
target/global_generic-minus-no_adapt/K1,color_cast_s2,duplicates,loss_good_proxy_bad,0.045,0.02,0.075,200
target/global_generic-minus-no_adapt/K1,color_cast_s2,duplicates,given_loss_good,0.08490566037735849,0.03602799227799228,0.13861386138613863,106
target/global_generic-minus-no_adapt/K1,clean_s0,geometry,loss_good_proxy_bad,0.20100502512562815,0.1457286432160804,0.25757575757575757,199
target/global_generic-minus-no_adapt/K1,clean_s0,geometry,given_loss_good,0.43956043956043955,0.3333333333333333,0.5425607902735562,91
target/global_generic-minus-no_adapt/K1,clean_s0,class_score,loss_good_proxy_bad,0.20100502512562815,0.15,0.2562814070351759,199
target/global_generic-minus-no_adapt/K1,clean_s0,class_score,given_loss_good,0.43956043956043955,0.34443548387096773,0.5363954056695991,91
target/global_generic-minus-no_adapt/K1,clean_s0,false_positives,loss_good_proxy_bad,0.085,0.045,0.125,200
target/global_generic-minus-no_adapt/K1,clean_s0,false_positives,given_loss_good,0.18681318681318682,0.10638297872340426,0.2647058823529412,91
target/global_generic-minus-no_adapt/K1,clean_s0,duplicates,loss_good_proxy_bad,0.03,0.01,0.055,200
target/global_generic-minus-no_adapt/K1,clean_s0,duplicates,given_loss_good,0.06593406593406594,0.021499656829100895,0.12345679012345678,91
target/global_generic-minus-no_adapt/K1,"corrupted_overall ratio [0,1)",geometry,loss_good_proxy_bad,0.1588447653429603,0.11683723380239296,0.20319528901936112,277
target/global_generic-minus-no_adapt/K1,"corrupted_overall ratio [0,1)",geometry,given_loss_good,0.3308270676691729,0.256198347107438,0.4070878400524418,133
target/global_generic-minus-no_adapt/K1,"corrupted_overall ratio [0,1)",class_score,loss_good_proxy_bad,0.21299638989169675,0.1649122807017544,0.26591859909156107,277
target/global_generic-minus-no_adapt/K1,"corrupted_overall ratio [0,1)",class_score,given_loss_good,0.44360902255639095,0.3597550008773469,0.53078125,133
target/global_generic-minus-no_adapt/K1,"corrupted_overall ratio [0,1)",false_positives,loss_good_proxy_bad,0.0989399293286219,0.06333333333333334,0.13806275440976934,283
target/global_generic-minus-no_adapt/K1,"corrupted_overall ratio [0,1)",false_positives,given_loss_good,0.21052631578947367,0.13815789473684212,0.28574197120708733,133
target/global_generic-minus-no_adapt/K1,"corrupted_overall ratio [0,1)",duplicates,loss_good_proxy_bad,0.03180212014134275,0.013245033112582781,0.05494599901816396,283
target/global_generic-minus-no_adapt/K1,"corrupted_overall ratio [0,1)",duplicates,given_loss_good,0.06766917293233082,0.028164089431695065,0.11764705882352941,133
target/global_generic-minus-no_adapt/K1,"corrupted_overall ratio [1,2)",geometry,loss_good_proxy_bad,0.17341040462427745,0.11309271589991929,0.23758221520652453,173
target/global_generic-minus-no_adapt/K1,"corrupted_overall ratio [1,2)",geometry,given_loss_good,0.36585365853658536,0.2608695652173913,0.48053180996218964,82
target/global_generic-minus-no_adapt/K1,"corrupted_overall ratio [1,2)",class_score,loss_good_proxy_bad,0.1907514450867052,0.12882578743530865,0.25568512156448203,173
target/global_generic-minus-no_adapt/K1,"corrupted_overall ratio [1,2)",class_score,given_loss_good,0.4024390243902439,0.29212312734082396,0.512202743902439,82
target/global_generic-minus-no_adapt/K1,"corrupted_overall ratio [1,2)",false_positives,loss_good_proxy_bad,0.06358381502890173,0.028409090909090908,0.10344827586206896,173
target/global_generic-minus-no_adapt/K1,"corrupted_overall ratio [1,2)",false_positives,given_loss_good,0.13414634146341464,0.060240963855421686,0.21352581425117315,82
target/global_generic-minus-no_adapt/K1,"corrupted_overall ratio [1,2)",duplicates,loss_good_proxy_bad,0.057803468208092484,0.023806001690617074,0.0967741935483871,173
target/global_generic-minus-no_adapt/K1,"corrupted_overall ratio [1,2)",duplicates,given_loss_good,0.12195121951219512,0.05317749160134379,0.20271326013513508,82
target/global_generic-minus-no_adapt/K1,"corrupted_overall ratio [2,4)",geometry,loss_good_proxy_bad,0.23371647509578544,0.180208629489731,0.2908366533864542,261
target/global_generic-minus-no_adapt/K1,"corrupted_overall ratio [2,4)",geometry,given_loss_good,0.4959349593495935,0.40294981783993417,0.5887460338445265,123
target/global_generic-minus-no_adapt/K1,"corrupted_overall ratio [2,4)",class_score,loss_good_proxy_bad,0.2222222222222222,0.1700404858299595,0.2745118129218901,261
target/global_generic-minus-no_adapt/K1,"corrupted_overall ratio [2,4)",class_score,given_loss_good,0.4715447154471545,0.378372700431524,0.5603513584117031,123
target/global_generic-minus-no_adapt/K1,"corrupted_overall ratio [2,4)",false_positives,loss_good_proxy_bad,0.08812260536398467,0.05639097744360902,0.12168235980958649,261
target/global_generic-minus-no_adapt/K1,"corrupted_overall ratio [2,4)",false_positives,given_loss_good,0.18699186991869918,0.12379120879120879,0.252102667153818,123
target/global_generic-minus-no_adapt/K1,"corrupted_overall ratio [2,4)",duplicates,loss_good_proxy_bad,0.04980842911877394,0.02592353423534235,0.07633657182512144,261
target/global_generic-minus-no_adapt/K1,"corrupted_overall ratio [2,4)",duplicates,given_loss_good,0.10569105691056911,0.0550369122706422,0.15873015873015872,123
target/global_generic-minus-no_adapt/K1,"corrupted_overall ratio [4,inf)",geometry,loss_good_proxy_bad,0.16356107660455488,0.1311458080615534,0.19833028520160803,483
target/global_generic-minus-no_adapt/K1,"corrupted_overall ratio [4,inf)",geometry,given_loss_good,0.30739299610894943,0.2540983606557377,0.3640004184100418,257
target/global_generic-minus-no_adapt/K1,"corrupted_overall ratio [4,inf)",class_score,loss_good_proxy_bad,0.18840579710144928,0.15274874519595397,0.22718522472509872,483
target/global_generic-minus-no_adapt/K1,"corrupted_overall ratio [4,inf)",class_score,given_loss_good,0.3540856031128405,0.29056291620421754,0.41871557828481504,257
target/global_generic-minus-no_adapt/K1,"corrupted_overall ratio [4,inf)",false_positives,loss_good_proxy_bad,0.11387163561076605,0.08667869052548985,0.1440179720386486,483
target/global_generic-minus-no_adapt/K1,"corrupted_overall ratio [4,inf)",false_positives,given_loss_good,0.2140077821011673,0.16597744360902256,0.26666666666666666,257
target/global_generic-minus-no_adapt/K1,"corrupted_overall ratio [4,inf)",duplicates,loss_good_proxy_bad,0.043478260869565216,0.02666666666666667,0.06225191086928357,483
target/global_generic-minus-no_adapt/K1,"corrupted_overall ratio [4,inf)",duplicates,given_loss_good,0.08171206225680934,0.05072234452394057,0.11618498504294122,257
target/global_generic-minus-no_adapt/K1,"clean_s0 ratio [0,1)",geometry,loss_good_proxy_bad,0.20689655172413793,0.11864406779661017,0.3103448275862069,58
target/global_generic-minus-no_adapt/K1,"clean_s0 ratio [0,1)",geometry,given_loss_good,0.41379310344827586,0.25,0.6,29
target/global_generic-minus-no_adapt/K1,"clean_s0 ratio [0,1)",class_score,loss_good_proxy_bad,0.22413793103448276,0.1206896551724138,0.3333333333333333,58
target/global_generic-minus-no_adapt/K1,"clean_s0 ratio [0,1)",class_score,given_loss_good,0.4482758620689655,0.27586206896551724,0.6296783625730992,29
target/global_generic-minus-no_adapt/K1,"clean_s0 ratio [0,1)",false_positives,loss_good_proxy_bad,0.1016949152542373,0.03389830508474576,0.1864406779661017,59
target/global_generic-minus-no_adapt/K1,"clean_s0 ratio [0,1)",false_positives,given_loss_good,0.20689655172413793,0.07407407407407407,0.36666666666666664,29
target/global_generic-minus-no_adapt/K1,"clean_s0 ratio [0,1)",duplicates,loss_good_proxy_bad,0.03389830508474576,0.0,0.0847457627118644,59
target/global_generic-minus-no_adapt/K1,"clean_s0 ratio [0,1)",duplicates,given_loss_good,0.06896551724137931,0.0,0.18181818181818182,29
target/global_generic-minus-no_adapt/K1,"clean_s0 ratio [1,2)",geometry,loss_good_proxy_bad,0.1935483870967742,0.06451612903225806,0.3548387096774194,31
target/global_generic-minus-no_adapt/K1,"clean_s0 ratio [1,2)",geometry,given_loss_good,0.4,0.15384615384615385,0.6666666666666666,15
target/global_generic-minus-no_adapt/K1,"clean_s0 ratio [1,2)",class_score,loss_good_proxy_bad,0.1935483870967742,0.06451612903225806,0.3225806451612903,31
target/global_generic-minus-no_adapt/K1,"clean_s0 ratio [1,2)",class_score,given_loss_good,0.4,0.15779352226720647,0.6666666666666666,15
target/global_generic-minus-no_adapt/K1,"clean_s0 ratio [1,2)",false_positives,loss_good_proxy_bad,0.0967741935483871,0.0,0.22580645161290322,31
target/global_generic-minus-no_adapt/K1,"clean_s0 ratio [1,2)",false_positives,given_loss_good,0.2,0.0,0.4444444444444444,15
target/global_generic-minus-no_adapt/K1,"clean_s0 ratio [1,2)",duplicates,loss_good_proxy_bad,0.03225806451612903,0.0,0.0967741935483871,31
target/global_generic-minus-no_adapt/K1,"clean_s0 ratio [1,2)",duplicates,given_loss_good,0.06666666666666667,0.0,0.2222222222222222,15
target/global_generic-minus-no_adapt/K1,"clean_s0 ratio [2,4)",geometry,loss_good_proxy_bad,0.23255813953488372,0.11627906976744186,0.37209302325581395,43
target/global_generic-minus-no_adapt/K1,"clean_s0 ratio [2,4)",geometry,given_loss_good,0.5555555555555556,0.3333333333333333,0.7857142857142857,18
target/global_generic-minus-no_adapt/K1,"clean_s0 ratio [2,4)",class_score,loss_good_proxy_bad,0.23255813953488372,0.11627906976744186,0.37209302325581395,43
target/global_generic-minus-no_adapt/K1,"clean_s0 ratio [2,4)",class_score,given_loss_good,0.5555555555555556,0.3333333333333333,0.7777777777777778,18
target/global_generic-minus-no_adapt/K1,"clean_s0 ratio [2,4)",false_positives,loss_good_proxy_bad,0.06976744186046512,0.0,0.16279069767441862,43
target/global_generic-minus-no_adapt/K1,"clean_s0 ratio [2,4)",false_positives,given_loss_good,0.16666666666666666,0.0,0.34782608695652173,18
target/global_generic-minus-no_adapt/K1,"clean_s0 ratio [2,4)",duplicates,loss_good_proxy_bad,0.046511627906976744,0.0,0.11627906976744186,43
target/global_generic-minus-no_adapt/K1,"clean_s0 ratio [2,4)",duplicates,given_loss_good,0.1111111111111111,0.0,0.2728535353535346,18
target/global_generic-minus-no_adapt/K1,"clean_s0 ratio [4,inf)",geometry,loss_good_proxy_bad,0.1791044776119403,0.08955223880597014,0.26865671641791045,67
target/global_generic-minus-no_adapt/K1,"clean_s0 ratio [4,inf)",geometry,given_loss_good,0.41379310344827586,0.23797619047619048,0.6001785714285705,29
target/global_generic-minus-no_adapt/K1,"clean_s0 ratio [4,inf)",class_score,loss_good_proxy_bad,0.16417910447761194,0.07462686567164178,0.2537313432835821,67
target/global_generic-minus-no_adapt/K1,"clean_s0 ratio [4,inf)",class_score,given_loss_good,0.3793103448275862,0.20689655172413793,0.5555555555555556,29
target/global_generic-minus-no_adapt/K1,"clean_s0 ratio [4,inf)",false_positives,loss_good_proxy_bad,0.07462686567164178,0.014925373134328358,0.13432835820895522,67
target/global_generic-minus-no_adapt/K1,"clean_s0 ratio [4,inf)",false_positives,given_loss_good,0.1724137931034483,0.041625,0.3103448275862069,29
target/global_generic-minus-no_adapt/K1,"clean_s0 ratio [4,inf)",duplicates,loss_good_proxy_bad,0.014925373134328358,0.0,0.04477611940298507,67
target/global_generic-minus-no_adapt/K1,"clean_s0 ratio [4,inf)",duplicates,given_loss_good,0.034482758620689655,0.0,0.12121212121212122,29
target/global_generic-minus-no_adapt/K3,corrupted_overall,geometry,loss_good_proxy_bad,0.18592964824120603,0.16164154103852596,0.2102177554438861,1194
target/global_generic-minus-no_adapt/K3,corrupted_overall,geometry,given_loss_good,0.36633663366336633,0.3247108346616705,0.4085218077081333,606
target/global_generic-minus-no_adapt/K3,corrupted_overall,class_score,loss_good_proxy_bad,0.18927973199329984,0.16579591836734692,0.21273031825795644,1194
target/global_generic-minus-no_adapt/K3,corrupted_overall,class_score,given_loss_good,0.37293729372937295,0.3300471878058085,0.41613145019058995,606
target/global_generic-minus-no_adapt/K3,corrupted_overall,false_positives,loss_good_proxy_bad,0.12333333333333334,0.10333333333333333,0.14416666666666667,1200
target/global_generic-minus-no_adapt/K3,corrupted_overall,false_positives,given_loss_good,0.24382207578253706,0.20619918010570537,0.2805878999234278,607
target/global_generic-minus-no_adapt/K3,corrupted_overall,duplicates,loss_good_proxy_bad,0.07666666666666666,0.060812500000000005,0.0925,1200
target/global_generic-minus-no_adapt/K3,corrupted_overall,duplicates,given_loss_good,0.1515650741350906,0.12063323201621075,0.18267920173771382,607
target/global_generic-minus-no_adapt/K3,gamma_s1,geometry,loss_good_proxy_bad,0.20603015075376885,0.1507537688442211,0.2613065326633166,199
target/global_generic-minus-no_adapt/K3,gamma_s1,geometry,given_loss_good,0.4270833333333333,0.3300970873786408,0.5263299377475947,96
target/global_generic-minus-no_adapt/K3,gamma_s1,class_score,loss_good_proxy_bad,0.20100502512562815,0.1457286432160804,0.2562814070351759,199
target/global_generic-minus-no_adapt/K3,gamma_s1,class_score,given_loss_good,0.4166666666666667,0.31681905435441504,0.5196278511404561,96
target/global_generic-minus-no_adapt/K3,gamma_s1,false_positives,loss_good_proxy_bad,0.125,0.08,0.17,200
target/global_generic-minus-no_adapt/K3,gamma_s1,false_positives,given_loss_good,0.2604166666666667,0.1734508348794063,0.3473684210526316,96
target/global_generic-minus-no_adapt/K3,gamma_s1,duplicates,loss_good_proxy_bad,0.07,0.035,0.105,200
target/global_generic-minus-no_adapt/K3,gamma_s1,duplicates,given_loss_good,0.14583333333333334,0.07998863636363636,0.22002325581395335,96
target/global_generic-minus-no_adapt/K3,gamma_s2,geometry,loss_good_proxy_bad,0.135678391959799,0.09,0.18592964824120603,199
target/global_generic-minus-no_adapt/K3,gamma_s2,geometry,given_loss_good,0.30337078651685395,0.21331914893617024,0.4,89
target/global_generic-minus-no_adapt/K3,gamma_s2,class_score,loss_good_proxy_bad,0.12562814070351758,0.08040201005025126,0.175,199
target/global_generic-minus-no_adapt/K3,gamma_s2,class_score,given_loss_good,0.2808988764044944,0.18821691176470587,0.3763472485768501,89
target/global_generic-minus-no_adapt/K3,gamma_s2,false_positives,loss_good_proxy_bad,0.15,0.1,0.20012499999999933,200
target/global_generic-minus-no_adapt/K3,gamma_s2,false_positives,given_loss_good,0.3333333333333333,0.24096385542168675,0.43010752688172044,90
target/global_generic-minus-no_adapt/K3,gamma_s2,duplicates,loss_good_proxy_bad,0.06,0.03,0.095,200
target/global_generic-minus-no_adapt/K3,gamma_s2,duplicates,given_loss_good,0.13333333333333333,0.06591614906832298,0.2073170731707317,90
target/global_generic-minus-no_adapt/K3,contrast_s1,geometry,loss_good_proxy_bad,0.1507537688442211,0.10050251256281408,0.205,199
target/global_generic-minus-no_adapt/K3,contrast_s1,geometry,given_loss_good,0.2803738317757009,0.1962331889674037,0.37070812807881764,107
target/global_generic-minus-no_adapt/K3,contrast_s1,class_score,loss_good_proxy_bad,0.22110552763819097,0.1658291457286432,0.285,199
target/global_generic-minus-no_adapt/K3,contrast_s1,class_score,given_loss_good,0.411214953271028,0.3186788874841972,0.5096153846153846,107
target/global_generic-minus-no_adapt/K3,contrast_s1,false_positives,loss_good_proxy_bad,0.135,0.09,0.185,200
target/global_generic-minus-no_adapt/K3,contrast_s1,false_positives,given_loss_good,0.2523364485981308,0.17474614767970073,0.3333333333333333,107
target/global_generic-minus-no_adapt/K3,contrast_s1,duplicates,loss_good_proxy_bad,0.07,0.03987500000000001,0.105,200
target/global_generic-minus-no_adapt/K3,contrast_s1,duplicates,given_loss_good,0.1308411214953271,0.07017543859649122,0.19540229885057472,107
target/global_generic-minus-no_adapt/K3,contrast_s2,geometry,loss_good_proxy_bad,0.16080402010050251,0.11055276381909548,0.21430357142857132,199
target/global_generic-minus-no_adapt/K3,contrast_s2,geometry,given_loss_good,0.3137254901960784,0.2252068394925538,0.4019607843137255,102
target/global_generic-minus-no_adapt/K3,contrast_s2,class_score,loss_good_proxy_bad,0.17587939698492464,0.12060301507537688,0.23002889447236166,199
target/global_generic-minus-no_adapt/K3,contrast_s2,class_score,given_loss_good,0.3431372549019608,0.24752475247524752,0.4387755102040816,102
target/global_generic-minus-no_adapt/K3,contrast_s2,false_positives,loss_good_proxy_bad,0.12,0.075,0.165,200
target/global_generic-minus-no_adapt/K3,contrast_s2,false_positives,given_loss_good,0.23529411764705882,0.15661709337349397,0.32038834951456313,102
target/global_generic-minus-no_adapt/K3,contrast_s2,duplicates,loss_good_proxy_bad,0.09,0.05,0.13,200
target/global_generic-minus-no_adapt/K3,contrast_s2,duplicates,given_loss_good,0.17647058823529413,0.1,0.2500606796116501,102
target/global_generic-minus-no_adapt/K3,color_cast_s1,geometry,loss_good_proxy_bad,0.19597989949748743,0.1407035175879397,0.25252525252525254,199
target/global_generic-minus-no_adapt/K3,color_cast_s1,geometry,given_loss_good,0.38235294117647056,0.2871287128712871,0.4782724329324699,102
target/global_generic-minus-no_adapt/K3,color_cast_s1,class_score,loss_good_proxy_bad,0.19597989949748743,0.1414141414141414,0.25125628140703515,199
target/global_generic-minus-no_adapt/K3,color_cast_s1,class_score,given_loss_good,0.38235294117647056,0.29,0.47576155696089767,102
target/global_generic-minus-no_adapt/K3,color_cast_s1,false_positives,loss_good_proxy_bad,0.085,0.05,0.125,200
target/global_generic-minus-no_adapt/K3,color_cast_s1,false_positives,given_loss_good,0.16666666666666666,0.09820990896358543,0.2403990963855421,102
target/global_generic-minus-no_adapt/K3,color_cast_s1,duplicates,loss_good_proxy_bad,0.095,0.06,0.135,200
target/global_generic-minus-no_adapt/K3,color_cast_s1,duplicates,given_loss_good,0.18627450980392157,0.11650485436893204,0.2641648168701442,102
target/global_generic-minus-no_adapt/K3,color_cast_s2,geometry,loss_good_proxy_bad,0.2663316582914573,0.20603015075376885,0.32663316582914576,199
target/global_generic-minus-no_adapt/K3,color_cast_s2,geometry,given_loss_good,0.4818181818181818,0.3893682399213373,0.5739216530348686,110
target/global_generic-minus-no_adapt/K3,color_cast_s2,class_score,loss_good_proxy_bad,0.21608040201005024,0.16,0.275,199
target/global_generic-minus-no_adapt/K3,color_cast_s2,class_score,given_loss_good,0.39090909090909093,0.2983835597057159,0.4814898989898989,110
target/global_generic-minus-no_adapt/K3,color_cast_s2,false_positives,loss_good_proxy_bad,0.125,0.08,0.17012499999999933,200
target/global_generic-minus-no_adapt/K3,color_cast_s2,false_positives,given_loss_good,0.22727272727272727,0.15178571428571427,0.3070344129554655,110
target/global_generic-minus-no_adapt/K3,color_cast_s2,duplicates,loss_good_proxy_bad,0.075,0.044875000000000005,0.115,200
target/global_generic-minus-no_adapt/K3,color_cast_s2,duplicates,given_loss_good,0.13636363636363635,0.0784313725490196,0.20339358032098395,110
target/global_generic-minus-no_adapt/K3,clean_s0,geometry,loss_good_proxy_bad,0.20603015075376885,0.1507537688442211,0.2613065326633166,199
target/global_generic-minus-no_adapt/K3,clean_s0,geometry,given_loss_good,0.43157894736842106,0.3298941653871463,0.5274879614767255,95
target/global_generic-minus-no_adapt/K3,clean_s0,class_score,loss_good_proxy_bad,0.19597989949748743,0.14211403373839923,0.24873096446700507,199
target/global_generic-minus-no_adapt/K3,clean_s0,class_score,given_loss_good,0.4105263157894737,0.3163265306122449,0.5057540506855006,95
target/global_generic-minus-no_adapt/K3,clean_s0,false_positives,loss_good_proxy_bad,0.115,0.07,0.16,200
target/global_generic-minus-no_adapt/K3,clean_s0,false_positives,given_loss_good,0.24210526315789474,0.1590909090909091,0.3333333333333333,95
target/global_generic-minus-no_adapt/K3,clean_s0,duplicates,loss_good_proxy_bad,0.06,0.03,0.095,200
target/global_generic-minus-no_adapt/K3,clean_s0,duplicates,given_loss_good,0.12631578947368421,0.06314144736842106,0.19418149946062563,95
target/global_generic-minus-no_adapt/K3,"corrupted_overall ratio [0,1)",geometry,loss_good_proxy_bad,0.15162454873646208,0.1111111111111111,0.1942496003197442,277
target/global_generic-minus-no_adapt/K3,"corrupted_overall ratio [0,1)",geometry,given_loss_good,0.33070866141732286,0.251965587634879,0.4112903225806452,127
target/global_generic-minus-no_adapt/K3,"corrupted_overall ratio [0,1)",class_score,loss_good_proxy_bad,0.20216606498194944,0.15358331301803999,0.2562323204671959,277
target/global_generic-minus-no_adapt/K3,"corrupted_overall ratio [0,1)",class_score,given_loss_good,0.4409448818897638,0.35,0.5363873812754408,127
target/global_generic-minus-no_adapt/K3,"corrupted_overall ratio [0,1)",false_positives,loss_good_proxy_bad,0.08833922261484099,0.05653710247349823,0.124012840466926,283
target/global_generic-minus-no_adapt/K3,"corrupted_overall ratio [0,1)",false_positives,given_loss_good,0.1953125,0.12781954887218044,0.26448002754820926,128
target/global_generic-minus-no_adapt/K3,"corrupted_overall ratio [0,1)",duplicates,loss_good_proxy_bad,0.04946996466431095,0.023647983613534797,0.07692982456140347,283
target/global_generic-minus-no_adapt/K3,"corrupted_overall ratio [0,1)",duplicates,given_loss_good,0.109375,0.051465874811463044,0.1755813542550183,128
target/global_generic-minus-no_adapt/K3,"corrupted_overall ratio [1,2)",geometry,loss_good_proxy_bad,0.2023121387283237,0.13938131313131313,0.266675392670157,173
target/global_generic-minus-no_adapt/K3,"corrupted_overall ratio [1,2)",geometry,given_loss_good,0.39325842696629215,0.2891442056887343,0.5,89
target/global_generic-minus-no_adapt/K3,"corrupted_overall ratio [1,2)",class_score,loss_good_proxy_bad,0.18497109826589594,0.12727272727272726,0.24431818181818182,173
target/global_generic-minus-no_adapt/K3,"corrupted_overall ratio [1,2)",class_score,given_loss_good,0.3595505617977528,0.25639534883720927,0.46739483342744215,89
target/global_generic-minus-no_adapt/K3,"corrupted_overall ratio [1,2)",false_positives,loss_good_proxy_bad,0.12138728323699421,0.07557047318187927,0.17341040462427745,173
target/global_generic-minus-no_adapt/K3,"corrupted_overall ratio [1,2)",false_positives,given_loss_good,0.23595505617977527,0.15216703357182168,0.32434121621621614,89
target/global_generic-minus-no_adapt/K3,"corrupted_overall ratio [1,2)",duplicates,loss_good_proxy_bad,0.09826589595375723,0.05232558139534884,0.14526876038049213,173
target/global_generic-minus-no_adapt/K3,"corrupted_overall ratio [1,2)",duplicates,given_loss_good,0.19101123595505617,0.1111111111111111,0.27473214285714287,89
target/global_generic-minus-no_adapt/K3,"corrupted_overall ratio [2,4)",geometry,loss_good_proxy_bad,0.19540229885057472,0.14772727272727273,0.24639269010912862,261
target/global_generic-minus-no_adapt/K3,"corrupted_overall ratio [2,4)",geometry,given_loss_good,0.3984375,0.3105790043290043,0.4918158890290037,128
target/global_generic-minus-no_adapt/K3,"corrupted_overall ratio [2,4)",class_score,loss_good_proxy_bad,0.19923371647509577,0.1520768521719092,0.24506121099337136,261
target/global_generic-minus-no_adapt/K3,"corrupted_overall ratio [2,4)",class_score,given_loss_good,0.40625,0.3255719417659293,0.4857142857142857,128
target/global_generic-minus-no_adapt/K3,"corrupted_overall ratio [2,4)",false_positives,loss_good_proxy_bad,0.13026819923371646,0.09022482677281439,0.17328774601141259,261
target/global_generic-minus-no_adapt/K3,"corrupted_overall ratio [2,4)",false_positives,given_loss_good,0.265625,0.1908306070519811,0.3425992063492063,128
target/global_generic-minus-no_adapt/K3,"corrupted_overall ratio [2,4)",duplicates,loss_good_proxy_bad,0.09195402298850575,0.060603005865102644,0.12699304440877468,261
target/global_generic-minus-no_adapt/K3,"corrupted_overall ratio [2,4)",duplicates,given_loss_good,0.1875,0.1259827938174395,0.2540983606557377,128
target/global_generic-minus-no_adapt/K3,"corrupted_overall ratio [4,inf)",geometry,loss_good_proxy_bad,0.19461697722567287,0.1540088436509261,0.23354012226069779,483
target/global_generic-minus-no_adapt/K3,"corrupted_overall ratio [4,inf)",geometry,given_loss_good,0.35877862595419846,0.29519339615706913,0.423358400047092,262
target/global_generic-minus-no_adapt/K3,"corrupted_overall ratio [4,inf)",class_score,loss_good_proxy_bad,0.17805383022774326,0.14163043376625806,0.21776163366450643,483
target/global_generic-minus-no_adapt/K3,"corrupted_overall ratio [4,inf)",class_score,given_loss_good,0.3282442748091603,0.26636625961860155,0.3972646645591851,262
target/global_generic-minus-no_adapt/K3,"corrupted_overall ratio [4,inf)",false_positives,loss_good_proxy_bad,0.14078674948240166,0.11085951982843227,0.17307989690721648,483
target/global_generic-minus-no_adapt/K3,"corrupted_overall ratio [4,inf)",false_positives,given_loss_good,0.2595419847328244,0.20798181818181818,0.31690797771704854,262
target/global_generic-minus-no_adapt/K3,"corrupted_overall ratio [4,inf)",duplicates,loss_good_proxy_bad,0.07660455486542443,0.05293621245966741,0.10135135135135136,483
target/global_generic-minus-no_adapt/K3,"corrupted_overall ratio [4,inf)",duplicates,given_loss_good,0.14122137404580154,0.10037174721189591,0.18359375,262
target/global_generic-minus-no_adapt/K3,"clean_s0 ratio [0,1)",geometry,loss_good_proxy_bad,0.22413793103448276,0.1206896551724138,0.3389830508474576,58
target/global_generic-minus-no_adapt/K3,"clean_s0 ratio [0,1)",geometry,given_loss_good,0.41935483870967744,0.2413793103448276,0.6086956521739131,31
target/global_generic-minus-no_adapt/K3,"clean_s0 ratio [0,1)",class_score,loss_good_proxy_bad,0.27586206896551724,0.1724137931034483,0.39294950738916207,58
target/global_generic-minus-no_adapt/K3,"clean_s0 ratio [0,1)",class_score,given_loss_good,0.5161290322580645,0.34480064655172415,0.6923076923076923,31
target/global_generic-minus-no_adapt/K3,"clean_s0 ratio [0,1)",false_positives,loss_good_proxy_bad,0.11864406779661017,0.05084745762711865,0.2033898305084746,59
target/global_generic-minus-no_adapt/K3,"clean_s0 ratio [0,1)",false_positives,given_loss_good,0.22580645161290322,0.09090909090909091,0.375,31
target/global_generic-minus-no_adapt/K3,"clean_s0 ratio [0,1)",duplicates,loss_good_proxy_bad,0.01694915254237288,0.0,0.05084745762711865,59
target/global_generic-minus-no_adapt/K3,"clean_s0 ratio [0,1)",duplicates,given_loss_good,0.03225806451612903,0.0,0.1111111111111111,31
target/global_generic-minus-no_adapt/K3,"clean_s0 ratio [1,2)",geometry,loss_good_proxy_bad,0.25806451612903225,0.0967741935483871,0.41935483870967744,31
target/global_generic-minus-no_adapt/K3,"clean_s0 ratio [1,2)",geometry,given_loss_good,0.5333333333333333,0.2727272727272727,0.7857142857142857,15
target/global_generic-minus-no_adapt/K3,"clean_s0 ratio [1,2)",class_score,loss_good_proxy_bad,0.1935483870967742,0.06451612903225806,0.3225806451612903,31
target/global_generic-minus-no_adapt/K3,"clean_s0 ratio [1,2)",class_score,given_loss_good,0.4,0.15384615384615385,0.6475490196078405,15
target/global_generic-minus-no_adapt/K3,"clean_s0 ratio [1,2)",false_positives,loss_good_proxy_bad,0.16129032258064516,0.03225806451612903,0.2903225806451613,31
target/global_generic-minus-no_adapt/K3,"clean_s0 ratio [1,2)",false_positives,given_loss_good,0.3333333333333333,0.09090909090909091,0.5833333333333334,15
target/global_generic-minus-no_adapt/K3,"clean_s0 ratio [1,2)",duplicates,loss_good_proxy_bad,0.0967741935483871,0.0,0.22580645161290322,31
target/global_generic-minus-no_adapt/K3,"clean_s0 ratio [1,2)",duplicates,given_loss_good,0.2,0.0,0.43767361111111014,15
target/global_generic-minus-no_adapt/K3,"clean_s0 ratio [2,4)",geometry,loss_good_proxy_bad,0.23255813953488372,0.11627906976744186,0.37209302325581395,43
target/global_generic-minus-no_adapt/K3,"clean_s0 ratio [2,4)",geometry,given_loss_good,0.47619047619047616,0.2631578947368421,0.687703804347825,21
target/global_generic-minus-no_adapt/K3,"clean_s0 ratio [2,4)",class_score,loss_good_proxy_bad,0.18604651162790697,0.06976744186046512,0.3023255813953488,43
target/global_generic-minus-no_adapt/K3,"clean_s0 ratio [2,4)",class_score,given_loss_good,0.38095238095238093,0.17647058823529413,0.6,21
target/global_generic-minus-no_adapt/K3,"clean_s0 ratio [2,4)",false_positives,loss_good_proxy_bad,0.13953488372093023,0.046511627906976744,0.2558139534883721,43
target/global_generic-minus-no_adapt/K3,"clean_s0 ratio [2,4)",false_positives,given_loss_good,0.2857142857142857,0.09523809523809523,0.4800370370370368,21
target/global_generic-minus-no_adapt/K3,"clean_s0 ratio [2,4)",duplicates,loss_good_proxy_bad,0.09302325581395349,0.023255813953488372,0.18604651162790697,43
target/global_generic-minus-no_adapt/K3,"clean_s0 ratio [2,4)",duplicates,given_loss_good,0.19047619047619047,0.041666666666666664,0.3684210526315789,21
target/global_generic-minus-no_adapt/K3,"clean_s0 ratio [4,inf)",geometry,loss_good_proxy_bad,0.14925373134328357,0.07462686567164178,0.23880597014925373,67
target/global_generic-minus-no_adapt/K3,"clean_s0 ratio [4,inf)",geometry,given_loss_good,0.35714285714285715,0.17946428571428572,0.5357829670329667,28
target/global_generic-minus-no_adapt/K3,"clean_s0 ratio [4,inf)",class_score,loss_good_proxy_bad,0.13432835820895522,0.05970149253731343,0.22388059701492538,67
target/global_generic-minus-no_adapt/K3,"clean_s0 ratio [4,inf)",class_score,given_loss_good,0.32142857142857145,0.15384615384615385,0.5,28
target/global_generic-minus-no_adapt/K3,"clean_s0 ratio [4,inf)",false_positives,loss_good_proxy_bad,0.07462686567164178,0.014925373134328358,0.14925373134328357,67
target/global_generic-minus-no_adapt/K3,"clean_s0 ratio [4,inf)",false_positives,given_loss_good,0.17857142857142858,0.038461538461538464,0.3333333333333333,28
target/global_generic-minus-no_adapt/K3,"clean_s0 ratio [4,inf)",duplicates,loss_good_proxy_bad,0.05970149253731343,0.014925373134328358,0.11977611940298304,67
target/global_generic-minus-no_adapt/K3,"clean_s0 ratio [4,inf)",duplicates,given_loss_good,0.14285714285714285,0.03225806451612903,0.2903225806451613,28
target/det_pseudo-minus-no_adapt/K1,corrupted_overall,geometry,loss_good_proxy_bad,0.21273031825795644,0.1875,0.23666666666666666,1194
target/det_pseudo-minus-no_adapt/K1,corrupted_overall,geometry,given_loss_good,0.396875,0.3565868053115998,0.4351438843526704,640
target/det_pseudo-minus-no_adapt/K1,corrupted_overall,class_score,loss_good_proxy_bad,0.20351758793969849,0.17922791038525962,0.22758037225042302,1194
target/det_pseudo-minus-no_adapt/K1,corrupted_overall,class_score,given_loss_good,0.3796875,0.3359621451104101,0.4227896301045619,640
target/det_pseudo-minus-no_adapt/K1,corrupted_overall,false_positives,loss_good_proxy_bad,0.16833333333333333,0.14166666666666666,0.19585416666666655,1200
target/det_pseudo-minus-no_adapt/K1,corrupted_overall,false_positives,given_loss_good,0.315625,0.2703104126908397,0.3605559835644581,640
target/det_pseudo-minus-no_adapt/K1,corrupted_overall,duplicates,loss_good_proxy_bad,0.10166666666666667,0.08414583333333334,0.11918749999999989,1200
target/det_pseudo-minus-no_adapt/K1,corrupted_overall,duplicates,given_loss_good,0.190625,0.15822564027082722,0.22381304154632303,640
target/det_pseudo-minus-no_adapt/K1,gamma_s1,geometry,loss_good_proxy_bad,0.24120603015075376,0.18181818181818182,0.3,199
target/det_pseudo-minus-no_adapt/K1,gamma_s1,geometry,given_loss_good,0.43243243243243246,0.34258633633633634,0.5206611570247934,111
target/det_pseudo-minus-no_adapt/K1,gamma_s1,class_score,loss_good_proxy_bad,0.21105527638190955,0.15577889447236182,0.265,199
target/det_pseudo-minus-no_adapt/K1,gamma_s1,class_score,given_loss_good,0.3783783783783784,0.29202617994100294,0.4660214744117163,111
target/det_pseudo-minus-no_adapt/K1,gamma_s1,false_positives,loss_good_proxy_bad,0.15,0.105,0.2,200
target/det_pseudo-minus-no_adapt/K1,gamma_s1,false_positives,given_loss_good,0.2702702702702703,0.19045566502463054,0.3559469417833455,111
target/det_pseudo-minus-no_adapt/K1,gamma_s1,duplicates,loss_good_proxy_bad,0.105,0.065,0.15,200
target/det_pseudo-minus-no_adapt/K1,gamma_s1,duplicates,given_loss_good,0.1891891891891892,0.1176338102808691,0.26496598639455776,111
target/det_pseudo-minus-no_adapt/K1,gamma_s2,geometry,loss_good_proxy_bad,0.22613065326633167,0.16751269035532995,0.2842823604060913,199
target/det_pseudo-minus-no_adapt/K1,gamma_s2,geometry,given_loss_good,0.44554455445544555,0.35164092664092667,0.5392156862745098,101
target/det_pseudo-minus-no_adapt/K1,gamma_s2,class_score,loss_good_proxy_bad,0.1658291457286432,0.115,0.22,199
target/det_pseudo-minus-no_adapt/K1,gamma_s2,class_score,given_loss_good,0.32673267326732675,0.23529411764705882,0.42,101
target/det_pseudo-minus-no_adapt/K1,gamma_s2,false_positives,loss_good_proxy_bad,0.205,0.15,0.26012499999999933,200
target/det_pseudo-minus-no_adapt/K1,gamma_s2,false_positives,given_loss_good,0.40594059405940597,0.3110919540229885,0.5051546391752577,101
target/det_pseudo-minus-no_adapt/K1,gamma_s2,duplicates,loss_good_proxy_bad,0.095,0.055,0.135,200
target/det_pseudo-minus-no_adapt/K1,gamma_s2,duplicates,given_loss_good,0.18811881188118812,0.11764705882352941,0.26376050420168057,101
target/det_pseudo-minus-no_adapt/K1,contrast_s1,geometry,loss_good_proxy_bad,0.23115577889447236,0.1708542713567839,0.29,199
target/det_pseudo-minus-no_adapt/K1,contrast_s1,geometry,given_loss_good,0.4380952380952381,0.33035293126684634,0.5333495145631068,105
target/det_pseudo-minus-no_adapt/K1,contrast_s1,class_score,loss_good_proxy_bad,0.21105527638190955,0.15577889447236182,0.27,199
target/det_pseudo-minus-no_adapt/K1,contrast_s1,class_score,given_loss_good,0.4,0.30767543859649127,0.5,105
target/det_pseudo-minus-no_adapt/K1,contrast_s1,false_positives,loss_good_proxy_bad,0.14,0.095,0.185,200
target/det_pseudo-minus-no_adapt/K1,contrast_s1,false_positives,given_loss_good,0.26666666666666666,0.18748539719626167,0.3513638638638638,105
target/det_pseudo-minus-no_adapt/K1,contrast_s1,duplicates,loss_good_proxy_bad,0.115,0.075,0.16,200
target/det_pseudo-minus-no_adapt/K1,contrast_s1,duplicates,given_loss_good,0.21904761904761905,0.14282345013477088,0.2990887850467288,105
target/det_pseudo-minus-no_adapt/K1,contrast_s2,geometry,loss_good_proxy_bad,0.20603015075376885,0.15,0.2663316582914573,199
target/det_pseudo-minus-no_adapt/K1,contrast_s2,geometry,given_loss_good,0.3474576271186441,0.25832661290322584,0.4375,118
target/det_pseudo-minus-no_adapt/K1,contrast_s2,class_score,loss_good_proxy_bad,0.24623115577889448,0.18686868686868688,0.305,199
target/det_pseudo-minus-no_adapt/K1,contrast_s2,class_score,given_loss_good,0.4152542372881356,0.32786540845846535,0.5040650406504065,118
target/det_pseudo-minus-no_adapt/K1,contrast_s2,false_positives,loss_good_proxy_bad,0.19,0.13987500000000003,0.245,200
target/det_pseudo-minus-no_adapt/K1,contrast_s2,false_positives,given_loss_good,0.3220338983050847,0.2407139577594123,0.4067796610169492,118
target/det_pseudo-minus-no_adapt/K1,contrast_s2,duplicates,loss_good_proxy_bad,0.125,0.08,0.17,200
target/det_pseudo-minus-no_adapt/K1,contrast_s2,duplicates,given_loss_good,0.211864406779661,0.13821138211382114,0.2894736842105263,118
target/det_pseudo-minus-no_adapt/K1,color_cast_s1,geometry,loss_good_proxy_bad,0.1708542713567839,0.12,0.225,199
target/det_pseudo-minus-no_adapt/K1,color_cast_s1,geometry,given_loss_good,0.3434343434343434,0.2525228008237717,0.4387755102040816,99
target/det_pseudo-minus-no_adapt/K1,color_cast_s1,class_score,loss_good_proxy_bad,0.20100502512562815,0.14718953494334205,0.2613065326633166,199
target/det_pseudo-minus-no_adapt/K1,color_cast_s1,class_score,given_loss_good,0.40404040404040403,0.31130472614031873,0.5053763440860215,99
target/det_pseudo-minus-no_adapt/K1,color_cast_s1,false_positives,loss_good_proxy_bad,0.165,0.115,0.215,200
target/det_pseudo-minus-no_adapt/K1,color_cast_s1,false_positives,given_loss_good,0.3333333333333333,0.240375,0.42721914008321754,99
target/det_pseudo-minus-no_adapt/K1,color_cast_s1,duplicates,loss_good_proxy_bad,0.095,0.06,0.14,200
target/det_pseudo-minus-no_adapt/K1,color_cast_s1,duplicates,given_loss_good,0.1919191919191919,0.11956521739130435,0.2727272727272727,99
target/det_pseudo-minus-no_adapt/K1,color_cast_s2,geometry,loss_good_proxy_bad,0.20100502512562815,0.1457286432160804,0.2562814070351759,199
target/det_pseudo-minus-no_adapt/K1,color_cast_s2,geometry,given_loss_good,0.37735849056603776,0.2857142857142857,0.46789478821003316,106
target/det_pseudo-minus-no_adapt/K1,color_cast_s2,class_score,loss_good_proxy_bad,0.18592964824120603,0.13495833333333335,0.23857868020304568,199
target/det_pseudo-minus-no_adapt/K1,color_cast_s2,class_score,given_loss_good,0.3490566037735849,0.26124014639639637,0.4392523364485981,106
target/det_pseudo-minus-no_adapt/K1,color_cast_s2,false_positives,loss_good_proxy_bad,0.16,0.11,0.215,200
target/det_pseudo-minus-no_adapt/K1,color_cast_s2,false_positives,given_loss_good,0.3018867924528302,0.21567046173308035,0.3942307692307692,106
target/det_pseudo-minus-no_adapt/K1,color_cast_s2,duplicates,loss_good_proxy_bad,0.075,0.04,0.115,200
target/det_pseudo-minus-no_adapt/K1,color_cast_s2,duplicates,given_loss_good,0.14150943396226415,0.07766990291262135,0.21156914893617004,106
target/det_pseudo-minus-no_adapt/K1,clean_s0,geometry,loss_good_proxy_bad,0.3015075376884422,0.23618090452261306,0.365,199
target/det_pseudo-minus-no_adapt/K1,clean_s0,geometry,given_loss_good,0.5042016806722689,0.41226780185758516,0.59375,119
target/det_pseudo-minus-no_adapt/K1,clean_s0,class_score,loss_good_proxy_bad,0.2663316582914573,0.20603015075376885,0.3282828282828283,199
target/det_pseudo-minus-no_adapt/K1,clean_s0,class_score,given_loss_good,0.44537815126050423,0.3589583333333333,0.5351033834586465,119
target/det_pseudo-minus-no_adapt/K1,clean_s0,false_positives,loss_good_proxy_bad,0.2,0.145,0.255,200
target/det_pseudo-minus-no_adapt/K1,clean_s0,false_positives,given_loss_good,0.33613445378151263,0.2540951079885506,0.42065623770169214,119
target/det_pseudo-minus-no_adapt/K1,clean_s0,duplicates,loss_good_proxy_bad,0.125,0.08,0.175,200
target/det_pseudo-minus-no_adapt/K1,clean_s0,duplicates,given_loss_good,0.21008403361344538,0.13708815825751308,0.2834917738941167,119
target/det_pseudo-minus-no_adapt/K1,"corrupted_overall ratio [0,1)",geometry,loss_good_proxy_bad,0.19133574007220217,0.1423138938864184,0.24562447786131988,277
target/det_pseudo-minus-no_adapt/K1,"corrupted_overall ratio [0,1)",geometry,given_loss_good,0.36054421768707484,0.27271181199752625,0.4458672219500245,147
target/det_pseudo-minus-no_adapt/K1,"corrupted_overall ratio [0,1)",class_score,loss_good_proxy_bad,0.20577617328519857,0.15547524114220226,0.2571428571428571,277
target/det_pseudo-minus-no_adapt/K1,"corrupted_overall ratio [0,1)",class_score,given_loss_good,0.3877551020408163,0.3013676677204074,0.4701602282704126,147
target/det_pseudo-minus-no_adapt/K1,"corrupted_overall ratio [0,1)",false_positives,loss_good_proxy_bad,0.05653710247349823,0.030508474576271188,0.08510835303388493,283
target/det_pseudo-minus-no_adapt/K1,"corrupted_overall ratio [0,1)",false_positives,given_loss_good,0.10884353741496598,0.060970556528769704,0.16199230265312797,147
target/det_pseudo-minus-no_adapt/K1,"corrupted_overall ratio [0,1)",duplicates,loss_good_proxy_bad,0.028268551236749116,0.010416666666666666,0.04779852669850225,283
target/det_pseudo-minus-no_adapt/K1,"corrupted_overall ratio [0,1)",duplicates,given_loss_good,0.05442176870748299,0.02054445065697512,0.09090909090909091,147
target/det_pseudo-minus-no_adapt/K1,"corrupted_overall ratio [1,2)",geometry,loss_good_proxy_bad,0.2658959537572254,0.19441758747697974,0.33918660287081337,173
target/det_pseudo-minus-no_adapt/K1,"corrupted_overall ratio [1,2)",geometry,given_loss_good,0.45098039215686275,0.3535204991087344,0.5535714285714286,102
target/det_pseudo-minus-no_adapt/K1,"corrupted_overall ratio [1,2)",class_score,loss_good_proxy_bad,0.20809248554913296,0.15293120638085744,0.26857589285714284,173
target/det_pseudo-minus-no_adapt/K1,"corrupted_overall ratio [1,2)",class_score,given_loss_good,0.35294117647058826,0.26262626262626265,0.4500595238095235,102
target/det_pseudo-minus-no_adapt/K1,"corrupted_overall ratio [1,2)",false_positives,loss_good_proxy_bad,0.16184971098265896,0.10302597402597402,0.22282686335403726,173
target/det_pseudo-minus-no_adapt/K1,"corrupted_overall ratio [1,2)",false_positives,given_loss_good,0.27450980392156865,0.18092857142857144,0.36893203883495146,102
target/det_pseudo-minus-no_adapt/K1,"corrupted_overall ratio [1,2)",duplicates,loss_good_proxy_bad,0.09248554913294797,0.05113636363636364,0.13872832369942195,173
target/det_pseudo-minus-no_adapt/K1,"corrupted_overall ratio [1,2)",duplicates,given_loss_good,0.1568627450980392,0.08908707047175306,0.22916666666666666,102
target/det_pseudo-minus-no_adapt/K1,"corrupted_overall ratio [2,4)",geometry,loss_good_proxy_bad,0.20689655172413793,0.1553030303030303,0.26104417670682734,261
target/det_pseudo-minus-no_adapt/K1,"corrupted_overall ratio [2,4)",geometry,given_loss_good,0.375,0.2890625,0.4647887323943662,144
target/det_pseudo-minus-no_adapt/K1,"corrupted_overall ratio [2,4)",class_score,loss_good_proxy_bad,0.23754789272030652,0.18585639542888613,0.28948591273723334,261
target/det_pseudo-minus-no_adapt/K1,"corrupted_overall ratio [2,4)",class_score,given_loss_good,0.4305555555555556,0.34504755807572707,0.5112962406015036,144
target/det_pseudo-minus-no_adapt/K1,"corrupted_overall ratio [2,4)",false_positives,loss_good_proxy_bad,0.20306513409961685,0.15588724830228876,0.24800300751879698,261
target/det_pseudo-minus-no_adapt/K1,"corrupted_overall ratio [2,4)",false_positives,given_loss_good,0.3680555555555556,0.28888497652582157,0.4411860198624904,144
target/det_pseudo-minus-no_adapt/K1,"corrupted_overall ratio [2,4)",duplicates,loss_good_proxy_bad,0.10727969348659004,0.0681753859348199,0.15037670395500946,261
target/det_pseudo-minus-no_adapt/K1,"corrupted_overall ratio [2,4)",duplicates,given_loss_good,0.19444444444444445,0.125,0.26866443643849713,144
target/det_pseudo-minus-no_adapt/K1,"corrupted_overall ratio [4,inf)",geometry,loss_good_proxy_bad,0.20910973084886128,0.17166768853464132,0.25,483
target/det_pseudo-minus-no_adapt/K1,"corrupted_overall ratio [4,inf)",geometry,given_loss_good,0.4089068825910931,0.3442622950819672,0.4753452759093173,247
target/det_pseudo-minus-no_adapt/K1,"corrupted_overall ratio [4,inf)",class_score,loss_good_proxy_bad,0.18219461697722567,0.14770220473813286,0.2205930099312452,483
target/det_pseudo-minus-no_adapt/K1,"corrupted_overall ratio [4,inf)",class_score,given_loss_good,0.3562753036437247,0.2933170731707317,0.42142857142857143,247
target/det_pseudo-minus-no_adapt/K1,"corrupted_overall ratio [4,inf)",false_positives,loss_good_proxy_bad,0.21739130434782608,0.17659127391545257,0.2604183912803532,483
target/det_pseudo-minus-no_adapt/K1,"corrupted_overall ratio [4,inf)",false_positives,given_loss_good,0.4251012145748988,0.35592061705508476,0.49407114624505927,247
target/det_pseudo-minus-no_adapt/K1,"corrupted_overall ratio [4,inf)",duplicates,loss_good_proxy_bad,0.14492753623188406,0.11399334763948499,0.17787788133775118,483
target/det_pseudo-minus-no_adapt/K1,"corrupted_overall ratio [4,inf)",duplicates,given_loss_good,0.2834008097165992,0.22618705528188288,0.34440182712088985,247
target/det_pseudo-minus-no_adapt/K1,"clean_s0 ratio [0,1)",geometry,loss_good_proxy_bad,0.3103448275862069,0.19642857142857142,0.423728813559322,58
target/det_pseudo-minus-no_adapt/K1,"clean_s0 ratio [0,1)",geometry,given_loss_good,0.4864864864864865,0.3249831081081081,0.6452087286527511,37
target/det_pseudo-minus-no_adapt/K1,"clean_s0 ratio [0,1)",class_score,loss_good_proxy_bad,0.29310344827586204,0.1724137931034483,0.41379310344827586,58
target/det_pseudo-minus-no_adapt/K1,"clean_s0 ratio [0,1)",class_score,given_loss_good,0.4594594594594595,0.2972972972972973,0.6216216216216216,37
target/det_pseudo-minus-no_adapt/K1,"clean_s0 ratio [0,1)",false_positives,loss_good_proxy_bad,0.11864406779661017,0.03389830508474576,0.2033898305084746,59
target/det_pseudo-minus-no_adapt/K1,"clean_s0 ratio [0,1)",false_positives,given_loss_good,0.1891891891891892,0.0681439393939394,0.31826298701298655,37
target/det_pseudo-minus-no_adapt/K1,"clean_s0 ratio [0,1)",duplicates,loss_good_proxy_bad,0.03389830508474576,0.0,0.0847457627118644,59
target/det_pseudo-minus-no_adapt/K1,"clean_s0 ratio [0,1)",duplicates,given_loss_good,0.05405405405405406,0.0,0.1388888888888889,37
target/det_pseudo-minus-no_adapt/K1,"clean_s0 ratio [1,2)",geometry,loss_good_proxy_bad,0.16129032258064516,0.03225806451612903,0.2903225806451613,31
target/det_pseudo-minus-no_adapt/K1,"clean_s0 ratio [1,2)",geometry,given_loss_good,0.2777777777777778,0.07692307692307693,0.5,18
target/det_pseudo-minus-no_adapt/K1,"clean_s0 ratio [1,2)",class_score,loss_good_proxy_bad,0.3225806451612903,0.16129032258064516,0.5161290322580645,31
target/det_pseudo-minus-no_adapt/K1,"clean_s0 ratio [1,2)",class_score,given_loss_good,0.5555555555555556,0.3157894736842105,0.8,18
target/det_pseudo-minus-no_adapt/K1,"clean_s0 ratio [1,2)",false_positives,loss_good_proxy_bad,0.22580645161290322,0.0967741935483871,0.3870967741935484,31
target/det_pseudo-minus-no_adapt/K1,"clean_s0 ratio [1,2)",false_positives,given_loss_good,0.3888888888888889,0.16666666666666666,0.625,18
target/det_pseudo-minus-no_adapt/K1,"clean_s0 ratio [1,2)",duplicates,loss_good_proxy_bad,0.0967741935483871,0.0,0.22580645161290322,31
target/det_pseudo-minus-no_adapt/K1,"clean_s0 ratio [1,2)",duplicates,given_loss_good,0.16666666666666666,0.0,0.3637559808612434,18
target/det_pseudo-minus-no_adapt/K1,"clean_s0 ratio [2,4)",geometry,loss_good_proxy_bad,0.3953488372093023,0.2558139534883721,0.5348837209302325,43
target/det_pseudo-minus-no_adapt/K1,"clean_s0 ratio [2,4)",geometry,given_loss_good,0.7391304347826086,0.55,0.9130434782608695,23
target/det_pseudo-minus-no_adapt/K1,"clean_s0 ratio [2,4)",class_score,loss_good_proxy_bad,0.20930232558139536,0.09302325581395349,0.32558139534883723,43
target/det_pseudo-minus-no_adapt/K1,"clean_s0 ratio [2,4)",class_score,given_loss_good,0.391304347826087,0.2,0.5834558823529405,23
target/det_pseudo-minus-no_adapt/K1,"clean_s0 ratio [2,4)",false_positives,loss_good_proxy_bad,0.18604651162790697,0.06976744186046512,0.3023255813953488,43
target/det_pseudo-minus-no_adapt/K1,"clean_s0 ratio [2,4)",false_positives,given_loss_good,0.34782608695652173,0.15,0.551819923371647,23
target/det_pseudo-minus-no_adapt/K1,"clean_s0 ratio [2,4)",duplicates,loss_good_proxy_bad,0.18604651162790697,0.06976744186046512,0.32558139534883723,43
target/det_pseudo-minus-no_adapt/K1,"clean_s0 ratio [2,4)",duplicates,given_loss_good,0.34782608695652173,0.15994736842105264,0.551819923371647,23
target/det_pseudo-minus-no_adapt/K1,"clean_s0 ratio [4,inf)",geometry,loss_good_proxy_bad,0.29850746268656714,0.19402985074626866,0.40298507462686567,67
target/det_pseudo-minus-no_adapt/K1,"clean_s0 ratio [4,inf)",geometry,given_loss_good,0.4878048780487805,0.34146341463414637,0.6364119922630558,41
target/det_pseudo-minus-no_adapt/K1,"clean_s0 ratio [4,inf)",class_score,loss_good_proxy_bad,0.2537313432835821,0.14925373134328357,0.3582089552238806,67
target/det_pseudo-minus-no_adapt/K1,"clean_s0 ratio [4,inf)",class_score,given_loss_good,0.4146341463414634,0.25639534883720927,0.5625,41
target/det_pseudo-minus-no_adapt/K1,"clean_s0 ratio [4,inf)",false_positives,loss_good_proxy_bad,0.26865671641791045,0.16417910447761194,0.3880597014925373,67
target/det_pseudo-minus-no_adapt/K1,"clean_s0 ratio [4,inf)",false_positives,given_loss_good,0.43902439024390244,0.2894736842105263,0.5897435897435898,41
target/det_pseudo-minus-no_adapt/K1,"clean_s0 ratio [4,inf)",duplicates,loss_good_proxy_bad,0.1791044776119403,0.1044776119402985,0.2835820895522388,67
target/det_pseudo-minus-no_adapt/K1,"clean_s0 ratio [4,inf)",duplicates,given_loss_good,0.2926829268292683,0.16325344091124822,0.4358974358974359,41
target/det_pseudo-minus-no_adapt/K3,corrupted_overall,geometry,loss_good_proxy_bad,0.21943048576214405,0.19444444444444445,0.2450098408710217,1194
target/det_pseudo-minus-no_adapt/K3,corrupted_overall,geometry,given_loss_good,0.3957703927492447,0.3557541163180776,0.43589939024390245,662
target/det_pseudo-minus-no_adapt/K3,corrupted_overall,class_score,loss_good_proxy_bad,0.2219430485762144,0.1968174204355109,0.2474496237889095,1194
target/det_pseudo-minus-no_adapt/K3,corrupted_overall,class_score,given_loss_good,0.4003021148036254,0.3597513926528154,0.4418130320819703,662
target/det_pseudo-minus-no_adapt/K3,corrupted_overall,false_positives,loss_good_proxy_bad,0.20083333333333334,0.17083333333333334,0.23002083333333323,1200
target/det_pseudo-minus-no_adapt/K3,corrupted_overall,false_positives,given_loss_good,0.3640483383685801,0.3160375558116088,0.4078612151923085,662
target/det_pseudo-minus-no_adapt/K3,corrupted_overall,duplicates,loss_good_proxy_bad,0.13833333333333334,0.11416666666666667,0.16166666666666665,1200
target/det_pseudo-minus-no_adapt/K3,corrupted_overall,duplicates,given_loss_good,0.25075528700906347,0.2108395847541108,0.29058852766176557,662
target/det_pseudo-minus-no_adapt/K3,gamma_s1,geometry,loss_good_proxy_bad,0.2562814070351759,0.19597989949748743,0.3182221965851405,199
target/det_pseudo-minus-no_adapt/K3,gamma_s1,geometry,given_loss_good,0.45535714285714285,0.36791444928237377,0.5495608108108108,112
target/det_pseudo-minus-no_adapt/K3,gamma_s1,class_score,loss_good_proxy_bad,0.23618090452261306,0.18090452261306533,0.295,199
target/det_pseudo-minus-no_adapt/K3,gamma_s1,class_score,given_loss_good,0.41964285714285715,0.3304328416149068,0.5087758458646616,112
target/det_pseudo-minus-no_adapt/K3,gamma_s1,false_positives,loss_good_proxy_bad,0.165,0.11,0.215,200
target/det_pseudo-minus-no_adapt/K3,gamma_s1,false_positives,given_loss_good,0.29464285714285715,0.2072072072072072,0.37719298245614036,112
target/det_pseudo-minus-no_adapt/K3,gamma_s1,duplicates,loss_good_proxy_bad,0.13,0.085,0.1751249999999993,200
target/det_pseudo-minus-no_adapt/K3,gamma_s1,duplicates,given_loss_good,0.23214285714285715,0.1565217391304348,0.3115010245901638,112
target/det_pseudo-minus-no_adapt/K3,gamma_s2,geometry,loss_good_proxy_bad,0.21105527638190955,0.155,0.27,199
target/det_pseudo-minus-no_adapt/K3,gamma_s2,geometry,given_loss_good,0.3853211009174312,0.29522556390977445,0.48114081062194264,109
target/det_pseudo-minus-no_adapt/K3,gamma_s2,class_score,loss_good_proxy_bad,0.21608040201005024,0.16080402010050251,0.27638190954773867,199
target/det_pseudo-minus-no_adapt/K3,gamma_s2,class_score,given_loss_good,0.3944954128440367,0.3039128151260504,0.4902007918552036,109
target/det_pseudo-minus-no_adapt/K3,gamma_s2,false_positives,loss_good_proxy_bad,0.245,0.185,0.305,200
target/det_pseudo-minus-no_adapt/K3,gamma_s2,false_positives,given_loss_good,0.44954128440366975,0.3523677248677249,0.5438995215311003,109
target/det_pseudo-minus-no_adapt/K3,gamma_s2,duplicates,loss_good_proxy_bad,0.155,0.105,0.205,200
target/det_pseudo-minus-no_adapt/K3,gamma_s2,duplicates,given_loss_good,0.28440366972477066,0.2018328504748109,0.3666836734693876,109
target/det_pseudo-minus-no_adapt/K3,contrast_s1,geometry,loss_good_proxy_bad,0.2663316582914573,0.205,0.33,199
target/det_pseudo-minus-no_adapt/K3,contrast_s1,geometry,given_loss_good,0.4344262295081967,0.344,0.5227360139860139,122
target/det_pseudo-minus-no_adapt/K3,contrast_s1,class_score,loss_good_proxy_bad,0.2613065326633166,0.20100502512562815,0.32487626903553296,199
target/det_pseudo-minus-no_adapt/K3,contrast_s1,class_score,given_loss_good,0.4262295081967213,0.341869918699187,0.5156376008064515,122
target/det_pseudo-minus-no_adapt/K3,contrast_s1,false_positives,loss_good_proxy_bad,0.21,0.155,0.265,200
target/det_pseudo-minus-no_adapt/K3,contrast_s1,false_positives,given_loss_good,0.3442622950819672,0.26227976099279915,0.4308978132884777,122
target/det_pseudo-minus-no_adapt/K3,contrast_s1,duplicates,loss_good_proxy_bad,0.14,0.095,0.19,200
target/det_pseudo-minus-no_adapt/K3,contrast_s1,duplicates,given_loss_good,0.22950819672131148,0.15740079365079365,0.3050847457627119,122
target/det_pseudo-minus-no_adapt/K3,contrast_s2,geometry,loss_good_proxy_bad,0.22110552763819097,0.1658291457286432,0.2814070351758794,199
target/det_pseudo-minus-no_adapt/K3,contrast_s2,geometry,given_loss_good,0.36065573770491804,0.2796514735074057,0.4469743163340724,122
target/det_pseudo-minus-no_adapt/K3,contrast_s2,class_score,loss_good_proxy_bad,0.271356783919598,0.215,0.3333333333333333,199
target/det_pseudo-minus-no_adapt/K3,contrast_s2,class_score,given_loss_good,0.4426229508196721,0.36,0.5284552845528455,122
target/det_pseudo-minus-no_adapt/K3,contrast_s2,false_positives,loss_good_proxy_bad,0.225,0.17,0.285,200
target/det_pseudo-minus-no_adapt/K3,contrast_s2,false_positives,given_loss_good,0.36885245901639346,0.28695652173913044,0.4537831286360698,122
target/det_pseudo-minus-no_adapt/K3,contrast_s2,duplicates,loss_good_proxy_bad,0.145,0.1,0.195,200
target/det_pseudo-minus-no_adapt/K3,contrast_s2,duplicates,given_loss_good,0.23770491803278687,0.1623931623931624,0.31093814575010326,122
target/det_pseudo-minus-no_adapt/K3,color_cast_s1,geometry,loss_good_proxy_bad,0.16080402010050251,0.11,0.215,199
target/det_pseudo-minus-no_adapt/K3,color_cast_s1,geometry,given_loss_good,0.32989690721649484,0.23595240619037522,0.425531914893617,97
target/det_pseudo-minus-no_adapt/K3,color_cast_s1,class_score,loss_good_proxy_bad,0.20100502512562815,0.145,0.25634645307757026,199
target/det_pseudo-minus-no_adapt/K3,color_cast_s1,class_score,given_loss_good,0.41237113402061853,0.3111111111111111,0.5113702431289641,97
target/det_pseudo-minus-no_adapt/K3,color_cast_s1,false_positives,loss_good_proxy_bad,0.175,0.13,0.225,200
target/det_pseudo-minus-no_adapt/K3,color_cast_s1,false_positives,given_loss_good,0.36082474226804123,0.27678096504559274,0.45348837209302323,97
target/det_pseudo-minus-no_adapt/K3,color_cast_s1,duplicates,loss_good_proxy_bad,0.13,0.085,0.175,200
target/det_pseudo-minus-no_adapt/K3,color_cast_s1,duplicates,given_loss_good,0.26804123711340205,0.18269021739130434,0.3548387096774194,97
target/det_pseudo-minus-no_adapt/K3,color_cast_s2,geometry,loss_good_proxy_bad,0.20100502512562815,0.14646464646464646,0.2562814070351759,199
target/det_pseudo-minus-no_adapt/K3,color_cast_s2,geometry,given_loss_good,0.4,0.30927835051546393,0.4946291985367476,100
target/det_pseudo-minus-no_adapt/K3,color_cast_s2,class_score,loss_good_proxy_bad,0.1457286432160804,0.1,0.195,199
target/det_pseudo-minus-no_adapt/K3,color_cast_s2,class_score,given_loss_good,0.29,0.19995283018867926,0.37865751590224295,100
target/det_pseudo-minus-no_adapt/K3,color_cast_s2,false_positives,loss_good_proxy_bad,0.185,0.13,0.2351249999999993,200
target/det_pseudo-minus-no_adapt/K3,color_cast_s2,false_positives,given_loss_good,0.37,0.2736602870813397,0.47115660919540225,100
target/det_pseudo-minus-no_adapt/K3,color_cast_s2,duplicates,loss_good_proxy_bad,0.13,0.085,0.1751249999999993,200
target/det_pseudo-minus-no_adapt/K3,color_cast_s2,duplicates,given_loss_good,0.26,0.1809498480243161,0.34409498207885303,100
target/det_pseudo-minus-no_adapt/K3,clean_s0,geometry,loss_good_proxy_bad,0.25125628140703515,0.19095477386934673,0.31155778894472363,199
target/det_pseudo-minus-no_adapt/K3,clean_s0,geometry,given_loss_good,0.43478260869565216,0.3465076507650765,0.5280211538461538,115
target/det_pseudo-minus-no_adapt/K3,clean_s0,class_score,loss_good_proxy_bad,0.2814070351758794,0.22110552763819097,0.3434343434343434,199
target/det_pseudo-minus-no_adapt/K3,clean_s0,class_score,given_loss_good,0.48695652173913045,0.4,0.5800089285714285,115
target/det_pseudo-minus-no_adapt/K3,clean_s0,false_positives,loss_good_proxy_bad,0.215,0.16,0.27,200
target/det_pseudo-minus-no_adapt/K3,clean_s0,false_positives,given_loss_good,0.3739130434782609,0.2844807813982917,0.46774563480319614,115
target/det_pseudo-minus-no_adapt/K3,clean_s0,duplicates,loss_good_proxy_bad,0.115,0.07,0.16,200
target/det_pseudo-minus-no_adapt/K3,clean_s0,duplicates,given_loss_good,0.2,0.12612612612612611,0.2743362831858407,115
target/det_pseudo-minus-no_adapt/K3,"corrupted_overall ratio [0,1)",geometry,loss_good_proxy_bad,0.20938628158844766,0.15986362946665655,0.2650645593125189,277
target/det_pseudo-minus-no_adapt/K3,"corrupted_overall ratio [0,1)",geometry,given_loss_good,0.37662337662337664,0.2957666453265045,0.46202640768223485,154
target/det_pseudo-minus-no_adapt/K3,"corrupted_overall ratio [0,1)",class_score,loss_good_proxy_bad,0.2563176895306859,0.2062094117328055,0.30737780813600485,277
target/det_pseudo-minus-no_adapt/K3,"corrupted_overall ratio [0,1)",class_score,given_loss_good,0.461038961038961,0.3795450423901709,0.5414283335414843,154
target/det_pseudo-minus-no_adapt/K3,"corrupted_overall ratio [0,1)",false_positives,loss_good_proxy_bad,0.07420494699646643,0.039996932515337424,0.11071459466139397,283
target/det_pseudo-minus-no_adapt/K3,"corrupted_overall ratio [0,1)",false_positives,given_loss_good,0.13636363636363635,0.07645940832473341,0.19858156028368795,154
target/det_pseudo-minus-no_adapt/K3,"corrupted_overall ratio [0,1)",duplicates,loss_good_proxy_bad,0.053003533568904596,0.027237354085603113,0.0808099376114082,283
target/det_pseudo-minus-no_adapt/K3,"corrupted_overall ratio [0,1)",duplicates,given_loss_good,0.09740259740259741,0.052279093455564044,0.1464968152866242,154
target/det_pseudo-minus-no_adapt/K3,"corrupted_overall ratio [1,2)",geometry,loss_good_proxy_bad,0.2658959537572254,0.20571031746031745,0.3295470416455053,173
target/det_pseudo-minus-no_adapt/K3,"corrupted_overall ratio [1,2)",geometry,given_loss_good,0.4423076923076923,0.35658746208291203,0.5361014650027128,104
target/det_pseudo-minus-no_adapt/K3,"corrupted_overall ratio [1,2)",class_score,loss_good_proxy_bad,0.23121387283236994,0.16754504504504505,0.2934477865079088,173
target/det_pseudo-minus-no_adapt/K3,"corrupted_overall ratio [1,2)",class_score,given_loss_good,0.38461538461538464,0.2903075067832379,0.4842186652197504,104
target/det_pseudo-minus-no_adapt/K3,"corrupted_overall ratio [1,2)",false_positives,loss_good_proxy_bad,0.2254335260115607,0.16392963282523246,0.29239766081871343,173
target/det_pseudo-minus-no_adapt/K3,"corrupted_overall ratio [1,2)",false_positives,given_loss_good,0.375,0.2830141032971222,0.4717238421955402,104
target/det_pseudo-minus-no_adapt/K3,"corrupted_overall ratio [1,2)",duplicates,loss_good_proxy_bad,0.16184971098265896,0.10733958837772396,0.21714285714285714,173
target/det_pseudo-minus-no_adapt/K3,"corrupted_overall ratio [1,2)",duplicates,given_loss_good,0.2692307692307692,0.18446601941747573,0.3592427184466018,104
target/det_pseudo-minus-no_adapt/K3,"corrupted_overall ratio [2,4)",geometry,loss_good_proxy_bad,0.19540229885057472,0.14448563582593998,0.24812030075187969,261
target/det_pseudo-minus-no_adapt/K3,"corrupted_overall ratio [2,4)",geometry,given_loss_good,0.3591549295774648,0.2740740740740741,0.4444444444444444,142
target/det_pseudo-minus-no_adapt/K3,"corrupted_overall ratio [2,4)",class_score,loss_good_proxy_bad,0.24521072796934865,0.19047619047619047,0.2988059257223978,261
target/det_pseudo-minus-no_adapt/K3,"corrupted_overall ratio [2,4)",class_score,given_loss_good,0.4507042253521127,0.36074785927029035,0.5342775077330976,142
target/det_pseudo-minus-no_adapt/K3,"corrupted_overall ratio [2,4)",false_positives,loss_good_proxy_bad,0.210727969348659,0.16104868913857678,0.2640056910569106,261
target/det_pseudo-minus-no_adapt/K3,"corrupted_overall ratio [2,4)",false_positives,given_loss_good,0.3873239436619718,0.3036973180076628,0.47447935276402414,142
target/det_pseudo-minus-no_adapt/K3,"corrupted_overall ratio [2,4)",duplicates,loss_good_proxy_bad,0.15708812260536398,0.11155304432826316,0.20300895917955808,261
target/det_pseudo-minus-no_adapt/K3,"corrupted_overall ratio [2,4)",duplicates,given_loss_good,0.2887323943661972,0.21428571428571427,0.363013698630137,142
target/det_pseudo-minus-no_adapt/K3,"corrupted_overall ratio [4,inf)",geometry,loss_good_proxy_bad,0.22153209109730848,0.18354430379746836,0.2623682737387167,483
target/det_pseudo-minus-no_adapt/K3,"corrupted_overall ratio [4,inf)",geometry,given_loss_good,0.4083969465648855,0.3504211793020457,0.47058823529411764,262
target/det_pseudo-minus-no_adapt/K3,"corrupted_overall ratio [4,inf)",class_score,loss_good_proxy_bad,0.18633540372670807,0.14989483660185055,0.22588026315789472,483
target/det_pseudo-minus-no_adapt/K3,"corrupted_overall ratio [4,inf)",class_score,given_loss_good,0.3435114503816794,0.2804878048780488,0.40636328393115895,262
target/det_pseudo-minus-no_adapt/K3,"corrupted_overall ratio [4,inf)",false_positives,loss_good_proxy_bad,0.2608695652173913,0.2150036519956176,0.30984014675052407,483
target/det_pseudo-minus-no_adapt/K3,"corrupted_overall ratio [4,inf)",false_positives,given_loss_good,0.48091603053435117,0.4080860294117647,0.5523049126605611,262
target/det_pseudo-minus-no_adapt/K3,"corrupted_overall ratio [4,inf)",duplicates,loss_good_proxy_bad,0.16977225672877846,0.13404200482561965,0.20895675311964765,483
target/det_pseudo-minus-no_adapt/K3,"corrupted_overall ratio [4,inf)",duplicates,given_loss_good,0.31297709923664124,0.2559032228529573,0.376814381270903,262
target/det_pseudo-minus-no_adapt/K3,"clean_s0 ratio [0,1)",geometry,loss_good_proxy_bad,0.3103448275862069,0.1896551724137931,0.428633004926108,58
target/det_pseudo-minus-no_adapt/K3,"clean_s0 ratio [0,1)",geometry,given_loss_good,0.5142857142857142,0.34285714285714286,0.6756955484896661,35
target/det_pseudo-minus-no_adapt/K3,"clean_s0 ratio [0,1)",class_score,loss_good_proxy_bad,0.2413793103448276,0.13793103448275862,0.3559322033898305,58
target/det_pseudo-minus-no_adapt/K3,"clean_s0 ratio [0,1)",class_score,given_loss_good,0.4,0.23076923076923078,0.5675829238329237,35
target/det_pseudo-minus-no_adapt/K3,"clean_s0 ratio [0,1)",false_positives,loss_good_proxy_bad,0.11864406779661017,0.050423728813559346,0.2033898305084746,59
target/det_pseudo-minus-no_adapt/K3,"clean_s0 ratio [0,1)",false_positives,given_loss_good,0.2,0.07687500000000001,0.34375,35
target/det_pseudo-minus-no_adapt/K3,"clean_s0 ratio [0,1)",duplicates,loss_good_proxy_bad,0.05084745762711865,0.0,0.11864406779661017,59
target/det_pseudo-minus-no_adapt/K3,"clean_s0 ratio [0,1)",duplicates,given_loss_good,0.08571428571428572,0.0,0.1891891891891892,35
target/det_pseudo-minus-no_adapt/K3,"clean_s0 ratio [1,2)",geometry,loss_good_proxy_bad,0.12903225806451613,0.03225806451612903,0.25806451612903225,31
target/det_pseudo-minus-no_adapt/K3,"clean_s0 ratio [1,2)",geometry,given_loss_good,0.2,0.047619047619047616,0.3888888888888889,20
target/det_pseudo-minus-no_adapt/K3,"clean_s0 ratio [1,2)",class_score,loss_good_proxy_bad,0.3225806451612903,0.16129032258064516,0.4838709677419355,31
target/det_pseudo-minus-no_adapt/K3,"clean_s0 ratio [1,2)",class_score,given_loss_good,0.5,0.2777777777777778,0.7142857142857143,20
target/det_pseudo-minus-no_adapt/K3,"clean_s0 ratio [1,2)",false_positives,loss_good_proxy_bad,0.25806451612903225,0.12903225806451613,0.41935483870967744,31
target/det_pseudo-minus-no_adapt/K3,"clean_s0 ratio [1,2)",false_positives,given_loss_good,0.4,0.19047619047619047,0.65,20
target/det_pseudo-minus-no_adapt/K3,"clean_s0 ratio [1,2)",duplicates,loss_good_proxy_bad,0.12903225806451613,0.03225806451612903,0.25806451612903225,31
target/det_pseudo-minus-no_adapt/K3,"clean_s0 ratio [1,2)",duplicates,given_loss_good,0.2,0.045454545454545456,0.4,20
target/det_pseudo-minus-no_adapt/K3,"clean_s0 ratio [2,4)",geometry,loss_good_proxy_bad,0.27906976744186046,0.13953488372093023,0.4186046511627907,43
target/det_pseudo-minus-no_adapt/K3,"clean_s0 ratio [2,4)",geometry,given_loss_good,0.5454545454545454,0.3333333333333333,0.75,22
target/det_pseudo-minus-no_adapt/K3,"clean_s0 ratio [2,4)",class_score,loss_good_proxy_bad,0.27906976744186046,0.16279069767441862,0.4186046511627907,43
target/det_pseudo-minus-no_adapt/K3,"clean_s0 ratio [2,4)",class_score,given_loss_good,0.5454545454545454,0.3333333333333333,0.75,22
target/det_pseudo-minus-no_adapt/K3,"clean_s0 ratio [2,4)",false_positives,loss_good_proxy_bad,0.2558139534883721,0.13953488372093023,0.372674418604648,43
target/det_pseudo-minus-no_adapt/K3,"clean_s0 ratio [2,4)",false_positives,given_loss_good,0.5,0.2857142857142857,0.7037037037037037,22
target/det_pseudo-minus-no_adapt/K3,"clean_s0 ratio [2,4)",duplicates,loss_good_proxy_bad,0.18604651162790697,0.06976744186046512,0.32558139534883723,43
target/det_pseudo-minus-no_adapt/K3,"clean_s0 ratio [2,4)",duplicates,given_loss_good,0.36363636363636365,0.17391304347826086,0.5715659340659333,22
target/det_pseudo-minus-no_adapt/K3,"clean_s0 ratio [4,inf)",geometry,loss_good_proxy_bad,0.23880597014925373,0.13432835820895522,0.34328358208955223,67
target/det_pseudo-minus-no_adapt/K3,"clean_s0 ratio [4,inf)",geometry,given_loss_good,0.42105263157894735,0.2682926829268293,0.5758080808080805,38
target/det_pseudo-minus-no_adapt/K3,"clean_s0 ratio [4,inf)",class_score,loss_good_proxy_bad,0.29850746268656714,0.19402985074626866,0.417910447761194,67
target/det_pseudo-minus-no_adapt/K3,"clean_s0 ratio [4,inf)",class_score,given_loss_good,0.5263157894736842,0.358974358974359,0.6842105263157895,38
target/det_pseudo-minus-no_adapt/K3,"clean_s0 ratio [4,inf)",false_positives,loss_good_proxy_bad,0.2537313432835821,0.14925373134328357,0.3582089552238806,67
target/det_pseudo-minus-no_adapt/K3,"clean_s0 ratio [4,inf)",false_positives,given_loss_good,0.4473684210526316,0.2894736842105263,0.6052631578947368,38
target/det_pseudo-minus-no_adapt/K3,"clean_s0 ratio [4,inf)",duplicates,loss_good_proxy_bad,0.11940298507462686,0.04477611940298507,0.208955223880597,67
target/det_pseudo-minus-no_adapt/K3,"clean_s0 ratio [4,inf)",duplicates,given_loss_good,0.21052631578947367,0.08333333333333333,0.3548566308243727,38
target/det_pseudo_clip_radius-minus-no_adapt/K1,corrupted_overall,geometry,loss_good_proxy_bad,0.22613065326633167,0.19932590033500838,0.2521150592216582,1194
target/det_pseudo_clip_radius-minus-no_adapt/K1,corrupted_overall,geometry,given_loss_good,0.39705882352941174,0.3570339123929848,0.437871982032566,680
target/det_pseudo_clip_radius-minus-no_adapt/K1,corrupted_overall,class_score,loss_good_proxy_bad,0.2219430485762144,0.19627749576988154,0.24790619765494137,1194
target/det_pseudo_clip_radius-minus-no_adapt/K1,corrupted_overall,class_score,given_loss_good,0.3897058823529412,0.34456017312947257,0.4327534397217533,680
target/det_pseudo_clip_radius-minus-no_adapt/K1,corrupted_overall,false_positives,loss_good_proxy_bad,0.11416666666666667,0.09333333333333334,0.13668749999999988,1200
target/det_pseudo_clip_radius-minus-no_adapt/K1,corrupted_overall,false_positives,given_loss_good,0.20147058823529412,0.1664068551404826,0.23894039602104614,680
target/det_pseudo_clip_radius-minus-no_adapt/K1,corrupted_overall,duplicates,loss_good_proxy_bad,0.0575,0.043312500000000004,0.07166666666666667,1200
target/det_pseudo_clip_radius-minus-no_adapt/K1,corrupted_overall,duplicates,given_loss_good,0.10147058823529412,0.07745415088719629,0.12604096478750215,680
target/det_pseudo_clip_radius-minus-no_adapt/K1,gamma_s1,geometry,loss_good_proxy_bad,0.2562814070351759,0.19597989949748743,0.3198020304568528,199
target/det_pseudo_clip_radius-minus-no_adapt/K1,gamma_s1,geometry,given_loss_good,0.4322033898305085,0.34545454545454546,0.5203252032520326,118
target/det_pseudo_clip_radius-minus-no_adapt/K1,gamma_s1,class_score,loss_good_proxy_bad,0.2613065326633166,0.20600439698492462,0.32160804020100503,199
target/det_pseudo_clip_radius-minus-no_adapt/K1,gamma_s1,class_score,given_loss_good,0.4406779661016949,0.3571273291925466,0.5280352941176469,118
target/det_pseudo_clip_radius-minus-no_adapt/K1,gamma_s1,false_positives,loss_good_proxy_bad,0.125,0.08,0.17,200
target/det_pseudo_clip_radius-minus-no_adapt/K1,gamma_s1,false_positives,given_loss_good,0.211864406779661,0.14033047735618115,0.2857142857142857,118
target/det_pseudo_clip_radius-minus-no_adapt/K1,gamma_s1,duplicates,loss_good_proxy_bad,0.055,0.025,0.085,200
target/det_pseudo_clip_radius-minus-no_adapt/K1,gamma_s1,duplicates,given_loss_good,0.09322033898305085,0.04385011441647597,0.14655172413793102,118
target/det_pseudo_clip_radius-minus-no_adapt/K1,gamma_s2,geometry,loss_good_proxy_bad,0.20100502512562815,0.145,0.2562814070351759,199
target/det_pseudo_clip_radius-minus-no_adapt/K1,gamma_s2,geometry,given_loss_good,0.37383177570093457,0.2812280957943925,0.46534653465346537,107
target/det_pseudo_clip_radius-minus-no_adapt/K1,gamma_s2,class_score,loss_good_proxy_bad,0.17587939698492464,0.125,0.23115577889447236,199
target/det_pseudo_clip_radius-minus-no_adapt/K1,gamma_s2,class_score,given_loss_good,0.32710280373831774,0.23711340206185566,0.4166868932038834,107
target/det_pseudo_clip_radius-minus-no_adapt/K1,gamma_s2,false_positives,loss_good_proxy_bad,0.14,0.09487500000000001,0.19,200
target/det_pseudo_clip_radius-minus-no_adapt/K1,gamma_s2,false_positives,given_loss_good,0.2616822429906542,0.1792452830188679,0.35,107
target/det_pseudo_clip_radius-minus-no_adapt/K1,gamma_s2,duplicates,loss_good_proxy_bad,0.065,0.035,0.1,200
target/det_pseudo_clip_radius-minus-no_adapt/K1,gamma_s2,duplicates,given_loss_good,0.12149532710280374,0.06306306306306306,0.1834909193035012,107
target/det_pseudo_clip_radius-minus-no_adapt/K1,contrast_s1,geometry,loss_good_proxy_bad,0.24623115577889448,0.18592964824120603,0.305,199
target/det_pseudo_clip_radius-minus-no_adapt/K1,contrast_s1,geometry,given_loss_good,0.4336283185840708,0.3394415636218588,0.5272727272727272,113
target/det_pseudo_clip_radius-minus-no_adapt/K1,contrast_s1,class_score,loss_good_proxy_bad,0.23618090452261306,0.18,0.2964824120603015,199
target/det_pseudo_clip_radius-minus-no_adapt/K1,contrast_s1,class_score,given_loss_good,0.415929203539823,0.3269230769230769,0.5128260869565217,113
target/det_pseudo_clip_radius-minus-no_adapt/K1,contrast_s1,false_positives,loss_good_proxy_bad,0.08,0.045,0.115,200
target/det_pseudo_clip_radius-minus-no_adapt/K1,contrast_s1,false_positives,given_loss_good,0.1415929203539823,0.08264273258018046,0.20754716981132076,113
target/det_pseudo_clip_radius-minus-no_adapt/K1,contrast_s1,duplicates,loss_good_proxy_bad,0.045,0.02,0.075,200
target/det_pseudo_clip_radius-minus-no_adapt/K1,contrast_s1,duplicates,given_loss_good,0.07964601769911504,0.03418803418803419,0.136,113
target/det_pseudo_clip_radius-minus-no_adapt/K1,contrast_s2,geometry,loss_good_proxy_bad,0.22613065326633167,0.17,0.2878787878787879,199
target/det_pseudo_clip_radius-minus-no_adapt/K1,contrast_s2,geometry,given_loss_good,0.3435114503816794,0.26187888198757764,0.4304684101126311,131
target/det_pseudo_clip_radius-minus-no_adapt/K1,contrast_s2,class_score,loss_good_proxy_bad,0.2914572864321608,0.23,0.35678391959798994,199
target/det_pseudo_clip_radius-minus-no_adapt/K1,contrast_s2,class_score,given_loss_good,0.44274809160305345,0.35766423357664234,0.5263258336681398,131
target/det_pseudo_clip_radius-minus-no_adapt/K1,contrast_s2,false_positives,loss_good_proxy_bad,0.155,0.105,0.205,200
target/det_pseudo_clip_radius-minus-no_adapt/K1,contrast_s2,false_positives,given_loss_good,0.2366412213740458,0.16666666666666666,0.30658227484338174,131
target/det_pseudo_clip_radius-minus-no_adapt/K1,contrast_s2,duplicates,loss_good_proxy_bad,0.095,0.055,0.135,200
target/det_pseudo_clip_radius-minus-no_adapt/K1,contrast_s2,duplicates,given_loss_good,0.1450381679389313,0.08870967741935484,0.2069093231162196,131
target/det_pseudo_clip_radius-minus-no_adapt/K1,color_cast_s1,geometry,loss_good_proxy_bad,0.20603015075376885,0.1507537688442211,0.2663316582914573,199
target/det_pseudo_clip_radius-minus-no_adapt/K1,color_cast_s1,geometry,given_loss_good,0.3867924528301887,0.2956418219461698,0.47961184473789503,106
target/det_pseudo_clip_radius-minus-no_adapt/K1,color_cast_s1,class_score,loss_good_proxy_bad,0.21105527638190955,0.15654598751332421,0.271356783919598,199
target/det_pseudo_clip_radius-minus-no_adapt/K1,color_cast_s1,class_score,given_loss_good,0.39622641509433965,0.3047515527950311,0.4946291985367476,106
target/det_pseudo_clip_radius-minus-no_adapt/K1,color_cast_s1,false_positives,loss_good_proxy_bad,0.09,0.055,0.13,200
target/det_pseudo_clip_radius-minus-no_adapt/K1,color_cast_s1,false_positives,given_loss_good,0.16981132075471697,0.10203609221466364,0.24299696893154835,106
target/det_pseudo_clip_radius-minus-no_adapt/K1,color_cast_s1,duplicates,loss_good_proxy_bad,0.04,0.015,0.07,200
target/det_pseudo_clip_radius-minus-no_adapt/K1,color_cast_s1,duplicates,given_loss_good,0.07547169811320754,0.02940462592804112,0.12871287128712872,106
target/det_pseudo_clip_radius-minus-no_adapt/K1,color_cast_s2,geometry,loss_good_proxy_bad,0.22110552763819097,0.16666666666666666,0.2814070351758794,199
target/det_pseudo_clip_radius-minus-no_adapt/K1,color_cast_s2,geometry,given_loss_good,0.41904761904761906,0.33003793750509913,0.5142857142857142,105
target/det_pseudo_clip_radius-minus-no_adapt/K1,color_cast_s2,class_score,loss_good_proxy_bad,0.15577889447236182,0.10604728186386478,0.20603015075376885,199
target/det_pseudo_clip_radius-minus-no_adapt/K1,color_cast_s2,class_score,given_loss_good,0.29523809523809524,0.20908102766798417,0.3814577782925981,105
target/det_pseudo_clip_radius-minus-no_adapt/K1,color_cast_s2,false_positives,loss_good_proxy_bad,0.095,0.055,0.14,200
target/det_pseudo_clip_radius-minus-no_adapt/K1,color_cast_s2,false_positives,given_loss_good,0.18095238095238095,0.10750861259004071,0.2636492281303601,105
target/det_pseudo_clip_radius-minus-no_adapt/K1,color_cast_s2,duplicates,loss_good_proxy_bad,0.045,0.02,0.075,200
target/det_pseudo_clip_radius-minus-no_adapt/K1,color_cast_s2,duplicates,given_loss_good,0.08571428571428572,0.03737452405676704,0.14285714285714285,105
target/det_pseudo_clip_radius-minus-no_adapt/K1,clean_s0,geometry,loss_good_proxy_bad,0.22110552763819097,0.165,0.27641680625348947,199
target/det_pseudo_clip_radius-minus-no_adapt/K1,clean_s0,geometry,given_loss_good,0.36363636363636365,0.27433271481587207,0.45081967213114754,121
target/det_pseudo_clip_radius-minus-no_adapt/K1,clean_s0,class_score,loss_good_proxy_bad,0.271356783919598,0.21,0.335,199
target/det_pseudo_clip_radius-minus-no_adapt/K1,clean_s0,class_score,given_loss_good,0.4462809917355372,0.3559322033898305,0.5384782608695651,121
target/det_pseudo_clip_radius-minus-no_adapt/K1,clean_s0,false_positives,loss_good_proxy_bad,0.145,0.095,0.195,200
target/det_pseudo_clip_radius-minus-no_adapt/K1,clean_s0,false_positives,given_loss_good,0.2396694214876033,0.16278597088296465,0.3193363410938145,121
target/det_pseudo_clip_radius-minus-no_adapt/K1,clean_s0,duplicates,loss_good_proxy_bad,0.07,0.035,0.10512499999999932,200
target/det_pseudo_clip_radius-minus-no_adapt/K1,clean_s0,duplicates,given_loss_good,0.11570247933884298,0.061395138609883486,0.176,121
target/det_pseudo_clip_radius-minus-no_adapt/K1,"corrupted_overall ratio [0,1)",geometry,loss_good_proxy_bad,0.18772563176895307,0.1357615894039735,0.24313990461049284,277
target/det_pseudo_clip_radius-minus-no_adapt/K1,"corrupted_overall ratio [0,1)",geometry,given_loss_good,0.34210526315789475,0.25324274490941157,0.4375092455621301,152
target/det_pseudo_clip_radius-minus-no_adapt/K1,"corrupted_overall ratio [0,1)",class_score,loss_good_proxy_bad,0.23826714801444043,0.18149397491034502,0.29455023923444973,277
target/det_pseudo_clip_radius-minus-no_adapt/K1,"corrupted_overall ratio [0,1)",class_score,given_loss_good,0.4342105263157895,0.3398402909550917,0.5277820910973084,152
target/det_pseudo_clip_radius-minus-no_adapt/K1,"corrupted_overall ratio [0,1)",false_positives,loss_good_proxy_bad,0.06007067137809187,0.03308520523594053,0.09090909090909091,283
target/det_pseudo_clip_radius-minus-no_adapt/K1,"corrupted_overall ratio [0,1)",false_positives,given_loss_good,0.1118421052631579,0.06305991305991306,0.16778768431881644,152
target/det_pseudo_clip_radius-minus-no_adapt/K1,"corrupted_overall ratio [0,1)",duplicates,loss_good_proxy_bad,0.04946996466431095,0.026657894736842106,0.07500247035573121,283
target/det_pseudo_clip_radius-minus-no_adapt/K1,"corrupted_overall ratio [0,1)",duplicates,given_loss_good,0.09210526315789473,0.05112914098613251,0.13953915868673047,152
target/det_pseudo_clip_radius-minus-no_adapt/K1,"corrupted_overall ratio [1,2)",geometry,loss_good_proxy_bad,0.2254335260115607,0.16184073528883783,0.29375919117647054,173
target/det_pseudo_clip_radius-minus-no_adapt/K1,"corrupted_overall ratio [1,2)",geometry,given_loss_good,0.375,0.2828282828282828,0.4655297957817207,104
target/det_pseudo_clip_radius-minus-no_adapt/K1,"corrupted_overall ratio [1,2)",class_score,loss_good_proxy_bad,0.23121387283236994,0.1714042207792208,0.295084436105076,173
target/det_pseudo_clip_radius-minus-no_adapt/K1,"corrupted_overall ratio [1,2)",class_score,given_loss_good,0.38461538461538464,0.2857142857142857,0.48484848484848486,104
target/det_pseudo_clip_radius-minus-no_adapt/K1,"corrupted_overall ratio [1,2)",false_positives,loss_good_proxy_bad,0.15028901734104047,0.0935672514619883,0.2115441176470588,173
target/det_pseudo_clip_radius-minus-no_adapt/K1,"corrupted_overall ratio [1,2)",false_positives,given_loss_good,0.25,0.16302144535840188,0.3448352151357949,104
target/det_pseudo_clip_radius-minus-no_adapt/K1,"corrupted_overall ratio [1,2)",duplicates,loss_good_proxy_bad,0.07514450867052024,0.036585365853658534,0.11666666666666667,173
target/det_pseudo_clip_radius-minus-no_adapt/K1,"corrupted_overall ratio [1,2)",duplicates,given_loss_good,0.125,0.06363636363636363,0.19231651376146786,104
target/det_pseudo_clip_radius-minus-no_adapt/K1,"corrupted_overall ratio [2,4)",geometry,loss_good_proxy_bad,0.2260536398467433,0.17390884673493368,0.28,261
target/det_pseudo_clip_radius-minus-no_adapt/K1,"corrupted_overall ratio [2,4)",geometry,given_loss_good,0.4097222222222222,0.3244988365849293,0.4965047021943574,144
target/det_pseudo_clip_radius-minus-no_adapt/K1,"corrupted_overall ratio [2,4)",class_score,loss_good_proxy_bad,0.2222222222222222,0.1709068262698156,0.2743699275263972,261
target/det_pseudo_clip_radius-minus-no_adapt/K1,"corrupted_overall ratio [2,4)",class_score,given_loss_good,0.4027777777777778,0.3146707459207459,0.4841307277628032,144
target/det_pseudo_clip_radius-minus-no_adapt/K1,"corrupted_overall ratio [2,4)",false_positives,loss_good_proxy_bad,0.1111111111111111,0.07450656295576082,0.1492580202436095,261
target/det_pseudo_clip_radius-minus-no_adapt/K1,"corrupted_overall ratio [2,4)",false_positives,given_loss_good,0.2013888888888889,0.13906824871228843,0.268972148541114,144
target/det_pseudo_clip_radius-minus-no_adapt/K1,"corrupted_overall ratio [2,4)",duplicates,loss_good_proxy_bad,0.05363984674329502,0.02723209590913871,0.08560855740751493,261
target/det_pseudo_clip_radius-minus-no_adapt/K1,"corrupted_overall ratio [2,4)",duplicates,given_loss_good,0.09722222222222222,0.04967959933514128,0.15218635911052103,144
target/det_pseudo_clip_radius-minus-no_adapt/K1,"corrupted_overall ratio [4,inf)",geometry,loss_good_proxy_bad,0.2484472049689441,0.20885844718691368,0.2917528777817117,483
target/det_pseudo_clip_radius-minus-no_adapt/K1,"corrupted_overall ratio [4,inf)",geometry,given_loss_good,0.42857142857142855,0.368216447228711,0.4874596299251491,280
target/det_pseudo_clip_radius-minus-no_adapt/K1,"corrupted_overall ratio [4,inf)",class_score,loss_good_proxy_bad,0.20910973084886128,0.16952698770640867,0.24946717446013417,483
target/det_pseudo_clip_radius-minus-no_adapt/K1,"corrupted_overall ratio [4,inf)",class_score,given_loss_good,0.3607142857142857,0.2985583626122358,0.4233609112398368,280
target/det_pseudo_clip_radius-minus-no_adapt/K1,"corrupted_overall ratio [4,inf)",false_positives,loss_good_proxy_bad,0.13457556935817805,0.10153125075939831,0.17187920026881717,483
target/det_pseudo_clip_radius-minus-no_adapt/K1,"corrupted_overall ratio [4,inf)",false_positives,given_loss_good,0.23214285714285715,0.1800475560941574,0.2927777023356871,280
target/det_pseudo_clip_radius-minus-no_adapt/K1,"corrupted_overall ratio [4,inf)",duplicates,loss_good_proxy_bad,0.057971014492753624,0.03805296116894586,0.08080915538362347,483
target/det_pseudo_clip_radius-minus-no_adapt/K1,"corrupted_overall ratio [4,inf)",duplicates,given_loss_good,0.1,0.06666666666666667,0.13765314926660913,280
target/det_pseudo_clip_radius-minus-no_adapt/K1,"clean_s0 ratio [0,1)",geometry,loss_good_proxy_bad,0.20689655172413793,0.10526315789473684,0.3103448275862069,58
target/det_pseudo_clip_radius-minus-no_adapt/K1,"clean_s0 ratio [0,1)",geometry,given_loss_good,0.34285714285714286,0.1935483870967742,0.5142857142857142,35
target/det_pseudo_clip_radius-minus-no_adapt/K1,"clean_s0 ratio [0,1)",class_score,loss_good_proxy_bad,0.2413793103448276,0.13793103448275862,0.3559322033898305,58
target/det_pseudo_clip_radius-minus-no_adapt/K1,"clean_s0 ratio [0,1)",class_score,given_loss_good,0.4,0.24324324324324326,0.5625,35
target/det_pseudo_clip_radius-minus-no_adapt/K1,"clean_s0 ratio [0,1)",false_positives,loss_good_proxy_bad,0.13559322033898305,0.05084745762711865,0.22033898305084745,59
target/det_pseudo_clip_radius-minus-no_adapt/K1,"clean_s0 ratio [0,1)",false_positives,given_loss_good,0.22857142857142856,0.09375,0.375084459459459,35
target/det_pseudo_clip_radius-minus-no_adapt/K1,"clean_s0 ratio [0,1)",duplicates,loss_good_proxy_bad,0.05084745762711865,0.0,0.11864406779661017,59
target/det_pseudo_clip_radius-minus-no_adapt/K1,"clean_s0 ratio [0,1)",duplicates,given_loss_good,0.08571428571428572,0.0,0.1891891891891892,35
target/det_pseudo_clip_radius-minus-no_adapt/K1,"clean_s0 ratio [1,2)",geometry,loss_good_proxy_bad,0.16129032258064516,0.03225806451612903,0.2903225806451613,31
target/det_pseudo_clip_radius-minus-no_adapt/K1,"clean_s0 ratio [1,2)",geometry,given_loss_good,0.2777777777777778,0.07692307692307693,0.5,18
target/det_pseudo_clip_radius-minus-no_adapt/K1,"clean_s0 ratio [1,2)",class_score,loss_good_proxy_bad,0.3548387096774194,0.1935483870967742,0.5483870967741935,31
target/det_pseudo_clip_radius-minus-no_adapt/K1,"clean_s0 ratio [1,2)",class_score,given_loss_good,0.6111111111111112,0.375,0.8421052631578947,18
target/det_pseudo_clip_radius-minus-no_adapt/K1,"clean_s0 ratio [1,2)",false_positives,loss_good_proxy_bad,0.1935483870967742,0.06451612903225806,0.3548387096774194,31
target/det_pseudo_clip_radius-minus-no_adapt/K1,"clean_s0 ratio [1,2)",false_positives,given_loss_good,0.3333333333333333,0.1111111111111111,0.5625,18
target/det_pseudo_clip_radius-minus-no_adapt/K1,"clean_s0 ratio [1,2)",duplicates,loss_good_proxy_bad,0.12903225806451613,0.03225806451612903,0.25806451612903225,31
target/det_pseudo_clip_radius-minus-no_adapt/K1,"clean_s0 ratio [1,2)",duplicates,given_loss_good,0.2222222222222222,0.05263157894736842,0.4375,18
target/det_pseudo_clip_radius-minus-no_adapt/K1,"clean_s0 ratio [2,4)",geometry,loss_good_proxy_bad,0.23255813953488372,0.11627906976744186,0.37209302325581395,43
target/det_pseudo_clip_radius-minus-no_adapt/K1,"clean_s0 ratio [2,4)",geometry,given_loss_good,0.4,0.20833333333333334,0.5925925925925926,25
target/det_pseudo_clip_radius-minus-no_adapt/K1,"clean_s0 ratio [2,4)",class_score,loss_good_proxy_bad,0.27906976744186046,0.16279069767441862,0.4186046511627907,43
target/det_pseudo_clip_radius-minus-no_adapt/K1,"clean_s0 ratio [2,4)",class_score,given_loss_good,0.48,0.28,0.6818181818181818,25
target/det_pseudo_clip_radius-minus-no_adapt/K1,"clean_s0 ratio [2,4)",false_positives,loss_good_proxy_bad,0.11627906976744186,0.023255813953488372,0.20930232558139536,43
target/det_pseudo_clip_radius-minus-no_adapt/K1,"clean_s0 ratio [2,4)",false_positives,given_loss_good,0.2,0.043478260869565216,0.36363636363636365,25
target/det_pseudo_clip_radius-minus-no_adapt/K1,"clean_s0 ratio [2,4)",duplicates,loss_good_proxy_bad,0.09302325581395349,0.023255813953488372,0.18604651162790697,43
target/det_pseudo_clip_radius-minus-no_adapt/K1,"clean_s0 ratio [2,4)",duplicates,given_loss_good,0.16,0.03571428571428571,0.3181818181818182,25
target/det_pseudo_clip_radius-minus-no_adapt/K1,"clean_s0 ratio [4,inf)",geometry,loss_good_proxy_bad,0.2537313432835821,0.14925373134328357,0.3582089552238806,67
target/det_pseudo_clip_radius-minus-no_adapt/K1,"clean_s0 ratio [4,inf)",geometry,given_loss_good,0.3953488372093023,0.25,0.5455681818181811,43
target/det_pseudo_clip_radius-minus-no_adapt/K1,"clean_s0 ratio [4,inf)",class_score,loss_good_proxy_bad,0.2537313432835821,0.14925373134328357,0.3582089552238806,67
target/det_pseudo_clip_radius-minus-no_adapt/K1,"clean_s0 ratio [4,inf)",class_score,given_loss_good,0.3953488372093023,0.25,0.5454545454545454,43
target/det_pseudo_clip_radius-minus-no_adapt/K1,"clean_s0 ratio [4,inf)",false_positives,loss_good_proxy_bad,0.14925373134328357,0.07462686567164178,0.23880597014925373,67
target/det_pseudo_clip_radius-minus-no_adapt/K1,"clean_s0 ratio [4,inf)",false_positives,given_loss_good,0.23255813953488372,0.11363636363636363,0.36585365853658536,43
target/det_pseudo_clip_radius-minus-no_adapt/K1,"clean_s0 ratio [4,inf)",duplicates,loss_good_proxy_bad,0.04477611940298507,0.0,0.1044776119402985,67
target/det_pseudo_clip_radius-minus-no_adapt/K1,"clean_s0 ratio [4,inf)",duplicates,given_loss_good,0.06976744186046512,0.0,0.15564393939393892,43
target/det_pseudo_clip_radius-minus-no_adapt/K3,corrupted_overall,geometry,loss_good_proxy_bad,0.23031825795644892,0.20518781407035178,0.25674362976498655,1194
target/det_pseudo_clip_radius-minus-no_adapt/K3,corrupted_overall,geometry,given_loss_good,0.39855072463768115,0.359215222064547,0.43968169744811836,690
target/det_pseudo_clip_radius-minus-no_adapt/K3,corrupted_overall,class_score,loss_good_proxy_bad,0.22278056951423786,0.19916666666666666,0.24790619765494137,1194
target/det_pseudo_clip_radius-minus-no_adapt/K3,corrupted_overall,class_score,given_loss_good,0.3855072463768116,0.34592616612725635,0.4283738601823708,690
target/det_pseudo_clip_radius-minus-no_adapt/K3,corrupted_overall,false_positives,loss_good_proxy_bad,0.17166666666666666,0.14416666666666667,0.19833333333333333,1200
target/det_pseudo_clip_radius-minus-no_adapt/K3,corrupted_overall,false_positives,given_loss_good,0.2985507246376812,0.2570980519437508,0.3426554120200902,690
target/det_pseudo_clip_radius-minus-no_adapt/K3,corrupted_overall,duplicates,loss_good_proxy_bad,0.10333333333333333,0.085,0.12166666666666667,1200
target/det_pseudo_clip_radius-minus-no_adapt/K3,corrupted_overall,duplicates,given_loss_good,0.17971014492753623,0.14956906413682086,0.211516684643012,690
target/det_pseudo_clip_radius-minus-no_adapt/K3,gamma_s1,geometry,loss_good_proxy_bad,0.2663316582914573,0.20704857856919712,0.32832448854022434,199
target/det_pseudo_clip_radius-minus-no_adapt/K3,gamma_s1,geometry,given_loss_good,0.4608695652173913,0.3709607897664071,0.55,115
target/det_pseudo_clip_radius-minus-no_adapt/K3,gamma_s1,class_score,loss_good_proxy_bad,0.21608040201005024,0.16080402010050251,0.275,199
target/det_pseudo_clip_radius-minus-no_adapt/K3,gamma_s1,class_score,given_loss_good,0.3739130434782609,0.28946824706394086,0.46282503527514607,115
target/det_pseudo_clip_radius-minus-no_adapt/K3,gamma_s1,false_positives,loss_good_proxy_bad,0.165,0.115,0.22,200
target/det_pseudo_clip_radius-minus-no_adapt/K3,gamma_s1,false_positives,given_loss_good,0.28695652173913044,0.20659333981526495,0.371900826446281,115
target/det_pseudo_clip_radius-minus-no_adapt/K3,gamma_s1,duplicates,loss_good_proxy_bad,0.09,0.05487500000000001,0.13,200
target/det_pseudo_clip_radius-minus-no_adapt/K3,gamma_s1,duplicates,given_loss_good,0.1565217391304348,0.09259259259259259,0.22413793103448276,115
target/det_pseudo_clip_radius-minus-no_adapt/K3,gamma_s2,geometry,loss_good_proxy_bad,0.21105527638190955,0.1573405373532277,0.2690596446700506,199
target/det_pseudo_clip_radius-minus-no_adapt/K3,gamma_s2,geometry,given_loss_good,0.4,0.31192413929170365,0.4909090909090909,105
target/det_pseudo_clip_radius-minus-no_adapt/K3,gamma_s2,class_score,loss_good_proxy_bad,0.18090452261306533,0.13,0.24120603015075376,199
target/det_pseudo_clip_radius-minus-no_adapt/K3,gamma_s2,class_score,given_loss_good,0.34285714285714286,0.25510204081632654,0.44231194690265485,105
target/det_pseudo_clip_radius-minus-no_adapt/K3,gamma_s2,false_positives,loss_good_proxy_bad,0.185,0.135,0.2351249999999993,200
target/det_pseudo_clip_radius-minus-no_adapt/K3,gamma_s2,false_positives,given_loss_good,0.3523809523809524,0.26529111644657866,0.44,105
target/det_pseudo_clip_radius-minus-no_adapt/K3,gamma_s2,duplicates,loss_good_proxy_bad,0.1,0.06,0.14012499999999933,200
target/det_pseudo_clip_radius-minus-no_adapt/K3,gamma_s2,duplicates,given_loss_good,0.19047619047619047,0.11764705882352941,0.26595988678508686,105
target/det_pseudo_clip_radius-minus-no_adapt/K3,contrast_s1,geometry,loss_good_proxy_bad,0.25125628140703515,0.1918950814679458,0.31317803030303004,199
target/det_pseudo_clip_radius-minus-no_adapt/K3,contrast_s1,geometry,given_loss_good,0.4132231404958678,0.32575757575757575,0.5,121
target/det_pseudo_clip_radius-minus-no_adapt/K3,contrast_s1,class_score,loss_good_proxy_bad,0.24623115577889448,0.18996938775510205,0.3065713669356883,199
target/det_pseudo_clip_radius-minus-no_adapt/K3,contrast_s1,class_score,given_loss_good,0.4049586776859504,0.3217313664596273,0.4916733870967741,121
target/det_pseudo_clip_radius-minus-no_adapt/K3,contrast_s1,false_positives,loss_good_proxy_bad,0.15,0.1,0.2,200
target/det_pseudo_clip_radius-minus-no_adapt/K3,contrast_s1,false_positives,given_loss_good,0.24793388429752067,0.171630025547936,0.32813083022388057,121
target/det_pseudo_clip_radius-minus-no_adapt/K3,contrast_s1,duplicates,loss_good_proxy_bad,0.09,0.05,0.13,200
target/det_pseudo_clip_radius-minus-no_adapt/K3,contrast_s1,duplicates,given_loss_good,0.1487603305785124,0.08694796302636083,0.2143004722550176,121
target/det_pseudo_clip_radius-minus-no_adapt/K3,contrast_s2,geometry,loss_good_proxy_bad,0.22110552763819097,0.165,0.28,199
target/det_pseudo_clip_radius-minus-no_adapt/K3,contrast_s2,geometry,given_loss_good,0.34108527131782945,0.2608363757052771,0.4253731343283582,129
target/det_pseudo_clip_radius-minus-no_adapt/K3,contrast_s2,class_score,loss_good_proxy_bad,0.2814070351758794,0.2210778894472362,0.345,199
target/det_pseudo_clip_radius-minus-no_adapt/K3,contrast_s2,class_score,given_loss_good,0.43410852713178294,0.35,0.5196850393700787,129
target/det_pseudo_clip_radius-minus-no_adapt/K3,contrast_s2,false_positives,loss_good_proxy_bad,0.195,0.14,0.255,200
target/det_pseudo_clip_radius-minus-no_adapt/K3,contrast_s2,false_positives,given_loss_good,0.3023255813953488,0.22386050516647532,0.38060589907604825,129
target/det_pseudo_clip_radius-minus-no_adapt/K3,contrast_s2,duplicates,loss_good_proxy_bad,0.155,0.105,0.205,200
target/det_pseudo_clip_radius-minus-no_adapt/K3,contrast_s2,duplicates,given_loss_good,0.24031007751937986,0.16908678617432377,0.3157894736842105,129
target/det_pseudo_clip_radius-minus-no_adapt/K3,color_cast_s1,geometry,loss_good_proxy_bad,0.17587939698492464,0.125,0.23115577889447236,199
target/det_pseudo_clip_radius-minus-no_adapt/K3,color_cast_s1,geometry,given_loss_good,0.3181818181818182,0.23076923076923078,0.4090909090909091,110
target/det_pseudo_clip_radius-minus-no_adapt/K3,color_cast_s1,class_score,loss_good_proxy_bad,0.22613065326633167,0.1708542713567839,0.2864321608040201,199
target/det_pseudo_clip_radius-minus-no_adapt/K3,color_cast_s1,class_score,given_loss_good,0.4090909090909091,0.3173076923076923,0.5048543689320388,110
target/det_pseudo_clip_radius-minus-no_adapt/K3,color_cast_s1,false_positives,loss_good_proxy_bad,0.155,0.105,0.21,200
target/det_pseudo_clip_radius-minus-no_adapt/K3,color_cast_s1,false_positives,given_loss_good,0.2818181818181818,0.20175084889643463,0.36797011257333095,110
target/det_pseudo_clip_radius-minus-no_adapt/K3,color_cast_s1,duplicates,loss_good_proxy_bad,0.095,0.055,0.135,200
target/det_pseudo_clip_radius-minus-no_adapt/K3,color_cast_s1,duplicates,given_loss_good,0.17272727272727273,0.10713418862690707,0.24528301886792453,110
target/det_pseudo_clip_radius-minus-no_adapt/K3,color_cast_s2,geometry,loss_good_proxy_bad,0.2562814070351759,0.19794454699277036,0.3165829145728643,199
target/det_pseudo_clip_radius-minus-no_adapt/K3,color_cast_s2,geometry,given_loss_good,0.4636363636363636,0.3728775038520801,0.5566062050184789,110
target/det_pseudo_clip_radius-minus-no_adapt/K3,color_cast_s2,class_score,loss_good_proxy_bad,0.18592964824120603,0.135,0.245,199
target/det_pseudo_clip_radius-minus-no_adapt/K3,color_cast_s2,class_score,given_loss_good,0.33636363636363636,0.2478613569321534,0.42735042735042733,110
target/det_pseudo_clip_radius-minus-no_adapt/K3,color_cast_s2,false_positives,loss_good_proxy_bad,0.18,0.12987500000000002,0.2351249999999993,200
target/det_pseudo_clip_radius-minus-no_adapt/K3,color_cast_s2,false_positives,given_loss_good,0.32727272727272727,0.2407222222222222,0.415929203539823,110
target/det_pseudo_clip_radius-minus-no_adapt/K3,color_cast_s2,duplicates,loss_good_proxy_bad,0.09,0.05,0.13,200
target/det_pseudo_clip_radius-minus-no_adapt/K3,color_cast_s2,duplicates,given_loss_good,0.16363636363636364,0.09755557953809627,0.23278077666774077,110
target/det_pseudo_clip_radius-minus-no_adapt/K3,clean_s0,geometry,loss_good_proxy_bad,0.2562814070351759,0.20097989949748746,0.32,199
target/det_pseudo_clip_radius-minus-no_adapt/K3,clean_s0,geometry,given_loss_good,0.4358974358974359,0.34710743801652894,0.5238290398126463,117
target/det_pseudo_clip_radius-minus-no_adapt/K3,clean_s0,class_score,loss_good_proxy_bad,0.2562814070351759,0.19796954314720813,0.3165829145728643,199
target/det_pseudo_clip_radius-minus-no_adapt/K3,clean_s0,class_score,given_loss_good,0.4358974358974359,0.3482045807453416,0.5289256198347108,117
target/det_pseudo_clip_radius-minus-no_adapt/K3,clean_s0,false_positives,loss_good_proxy_bad,0.23,0.175,0.29,200
target/det_pseudo_clip_radius-minus-no_adapt/K3,clean_s0,false_positives,given_loss_good,0.39316239316239315,0.3007926829268293,0.4821506892230576,117
target/det_pseudo_clip_radius-minus-no_adapt/K3,clean_s0,duplicates,loss_good_proxy_bad,0.165,0.115,0.22,200
target/det_pseudo_clip_radius-minus-no_adapt/K3,clean_s0,duplicates,given_loss_good,0.28205128205128205,0.20387900035958287,0.3706896551724138,117
target/det_pseudo_clip_radius-minus-no_adapt/K3,"corrupted_overall ratio [0,1)",geometry,loss_good_proxy_bad,0.22382671480144403,0.1677966871680179,0.28169675950439477,277
target/det_pseudo_clip_radius-minus-no_adapt/K3,"corrupted_overall ratio [0,1)",geometry,given_loss_good,0.3924050632911392,0.30722793133317583,0.47890140845070406,158
target/det_pseudo_clip_radius-minus-no_adapt/K3,"corrupted_overall ratio [0,1)",class_score,loss_good_proxy_bad,0.259927797833935,0.2079207920792079,0.31062479187479175,277
target/det_pseudo_clip_radius-minus-no_adapt/K3,"corrupted_overall ratio [0,1)",class_score,given_loss_good,0.45569620253164556,0.36809110782032295,0.546064106487148,158
target/det_pseudo_clip_radius-minus-no_adapt/K3,"corrupted_overall ratio [0,1)",false_positives,loss_good_proxy_bad,0.12367491166077739,0.08517419962335217,0.1673163961382544,283
target/det_pseudo_clip_radius-minus-no_adapt/K3,"corrupted_overall ratio [0,1)",false_positives,given_loss_good,0.22151898734177214,0.1588003095975232,0.2948717948717949,158
target/det_pseudo_clip_radius-minus-no_adapt/K3,"corrupted_overall ratio [0,1)",duplicates,loss_good_proxy_bad,0.09187279151943463,0.06023869915753238,0.12681159420289856,283
target/det_pseudo_clip_radius-minus-no_adapt/K3,"corrupted_overall ratio [0,1)",duplicates,given_loss_good,0.16455696202531644,0.1069182389937107,0.23178807947019867,158
target/det_pseudo_clip_radius-minus-no_adapt/K3,"corrupted_overall ratio [1,2)",geometry,loss_good_proxy_bad,0.2774566473988439,0.21427539223781997,0.34591279959204485,173
target/det_pseudo_clip_radius-minus-no_adapt/K3,"corrupted_overall ratio [1,2)",geometry,given_loss_good,0.46153846153846156,0.37733046889594624,0.5514018691588785,104
target/det_pseudo_clip_radius-minus-no_adapt/K3,"corrupted_overall ratio [1,2)",class_score,loss_good_proxy_bad,0.20809248554913296,0.1521574440052701,0.27011494252873564,173
target/det_pseudo_clip_radius-minus-no_adapt/K3,"corrupted_overall ratio [1,2)",class_score,given_loss_good,0.34615384615384615,0.25686367427401624,0.44330140050573813,104
target/det_pseudo_clip_radius-minus-no_adapt/K3,"corrupted_overall ratio [1,2)",false_positives,loss_good_proxy_bad,0.2138728323699422,0.14968479190686948,0.2808988764044944,173
target/det_pseudo_clip_radius-minus-no_adapt/K3,"corrupted_overall ratio [1,2)",false_positives,given_loss_good,0.3557692307692308,0.25510204081632654,0.4576350388088072,104
target/det_pseudo_clip_radius-minus-no_adapt/K3,"corrupted_overall ratio [1,2)",duplicates,loss_good_proxy_bad,0.11560693641618497,0.06740716634694437,0.164637610864745,173
target/det_pseudo_clip_radius-minus-no_adapt/K3,"corrupted_overall ratio [1,2)",duplicates,given_loss_good,0.19230769230769232,0.11458333333333333,0.2692307692307692,104
target/det_pseudo_clip_radius-minus-no_adapt/K3,"corrupted_overall ratio [2,4)",geometry,loss_good_proxy_bad,0.2222222222222222,0.17120363657883447,0.27482939066166745,261
target/det_pseudo_clip_radius-minus-no_adapt/K3,"corrupted_overall ratio [2,4)",geometry,given_loss_good,0.3841059602649007,0.3032155838255338,0.4722222222222222,151
target/det_pseudo_clip_radius-minus-no_adapt/K3,"corrupted_overall ratio [2,4)",class_score,loss_good_proxy_bad,0.23754789272030652,0.18214768502872591,0.2868329809725158,261
target/det_pseudo_clip_radius-minus-no_adapt/K3,"corrupted_overall ratio [2,4)",class_score,given_loss_good,0.4105960264900662,0.32297769843986895,0.48765808491418244,151
target/det_pseudo_clip_radius-minus-no_adapt/K3,"corrupted_overall ratio [2,4)",false_positives,loss_good_proxy_bad,0.17624521072796934,0.1320754716981132,0.22306035425322537,261
target/det_pseudo_clip_radius-minus-no_adapt/K3,"corrupted_overall ratio [2,4)",false_positives,given_loss_good,0.304635761589404,0.2333282208588957,0.3813112010391686,151
target/det_pseudo_clip_radius-minus-no_adapt/K3,"corrupted_overall ratio [2,4)",duplicates,loss_good_proxy_bad,0.1111111111111111,0.07063197026022305,0.1553805785262312,261
target/det_pseudo_clip_radius-minus-no_adapt/K3,"corrupted_overall ratio [2,4)",duplicates,given_loss_good,0.19205298013245034,0.1259246309246309,0.26207211942809083,151
target/det_pseudo_clip_radius-minus-no_adapt/K3,"corrupted_overall ratio [4,inf)",geometry,loss_good_proxy_bad,0.22153209109730848,0.18315641215715345,0.26260557253204314,483
target/det_pseudo_clip_radius-minus-no_adapt/K3,"corrupted_overall ratio [4,inf)",geometry,given_loss_good,0.3862815884476534,0.3267967423189748,0.44719633158427685,277
target/det_pseudo_clip_radius-minus-no_adapt/K3,"corrupted_overall ratio [4,inf)",class_score,loss_good_proxy_bad,0.19875776397515527,0.15903531655866926,0.23878438331854476,483
target/det_pseudo_clip_radius-minus-no_adapt/K3,"corrupted_overall ratio [4,inf)",class_score,given_loss_good,0.34657039711191334,0.2857017102615694,0.40712194407846575,277
target/det_pseudo_clip_radius-minus-no_adapt/K3,"corrupted_overall ratio [4,inf)",false_positives,loss_good_proxy_bad,0.18219461697722567,0.14055883106895667,0.22439185996722125,483
target/det_pseudo_clip_radius-minus-no_adapt/K3,"corrupted_overall ratio [4,inf)",false_positives,given_loss_good,0.3176895306859206,0.2552289500167729,0.381831550802139,277
target/det_pseudo_clip_radius-minus-no_adapt/K3,"corrupted_overall ratio [4,inf)",duplicates,loss_good_proxy_bad,0.10144927536231885,0.07341269841269842,0.13147672468022645,483
target/det_pseudo_clip_radius-minus-no_adapt/K3,"corrupted_overall ratio [4,inf)",duplicates,given_loss_good,0.17689530685920576,0.12986899065846433,0.2280800315395229,277
target/det_pseudo_clip_radius-minus-no_adapt/K3,"clean_s0 ratio [0,1)",geometry,loss_good_proxy_bad,0.25862068965517243,0.15517241379310345,0.3793103448275862,58
target/det_pseudo_clip_radius-minus-no_adapt/K3,"clean_s0 ratio [0,1)",geometry,given_loss_good,0.4411764705882353,0.28116319444444443,0.6153846153846154,34
target/det_pseudo_clip_radius-minus-no_adapt/K3,"clean_s0 ratio [0,1)",class_score,loss_good_proxy_bad,0.22413793103448276,0.1206896551724138,0.3333333333333333,58
target/det_pseudo_clip_radius-minus-no_adapt/K3,"clean_s0 ratio [0,1)",class_score,given_loss_good,0.38235294117647056,0.2222222222222222,0.55,34
target/det_pseudo_clip_radius-minus-no_adapt/K3,"clean_s0 ratio [0,1)",false_positives,loss_good_proxy_bad,0.22033898305084745,0.11864406779661017,0.3389830508474576,59
target/det_pseudo_clip_radius-minus-no_adapt/K3,"clean_s0 ratio [0,1)",false_positives,given_loss_good,0.38235294117647056,0.22213541666666667,0.5517241379310345,34
target/det_pseudo_clip_radius-minus-no_adapt/K3,"clean_s0 ratio [0,1)",duplicates,loss_good_proxy_bad,0.11864406779661017,0.05084745762711865,0.22033898305084745,59
target/det_pseudo_clip_radius-minus-no_adapt/K3,"clean_s0 ratio [0,1)",duplicates,given_loss_good,0.20588235294117646,0.08102773826458037,0.3548387096774194,34
target/det_pseudo_clip_radius-minus-no_adapt/K3,"clean_s0 ratio [1,2)",geometry,loss_good_proxy_bad,0.0967741935483871,0.0,0.1935483870967742,31
target/det_pseudo_clip_radius-minus-no_adapt/K3,"clean_s0 ratio [1,2)",geometry,given_loss_good,0.17647058823529413,0.0,0.375,17
target/det_pseudo_clip_radius-minus-no_adapt/K3,"clean_s0 ratio [1,2)",class_score,loss_good_proxy_bad,0.3225806451612903,0.16129032258064516,0.4838709677419355,31
target/det_pseudo_clip_radius-minus-no_adapt/K3,"clean_s0 ratio [1,2)",class_score,given_loss_good,0.5882352941176471,0.3333333333333333,0.8125,17
target/det_pseudo_clip_radius-minus-no_adapt/K3,"clean_s0 ratio [1,2)",false_positives,loss_good_proxy_bad,0.22580645161290322,0.0967741935483871,0.3870967741935484,31
target/det_pseudo_clip_radius-minus-no_adapt/K3,"clean_s0 ratio [1,2)",false_positives,given_loss_good,0.4117647058823529,0.17647058823529413,0.6666666666666666,17
target/det_pseudo_clip_radius-minus-no_adapt/K3,"clean_s0 ratio [1,2)",duplicates,loss_good_proxy_bad,0.1935483870967742,0.06451612903225806,0.3548387096774194,31
target/det_pseudo_clip_radius-minus-no_adapt/K3,"clean_s0 ratio [1,2)",duplicates,given_loss_good,0.35294117647058826,0.13333333333333333,0.6,17
target/det_pseudo_clip_radius-minus-no_adapt/K3,"clean_s0 ratio [2,4)",geometry,loss_good_proxy_bad,0.3488372093023256,0.20930232558139536,0.4883720930232558,43
target/det_pseudo_clip_radius-minus-no_adapt/K3,"clean_s0 ratio [2,4)",geometry,given_loss_good,0.625,0.42857142857142855,0.8235294117647058,24
target/det_pseudo_clip_radius-minus-no_adapt/K3,"clean_s0 ratio [2,4)",class_score,loss_good_proxy_bad,0.27906976744186046,0.13953488372093023,0.4186046511627907,43
target/det_pseudo_clip_radius-minus-no_adapt/K3,"clean_s0 ratio [2,4)",class_score,given_loss_good,0.5,0.29618055555555556,0.6956521739130435,24
target/det_pseudo_clip_radius-minus-no_adapt/K3,"clean_s0 ratio [2,4)",false_positives,loss_good_proxy_bad,0.23255813953488372,0.11627906976744186,0.3488372093023256,43
target/det_pseudo_clip_radius-minus-no_adapt/K3,"clean_s0 ratio [2,4)",false_positives,given_loss_good,0.4166666666666667,0.22580645161290322,0.6086956521739131,24
target/det_pseudo_clip_radius-minus-no_adapt/K3,"clean_s0 ratio [2,4)",duplicates,loss_good_proxy_bad,0.23255813953488372,0.11627906976744186,0.37209302325581395,43
target/det_pseudo_clip_radius-minus-no_adapt/K3,"clean_s0 ratio [2,4)",duplicates,given_loss_good,0.4166666666666667,0.21739130434782608,0.61547619047619,24
target/det_pseudo_clip_radius-minus-no_adapt/K3,"clean_s0 ratio [4,inf)",geometry,loss_good_proxy_bad,0.26865671641791045,0.16417910447761194,0.373134328358209,67
target/det_pseudo_clip_radius-minus-no_adapt/K3,"clean_s0 ratio [4,inf)",geometry,given_loss_good,0.42857142857142855,0.28564690026954176,0.575,42
target/det_pseudo_clip_radius-minus-no_adapt/K3,"clean_s0 ratio [4,inf)",class_score,loss_good_proxy_bad,0.23880597014925373,0.13432835820895522,0.34328358208955223,67
target/det_pseudo_clip_radius-minus-no_adapt/K3,"clean_s0 ratio [4,inf)",class_score,given_loss_good,0.38095238095238093,0.22721590909090908,0.5238392857142856,42
target/det_pseudo_clip_radius-minus-no_adapt/K3,"clean_s0 ratio [4,inf)",false_positives,loss_good_proxy_bad,0.23880597014925373,0.13432835820895522,0.34328358208955223,67
target/det_pseudo_clip_radius-minus-no_adapt/K3,"clean_s0 ratio [4,inf)",false_positives,given_loss_good,0.38095238095238093,0.23255813953488372,0.5277777777777778,42
target/det_pseudo_clip_radius-minus-no_adapt/K3,"clean_s0 ratio [4,inf)",duplicates,loss_good_proxy_bad,0.14925373134328357,0.07462686567164178,0.23880597014925373,67
target/det_pseudo_clip_radius-minus-no_adapt/K3,"clean_s0 ratio [4,inf)",duplicates,given_loss_good,0.23809523809523808,0.12195121951219512,0.37209302325581395,42
target/det_pseudo_clip_radius-minus-det_pseudo/K1,corrupted_overall,geometry,loss_good_proxy_bad,0.1708542713567839,0.14824120603015076,0.19416666666666665,1194
target/det_pseudo_clip_radius-minus-det_pseudo/K1,corrupted_overall,geometry,given_loss_good,0.35111876075731496,0.3091192755255255,0.39345111696254137,581
target/det_pseudo_clip_radius-minus-det_pseudo/K1,corrupted_overall,class_score,loss_good_proxy_bad,0.20854271356783918,0.18257956448911222,0.2358385152284264,1194
target/det_pseudo_clip_radius-minus-det_pseudo/K1,corrupted_overall,class_score,given_loss_good,0.42857142857142855,0.38473644707497,0.47278911564625853,581
target/det_pseudo_clip_radius-minus-det_pseudo/K1,corrupted_overall,false_positives,loss_good_proxy_bad,0.12,0.10164583333333334,0.14,1200
target/det_pseudo_clip_radius-minus-det_pseudo/K1,corrupted_overall,false_positives,given_loss_good,0.24784853700516352,0.21080117338754692,0.28596499018416377,581
target/det_pseudo_clip_radius-minus-det_pseudo/K1,corrupted_overall,duplicates,loss_good_proxy_bad,0.0875,0.07166666666666667,0.10583333333333333,1200
target/det_pseudo_clip_radius-minus-det_pseudo/K1,corrupted_overall,duplicates,given_loss_good,0.18072289156626506,0.14845784081725205,0.21572630425653508,581
target/det_pseudo_clip_radius-minus-det_pseudo/K1,gamma_s1,geometry,loss_good_proxy_bad,0.12562814070351758,0.08120801927908526,0.17502198492462298,199
target/det_pseudo_clip_radius-minus-det_pseudo/K1,gamma_s1,geometry,given_loss_good,0.2631578947368421,0.17975458308693082,0.35578304597701144,95
target/det_pseudo_clip_radius-minus-det_pseudo/K1,gamma_s1,class_score,loss_good_proxy_bad,0.19095477386934673,0.14,0.24750615289955374,199
target/det_pseudo_clip_radius-minus-det_pseudo/K1,gamma_s1,class_score,given_loss_good,0.4,0.3,0.5,95
target/det_pseudo_clip_radius-minus-det_pseudo/K1,gamma_s1,false_positives,loss_good_proxy_bad,0.085,0.05,0.13,200
target/det_pseudo_clip_radius-minus-det_pseudo/K1,gamma_s1,false_positives,given_loss_good,0.17894736842105263,0.10638297872340426,0.26250315656565654,95
target/det_pseudo_clip_radius-minus-det_pseudo/K1,gamma_s1,duplicates,loss_good_proxy_bad,0.065,0.035,0.1,200
target/det_pseudo_clip_radius-minus-det_pseudo/K1,gamma_s1,duplicates,given_loss_good,0.1368421052631579,0.07142857142857142,0.20779542239938278,95
target/det_pseudo_clip_radius-minus-det_pseudo/K1,gamma_s2,geometry,loss_good_proxy_bad,0.1708542713567839,0.12060301507537688,0.225,199
target/det_pseudo_clip_radius-minus-det_pseudo/K1,gamma_s2,geometry,given_loss_good,0.33663366336633666,0.24527839437661858,0.42982661091982294,101
target/det_pseudo_clip_radius-minus-det_pseudo/K1,gamma_s2,class_score,loss_good_proxy_bad,0.18592964824120603,0.135,0.24120603015075376,199
target/det_pseudo_clip_radius-minus-det_pseudo/K1,gamma_s2,class_score,given_loss_good,0.36633663366336633,0.2710023364485981,0.46236559139784944,101
target/det_pseudo_clip_radius-minus-det_pseudo/K1,gamma_s2,false_positives,loss_good_proxy_bad,0.13,0.085,0.18,200
target/det_pseudo_clip_radius-minus-det_pseudo/K1,gamma_s2,false_positives,given_loss_good,0.25742574257425743,0.17525773195876287,0.34545454545454546,101
target/det_pseudo_clip_radius-minus-det_pseudo/K1,gamma_s2,duplicates,loss_good_proxy_bad,0.09,0.05,0.135,200
target/det_pseudo_clip_radius-minus-det_pseudo/K1,gamma_s2,duplicates,given_loss_good,0.1782178217821782,0.10576923076923077,0.2589657738095236,101
target/det_pseudo_clip_radius-minus-det_pseudo/K1,contrast_s1,geometry,loss_good_proxy_bad,0.16080402010050251,0.11055276381909548,0.21608040201005024,199
target/det_pseudo_clip_radius-minus-det_pseudo/K1,contrast_s1,geometry,given_loss_good,0.34408602150537637,0.2473088075389634,0.44447463768115925,93
target/det_pseudo_clip_radius-minus-det_pseudo/K1,contrast_s1,class_score,loss_good_proxy_bad,0.19597989949748743,0.14492829949238578,0.25252525252525254,199
target/det_pseudo_clip_radius-minus-det_pseudo/K1,contrast_s1,class_score,given_loss_good,0.41935483870967744,0.32141172506738547,0.5180951654720145,93
target/det_pseudo_clip_radius-minus-det_pseudo/K1,contrast_s1,false_positives,loss_good_proxy_bad,0.1,0.06,0.14012499999999933,200
target/det_pseudo_clip_radius-minus-det_pseudo/K1,contrast_s1,false_positives,given_loss_good,0.21505376344086022,0.13540203651685392,0.3023255813953488,93
target/det_pseudo_clip_radius-minus-det_pseudo/K1,contrast_s1,duplicates,loss_good_proxy_bad,0.095,0.055,0.14,200
target/det_pseudo_clip_radius-minus-det_pseudo/K1,contrast_s1,duplicates,given_loss_good,0.20430107526881722,0.12222222222222222,0.29071178595619773,93
target/det_pseudo_clip_radius-minus-det_pseudo/K1,contrast_s2,geometry,loss_good_proxy_bad,0.19095477386934673,0.1406859296482412,0.25,199
target/det_pseudo_clip_radius-minus-det_pseudo/K1,contrast_s2,geometry,given_loss_good,0.37254901960784315,0.2843111455108359,0.47001470588235283,102
target/det_pseudo_clip_radius-minus-det_pseudo/K1,contrast_s2,class_score,loss_good_proxy_bad,0.22613065326633167,0.16666666666666666,0.285,199
target/det_pseudo_clip_radius-minus-det_pseudo/K1,contrast_s2,class_score,given_loss_good,0.4411764705882353,0.3431372549019608,0.5368585526315789,102
target/det_pseudo_clip_radius-minus-det_pseudo/K1,contrast_s2,false_positives,loss_good_proxy_bad,0.165,0.115,0.21512499999999932,200
target/det_pseudo_clip_radius-minus-det_pseudo/K1,contrast_s2,false_positives,given_loss_good,0.3235294117647059,0.2365542521994135,0.4166868932038834,102
target/det_pseudo_clip_radius-minus-det_pseudo/K1,contrast_s2,duplicates,loss_good_proxy_bad,0.12,0.075,0.165,200
target/det_pseudo_clip_radius-minus-det_pseudo/K1,contrast_s2,duplicates,given_loss_good,0.23529411764705882,0.15624283256880733,0.31915340604326836,102
target/det_pseudo_clip_radius-minus-det_pseudo/K1,color_cast_s1,geometry,loss_good_proxy_bad,0.18592964824120603,0.1306532663316583,0.23618090452261306,199
target/det_pseudo_clip_radius-minus-det_pseudo/K1,color_cast_s1,geometry,given_loss_good,0.37755102040816324,0.2808988764044944,0.47127521145087825,98
target/det_pseudo_clip_radius-minus-det_pseudo/K1,color_cast_s1,class_score,loss_good_proxy_bad,0.22110552763819097,0.16491540404040406,0.2814070351758794,199
target/det_pseudo_clip_radius-minus-det_pseudo/K1,color_cast_s1,class_score,given_loss_good,0.4489795918367347,0.34882414423830677,0.5504612926502422,98
target/det_pseudo_clip_radius-minus-det_pseudo/K1,color_cast_s1,false_positives,loss_good_proxy_bad,0.13,0.085,0.175,200
target/det_pseudo_clip_radius-minus-det_pseudo/K1,color_cast_s1,false_positives,given_loss_good,0.2653061224489796,0.17543407487791643,0.3541666666666667,98
target/det_pseudo_clip_radius-minus-det_pseudo/K1,color_cast_s1,duplicates,loss_good_proxy_bad,0.095,0.055,0.13512499999999933,200
target/det_pseudo_clip_radius-minus-det_pseudo/K1,color_cast_s1,duplicates,given_loss_good,0.19387755102040816,0.1188118811881188,0.2727272727272727,98
target/det_pseudo_clip_radius-minus-det_pseudo/K1,color_cast_s2,geometry,loss_good_proxy_bad,0.19095477386934673,0.14,0.2450307788944722,199
target/det_pseudo_clip_radius-minus-det_pseudo/K1,color_cast_s2,geometry,given_loss_good,0.41304347826086957,0.3111111111111111,0.5106501182033096,92
target/det_pseudo_clip_radius-minus-det_pseudo/K1,color_cast_s2,class_score,loss_good_proxy_bad,0.23115577889447236,0.17674546977310795,0.2914572864321608,199
target/det_pseudo_clip_radius-minus-det_pseudo/K1,color_cast_s2,class_score,given_loss_good,0.5,0.4038109756097561,0.6060776302349336,92
target/det_pseudo_clip_radius-minus-det_pseudo/K1,color_cast_s2,false_positives,loss_good_proxy_bad,0.11,0.07,0.155,200
target/det_pseudo_clip_radius-minus-det_pseudo/K1,color_cast_s2,false_positives,given_loss_good,0.2391304347826087,0.15907705099778272,0.32673743335872046,92
target/det_pseudo_clip_radius-minus-det_pseudo/K1,color_cast_s2,duplicates,loss_good_proxy_bad,0.06,0.03,0.095,200
target/det_pseudo_clip_radius-minus-det_pseudo/K1,color_cast_s2,duplicates,given_loss_good,0.13043478260869565,0.0641025641025641,0.20192550505050505,92
target/det_pseudo_clip_radius-minus-det_pseudo/K1,clean_s0,geometry,loss_good_proxy_bad,0.1306532663316583,0.08542713567839195,0.1800226130653265,199
target/det_pseudo_clip_radius-minus-det_pseudo/K1,clean_s0,geometry,given_loss_good,0.25742574257425743,0.17429086313424452,0.343767361111111,101
target/det_pseudo_clip_radius-minus-det_pseudo/K1,clean_s0,class_score,loss_good_proxy_bad,0.21105527638190955,0.15577889447236182,0.2700339195979898,199
target/det_pseudo_clip_radius-minus-det_pseudo/K1,clean_s0,class_score,given_loss_good,0.4158415841584158,0.32323232323232326,0.515472056429734,101
target/det_pseudo_clip_radius-minus-det_pseudo/K1,clean_s0,false_positives,loss_good_proxy_bad,0.095,0.06,0.135,200
target/det_pseudo_clip_radius-minus-det_pseudo/K1,clean_s0,false_positives,given_loss_good,0.18811881188118812,0.11816844919786096,0.2700067567567567,101
target/det_pseudo_clip_radius-minus-det_pseudo/K1,clean_s0,duplicates,loss_good_proxy_bad,0.095,0.06,0.14,200
target/det_pseudo_clip_radius-minus-det_pseudo/K1,clean_s0,duplicates,given_loss_good,0.18811881188118812,0.11879857340572766,0.26732961086806356,101
target/det_pseudo_clip_radius-minus-det_pseudo/K1,"corrupted_overall ratio [0,1)",geometry,loss_good_proxy_bad,0.1552346570397112,0.11428092042186001,0.1972460930073386,277
target/det_pseudo_clip_radius-minus-det_pseudo/K1,"corrupted_overall ratio [0,1)",geometry,given_loss_good,0.2905405405405405,0.2202352875112309,0.36430019305019296,148
target/det_pseudo_clip_radius-minus-det_pseudo/K1,"corrupted_overall ratio [0,1)",class_score,loss_good_proxy_bad,0.24187725631768953,0.18727536231884057,0.2956341081919682,277
target/det_pseudo_clip_radius-minus-det_pseudo/K1,"corrupted_overall ratio [0,1)",class_score,given_loss_good,0.4527027027027027,0.35892857142857143,0.5474496002780674,148
target/det_pseudo_clip_radius-minus-det_pseudo/K1,"corrupted_overall ratio [0,1)",false_positives,loss_good_proxy_bad,0.053003533568904596,0.028668733019553822,0.08029809435163862,283
target/det_pseudo_clip_radius-minus-det_pseudo/K1,"corrupted_overall ratio [0,1)",false_positives,given_loss_good,0.10135135135135136,0.056241265527950314,0.1538617886178861,148
target/det_pseudo_clip_radius-minus-det_pseudo/K1,"corrupted_overall ratio [0,1)",duplicates,loss_good_proxy_bad,0.04240282685512368,0.02158079987622805,0.06640625,283
target/det_pseudo_clip_radius-minus-det_pseudo/K1,"corrupted_overall ratio [0,1)",duplicates,given_loss_good,0.08108108108108109,0.041956995100707675,0.12408884973571607,148
target/det_pseudo_clip_radius-minus-det_pseudo/K1,"corrupted_overall ratio [1,2)",geometry,loss_good_proxy_bad,0.1791907514450867,0.1242603550295858,0.24157766390912455,173
target/det_pseudo_clip_radius-minus-det_pseudo/K1,"corrupted_overall ratio [1,2)",geometry,given_loss_good,0.4305555555555556,0.32142857142857145,0.5466718749999999,72
target/det_pseudo_clip_radius-minus-det_pseudo/K1,"corrupted_overall ratio [1,2)",class_score,loss_good_proxy_bad,0.18497109826589594,0.1286398160034232,0.24044227228894535,173
target/det_pseudo_clip_radius-minus-det_pseudo/K1,"corrupted_overall ratio [1,2)",class_score,given_loss_good,0.4444444444444444,0.33766233766233766,0.547945205479452,72
target/det_pseudo_clip_radius-minus-det_pseudo/K1,"corrupted_overall ratio [1,2)",false_positives,loss_good_proxy_bad,0.057803468208092484,0.02531247512140753,0.09290893532696805,173
target/det_pseudo_clip_radius-minus-det_pseudo/K1,"corrupted_overall ratio [1,2)",false_positives,given_loss_good,0.1388888888888889,0.06408730158730158,0.2222222222222222,72
target/det_pseudo_clip_radius-minus-det_pseudo/K1,"corrupted_overall ratio [1,2)",duplicates,loss_good_proxy_bad,0.046242774566473986,0.017238916256157637,0.07878787878787878,173
target/det_pseudo_clip_radius-minus-det_pseudo/K1,"corrupted_overall ratio [1,2)",duplicates,given_loss_good,0.1111111111111111,0.043478260869565216,0.1891891891891892,72
target/det_pseudo_clip_radius-minus-det_pseudo/K1,"corrupted_overall ratio [2,4)",geometry,loss_good_proxy_bad,0.15708812260536398,0.11066179233231639,0.20446096654275092,261
target/det_pseudo_clip_radius-minus-det_pseudo/K1,"corrupted_overall ratio [2,4)",geometry,given_loss_good,0.3445378151260504,0.2568746447998701,0.43413544358311784,119
target/det_pseudo_clip_radius-minus-det_pseudo/K1,"corrupted_overall ratio [2,4)",class_score,loss_good_proxy_bad,0.23371647509578544,0.18320470877722786,0.28409195739684673,261
target/det_pseudo_clip_radius-minus-det_pseudo/K1,"corrupted_overall ratio [2,4)",class_score,given_loss_good,0.5126050420168067,0.41816205533596834,0.6071428571428571,119
target/det_pseudo_clip_radius-minus-det_pseudo/K1,"corrupted_overall ratio [2,4)",false_positives,loss_good_proxy_bad,0.11877394636015326,0.07894736842105263,0.1590909090909091,261
target/det_pseudo_clip_radius-minus-det_pseudo/K1,"corrupted_overall ratio [2,4)",false_positives,given_loss_good,0.2605042016806723,0.18101312519415969,0.3416898148148147,119
target/det_pseudo_clip_radius-minus-det_pseudo/K1,"corrupted_overall ratio [2,4)",duplicates,loss_good_proxy_bad,0.06513409961685823,0.036732077446363164,0.09638818431621221,261
target/det_pseudo_clip_radius-minus-det_pseudo/K1,"corrupted_overall ratio [2,4)",duplicates,given_loss_good,0.14285714285714285,0.08264273258018046,0.20721933471933465,119
target/det_pseudo_clip_radius-minus-det_pseudo/K1,"corrupted_overall ratio [4,inf)",geometry,loss_good_proxy_bad,0.18426501035196688,0.14649030888295322,0.22310839287478185,483
target/det_pseudo_clip_radius-minus-det_pseudo/K1,"corrupted_overall ratio [4,inf)",geometry,given_loss_good,0.3677685950413223,0.3003707224334601,0.43775100401606426,242
target/det_pseudo_clip_radius-minus-det_pseudo/K1,"corrupted_overall ratio [4,inf)",class_score,loss_good_proxy_bad,0.18426501035196688,0.14515544647031325,0.22449853603111475,483
target/det_pseudo_clip_radius-minus-det_pseudo/K1,"corrupted_overall ratio [4,inf)",class_score,given_loss_good,0.3677685950413223,0.30172071702244113,0.4342708604833004,242
target/det_pseudo_clip_radius-minus-det_pseudo/K1,"corrupted_overall ratio [4,inf)",false_positives,loss_good_proxy_bad,0.18219461697722567,0.14805893591206243,0.2160594035594035,483
target/det_pseudo_clip_radius-minus-det_pseudo/K1,"corrupted_overall ratio [4,inf)",false_positives,given_loss_good,0.36363636363636365,0.3026189809630459,0.4241319946500866,242
target/det_pseudo_clip_radius-minus-det_pseudo/K1,"corrupted_overall ratio [4,inf)",duplicates,loss_good_proxy_bad,0.14078674948240166,0.10721285015099448,0.1740064356435643,483
target/det_pseudo_clip_radius-minus-det_pseudo/K1,"corrupted_overall ratio [4,inf)",duplicates,given_loss_good,0.2809917355371901,0.2190082644628099,0.3435205020668014,242
target/det_pseudo_clip_radius-minus-det_pseudo/K1,"clean_s0 ratio [0,1)",geometry,loss_good_proxy_bad,0.20689655172413793,0.10344827586206896,0.3157894736842105,58
target/det_pseudo_clip_radius-minus-det_pseudo/K1,"clean_s0 ratio [0,1)",geometry,given_loss_good,0.3333333333333333,0.18175990675990678,0.4886627906976728,36
target/det_pseudo_clip_radius-minus-det_pseudo/K1,"clean_s0 ratio [0,1)",class_score,loss_good_proxy_bad,0.27586206896551724,0.1694915254237288,0.39285714285714285,58
target/det_pseudo_clip_radius-minus-det_pseudo/K1,"clean_s0 ratio [0,1)",class_score,given_loss_good,0.4444444444444444,0.28205128205128205,0.6072081881533097,36
target/det_pseudo_clip_radius-minus-det_pseudo/K1,"clean_s0 ratio [0,1)",false_positives,loss_good_proxy_bad,0.05084745762711865,0.0,0.1016949152542373,59
target/det_pseudo_clip_radius-minus-det_pseudo/K1,"clean_s0 ratio [0,1)",false_positives,given_loss_good,0.08333333333333333,0.0,0.17647058823529413,36
target/det_pseudo_clip_radius-minus-det_pseudo/K1,"clean_s0 ratio [0,1)",duplicates,loss_good_proxy_bad,0.01694915254237288,0.0,0.05084745762711865,59
target/det_pseudo_clip_radius-minus-det_pseudo/K1,"clean_s0 ratio [0,1)",duplicates,given_loss_good,0.027777777777777776,0.0,0.09679386309992122,36
target/det_pseudo_clip_radius-minus-det_pseudo/K1,"clean_s0 ratio [1,2)",geometry,loss_good_proxy_bad,0.12903225806451613,0.03225806451612903,0.25806451612903225,31
target/det_pseudo_clip_radius-minus-det_pseudo/K1,"clean_s0 ratio [1,2)",geometry,given_loss_good,0.26666666666666666,0.058823529411764705,0.5,15
target/det_pseudo_clip_radius-minus-det_pseudo/K1,"clean_s0 ratio [1,2)",class_score,loss_good_proxy_bad,0.2903225806451613,0.12903225806451613,0.45161290322580644,31
target/det_pseudo_clip_radius-minus-det_pseudo/K1,"clean_s0 ratio [1,2)",class_score,given_loss_good,0.6,0.3333333333333333,0.8461538461538461,15
target/det_pseudo_clip_radius-minus-det_pseudo/K1,"clean_s0 ratio [1,2)",false_positives,loss_good_proxy_bad,0.06451612903225806,0.0,0.16129032258064516,31
target/det_pseudo_clip_radius-minus-det_pseudo/K1,"clean_s0 ratio [1,2)",false_positives,given_loss_good,0.13333333333333333,0.0,0.3333333333333333,15
target/det_pseudo_clip_radius-minus-det_pseudo/K1,"clean_s0 ratio [1,2)",duplicates,loss_good_proxy_bad,0.12903225806451613,0.03225806451612903,0.25806451612903225,31
target/det_pseudo_clip_radius-minus-det_pseudo/K1,"clean_s0 ratio [1,2)",duplicates,given_loss_good,0.26666666666666666,0.0625,0.5,15
target/det_pseudo_clip_radius-minus-det_pseudo/K1,"clean_s0 ratio [2,4)",geometry,loss_good_proxy_bad,0.11627906976744186,0.023255813953488372,0.2098837209302294,43
target/det_pseudo_clip_radius-minus-det_pseudo/K1,"clean_s0 ratio [2,4)",geometry,given_loss_good,0.23809523809523808,0.06666666666666667,0.4375,21
target/det_pseudo_clip_radius-minus-det_pseudo/K1,"clean_s0 ratio [2,4)",class_score,loss_good_proxy_bad,0.13953488372093023,0.046511627906976744,0.2558139534883721,43
target/det_pseudo_clip_radius-minus-det_pseudo/K1,"clean_s0 ratio [2,4)",class_score,given_loss_good,0.2857142857142857,0.1,0.4782608695652174,21
target/det_pseudo_clip_radius-minus-det_pseudo/K1,"clean_s0 ratio [2,4)",false_positives,loss_good_proxy_bad,0.13953488372093023,0.046511627906976744,0.2558139534883721,43
target/det_pseudo_clip_radius-minus-det_pseudo/K1,"clean_s0 ratio [2,4)",false_positives,given_loss_good,0.2857142857142857,0.10526315789473684,0.48,21
target/det_pseudo_clip_radius-minus-det_pseudo/K1,"clean_s0 ratio [2,4)",duplicates,loss_good_proxy_bad,0.16279069767441862,0.06976744186046512,0.27906976744186046,43
target/det_pseudo_clip_radius-minus-det_pseudo/K1,"clean_s0 ratio [2,4)",duplicates,given_loss_good,0.3333333333333333,0.13043478260869565,0.5454545454545454,21
target/det_pseudo_clip_radius-minus-det_pseudo/K1,"clean_s0 ratio [4,inf)",geometry,loss_good_proxy_bad,0.07462686567164178,0.014925373134328358,0.14925373134328357,67
target/det_pseudo_clip_radius-minus-det_pseudo/K1,"clean_s0 ratio [4,inf)",geometry,given_loss_good,0.1724137931034483,0.04,0.32142857142857145,29
target/det_pseudo_clip_radius-minus-det_pseudo/K1,"clean_s0 ratio [4,inf)",class_score,loss_good_proxy_bad,0.16417910447761194,0.07462686567164178,0.2537313432835821,67
target/det_pseudo_clip_radius-minus-det_pseudo/K1,"clean_s0 ratio [4,inf)",class_score,given_loss_good,0.3793103448275862,0.19230769230769232,0.56,29
target/det_pseudo_clip_radius-minus-det_pseudo/K1,"clean_s0 ratio [4,inf)",false_positives,loss_good_proxy_bad,0.11940298507462686,0.04477611940298507,0.208955223880597,67
target/det_pseudo_clip_radius-minus-det_pseudo/K1,"clean_s0 ratio [4,inf)",false_positives,given_loss_good,0.27586206896551724,0.125,0.44125816993464007,29
target/det_pseudo_clip_radius-minus-det_pseudo/K1,"clean_s0 ratio [4,inf)",duplicates,loss_good_proxy_bad,0.1044776119402985,0.029850746268656716,0.1791044776119403,67
target/det_pseudo_clip_radius-minus-det_pseudo/K1,"clean_s0 ratio [4,inf)",duplicates,given_loss_good,0.2413793103448276,0.09090909090909091,0.40625,29
target/det_pseudo_clip_radius-minus-det_pseudo/K3,corrupted_overall,geometry,loss_good_proxy_bad,0.18676716917922948,0.16499162479061977,0.21,1194
target/det_pseudo_clip_radius-minus-det_pseudo/K3,corrupted_overall,geometry,given_loss_good,0.38648180242634317,0.34757826257092544,0.4283276450511945,577
target/det_pseudo_clip_radius-minus-det_pseudo/K3,corrupted_overall,class_score,loss_good_proxy_bad,0.21608040201005024,0.19166666666666668,0.24167608877721938,1194
target/det_pseudo_clip_radius-minus-det_pseudo/K3,corrupted_overall,class_score,given_loss_good,0.44714038128249567,0.4023418394471026,0.491266835016835,577
target/det_pseudo_clip_radius-minus-det_pseudo/K3,corrupted_overall,false_positives,loss_good_proxy_bad,0.12666666666666668,0.10833333333333334,0.1475,1200
target/det_pseudo_clip_radius-minus-det_pseudo/K3,corrupted_overall,false_positives,given_loss_good,0.2634315424610052,0.22614569422168831,0.30434782608695654,577
target/det_pseudo_clip_radius-minus-det_pseudo/K3,corrupted_overall,duplicates,loss_good_proxy_bad,0.08333333333333333,0.06666666666666667,0.10166666666666667,1200
target/det_pseudo_clip_radius-minus-det_pseudo/K3,corrupted_overall,duplicates,given_loss_good,0.1733102253032929,0.14159252386843024,0.2072109735153213,577
target/det_pseudo_clip_radius-minus-det_pseudo/K3,gamma_s1,geometry,loss_good_proxy_bad,0.21608040201005024,0.16080402010050251,0.2727272727272727,199
target/det_pseudo_clip_radius-minus-det_pseudo/K3,gamma_s1,geometry,given_loss_good,0.42574257425742573,0.32989690721649484,0.5161378943637007,101
target/det_pseudo_clip_radius-minus-det_pseudo/K3,gamma_s1,class_score,loss_good_proxy_bad,0.23618090452261306,0.18,0.295,199
target/det_pseudo_clip_radius-minus-det_pseudo/K3,gamma_s1,class_score,given_loss_good,0.46534653465346537,0.36695658097919887,0.5656660949113779,101
target/det_pseudo_clip_radius-minus-det_pseudo/K3,gamma_s1,false_positives,loss_good_proxy_bad,0.15,0.105,0.2,200
target/det_pseudo_clip_radius-minus-det_pseudo/K3,gamma_s1,false_positives,given_loss_good,0.297029702970297,0.21505125113053966,0.3900119047619047,101
target/det_pseudo_clip_radius-minus-det_pseudo/K3,gamma_s1,duplicates,loss_good_proxy_bad,0.07,0.035,0.11,200
target/det_pseudo_clip_radius-minus-det_pseudo/K3,gamma_s1,duplicates,given_loss_good,0.13861386138613863,0.07608351678591084,0.21649484536082475,101
target/det_pseudo_clip_radius-minus-det_pseudo/K3,gamma_s2,geometry,loss_good_proxy_bad,0.17587939698492464,0.125,0.2311849652301912,199
target/det_pseudo_clip_radius-minus-det_pseudo/K3,gamma_s2,geometry,given_loss_good,0.3804347826086957,0.28408740179573516,0.4827586206896552,92
target/det_pseudo_clip_radius-minus-det_pseudo/K3,gamma_s2,class_score,loss_good_proxy_bad,0.17587939698492464,0.125,0.23115577889447236,199
target/det_pseudo_clip_radius-minus-det_pseudo/K3,gamma_s2,class_score,given_loss_good,0.3804347826086957,0.2804756097560976,0.4827586206896552,92
target/det_pseudo_clip_radius-minus-det_pseudo/K3,gamma_s2,false_positives,loss_good_proxy_bad,0.105,0.06487500000000002,0.15,200
target/det_pseudo_clip_radius-minus-det_pseudo/K3,gamma_s2,false_positives,given_loss_good,0.22826086956521738,0.14453528399311533,0.32142857142857145,92
target/det_pseudo_clip_radius-minus-det_pseudo/K3,gamma_s2,duplicates,loss_good_proxy_bad,0.08,0.045,0.12,200
target/det_pseudo_clip_radius-minus-det_pseudo/K3,gamma_s2,duplicates,given_loss_good,0.17391304347826086,0.10309278350515463,0.25510204081632654,92
target/det_pseudo_clip_radius-minus-det_pseudo/K3,contrast_s1,geometry,loss_good_proxy_bad,0.1658291457286432,0.12,0.21717171717171718,199
target/det_pseudo_clip_radius-minus-det_pseudo/K3,contrast_s1,geometry,given_loss_good,0.36666666666666664,0.2727272727272727,0.46914210128495837,90
target/det_pseudo_clip_radius-minus-det_pseudo/K3,contrast_s1,class_score,loss_good_proxy_bad,0.20603015075376885,0.15,0.2650076530612245,199
target/det_pseudo_clip_radius-minus-det_pseudo/K3,contrast_s1,class_score,given_loss_good,0.45555555555555555,0.3466633663366337,0.5631095859837071,90
target/det_pseudo_clip_radius-minus-det_pseudo/K3,contrast_s1,false_positives,loss_good_proxy_bad,0.11,0.07,0.155,200
target/det_pseudo_clip_radius-minus-det_pseudo/K3,contrast_s1,false_positives,given_loss_good,0.24444444444444444,0.16128105302187615,0.3370854203330174,90
target/det_pseudo_clip_radius-minus-det_pseudo/K3,contrast_s1,duplicates,loss_good_proxy_bad,0.1,0.06,0.145,200
target/det_pseudo_clip_radius-minus-det_pseudo/K3,contrast_s1,duplicates,given_loss_good,0.2222222222222222,0.14100000000000001,0.3146067415730337,90
target/det_pseudo_clip_radius-minus-det_pseudo/K3,contrast_s2,geometry,loss_good_proxy_bad,0.1658291457286432,0.116751269035533,0.2200276381909546,199
target/det_pseudo_clip_radius-minus-det_pseudo/K3,contrast_s2,geometry,given_loss_good,0.3473684210526316,0.25555555555555554,0.44682877406281646,95
target/det_pseudo_clip_radius-minus-det_pseudo/K3,contrast_s2,class_score,loss_good_proxy_bad,0.21105527638190955,0.15575942211055277,0.2663316582914573,199
target/det_pseudo_clip_radius-minus-det_pseudo/K3,contrast_s2,class_score,given_loss_good,0.4421052631578947,0.33695652173913043,0.5408253301320528,95
target/det_pseudo_clip_radius-minus-det_pseudo/K3,contrast_s2,false_positives,loss_good_proxy_bad,0.14,0.095,0.19,200
target/det_pseudo_clip_radius-minus-det_pseudo/K3,contrast_s2,false_positives,given_loss_good,0.29473684210526313,0.20212765957446807,0.3877699623538735,95
target/det_pseudo_clip_radius-minus-det_pseudo/K3,contrast_s2,duplicates,loss_good_proxy_bad,0.11,0.07,0.155,200
target/det_pseudo_clip_radius-minus-det_pseudo/K3,contrast_s2,duplicates,given_loss_good,0.23157894736842105,0.15151515151515152,0.31872399445214955,95
target/det_pseudo_clip_radius-minus-det_pseudo/K3,color_cast_s1,geometry,loss_good_proxy_bad,0.1708542713567839,0.12060301507537688,0.225,199
target/det_pseudo_clip_radius-minus-det_pseudo/K3,color_cast_s1,geometry,given_loss_good,0.33663366336633666,0.24443798449612403,0.4301391524351674,101
target/det_pseudo_clip_radius-minus-det_pseudo/K3,color_cast_s1,class_score,loss_good_proxy_bad,0.24120603015075376,0.185,0.3015075376884422,199
target/det_pseudo_clip_radius-minus-det_pseudo/K3,color_cast_s1,class_score,given_loss_good,0.4752475247524752,0.3823446794448116,0.5700357142857141,101
target/det_pseudo_clip_radius-minus-det_pseudo/K3,color_cast_s1,false_positives,loss_good_proxy_bad,0.15,0.1,0.2,200
target/det_pseudo_clip_radius-minus-det_pseudo/K3,color_cast_s1,false_positives,given_loss_good,0.297029702970297,0.20791145152251073,0.3904968944099378,101
target/det_pseudo_clip_radius-minus-det_pseudo/K3,color_cast_s1,duplicates,loss_good_proxy_bad,0.09,0.05,0.13012499999999932,200
target/det_pseudo_clip_radius-minus-det_pseudo/K3,color_cast_s1,duplicates,given_loss_good,0.1782178217821782,0.10476190476190476,0.25807842046718565,101
target/det_pseudo_clip_radius-minus-det_pseudo/K3,color_cast_s2,geometry,loss_good_proxy_bad,0.22613065326633167,0.17,0.2878787878787879,199
target/det_pseudo_clip_radius-minus-det_pseudo/K3,color_cast_s2,geometry,given_loss_good,0.45918367346938777,0.35998058252427184,0.5648358585858584,98
target/det_pseudo_clip_radius-minus-det_pseudo/K3,color_cast_s2,class_score,loss_good_proxy_bad,0.22613065326633167,0.17,0.285,199
target/det_pseudo_clip_radius-minus-det_pseudo/K3,color_cast_s2,class_score,given_loss_good,0.45918367346938777,0.35555555555555557,0.560010989010989,98
target/det_pseudo_clip_radius-minus-det_pseudo/K3,color_cast_s2,false_positives,loss_good_proxy_bad,0.105,0.065,0.15,200
target/det_pseudo_clip_radius-minus-det_pseudo/K3,color_cast_s2,false_positives,given_loss_good,0.21428571428571427,0.1368421052631579,0.297029702970297,98
target/det_pseudo_clip_radius-minus-det_pseudo/K3,color_cast_s2,duplicates,loss_good_proxy_bad,0.05,0.02,0.085,200
target/det_pseudo_clip_radius-minus-det_pseudo/K3,color_cast_s2,duplicates,given_loss_good,0.10204081632653061,0.043478260869565216,0.16483799705449187,98
target/det_pseudo_clip_radius-minus-det_pseudo/K3,clean_s0,geometry,loss_good_proxy_bad,0.19597989949748743,0.1414141414141414,0.2562814070351759,199
target/det_pseudo_clip_radius-minus-det_pseudo/K3,clean_s0,geometry,given_loss_good,0.3979591836734694,0.30391846612062545,0.5,98
target/det_pseudo_clip_radius-minus-det_pseudo/K3,clean_s0,class_score,loss_good_proxy_bad,0.21608040201005024,0.16,0.27638190954773867,199
target/det_pseudo_clip_radius-minus-det_pseudo/K3,clean_s0,class_score,given_loss_good,0.4387755102040816,0.34443548387096773,0.5416666666666666,98
target/det_pseudo_clip_radius-minus-det_pseudo/K3,clean_s0,false_positives,loss_good_proxy_bad,0.12,0.075,0.165,200
target/det_pseudo_clip_radius-minus-det_pseudo/K3,clean_s0,false_positives,given_loss_good,0.24489795918367346,0.16035728623042955,0.3333333333333333,98
target/det_pseudo_clip_radius-minus-det_pseudo/K3,clean_s0,duplicates,loss_good_proxy_bad,0.1,0.06,0.145,200
target/det_pseudo_clip_radius-minus-det_pseudo/K3,clean_s0,duplicates,given_loss_good,0.20408163265306123,0.12842084715986726,0.2872340425531915,98
target/det_pseudo_clip_radius-minus-det_pseudo/K3,"corrupted_overall ratio [0,1)",geometry,loss_good_proxy_bad,0.18050541516245489,0.13961308812992596,0.22500639931740612,277
target/det_pseudo_clip_radius-minus-det_pseudo/K3,"corrupted_overall ratio [0,1)",geometry,given_loss_good,0.3184713375796178,0.2529139433551198,0.3888888888888889,157
target/det_pseudo_clip_radius-minus-det_pseudo/K3,"corrupted_overall ratio [0,1)",class_score,loss_good_proxy_bad,0.26353790613718414,0.21033531721683643,0.3155896906938489,277
target/det_pseudo_clip_radius-minus-det_pseudo/K3,"corrupted_overall ratio [0,1)",class_score,given_loss_good,0.46496815286624205,0.3770407590388502,0.559017069886635,157
target/det_pseudo_clip_radius-minus-det_pseudo/K3,"corrupted_overall ratio [0,1)",false_positives,loss_good_proxy_bad,0.09540636042402827,0.0625,0.13166172090273207,283
target/det_pseudo_clip_radius-minus-det_pseudo/K3,"corrupted_overall ratio [0,1)",false_positives,given_loss_good,0.17197452229299362,0.11728288633461047,0.2345679012345679,157
target/det_pseudo_clip_radius-minus-det_pseudo/K3,"corrupted_overall ratio [0,1)",duplicates,loss_good_proxy_bad,0.0812720848056537,0.04999521072796935,0.11502519046448753,283
target/det_pseudo_clip_radius-minus-det_pseudo/K3,"corrupted_overall ratio [0,1)",duplicates,given_loss_good,0.1464968152866242,0.090308105872622,0.20456426851294393,157
target/det_pseudo_clip_radius-minus-det_pseudo/K3,"corrupted_overall ratio [1,2)",geometry,loss_good_proxy_bad,0.19653179190751446,0.14283685064935064,0.2569872306464485,173
target/det_pseudo_clip_radius-minus-det_pseudo/K3,"corrupted_overall ratio [1,2)",geometry,given_loss_good,0.4722222222222222,0.36583430120015487,0.5789664378337146,72
target/det_pseudo_clip_radius-minus-det_pseudo/K3,"corrupted_overall ratio [1,2)",class_score,loss_good_proxy_bad,0.2023121387283237,0.14516129032258066,0.26219762095161936,173
target/det_pseudo_clip_radius-minus-det_pseudo/K3,"corrupted_overall ratio [1,2)",class_score,given_loss_good,0.4861111111111111,0.37310084194412557,0.6,72
target/det_pseudo_clip_radius-minus-det_pseudo/K3,"corrupted_overall ratio [1,2)",false_positives,loss_good_proxy_bad,0.06358381502890173,0.029411764705882353,0.1,173
target/det_pseudo_clip_radius-minus-det_pseudo/K3,"corrupted_overall ratio [1,2)",false_positives,given_loss_good,0.1527777777777778,0.0768987341772152,0.23376623376623376,72
target/det_pseudo_clip_radius-minus-det_pseudo/K3,"corrupted_overall ratio [1,2)",duplicates,loss_good_proxy_bad,0.03468208092485549,0.011560693641618497,0.06285714285714286,173
target/det_pseudo_clip_radius-minus-det_pseudo/K3,"corrupted_overall ratio [1,2)",duplicates,given_loss_good,0.08333333333333333,0.028561368209255533,0.14705882352941177,72
target/det_pseudo_clip_radius-minus-det_pseudo/K3,"corrupted_overall ratio [2,4)",geometry,loss_good_proxy_bad,0.19540229885057472,0.14766951231478756,0.24523125342090846,261
target/det_pseudo_clip_radius-minus-det_pseudo/K3,"corrupted_overall ratio [2,4)",geometry,given_loss_good,0.4146341463414634,0.32476525821596247,0.5078188004032258,123
target/det_pseudo_clip_radius-minus-det_pseudo/K3,"corrupted_overall ratio [2,4)",class_score,loss_good_proxy_bad,0.20689655172413793,0.1570170840014802,0.258827044762128,261
target/det_pseudo_clip_radius-minus-det_pseudo/K3,"corrupted_overall ratio [2,4)",class_score,given_loss_good,0.43902439024390244,0.34208921694480104,0.5328005464480874,123
target/det_pseudo_clip_radius-minus-det_pseudo/K3,"corrupted_overall ratio [2,4)",false_positives,loss_good_proxy_bad,0.11877394636015326,0.08087178837052063,0.15853996039960397,261
target/det_pseudo_clip_radius-minus-det_pseudo/K3,"corrupted_overall ratio [2,4)",false_positives,given_loss_good,0.25203252032520324,0.17776881720430107,0.328252453653217,123
target/det_pseudo_clip_radius-minus-det_pseudo/K3,"corrupted_overall ratio [2,4)",duplicates,loss_good_proxy_bad,0.06513409961685823,0.03765533079560827,0.09583602398523984,261
target/det_pseudo_clip_radius-minus-det_pseudo/K3,"corrupted_overall ratio [2,4)",duplicates,given_loss_good,0.13821138211382114,0.0816288737717309,0.2015333488805968,123
target/det_pseudo_clip_radius-minus-det_pseudo/K3,"corrupted_overall ratio [4,inf)",geometry,loss_good_proxy_bad,0.18219461697722567,0.145019292301901,0.2224495528548498,483
target/det_pseudo_clip_radius-minus-det_pseudo/K3,"corrupted_overall ratio [4,inf)",geometry,given_loss_good,0.39111111111111113,0.32432123904726645,0.4639831221262755,225
target/det_pseudo_clip_radius-minus-det_pseudo/K3,"corrupted_overall ratio [4,inf)",class_score,loss_good_proxy_bad,0.19875776397515527,0.16088013734398662,0.24187872628726284,483
target/det_pseudo_clip_radius-minus-det_pseudo/K3,"corrupted_overall ratio [4,inf)",class_score,given_loss_good,0.4266666666666667,0.35998268398268396,0.49569057618626583,225
target/det_pseudo_clip_radius-minus-det_pseudo/K3,"corrupted_overall ratio [4,inf)",false_positives,loss_good_proxy_bad,0.17184265010351968,0.13654599165894346,0.20736503748627094,483
target/det_pseudo_clip_radius-minus-det_pseudo/K3,"corrupted_overall ratio [4,inf)",false_positives,given_loss_good,0.3688888888888889,0.30041845493562236,0.43668652223682536,225
target/det_pseudo_clip_radius-minus-det_pseudo/K3,"corrupted_overall ratio [4,inf)",duplicates,loss_good_proxy_bad,0.11180124223602485,0.08244808253271603,0.14256198347107438,483
target/det_pseudo_clip_radius-minus-det_pseudo/K3,"corrupted_overall ratio [4,inf)",duplicates,given_loss_good,0.24,0.18357487922705315,0.2981671495251891,225
target/det_pseudo_clip_radius-minus-det_pseudo/K3,"clean_s0 ratio [0,1)",geometry,loss_good_proxy_bad,0.2413793103448276,0.13793103448275862,0.3508771929824561,58
target/det_pseudo_clip_radius-minus-det_pseudo/K3,"clean_s0 ratio [0,1)",geometry,given_loss_good,0.45161290322580644,0.28116319444444443,0.6296783625730992,31
target/det_pseudo_clip_radius-minus-det_pseudo/K3,"clean_s0 ratio [0,1)",class_score,loss_good_proxy_bad,0.27586206896551724,0.16942090395480225,0.39655172413793105,58
target/det_pseudo_clip_radius-minus-det_pseudo/K3,"clean_s0 ratio [0,1)",class_score,given_loss_good,0.5161290322580645,0.34480064655172415,0.6896551724137931,31
target/det_pseudo_clip_radius-minus-det_pseudo/K3,"clean_s0 ratio [0,1)",false_positives,loss_good_proxy_bad,0.15254237288135594,0.06779661016949153,0.2542372881355932,59
target/det_pseudo_clip_radius-minus-det_pseudo/K3,"clean_s0 ratio [0,1)",false_positives,given_loss_good,0.2903225806451613,0.128125,0.45454545454545453,31
target/det_pseudo_clip_radius-minus-det_pseudo/K3,"clean_s0 ratio [0,1)",duplicates,loss_good_proxy_bad,0.1016949152542373,0.03389830508474576,0.1864406779661017,59
target/det_pseudo_clip_radius-minus-det_pseudo/K3,"clean_s0 ratio [0,1)",duplicates,given_loss_good,0.1935483870967742,0.0625,0.34615384615384615,31
target/det_pseudo_clip_radius-minus-det_pseudo/K3,"clean_s0 ratio [1,2)",geometry,loss_good_proxy_bad,0.22580645161290322,0.0967741935483871,0.3870967741935484,31
target/det_pseudo_clip_radius-minus-det_pseudo/K3,"clean_s0 ratio [1,2)",geometry,given_loss_good,0.5833333333333334,0.3,0.857380952380951,12
target/det_pseudo_clip_radius-minus-det_pseudo/K3,"clean_s0 ratio [1,2)",class_score,loss_good_proxy_bad,0.1935483870967742,0.06451612903225806,0.3225806451612903,31
target/det_pseudo_clip_radius-minus-det_pseudo/K3,"clean_s0 ratio [1,2)",class_score,given_loss_good,0.5,0.2222222222222222,0.7777777777777778,12
target/det_pseudo_clip_radius-minus-det_pseudo/K3,"clean_s0 ratio [1,2)",false_positives,loss_good_proxy_bad,0.06451612903225806,0.0,0.16129032258064516,31
target/det_pseudo_clip_radius-minus-det_pseudo/K3,"clean_s0 ratio [1,2)",false_positives,given_loss_good,0.16666666666666666,0.0,0.4,12
target/det_pseudo_clip_radius-minus-det_pseudo/K3,"clean_s0 ratio [1,2)",duplicates,loss_good_proxy_bad,0.03225806451612903,0.0,0.0967741935483871,31
target/det_pseudo_clip_radius-minus-det_pseudo/K3,"clean_s0 ratio [1,2)",duplicates,given_loss_good,0.08333333333333333,0.0,0.2727272727272727,12
target/det_pseudo_clip_radius-minus-det_pseudo/K3,"clean_s0 ratio [2,4)",geometry,loss_good_proxy_bad,0.20930232558139536,0.09302325581395349,0.3488372093023256,43
target/det_pseudo_clip_radius-minus-det_pseudo/K3,"clean_s0 ratio [2,4)",geometry,given_loss_good,0.391304347826087,0.19047619047619047,0.5909090909090909,23
target/det_pseudo_clip_radius-minus-det_pseudo/K3,"clean_s0 ratio [2,4)",class_score,loss_good_proxy_bad,0.2558139534883721,0.13953488372093023,0.3953488372093023,43
target/det_pseudo_clip_radius-minus-det_pseudo/K3,"clean_s0 ratio [2,4)",class_score,given_loss_good,0.4782608695652174,0.28,0.6818181818181818,23
target/det_pseudo_clip_radius-minus-det_pseudo/K3,"clean_s0 ratio [2,4)",false_positives,loss_good_proxy_bad,0.06976744186046512,0.0,0.16279069767441862,43
target/det_pseudo_clip_radius-minus-det_pseudo/K3,"clean_s0 ratio [2,4)",false_positives,given_loss_good,0.13043478260869565,0.0,0.2916666666666667,23
target/det_pseudo_clip_radius-minus-det_pseudo/K3,"clean_s0 ratio [2,4)",duplicates,loss_good_proxy_bad,0.11627906976744186,0.023255813953488372,0.20930232558139536,43
target/det_pseudo_clip_radius-minus-det_pseudo/K3,"clean_s0 ratio [2,4)",duplicates,given_loss_good,0.21739130434782608,0.05263157894736842,0.4,23
target/det_pseudo_clip_radius-minus-det_pseudo/K3,"clean_s0 ratio [4,inf)",geometry,loss_good_proxy_bad,0.13432835820895522,0.05970149253731343,0.22388059701492538,67
target/det_pseudo_clip_radius-minus-det_pseudo/K3,"clean_s0 ratio [4,inf)",geometry,given_loss_good,0.28125,0.13793103448275862,0.4444444444444444,32
target/det_pseudo_clip_radius-minus-det_pseudo/K3,"clean_s0 ratio [4,inf)",class_score,loss_good_proxy_bad,0.14925373134328357,0.07462686567164178,0.23880597014925373,67
target/det_pseudo_clip_radius-minus-det_pseudo/K3,"clean_s0 ratio [4,inf)",class_score,given_loss_good,0.3125,0.16125806451612903,0.48278642936596206,32
target/det_pseudo_clip_radius-minus-det_pseudo/K3,"clean_s0 ratio [4,inf)",false_positives,loss_good_proxy_bad,0.14925373134328357,0.07462686567164178,0.23880597014925373,67
target/det_pseudo_clip_radius-minus-det_pseudo/K3,"clean_s0 ratio [4,inf)",false_positives,given_loss_good,0.3125,0.15384615384615385,0.47058823529411764,32
target/det_pseudo_clip_radius-minus-det_pseudo/K3,"clean_s0 ratio [4,inf)",duplicates,loss_good_proxy_bad,0.11940298507462686,0.04477611940298507,0.208955223880597,67
target/det_pseudo_clip_radius-minus-det_pseudo/K3,"clean_s0 ratio [4,inf)",duplicates,given_loss_good,0.25,0.10344827586206896,0.40625,32
