config,role,seed,clean_coverage,corruption_coverage,clean_effective_phi3,clean_nonzero_phi_fraction,clean_latency_estimate_seconds,corruption_latency_estimate_seconds,target_positive_blocks,ssd_positive_blocks,source_macro_AP_delta_no_adapt,source_clean_AP_delta_no_adapt,source_macro_AP50_delta_no_adapt,source_clean_AP50_delta_no_adapt,source_macro_AP75_delta_no_adapt,source_clean_AP75_delta_no_adapt,source_positive_conditions_no_adapt,source_macro_AP_delta_full_hybrid,source_clean_AP_delta_full_hybrid,source_macro_AP50_delta_full_hybrid,source_clean_AP50_delta_full_hybrid,source_macro_AP75_delta_full_hybrid,source_clean_AP75_delta_full_hybrid,source_positive_conditions_full_hybrid,target_macro_AP_delta_no_adapt,target_clean_AP_delta_no_adapt,target_macro_AP50_delta_no_adapt,target_clean_AP50_delta_no_adapt,target_macro_AP75_delta_no_adapt,target_clean_AP75_delta_no_adapt,target_positive_conditions_no_adapt,target_macro_AP_delta_full_hybrid,target_clean_AP_delta_full_hybrid,target_macro_AP50_delta_full_hybrid,target_clean_AP50_delta_full_hybrid,target_macro_AP75_delta_full_hybrid,target_clean_AP75_delta_full_hybrid,target_positive_conditions_full_hybrid,ssd_macro_AP_delta_no_adapt,ssd_clean_AP_delta_no_adapt,ssd_macro_AP50_delta_no_adapt,ssd_clean_AP50_delta_no_adapt,ssd_macro_AP75_delta_no_adapt,ssd_clean_AP75_delta_no_adapt,ssd_positive_conditions_no_adapt,ssd_macro_AP_delta_full_hybrid,ssd_clean_AP_delta_full_hybrid,ssd_macro_AP50_delta_full_hybrid,ssd_clean_AP50_delta_full_hybrid,ssd_macro_AP75_delta_full_hybrid,ssd_clean_AP75_delta_full_hybrid,ssd_positive_conditions_full_hybrid,R012_rule_met
no_adapt,anchor,,0.0,0.0,0.0,0.0,0.02767846899223514,0.05071016533232372,0,0,0.0,0.0,0.0,0.0,0.0,0.0,0,0.3353947001843018,0.11398014801480283,1.8274372080065178,-2.1327132713271304,-1.0242899289928993,-0.22002200220021528,4,0.0,0.0,0.0,0.0,0.0,0.0,0,-1.8080766825456607,0.340441736481345,-0.205476880940438,-0.01618431073877602,-1.9112337555203471,0.0,2,0.0,0.0,0.0,0.0,0.0,0.0,0,2.188999528059569,0.1649755546274223,2.6137417969828065,0.6786969019482614,4.124415405422538,0.0,4,
full_hybrid,anchor,,1.0,1.0,0.028837466146796942,1.0,0.3149545664928155,0.3269775780790951,1,0,-0.3353947001843018,-0.11398014801480283,-1.8274372080065178,2.1327132713271304,1.0242899289928993,0.22002200220021528,2,0.0,0.0,0.0,0.0,0.0,0.0,0,1.8080766825456607,-0.340441736481345,0.205476880940438,0.01618431073877602,1.9112337555203471,0.0,4,0.0,0.0,0.0,0.0,0.0,0.0,0,-2.188999528059569,-0.1649755546274223,-2.6137417969828065,-0.6786969019482614,-4.124415405422538,0.0,1,0.0,0.0,0.0,0.0,0.0,0.0,0,
support_confidence_low_50,anchor,,1.0,0.4166666666666667,0.028837466146796942,1.0,0.3149545664928155,0.16292166607793965,1,0,-0.4634320574914618,-0.11398014801480283,-0.1888135242095653,2.1327132713271304,-0.5708695869586955,0.22002200220021528,0,-0.12803735730716007,0.0,1.6386236837969526,0.0,-1.595159515951595,0.0,1,1.8175212220556762,-0.340441736481345,0.15024732787436249,0.01618431073877602,1.934604643265784,0.0,4,0.009444539510015485,0.0,-0.0552295530660755,0.0,0.023370887745436757,0.0,1,-0.08767982438948237,-0.1649755546274223,-0.5856604610078651,-0.6786969019482614,-0.0009990315270843226,0.0,1,2.101319703670087,0.0,2.0280813359749414,0.0,4.123416373895454,0.0,3,
random_2026091600,random,2026091600,1.0,0.4166666666666667,0.028837466146796942,1.0,0.3149545664928155,0.16292166607793965,1,0,-0.4634320574914618,-0.11398014801480283,-0.1888135242095653,2.1327132713271304,-0.5708695869586955,0.22002200220021528,0,-0.12803735730716007,0.0,1.6386236837969526,0.0,-1.595159515951595,0.0,1,1.8175212220556762,-0.340441736481345,0.15024732787436249,0.01618431073877602,1.934604643265784,0.0,4,0.009444539510015485,0.0,-0.0552295530660755,0.0,0.023370887745436757,0.0,1,-0.08767982438948237,-0.1649755546274223,-0.5856604610078651,-0.6786969019482614,-0.0009990315270843226,0.0,1,2.101319703670087,0.0,2.0280813359749414,0.0,4.123416373895454,0.0,3,
random_2026091601,random,2026091601,1.0,0.4166666666666667,0.028837466146796942,1.0,0.3149545664928155,0.16292166607793965,1,0,-0.4634320574914618,-0.11398014801480283,-0.1888135242095653,2.1327132713271304,-0.5708695869586955,0.22002200220021528,0,-0.12803735730716007,0.0,1.6386236837969526,0.0,-1.595159515951595,0.0,1,1.8175212220556762,-0.340441736481345,0.15024732787436249,0.01618431073877602,1.934604643265784,0.0,4,0.009444539510015485,0.0,-0.0552295530660755,0.0,0.023370887745436757,0.0,1,-0.08767982438948237,-0.1649755546274223,-0.5856604610078651,-0.6786969019482614,-0.0009990315270843226,0.0,1,2.101319703670087,0.0,2.0280813359749414,0.0,4.123416373895454,0.0,3,
random_2026091602,random,2026091602,1.0,0.4166666666666667,0.028837466146796942,1.0,0.3149545664928155,0.16292166607793965,1,0,-0.4634320574914618,-0.11398014801480283,-0.1888135242095653,2.1327132713271304,-0.5708695869586955,0.22002200220021528,0,-0.12803735730716007,0.0,1.6386236837969526,0.0,-1.595159515951595,0.0,1,1.8175212220556762,-0.340441736481345,0.15024732787436249,0.01618431073877602,1.934604643265784,0.0,4,0.009444539510015485,0.0,-0.0552295530660755,0.0,0.023370887745436757,0.0,1,-0.08767982438948237,-0.1649755546274223,-0.5856604610078651,-0.6786969019482614,-0.0009990315270843226,0.0,1,2.101319703670087,0.0,2.0280813359749414,0.0,4.123416373895454,0.0,3,
random_2026091603,random,2026091603,1.0,0.4166666666666667,0.028837466146796942,1.0,0.3149545664928155,0.16292166607793965,1,0,-0.4634320574914618,-0.11398014801480283,-0.1888135242095653,2.1327132713271304,-0.5708695869586955,0.22002200220021528,0,-0.12803735730716007,0.0,1.6386236837969526,0.0,-1.595159515951595,0.0,1,1.8175212220556762,-0.340441736481345,0.15024732787436249,0.01618431073877602,1.934604643265784,0.0,4,0.009444539510015485,0.0,-0.0552295530660755,0.0,0.023370887745436757,0.0,1,-0.08767982438948237,-0.1649755546274223,-0.5856604610078651,-0.6786969019482614,-0.0009990315270843226,0.0,1,2.101319703670087,0.0,2.0280813359749414,0.0,4.123416373895454,0.0,3,
random_2026091604,random,2026091604,1.0,0.4166666666666667,0.028837466146796942,1.0,0.3149545664928155,0.16292166607793965,1,0,-0.4634320574914618,-0.11398014801480283,-0.1888135242095653,2.1327132713271304,-0.5708695869586955,0.22002200220021528,0,-0.12803735730716007,0.0,1.6386236837969526,0.0,-1.595159515951595,0.0,1,1.8175212220556762,-0.340441736481345,0.15024732787436249,0.01618431073877602,1.934604643265784,0.0,4,0.009444539510015485,0.0,-0.0552295530660755,0.0,0.023370887745436757,0.0,1,-0.08767982438948237,-0.1649755546274223,-0.5856604610078651,-0.6786969019482614,-0.0009990315270843226,0.0,1,2.101319703670087,0.0,2.0280813359749414,0.0,4.123416373895454,0.0,3,
random_2026091605,random,2026091605,1.0,0.4166666666666667,0.028837466146796942,1.0,0.3149545664928155,0.16292166607793965,1,0,-0.4634320574914618,-0.11398014801480283,-0.1888135242095653,2.1327132713271304,-0.5708695869586955,0.22002200220021528,0,-0.12803735730716007,0.0,1.6386236837969526,0.0,-1.595159515951595,0.0,1,1.8175212220556762,-0.340441736481345,0.15024732787436249,0.01618431073877602,1.934604643265784,0.0,4,0.009444539510015485,0.0,-0.0552295530660755,0.0,0.023370887745436757,0.0,1,-0.08767982438948237,-0.1649755546274223,-0.5856604610078651,-0.6786969019482614,-0.0009990315270843226,0.0,1,2.101319703670087,0.0,2.0280813359749414,0.0,4.123416373895454,0.0,3,
random_2026091606,random,2026091606,1.0,0.4166666666666667,0.028837466146796942,1.0,0.3149545664928155,0.16292166607793965,1,0,-0.4634320574914618,-0.11398014801480283,-0.1888135242095653,2.1327132713271304,-0.5708695869586955,0.22002200220021528,0,-0.12803735730716007,0.0,1.6386236837969526,0.0,-1.595159515951595,0.0,1,1.8175212220556762,-0.340441736481345,0.15024732787436249,0.01618431073877602,1.934604643265784,0.0,4,0.009444539510015485,0.0,-0.0552295530660755,0.0,0.023370887745436757,0.0,1,-0.08767982438948237,-0.1649755546274223,-0.5856604610078651,-0.6786969019482614,-0.0009990315270843226,0.0,1,2.101319703670087,0.0,2.0280813359749414,0.0,4.123416373895454,0.0,3,
random_2026091607,random,2026091607,1.0,0.4166666666666667,0.028837466146796942,1.0,0.3149545664928155,0.16292166607793965,1,0,-0.4634320574914618,-0.11398014801480283,-0.1888135242095653,2.1327132713271304,-0.5708695869586955,0.22002200220021528,0,-0.12803735730716007,0.0,1.6386236837969526,0.0,-1.595159515951595,0.0,1,1.8175212220556762,-0.340441736481345,0.15024732787436249,0.01618431073877602,1.934604643265784,0.0,4,0.009444539510015485,0.0,-0.0552295530660755,0.0,0.023370887745436757,0.0,1,-0.08767982438948237,-0.1649755546274223,-0.5856604610078651,-0.6786969019482614,-0.0009990315270843226,0.0,1,2.101319703670087,0.0,2.0280813359749414,0.0,4.123416373895454,0.0,3,
random_2026091608,random,2026091608,1.0,0.4166666666666667,0.028837466146796942,1.0,0.3149545664928155,0.16292166607793965,1,0,-0.4634320574914618,-0.11398014801480283,-0.1888135242095653,2.1327132713271304,-0.5708695869586955,0.22002200220021528,0,-0.12803735730716007,0.0,1.6386236837969526,0.0,-1.595159515951595,0.0,1,1.8175212220556762,-0.340441736481345,0.15024732787436249,0.01618431073877602,1.934604643265784,0.0,4,0.009444539510015485,0.0,-0.0552295530660755,0.0,0.023370887745436757,0.0,1,-0.08767982438948237,-0.1649755546274223,-0.5856604610078651,-0.6786969019482614,-0.0009990315270843226,0.0,1,2.101319703670087,0.0,2.0280813359749414,0.0,4.123416373895454,0.0,3,
random_2026091609,random,2026091609,1.0,0.4166666666666667,0.028837466146796942,1.0,0.3149545664928155,0.16292166607793965,1,0,-0.4634320574914618,-0.11398014801480283,-0.1888135242095653,2.1327132713271304,-0.5708695869586955,0.22002200220021528,0,-0.12803735730716007,0.0,1.6386236837969526,0.0,-1.595159515951595,0.0,1,1.8175212220556762,-0.340441736481345,0.15024732787436249,0.01618431073877602,1.934604643265784,0.0,4,0.009444539510015485,0.0,-0.0552295530660755,0.0,0.023370887745436757,0.0,1,-0.08767982438948237,-0.1649755546274223,-0.5856604610078651,-0.6786969019482614,-0.0009990315270843226,0.0,1,2.101319703670087,0.0,2.0280813359749414,0.0,4.123416373895454,0.0,3,
random_2026091610,random,2026091610,1.0,0.4166666666666667,0.028837466146796942,1.0,0.3149545664928155,0.16292166607793965,1,0,-0.4634320574914618,-0.11398014801480283,-0.1888135242095653,2.1327132713271304,-0.5708695869586955,0.22002200220021528,0,-0.12803735730716007,0.0,1.6386236837969526,0.0,-1.595159515951595,0.0,1,1.8175212220556762,-0.340441736481345,0.15024732787436249,0.01618431073877602,1.934604643265784,0.0,4,0.009444539510015485,0.0,-0.0552295530660755,0.0,0.023370887745436757,0.0,1,-0.08767982438948237,-0.1649755546274223,-0.5856604610078651,-0.6786969019482614,-0.0009990315270843226,0.0,1,2.101319703670087,0.0,2.0280813359749414,0.0,4.123416373895454,0.0,3,
random_2026091611,random,2026091611,1.0,0.4166666666666667,0.028837466146796942,1.0,0.3149545664928155,0.16292166607793965,1,0,-0.4634320574914618,-0.11398014801480283,-0.1888135242095653,2.1327132713271304,-0.5708695869586955,0.22002200220021528,0,-0.12803735730716007,0.0,1.6386236837969526,0.0,-1.595159515951595,0.0,1,1.8175212220556762,-0.340441736481345,0.15024732787436249,0.01618431073877602,1.934604643265784,0.0,4,0.009444539510015485,0.0,-0.0552295530660755,0.0,0.023370887745436757,0.0,1,-0.08767982438948237,-0.1649755546274223,-0.5856604610078651,-0.6786969019482614,-0.0009990315270843226,0.0,1,2.101319703670087,0.0,2.0280813359749414,0.0,4.123416373895454,0.0,3,
random_2026091612,random,2026091612,1.0,0.4166666666666667,0.028837466146796942,1.0,0.3149545664928155,0.16292166607793965,1,0,-0.4634320574914618,-0.11398014801480283,-0.1888135242095653,2.1327132713271304,-0.5708695869586955,0.22002200220021528,0,-0.12803735730716007,0.0,1.6386236837969526,0.0,-1.595159515951595,0.0,1,1.8175212220556762,-0.340441736481345,0.15024732787436249,0.01618431073877602,1.934604643265784,0.0,4,0.009444539510015485,0.0,-0.0552295530660755,0.0,0.023370887745436757,0.0,1,-0.08767982438948237,-0.1649755546274223,-0.5856604610078651,-0.6786969019482614,-0.0009990315270843226,0.0,1,2.101319703670087,0.0,2.0280813359749414,0.0,4.123416373895454,0.0,3,
random_2026091613,random,2026091613,1.0,0.4166666666666667,0.028837466146796942,1.0,0.3149545664928155,0.16292166607793965,1,0,-0.4634320574914618,-0.11398014801480283,-0.1888135242095653,2.1327132713271304,-0.5708695869586955,0.22002200220021528,0,-0.12803735730716007,0.0,1.6386236837969526,0.0,-1.595159515951595,0.0,1,1.8175212220556762,-0.340441736481345,0.15024732787436249,0.01618431073877602,1.934604643265784,0.0,4,0.009444539510015485,0.0,-0.0552295530660755,0.0,0.023370887745436757,0.0,1,-0.08767982438948237,-0.1649755546274223,-0.5856604610078651,-0.6786969019482614,-0.0009990315270843226,0.0,1,2.101319703670087,0.0,2.0280813359749414,0.0,4.123416373895454,0.0,3,
random_2026091614,random,2026091614,1.0,0.4166666666666667,0.028837466146796942,1.0,0.3149545664928155,0.16292166607793965,1,0,-0.4634320574914618,-0.11398014801480283,-0.1888135242095653,2.1327132713271304,-0.5708695869586955,0.22002200220021528,0,-0.12803735730716007,0.0,1.6386236837969526,0.0,-1.595159515951595,0.0,1,1.8175212220556762,-0.340441736481345,0.15024732787436249,0.01618431073877602,1.934604643265784,0.0,4,0.009444539510015485,0.0,-0.0552295530660755,0.0,0.023370887745436757,0.0,1,-0.08767982438948237,-0.1649755546274223,-0.5856604610078651,-0.6786969019482614,-0.0009990315270843226,0.0,1,2.101319703670087,0.0,2.0280813359749414,0.0,4.123416373895454,0.0,3,
random_2026091615,random,2026091615,1.0,0.4166666666666667,0.028837466146796942,1.0,0.3149545664928155,0.16292166607793965,1,0,-0.4634320574914618,-0.11398014801480283,-0.1888135242095653,2.1327132713271304,-0.5708695869586955,0.22002200220021528,0,-0.12803735730716007,0.0,1.6386236837969526,0.0,-1.595159515951595,0.0,1,1.8175212220556762,-0.340441736481345,0.15024732787436249,0.01618431073877602,1.934604643265784,0.0,4,0.009444539510015485,0.0,-0.0552295530660755,0.0,0.023370887745436757,0.0,1,-0.08767982438948237,-0.1649755546274223,-0.5856604610078651,-0.6786969019482614,-0.0009990315270843226,0.0,1,2.101319703670087,0.0,2.0280813359749414,0.0,4.123416373895454,0.0,3,
random_2026091616,random,2026091616,1.0,0.4166666666666667,0.028837466146796942,1.0,0.3149545664928155,0.16292166607793965,1,0,-0.4634320574914618,-0.11398014801480283,-0.1888135242095653,2.1327132713271304,-0.5708695869586955,0.22002200220021528,0,-0.12803735730716007,0.0,1.6386236837969526,0.0,-1.595159515951595,0.0,1,1.8175212220556762,-0.340441736481345,0.15024732787436249,0.01618431073877602,1.934604643265784,0.0,4,0.009444539510015485,0.0,-0.0552295530660755,0.0,0.023370887745436757,0.0,1,-0.08767982438948237,-0.1649755546274223,-0.5856604610078651,-0.6786969019482614,-0.0009990315270843226,0.0,1,2.101319703670087,0.0,2.0280813359749414,0.0,4.123416373895454,0.0,3,
random_2026091617,random,2026091617,1.0,0.4166666666666667,0.028837466146796942,1.0,0.3149545664928155,0.16292166607793965,1,0,-0.4634320574914618,-0.11398014801480283,-0.1888135242095653,2.1327132713271304,-0.5708695869586955,0.22002200220021528,0,-0.12803735730716007,0.0,1.6386236837969526,0.0,-1.595159515951595,0.0,1,1.8175212220556762,-0.340441736481345,0.15024732787436249,0.01618431073877602,1.934604643265784,0.0,4,0.009444539510015485,0.0,-0.0552295530660755,0.0,0.023370887745436757,0.0,1,-0.08767982438948237,-0.1649755546274223,-0.5856604610078651,-0.6786969019482614,-0.0009990315270843226,0.0,1,2.101319703670087,0.0,2.0280813359749414,0.0,4.123416373895454,0.0,3,
random_2026091618,random,2026091618,1.0,0.4166666666666667,0.028837466146796942,1.0,0.3149545664928155,0.16292166607793965,1,0,-0.4634320574914618,-0.11398014801480283,-0.1888135242095653,2.1327132713271304,-0.5708695869586955,0.22002200220021528,0,-0.12803735730716007,0.0,1.6386236837969526,0.0,-1.595159515951595,0.0,1,1.8175212220556762,-0.340441736481345,0.15024732787436249,0.01618431073877602,1.934604643265784,0.0,4,0.009444539510015485,0.0,-0.0552295530660755,0.0,0.023370887745436757,0.0,1,-0.08767982438948237,-0.1649755546274223,-0.5856604610078651,-0.6786969019482614,-0.0009990315270843226,0.0,1,2.101319703670087,0.0,2.0280813359749414,0.0,4.123416373895454,0.0,3,
random_2026091619,random,2026091619,1.0,0.4166666666666667,0.028837466146796942,1.0,0.3149545664928155,0.16292166607793965,1,0,-0.4634320574914618,-0.11398014801480283,-0.1888135242095653,2.1327132713271304,-0.5708695869586955,0.22002200220021528,0,-0.12803735730716007,0.0,1.6386236837969526,0.0,-1.595159515951595,0.0,1,1.8175212220556762,-0.340441736481345,0.15024732787436249,0.01618431073877602,1.934604643265784,0.0,4,0.009444539510015485,0.0,-0.0552295530660755,0.0,0.023370887745436757,0.0,1,-0.08767982438948237,-0.1649755546274223,-0.5856604610078651,-0.6786969019482614,-0.0009990315270843226,0.0,1,2.101319703670087,0.0,2.0280813359749414,0.0,4.123416373895454,0.0,3,
random_2026091620,random,2026091620,1.0,0.4166666666666667,0.028837466146796942,1.0,0.3149545664928155,0.16292166607793965,1,0,-0.4634320574914618,-0.11398014801480283,-0.1888135242095653,2.1327132713271304,-0.5708695869586955,0.22002200220021528,0,-0.12803735730716007,0.0,1.6386236837969526,0.0,-1.595159515951595,0.0,1,1.8175212220556762,-0.340441736481345,0.15024732787436249,0.01618431073877602,1.934604643265784,0.0,4,0.009444539510015485,0.0,-0.0552295530660755,0.0,0.023370887745436757,0.0,1,-0.08767982438948237,-0.1649755546274223,-0.5856604610078651,-0.6786969019482614,-0.0009990315270843226,0.0,1,2.101319703670087,0.0,2.0280813359749414,0.0,4.123416373895454,0.0,3,
random_2026091621,random,2026091621,1.0,0.4166666666666667,0.028837466146796942,1.0,0.3149545664928155,0.16292166607793965,1,0,-0.4634320574914618,-0.11398014801480283,-0.1888135242095653,2.1327132713271304,-0.5708695869586955,0.22002200220021528,0,-0.12803735730716007,0.0,1.6386236837969526,0.0,-1.595159515951595,0.0,1,1.8175212220556762,-0.340441736481345,0.15024732787436249,0.01618431073877602,1.934604643265784,0.0,4,0.009444539510015485,0.0,-0.0552295530660755,0.0,0.023370887745436757,0.0,1,-0.08767982438948237,-0.1649755546274223,-0.5856604610078651,-0.6786969019482614,-0.0009990315270843226,0.0,1,2.101319703670087,0.0,2.0280813359749414,0.0,4.123416373895454,0.0,3,
random_2026091622,random,2026091622,1.0,0.4166666666666667,0.028837466146796942,1.0,0.3149545664928155,0.16292166607793965,1,0,-0.4634320574914618,-0.11398014801480283,-0.1888135242095653,2.1327132713271304,-0.5708695869586955,0.22002200220021528,0,-0.12803735730716007,0.0,1.6386236837969526,0.0,-1.595159515951595,0.0,1,1.8175212220556762,-0.340441736481345,0.15024732787436249,0.01618431073877602,1.934604643265784,0.0,4,0.009444539510015485,0.0,-0.0552295530660755,0.0,0.023370887745436757,0.0,1,-0.08767982438948237,-0.1649755546274223,-0.5856604610078651,-0.6786969019482614,-0.0009990315270843226,0.0,1,2.101319703670087,0.0,2.0280813359749414,0.0,4.123416373895454,0.0,3,
random_2026091623,random,2026091623,1.0,0.4166666666666667,0.028837466146796942,1.0,0.3149545664928155,0.16292166607793965,1,0,-0.4634320574914618,-0.11398014801480283,-0.1888135242095653,2.1327132713271304,-0.5708695869586955,0.22002200220021528,0,-0.12803735730716007,0.0,1.6386236837969526,0.0,-1.595159515951595,0.0,1,1.8175212220556762,-0.340441736481345,0.15024732787436249,0.01618431073877602,1.934604643265784,0.0,4,0.009444539510015485,0.0,-0.0552295530660755,0.0,0.023370887745436757,0.0,1,-0.08767982438948237,-0.1649755546274223,-0.5856604610078651,-0.6786969019482614,-0.0009990315270843226,0.0,1,2.101319703670087,0.0,2.0280813359749414,0.0,4.123416373895454,0.0,3,
random_2026091624,random,2026091624,1.0,0.4166666666666667,0.028837466146796942,1.0,0.3149545664928155,0.16292166607793965,1,0,-0.4634320574914618,-0.11398014801480283,-0.1888135242095653,2.1327132713271304,-0.5708695869586955,0.22002200220021528,0,-0.12803735730716007,0.0,1.6386236837969526,0.0,-1.595159515951595,0.0,1,1.8175212220556762,-0.340441736481345,0.15024732787436249,0.01618431073877602,1.934604643265784,0.0,4,0.009444539510015485,0.0,-0.0552295530660755,0.0,0.023370887745436757,0.0,1,-0.08767982438948237,-0.1649755546274223,-0.5856604610078651,-0.6786969019482614,-0.0009990315270843226,0.0,1,2.101319703670087,0.0,2.0280813359749414,0.0,4.123416373895454,0.0,3,
random_2026091625,random,2026091625,1.0,0.4166666666666667,0.028837466146796942,1.0,0.3149545664928155,0.16292166607793965,1,0,-0.4634320574914618,-0.11398014801480283,-0.1888135242095653,2.1327132713271304,-0.5708695869586955,0.22002200220021528,0,-0.12803735730716007,0.0,1.6386236837969526,0.0,-1.595159515951595,0.0,1,1.8175212220556762,-0.340441736481345,0.15024732787436249,0.01618431073877602,1.934604643265784,0.0,4,0.009444539510015485,0.0,-0.0552295530660755,0.0,0.023370887745436757,0.0,1,-0.08767982438948237,-0.1649755546274223,-0.5856604610078651,-0.6786969019482614,-0.0009990315270843226,0.0,1,2.101319703670087,0.0,2.0280813359749414,0.0,4.123416373895454,0.0,3,
random_2026091626,random,2026091626,1.0,0.4166666666666667,0.028837466146796942,1.0,0.3149545664928155,0.16292166607793965,1,0,-0.4634320574914618,-0.11398014801480283,-0.1888135242095653,2.1327132713271304,-0.5708695869586955,0.22002200220021528,0,-0.12803735730716007,0.0,1.6386236837969526,0.0,-1.595159515951595,0.0,1,1.8175212220556762,-0.340441736481345,0.15024732787436249,0.01618431073877602,1.934604643265784,0.0,4,0.009444539510015485,0.0,-0.0552295530660755,0.0,0.023370887745436757,0.0,1,-0.08767982438948237,-0.1649755546274223,-0.5856604610078651,-0.6786969019482614,-0.0009990315270843226,0.0,1,2.101319703670087,0.0,2.0280813359749414,0.0,4.123416373895454,0.0,3,
random_2026091627,random,2026091627,1.0,0.4166666666666667,0.028837466146796942,1.0,0.3149545664928155,0.16292166607793965,1,0,-0.4634320574914618,-0.11398014801480283,-0.1888135242095653,2.1327132713271304,-0.5708695869586955,0.22002200220021528,0,-0.12803735730716007,0.0,1.6386236837969526,0.0,-1.595159515951595,0.0,1,1.8175212220556762,-0.340441736481345,0.15024732787436249,0.01618431073877602,1.934604643265784,0.0,4,0.009444539510015485,0.0,-0.0552295530660755,0.0,0.023370887745436757,0.0,1,-0.08767982438948237,-0.1649755546274223,-0.5856604610078651,-0.6786969019482614,-0.0009990315270843226,0.0,1,2.101319703670087,0.0,2.0280813359749414,0.0,4.123416373895454,0.0,3,
random_2026091628,random,2026091628,1.0,0.4166666666666667,0.028837466146796942,1.0,0.3149545664928155,0.16292166607793965,1,0,-0.4634320574914618,-0.11398014801480283,-0.1888135242095653,2.1327132713271304,-0.5708695869586955,0.22002200220021528,0,-0.12803735730716007,0.0,1.6386236837969526,0.0,-1.595159515951595,0.0,1,1.8175212220556762,-0.340441736481345,0.15024732787436249,0.01618431073877602,1.934604643265784,0.0,4,0.009444539510015485,0.0,-0.0552295530660755,0.0,0.023370887745436757,0.0,1,-0.08767982438948237,-0.1649755546274223,-0.5856604610078651,-0.6786969019482614,-0.0009990315270843226,0.0,1,2.101319703670087,0.0,2.0280813359749414,0.0,4.123416373895454,0.0,3,
random_2026091629,random,2026091629,1.0,0.4166666666666667,0.028837466146796942,1.0,0.3149545664928155,0.16292166607793965,1,0,-0.4634320574914618,-0.11398014801480283,-0.1888135242095653,2.1327132713271304,-0.5708695869586955,0.22002200220021528,0,-0.12803735730716007,0.0,1.6386236837969526,0.0,-1.595159515951595,0.0,1,1.8175212220556762,-0.340441736481345,0.15024732787436249,0.01618431073877602,1.934604643265784,0.0,4,0.009444539510015485,0.0,-0.0552295530660755,0.0,0.023370887745436757,0.0,1,-0.08767982438948237,-0.1649755546274223,-0.5856604610078651,-0.6786969019482614,-0.0009990315270843226,0.0,1,2.101319703670087,0.0,2.0280813359749414,0.0,4.123416373895454,0.0,3,
random_2026091630,random,2026091630,1.0,0.4166666666666667,0.028837466146796942,1.0,0.3149545664928155,0.16292166607793965,1,0,-0.4634320574914618,-0.11398014801480283,-0.1888135242095653,2.1327132713271304,-0.5708695869586955,0.22002200220021528,0,-0.12803735730716007,0.0,1.6386236837969526,0.0,-1.595159515951595,0.0,1,1.8175212220556762,-0.340441736481345,0.15024732787436249,0.01618431073877602,1.934604643265784,0.0,4,0.009444539510015485,0.0,-0.0552295530660755,0.0,0.023370887745436757,0.0,1,-0.08767982438948237,-0.1649755546274223,-0.5856604610078651,-0.6786969019482614,-0.0009990315270843226,0.0,1,2.101319703670087,0.0,2.0280813359749414,0.0,4.123416373895454,0.0,3,
random_2026091631,random,2026091631,1.0,0.4166666666666667,0.028837466146796942,1.0,0.3149545664928155,0.16292166607793965,1,0,-0.4634320574914618,-0.11398014801480283,-0.1888135242095653,2.1327132713271304,-0.5708695869586955,0.22002200220021528,0,-0.12803735730716007,0.0,1.6386236837969526,0.0,-1.595159515951595,0.0,1,1.8175212220556762,-0.340441736481345,0.15024732787436249,0.01618431073877602,1.934604643265784,0.0,4,0.009444539510015485,0.0,-0.0552295530660755,0.0,0.023370887745436757,0.0,1,-0.08767982438948237,-0.1649755546274223,-0.5856604610078651,-0.6786969019482614,-0.0009990315270843226,0.0,1,2.101319703670087,0.0,2.0280813359749414,0.0,4.123416373895454,0.0,3,
random_2026091632,random,2026091632,1.0,0.4166666666666667,0.028837466146796942,1.0,0.3149545664928155,0.16292166607793965,1,0,-0.4634320574914618,-0.11398014801480283,-0.1888135242095653,2.1327132713271304,-0.5708695869586955,0.22002200220021528,0,-0.12803735730716007,0.0,1.6386236837969526,0.0,-1.595159515951595,0.0,1,1.8175212220556762,-0.340441736481345,0.15024732787436249,0.01618431073877602,1.934604643265784,0.0,4,0.009444539510015485,0.0,-0.0552295530660755,0.0,0.023370887745436757,0.0,1,-0.08767982438948237,-0.1649755546274223,-0.5856604610078651,-0.6786969019482614,-0.0009990315270843226,0.0,1,2.101319703670087,0.0,2.0280813359749414,0.0,4.123416373895454,0.0,3,
random_2026091633,random,2026091633,1.0,0.4166666666666667,0.028837466146796942,1.0,0.3149545664928155,0.16292166607793965,1,0,-0.4634320574914618,-0.11398014801480283,-0.1888135242095653,2.1327132713271304,-0.5708695869586955,0.22002200220021528,0,-0.12803735730716007,0.0,1.6386236837969526,0.0,-1.595159515951595,0.0,1,1.8175212220556762,-0.340441736481345,0.15024732787436249,0.01618431073877602,1.934604643265784,0.0,4,0.009444539510015485,0.0,-0.0552295530660755,0.0,0.023370887745436757,0.0,1,-0.08767982438948237,-0.1649755546274223,-0.5856604610078651,-0.6786969019482614,-0.0009990315270843226,0.0,1,2.101319703670087,0.0,2.0280813359749414,0.0,4.123416373895454,0.0,3,
random_2026091634,random,2026091634,1.0,0.4166666666666667,0.028837466146796942,1.0,0.3149545664928155,0.16292166607793965,1,0,-0.4634320574914618,-0.11398014801480283,-0.1888135242095653,2.1327132713271304,-0.5708695869586955,0.22002200220021528,0,-0.12803735730716007,0.0,1.6386236837969526,0.0,-1.595159515951595,0.0,1,1.8175212220556762,-0.340441736481345,0.15024732787436249,0.01618431073877602,1.934604643265784,0.0,4,0.009444539510015485,0.0,-0.0552295530660755,0.0,0.023370887745436757,0.0,1,-0.08767982438948237,-0.1649755546274223,-0.5856604610078651,-0.6786969019482614,-0.0009990315270843226,0.0,1,2.101319703670087,0.0,2.0280813359749414,0.0,4.123416373895454,0.0,3,
random_2026091635,random,2026091635,1.0,0.4166666666666667,0.028837466146796942,1.0,0.3149545664928155,0.16292166607793965,1,0,-0.4634320574914618,-0.11398014801480283,-0.1888135242095653,2.1327132713271304,-0.5708695869586955,0.22002200220021528,0,-0.12803735730716007,0.0,1.6386236837969526,0.0,-1.595159515951595,0.0,1,1.8175212220556762,-0.340441736481345,0.15024732787436249,0.01618431073877602,1.934604643265784,0.0,4,0.009444539510015485,0.0,-0.0552295530660755,0.0,0.023370887745436757,0.0,1,-0.08767982438948237,-0.1649755546274223,-0.5856604610078651,-0.6786969019482614,-0.0009990315270843226,0.0,1,2.101319703670087,0.0,2.0280813359749414,0.0,4.123416373895454,0.0,3,
random_2026091636,random,2026091636,1.0,0.4166666666666667,0.028837466146796942,1.0,0.3149545664928155,0.16292166607793965,1,0,-0.4634320574914618,-0.11398014801480283,-0.1888135242095653,2.1327132713271304,-0.5708695869586955,0.22002200220021528,0,-0.12803735730716007,0.0,1.6386236837969526,0.0,-1.595159515951595,0.0,1,1.8175212220556762,-0.340441736481345,0.15024732787436249,0.01618431073877602,1.934604643265784,0.0,4,0.009444539510015485,0.0,-0.0552295530660755,0.0,0.023370887745436757,0.0,1,-0.08767982438948237,-0.1649755546274223,-0.5856604610078651,-0.6786969019482614,-0.0009990315270843226,0.0,1,2.101319703670087,0.0,2.0280813359749414,0.0,4.123416373895454,0.0,3,
random_2026091637,random,2026091637,1.0,0.4166666666666667,0.028837466146796942,1.0,0.3149545664928155,0.16292166607793965,1,0,-0.4634320574914618,-0.11398014801480283,-0.1888135242095653,2.1327132713271304,-0.5708695869586955,0.22002200220021528,0,-0.12803735730716007,0.0,1.6386236837969526,0.0,-1.595159515951595,0.0,1,1.8175212220556762,-0.340441736481345,0.15024732787436249,0.01618431073877602,1.934604643265784,0.0,4,0.009444539510015485,0.0,-0.0552295530660755,0.0,0.023370887745436757,0.0,1,-0.08767982438948237,-0.1649755546274223,-0.5856604610078651,-0.6786969019482614,-0.0009990315270843226,0.0,1,2.101319703670087,0.0,2.0280813359749414,0.0,4.123416373895454,0.0,3,
random_2026091638,random,2026091638,1.0,0.4166666666666667,0.028837466146796942,1.0,0.3149545664928155,0.16292166607793965,1,0,-0.4634320574914618,-0.11398014801480283,-0.1888135242095653,2.1327132713271304,-0.5708695869586955,0.22002200220021528,0,-0.12803735730716007,0.0,1.6386236837969526,0.0,-1.595159515951595,0.0,1,1.8175212220556762,-0.340441736481345,0.15024732787436249,0.01618431073877602,1.934604643265784,0.0,4,0.009444539510015485,0.0,-0.0552295530660755,0.0,0.023370887745436757,0.0,1,-0.08767982438948237,-0.1649755546274223,-0.5856604610078651,-0.6786969019482614,-0.0009990315270843226,0.0,1,2.101319703670087,0.0,2.0280813359749414,0.0,4.123416373895454,0.0,3,
random_2026091639,random,2026091639,1.0,0.4166666666666667,0.028837466146796942,1.0,0.3149545664928155,0.16292166607793965,1,0,-0.4634320574914618,-0.11398014801480283,-0.1888135242095653,2.1327132713271304,-0.5708695869586955,0.22002200220021528,0,-0.12803735730716007,0.0,1.6386236837969526,0.0,-1.595159515951595,0.0,1,1.8175212220556762,-0.340441736481345,0.15024732787436249,0.01618431073877602,1.934604643265784,0.0,4,0.009444539510015485,0.0,-0.0552295530660755,0.0,0.023370887745436757,0.0,1,-0.08767982438948237,-0.1649755546274223,-0.5856604610078651,-0.6786969019482614,-0.0009990315270843226,0.0,1,2.101319703670087,0.0,2.0280813359749414,0.0,4.123416373895454,0.0,3,
random_2026091640,random,2026091640,1.0,0.4166666666666667,0.028837466146796942,1.0,0.3149545664928155,0.16292166607793965,1,0,-0.4634320574914618,-0.11398014801480283,-0.1888135242095653,2.1327132713271304,-0.5708695869586955,0.22002200220021528,0,-0.12803735730716007,0.0,1.6386236837969526,0.0,-1.595159515951595,0.0,1,1.8175212220556762,-0.340441736481345,0.15024732787436249,0.01618431073877602,1.934604643265784,0.0,4,0.009444539510015485,0.0,-0.0552295530660755,0.0,0.023370887745436757,0.0,1,-0.08767982438948237,-0.1649755546274223,-0.5856604610078651,-0.6786969019482614,-0.0009990315270843226,0.0,1,2.101319703670087,0.0,2.0280813359749414,0.0,4.123416373895454,0.0,3,
random_2026091641,random,2026091641,1.0,0.4166666666666667,0.028837466146796942,1.0,0.3149545664928155,0.16292166607793965,1,0,-0.4634320574914618,-0.11398014801480283,-0.1888135242095653,2.1327132713271304,-0.5708695869586955,0.22002200220021528,0,-0.12803735730716007,0.0,1.6386236837969526,0.0,-1.595159515951595,0.0,1,1.8175212220556762,-0.340441736481345,0.15024732787436249,0.01618431073877602,1.934604643265784,0.0,4,0.009444539510015485,0.0,-0.0552295530660755,0.0,0.023370887745436757,0.0,1,-0.08767982438948237,-0.1649755546274223,-0.5856604610078651,-0.6786969019482614,-0.0009990315270843226,0.0,1,2.101319703670087,0.0,2.0280813359749414,0.0,4.123416373895454,0.0,3,
random_2026091642,random,2026091642,1.0,0.4166666666666667,0.028837466146796942,1.0,0.3149545664928155,0.16292166607793965,1,0,-0.4634320574914618,-0.11398014801480283,-0.1888135242095653,2.1327132713271304,-0.5708695869586955,0.22002200220021528,0,-0.12803735730716007,0.0,1.6386236837969526,0.0,-1.595159515951595,0.0,1,1.8175212220556762,-0.340441736481345,0.15024732787436249,0.01618431073877602,1.934604643265784,0.0,4,0.009444539510015485,0.0,-0.0552295530660755,0.0,0.023370887745436757,0.0,1,-0.08767982438948237,-0.1649755546274223,-0.5856604610078651,-0.6786969019482614,-0.0009990315270843226,0.0,1,2.101319703670087,0.0,2.0280813359749414,0.0,4.123416373895454,0.0,3,
random_2026091643,random,2026091643,1.0,0.4166666666666667,0.028837466146796942,1.0,0.3149545664928155,0.16292166607793965,1,0,-0.4634320574914618,-0.11398014801480283,-0.1888135242095653,2.1327132713271304,-0.5708695869586955,0.22002200220021528,0,-0.12803735730716007,0.0,1.6386236837969526,0.0,-1.595159515951595,0.0,1,1.8175212220556762,-0.340441736481345,0.15024732787436249,0.01618431073877602,1.934604643265784,0.0,4,0.009444539510015485,0.0,-0.0552295530660755,0.0,0.023370887745436757,0.0,1,-0.08767982438948237,-0.1649755546274223,-0.5856604610078651,-0.6786969019482614,-0.0009990315270843226,0.0,1,2.101319703670087,0.0,2.0280813359749414,0.0,4.123416373895454,0.0,3,
random_2026091644,random,2026091644,1.0,0.4166666666666667,0.028837466146796942,1.0,0.3149545664928155,0.16292166607793965,1,0,-0.4634320574914618,-0.11398014801480283,-0.1888135242095653,2.1327132713271304,-0.5708695869586955,0.22002200220021528,0,-0.12803735730716007,0.0,1.6386236837969526,0.0,-1.595159515951595,0.0,1,1.8175212220556762,-0.340441736481345,0.15024732787436249,0.01618431073877602,1.934604643265784,0.0,4,0.009444539510015485,0.0,-0.0552295530660755,0.0,0.023370887745436757,0.0,1,-0.08767982438948237,-0.1649755546274223,-0.5856604610078651,-0.6786969019482614,-0.0009990315270843226,0.0,1,2.101319703670087,0.0,2.0280813359749414,0.0,4.123416373895454,0.0,3,
random_2026091645,random,2026091645,1.0,0.4166666666666667,0.028837466146796942,1.0,0.3149545664928155,0.16292166607793965,1,0,-0.4634320574914618,-0.11398014801480283,-0.1888135242095653,2.1327132713271304,-0.5708695869586955,0.22002200220021528,0,-0.12803735730716007,0.0,1.6386236837969526,0.0,-1.595159515951595,0.0,1,1.8175212220556762,-0.340441736481345,0.15024732787436249,0.01618431073877602,1.934604643265784,0.0,4,0.009444539510015485,0.0,-0.0552295530660755,0.0,0.023370887745436757,0.0,1,-0.08767982438948237,-0.1649755546274223,-0.5856604610078651,-0.6786969019482614,-0.0009990315270843226,0.0,1,2.101319703670087,0.0,2.0280813359749414,0.0,4.123416373895454,0.0,3,
random_2026091646,random,2026091646,1.0,0.4166666666666667,0.028837466146796942,1.0,0.3149545664928155,0.16292166607793965,1,0,-0.4634320574914618,-0.11398014801480283,-0.1888135242095653,2.1327132713271304,-0.5708695869586955,0.22002200220021528,0,-0.12803735730716007,0.0,1.6386236837969526,0.0,-1.595159515951595,0.0,1,1.8175212220556762,-0.340441736481345,0.15024732787436249,0.01618431073877602,1.934604643265784,0.0,4,0.009444539510015485,0.0,-0.0552295530660755,0.0,0.023370887745436757,0.0,1,-0.08767982438948237,-0.1649755546274223,-0.5856604610078651,-0.6786969019482614,-0.0009990315270843226,0.0,1,2.101319703670087,0.0,2.0280813359749414,0.0,4.123416373895454,0.0,3,
random_2026091647,random,2026091647,1.0,0.4166666666666667,0.028837466146796942,1.0,0.3149545664928155,0.16292166607793965,1,0,-0.4634320574914618,-0.11398014801480283,-0.1888135242095653,2.1327132713271304,-0.5708695869586955,0.22002200220021528,0,-0.12803735730716007,0.0,1.6386236837969526,0.0,-1.595159515951595,0.0,1,1.8175212220556762,-0.340441736481345,0.15024732787436249,0.01618431073877602,1.934604643265784,0.0,4,0.009444539510015485,0.0,-0.0552295530660755,0.0,0.023370887745436757,0.0,1,-0.08767982438948237,-0.1649755546274223,-0.5856604610078651,-0.6786969019482614,-0.0009990315270843226,0.0,1,2.101319703670087,0.0,2.0280813359749414,0.0,4.123416373895454,0.0,3,
random_2026091648,random,2026091648,1.0,0.4166666666666667,0.028837466146796942,1.0,0.3149545664928155,0.16292166607793965,1,0,-0.4634320574914618,-0.11398014801480283,-0.1888135242095653,2.1327132713271304,-0.5708695869586955,0.22002200220021528,0,-0.12803735730716007,0.0,1.6386236837969526,0.0,-1.595159515951595,0.0,1,1.8175212220556762,-0.340441736481345,0.15024732787436249,0.01618431073877602,1.934604643265784,0.0,4,0.009444539510015485,0.0,-0.0552295530660755,0.0,0.023370887745436757,0.0,1,-0.08767982438948237,-0.1649755546274223,-0.5856604610078651,-0.6786969019482614,-0.0009990315270843226,0.0,1,2.101319703670087,0.0,2.0280813359749414,0.0,4.123416373895454,0.0,3,
random_2026091649,random,2026091649,1.0,0.4166666666666667,0.028837466146796942,1.0,0.3149545664928155,0.16292166607793965,1,0,-0.4634320574914618,-0.11398014801480283,-0.1888135242095653,2.1327132713271304,-0.5708695869586955,0.22002200220021528,0,-0.12803735730716007,0.0,1.6386236837969526,0.0,-1.595159515951595,0.0,1,1.8175212220556762,-0.340441736481345,0.15024732787436249,0.01618431073877602,1.934604643265784,0.0,4,0.009444539510015485,0.0,-0.0552295530660755,0.0,0.023370887745436757,0.0,1,-0.08767982438948237,-0.1649755546274223,-0.5856604610078651,-0.6786969019482614,-0.0009990315270843226,0.0,1,2.101319703670087,0.0,2.0280813359749414,0.0,4.123416373895454,0.0,3,
random_2026091650,random,2026091650,1.0,0.4166666666666667,0.028837466146796942,1.0,0.3149545664928155,0.16292166607793965,1,0,-0.4634320574914618,-0.11398014801480283,-0.1888135242095653,2.1327132713271304,-0.5708695869586955,0.22002200220021528,0,-0.12803735730716007,0.0,1.6386236837969526,0.0,-1.595159515951595,0.0,1,1.8175212220556762,-0.340441736481345,0.15024732787436249,0.01618431073877602,1.934604643265784,0.0,4,0.009444539510015485,0.0,-0.0552295530660755,0.0,0.023370887745436757,0.0,1,-0.08767982438948237,-0.1649755546274223,-0.5856604610078651,-0.6786969019482614,-0.0009990315270843226,0.0,1,2.101319703670087,0.0,2.0280813359749414,0.0,4.123416373895454,0.0,3,
random_2026091651,random,2026091651,1.0,0.4166666666666667,0.028837466146796942,1.0,0.3149545664928155,0.16292166607793965,1,0,-0.4634320574914618,-0.11398014801480283,-0.1888135242095653,2.1327132713271304,-0.5708695869586955,0.22002200220021528,0,-0.12803735730716007,0.0,1.6386236837969526,0.0,-1.595159515951595,0.0,1,1.8175212220556762,-0.340441736481345,0.15024732787436249,0.01618431073877602,1.934604643265784,0.0,4,0.009444539510015485,0.0,-0.0552295530660755,0.0,0.023370887745436757,0.0,1,-0.08767982438948237,-0.1649755546274223,-0.5856604610078651,-0.6786969019482614,-0.0009990315270843226,0.0,1,2.101319703670087,0.0,2.0280813359749414,0.0,4.123416373895454,0.0,3,
random_2026091652,random,2026091652,1.0,0.4166666666666667,0.028837466146796942,1.0,0.3149545664928155,0.16292166607793965,1,0,-0.4634320574914618,-0.11398014801480283,-0.1888135242095653,2.1327132713271304,-0.5708695869586955,0.22002200220021528,0,-0.12803735730716007,0.0,1.6386236837969526,0.0,-1.595159515951595,0.0,1,1.8175212220556762,-0.340441736481345,0.15024732787436249,0.01618431073877602,1.934604643265784,0.0,4,0.009444539510015485,0.0,-0.0552295530660755,0.0,0.023370887745436757,0.0,1,-0.08767982438948237,-0.1649755546274223,-0.5856604610078651,-0.6786969019482614,-0.0009990315270843226,0.0,1,2.101319703670087,0.0,2.0280813359749414,0.0,4.123416373895454,0.0,3,
random_2026091653,random,2026091653,1.0,0.4166666666666667,0.028837466146796942,1.0,0.3149545664928155,0.16292166607793965,1,0,-0.4634320574914618,-0.11398014801480283,-0.1888135242095653,2.1327132713271304,-0.5708695869586955,0.22002200220021528,0,-0.12803735730716007,0.0,1.6386236837969526,0.0,-1.595159515951595,0.0,1,1.8175212220556762,-0.340441736481345,0.15024732787436249,0.01618431073877602,1.934604643265784,0.0,4,0.009444539510015485,0.0,-0.0552295530660755,0.0,0.023370887745436757,0.0,1,-0.08767982438948237,-0.1649755546274223,-0.5856604610078651,-0.6786969019482614,-0.0009990315270843226,0.0,1,2.101319703670087,0.0,2.0280813359749414,0.0,4.123416373895454,0.0,3,
random_2026091654,random,2026091654,1.0,0.4166666666666667,0.028837466146796942,1.0,0.3149545664928155,0.16292166607793965,1,0,-0.4634320574914618,-0.11398014801480283,-0.1888135242095653,2.1327132713271304,-0.5708695869586955,0.22002200220021528,0,-0.12803735730716007,0.0,1.6386236837969526,0.0,-1.595159515951595,0.0,1,1.8175212220556762,-0.340441736481345,0.15024732787436249,0.01618431073877602,1.934604643265784,0.0,4,0.009444539510015485,0.0,-0.0552295530660755,0.0,0.023370887745436757,0.0,1,-0.08767982438948237,-0.1649755546274223,-0.5856604610078651,-0.6786969019482614,-0.0009990315270843226,0.0,1,2.101319703670087,0.0,2.0280813359749414,0.0,4.123416373895454,0.0,3,
random_2026091655,random,2026091655,1.0,0.4166666666666667,0.028837466146796942,1.0,0.3149545664928155,0.16292166607793965,1,0,-0.4634320574914618,-0.11398014801480283,-0.1888135242095653,2.1327132713271304,-0.5708695869586955,0.22002200220021528,0,-0.12803735730716007,0.0,1.6386236837969526,0.0,-1.595159515951595,0.0,1,1.8175212220556762,-0.340441736481345,0.15024732787436249,0.01618431073877602,1.934604643265784,0.0,4,0.009444539510015485,0.0,-0.0552295530660755,0.0,0.023370887745436757,0.0,1,-0.08767982438948237,-0.1649755546274223,-0.5856604610078651,-0.6786969019482614,-0.0009990315270843226,0.0,1,2.101319703670087,0.0,2.0280813359749414,0.0,4.123416373895454,0.0,3,
random_2026091656,random,2026091656,1.0,0.4166666666666667,0.028837466146796942,1.0,0.3149545664928155,0.16292166607793965,1,0,-0.4634320574914618,-0.11398014801480283,-0.1888135242095653,2.1327132713271304,-0.5708695869586955,0.22002200220021528,0,-0.12803735730716007,0.0,1.6386236837969526,0.0,-1.595159515951595,0.0,1,1.8175212220556762,-0.340441736481345,0.15024732787436249,0.01618431073877602,1.934604643265784,0.0,4,0.009444539510015485,0.0,-0.0552295530660755,0.0,0.023370887745436757,0.0,1,-0.08767982438948237,-0.1649755546274223,-0.5856604610078651,-0.6786969019482614,-0.0009990315270843226,0.0,1,2.101319703670087,0.0,2.0280813359749414,0.0,4.123416373895454,0.0,3,
random_2026091657,random,2026091657,1.0,0.4166666666666667,0.028837466146796942,1.0,0.3149545664928155,0.16292166607793965,1,0,-0.4634320574914618,-0.11398014801480283,-0.1888135242095653,2.1327132713271304,-0.5708695869586955,0.22002200220021528,0,-0.12803735730716007,0.0,1.6386236837969526,0.0,-1.595159515951595,0.0,1,1.8175212220556762,-0.340441736481345,0.15024732787436249,0.01618431073877602,1.934604643265784,0.0,4,0.009444539510015485,0.0,-0.0552295530660755,0.0,0.023370887745436757,0.0,1,-0.08767982438948237,-0.1649755546274223,-0.5856604610078651,-0.6786969019482614,-0.0009990315270843226,0.0,1,2.101319703670087,0.0,2.0280813359749414,0.0,4.123416373895454,0.0,3,
random_2026091658,random,2026091658,1.0,0.4166666666666667,0.028837466146796942,1.0,0.3149545664928155,0.16292166607793965,1,0,-0.4634320574914618,-0.11398014801480283,-0.1888135242095653,2.1327132713271304,-0.5708695869586955,0.22002200220021528,0,-0.12803735730716007,0.0,1.6386236837969526,0.0,-1.595159515951595,0.0,1,1.8175212220556762,-0.340441736481345,0.15024732787436249,0.01618431073877602,1.934604643265784,0.0,4,0.009444539510015485,0.0,-0.0552295530660755,0.0,0.023370887745436757,0.0,1,-0.08767982438948237,-0.1649755546274223,-0.5856604610078651,-0.6786969019482614,-0.0009990315270843226,0.0,1,2.101319703670087,0.0,2.0280813359749414,0.0,4.123416373895454,0.0,3,
random_2026091659,random,2026091659,1.0,0.4166666666666667,0.028837466146796942,1.0,0.3149545664928155,0.16292166607793965,1,0,-0.4634320574914618,-0.11398014801480283,-0.1888135242095653,2.1327132713271304,-0.5708695869586955,0.22002200220021528,0,-0.12803735730716007,0.0,1.6386236837969526,0.0,-1.595159515951595,0.0,1,1.8175212220556762,-0.340441736481345,0.15024732787436249,0.01618431073877602,1.934604643265784,0.0,4,0.009444539510015485,0.0,-0.0552295530660755,0.0,0.023370887745436757,0.0,1,-0.08767982438948237,-0.1649755546274223,-0.5856604610078651,-0.6786969019482614,-0.0009990315270843226,0.0,1,2.101319703670087,0.0,2.0280813359749414,0.0,4.123416373895454,0.0,3,
random_2026091660,random,2026091660,1.0,0.4166666666666667,0.028837466146796942,1.0,0.3149545664928155,0.16292166607793965,1,0,-0.4634320574914618,-0.11398014801480283,-0.1888135242095653,2.1327132713271304,-0.5708695869586955,0.22002200220021528,0,-0.12803735730716007,0.0,1.6386236837969526,0.0,-1.595159515951595,0.0,1,1.8175212220556762,-0.340441736481345,0.15024732787436249,0.01618431073877602,1.934604643265784,0.0,4,0.009444539510015485,0.0,-0.0552295530660755,0.0,0.023370887745436757,0.0,1,-0.08767982438948237,-0.1649755546274223,-0.5856604610078651,-0.6786969019482614,-0.0009990315270843226,0.0,1,2.101319703670087,0.0,2.0280813359749414,0.0,4.123416373895454,0.0,3,
random_2026091661,random,2026091661,1.0,0.4166666666666667,0.028837466146796942,1.0,0.3149545664928155,0.16292166607793965,1,0,-0.4634320574914618,-0.11398014801480283,-0.1888135242095653,2.1327132713271304,-0.5708695869586955,0.22002200220021528,0,-0.12803735730716007,0.0,1.6386236837969526,0.0,-1.595159515951595,0.0,1,1.8175212220556762,-0.340441736481345,0.15024732787436249,0.01618431073877602,1.934604643265784,0.0,4,0.009444539510015485,0.0,-0.0552295530660755,0.0,0.023370887745436757,0.0,1,-0.08767982438948237,-0.1649755546274223,-0.5856604610078651,-0.6786969019482614,-0.0009990315270843226,0.0,1,2.101319703670087,0.0,2.0280813359749414,0.0,4.123416373895454,0.0,3,
random_2026091662,random,2026091662,1.0,0.4166666666666667,0.028837466146796942,1.0,0.3149545664928155,0.16292166607793965,1,0,-0.4634320574914618,-0.11398014801480283,-0.1888135242095653,2.1327132713271304,-0.5708695869586955,0.22002200220021528,0,-0.12803735730716007,0.0,1.6386236837969526,0.0,-1.595159515951595,0.0,1,1.8175212220556762,-0.340441736481345,0.15024732787436249,0.01618431073877602,1.934604643265784,0.0,4,0.009444539510015485,0.0,-0.0552295530660755,0.0,0.023370887745436757,0.0,1,-0.08767982438948237,-0.1649755546274223,-0.5856604610078651,-0.6786969019482614,-0.0009990315270843226,0.0,1,2.101319703670087,0.0,2.0280813359749414,0.0,4.123416373895454,0.0,3,
random_2026091663,random,2026091663,1.0,0.4166666666666667,0.028837466146796942,1.0,0.3149545664928155,0.16292166607793965,1,0,-0.4634320574914618,-0.11398014801480283,-0.1888135242095653,2.1327132713271304,-0.5708695869586955,0.22002200220021528,0,-0.12803735730716007,0.0,1.6386236837969526,0.0,-1.595159515951595,0.0,1,1.8175212220556762,-0.340441736481345,0.15024732787436249,0.01618431073877602,1.934604643265784,0.0,4,0.009444539510015485,0.0,-0.0552295530660755,0.0,0.023370887745436757,0.0,1,-0.08767982438948237,-0.1649755546274223,-0.5856604610078651,-0.6786969019482614,-0.0009990315270843226,0.0,1,2.101319703670087,0.0,2.0280813359749414,0.0,4.123416373895454,0.0,3,
random_2026091664,random,2026091664,1.0,0.4166666666666667,0.028837466146796942,1.0,0.3149545664928155,0.16292166607793965,1,0,-0.4634320574914618,-0.11398014801480283,-0.1888135242095653,2.1327132713271304,-0.5708695869586955,0.22002200220021528,0,-0.12803735730716007,0.0,1.6386236837969526,0.0,-1.595159515951595,0.0,1,1.8175212220556762,-0.340441736481345,0.15024732787436249,0.01618431073877602,1.934604643265784,0.0,4,0.009444539510015485,0.0,-0.0552295530660755,0.0,0.023370887745436757,0.0,1,-0.08767982438948237,-0.1649755546274223,-0.5856604610078651,-0.6786969019482614,-0.0009990315270843226,0.0,1,2.101319703670087,0.0,2.0280813359749414,0.0,4.123416373895454,0.0,3,
random_2026091665,random,2026091665,1.0,0.4166666666666667,0.028837466146796942,1.0,0.3149545664928155,0.16292166607793965,1,0,-0.4634320574914618,-0.11398014801480283,-0.1888135242095653,2.1327132713271304,-0.5708695869586955,0.22002200220021528,0,-0.12803735730716007,0.0,1.6386236837969526,0.0,-1.595159515951595,0.0,1,1.8175212220556762,-0.340441736481345,0.15024732787436249,0.01618431073877602,1.934604643265784,0.0,4,0.009444539510015485,0.0,-0.0552295530660755,0.0,0.023370887745436757,0.0,1,-0.08767982438948237,-0.1649755546274223,-0.5856604610078651,-0.6786969019482614,-0.0009990315270843226,0.0,1,2.101319703670087,0.0,2.0280813359749414,0.0,4.123416373895454,0.0,3,
random_2026091666,random,2026091666,1.0,0.4166666666666667,0.028837466146796942,1.0,0.3149545664928155,0.16292166607793965,1,0,-0.4634320574914618,-0.11398014801480283,-0.1888135242095653,2.1327132713271304,-0.5708695869586955,0.22002200220021528,0,-0.12803735730716007,0.0,1.6386236837969526,0.0,-1.595159515951595,0.0,1,1.8175212220556762,-0.340441736481345,0.15024732787436249,0.01618431073877602,1.934604643265784,0.0,4,0.009444539510015485,0.0,-0.0552295530660755,0.0,0.023370887745436757,0.0,1,-0.08767982438948237,-0.1649755546274223,-0.5856604610078651,-0.6786969019482614,-0.0009990315270843226,0.0,1,2.101319703670087,0.0,2.0280813359749414,0.0,4.123416373895454,0.0,3,
random_2026091667,random,2026091667,1.0,0.4166666666666667,0.028837466146796942,1.0,0.3149545664928155,0.16292166607793965,1,0,-0.4634320574914618,-0.11398014801480283,-0.1888135242095653,2.1327132713271304,-0.5708695869586955,0.22002200220021528,0,-0.12803735730716007,0.0,1.6386236837969526,0.0,-1.595159515951595,0.0,1,1.8175212220556762,-0.340441736481345,0.15024732787436249,0.01618431073877602,1.934604643265784,0.0,4,0.009444539510015485,0.0,-0.0552295530660755,0.0,0.023370887745436757,0.0,1,-0.08767982438948237,-0.1649755546274223,-0.5856604610078651,-0.6786969019482614,-0.0009990315270843226,0.0,1,2.101319703670087,0.0,2.0280813359749414,0.0,4.123416373895454,0.0,3,
random_2026091668,random,2026091668,1.0,0.4166666666666667,0.028837466146796942,1.0,0.3149545664928155,0.16292166607793965,1,0,-0.4634320574914618,-0.11398014801480283,-0.1888135242095653,2.1327132713271304,-0.5708695869586955,0.22002200220021528,0,-0.12803735730716007,0.0,1.6386236837969526,0.0,-1.595159515951595,0.0,1,1.8175212220556762,-0.340441736481345,0.15024732787436249,0.01618431073877602,1.934604643265784,0.0,4,0.009444539510015485,0.0,-0.0552295530660755,0.0,0.023370887745436757,0.0,1,-0.08767982438948237,-0.1649755546274223,-0.5856604610078651,-0.6786969019482614,-0.0009990315270843226,0.0,1,2.101319703670087,0.0,2.0280813359749414,0.0,4.123416373895454,0.0,3,
random_2026091669,random,2026091669,1.0,0.4166666666666667,0.028837466146796942,1.0,0.3149545664928155,0.16292166607793965,1,0,-0.4634320574914618,-0.11398014801480283,-0.1888135242095653,2.1327132713271304,-0.5708695869586955,0.22002200220021528,0,-0.12803735730716007,0.0,1.6386236837969526,0.0,-1.595159515951595,0.0,1,1.8175212220556762,-0.340441736481345,0.15024732787436249,0.01618431073877602,1.934604643265784,0.0,4,0.009444539510015485,0.0,-0.0552295530660755,0.0,0.023370887745436757,0.0,1,-0.08767982438948237,-0.1649755546274223,-0.5856604610078651,-0.6786969019482614,-0.0009990315270843226,0.0,1,2.101319703670087,0.0,2.0280813359749414,0.0,4.123416373895454,0.0,3,
random_2026091670,random,2026091670,1.0,0.4166666666666667,0.028837466146796942,1.0,0.3149545664928155,0.16292166607793965,1,0,-0.4634320574914618,-0.11398014801480283,-0.1888135242095653,2.1327132713271304,-0.5708695869586955,0.22002200220021528,0,-0.12803735730716007,0.0,1.6386236837969526,0.0,-1.595159515951595,0.0,1,1.8175212220556762,-0.340441736481345,0.15024732787436249,0.01618431073877602,1.934604643265784,0.0,4,0.009444539510015485,0.0,-0.0552295530660755,0.0,0.023370887745436757,0.0,1,-0.08767982438948237,-0.1649755546274223,-0.5856604610078651,-0.6786969019482614,-0.0009990315270843226,0.0,1,2.101319703670087,0.0,2.0280813359749414,0.0,4.123416373895454,0.0,3,
random_2026091671,random,2026091671,1.0,0.4166666666666667,0.028837466146796942,1.0,0.3149545664928155,0.16292166607793965,1,0,-0.4634320574914618,-0.11398014801480283,-0.1888135242095653,2.1327132713271304,-0.5708695869586955,0.22002200220021528,0,-0.12803735730716007,0.0,1.6386236837969526,0.0,-1.595159515951595,0.0,1,1.8175212220556762,-0.340441736481345,0.15024732787436249,0.01618431073877602,1.934604643265784,0.0,4,0.009444539510015485,0.0,-0.0552295530660755,0.0,0.023370887745436757,0.0,1,-0.08767982438948237,-0.1649755546274223,-0.5856604610078651,-0.6786969019482614,-0.0009990315270843226,0.0,1,2.101319703670087,0.0,2.0280813359749414,0.0,4.123416373895454,0.0,3,
random_2026091672,random,2026091672,1.0,0.4166666666666667,0.028837466146796942,1.0,0.3149545664928155,0.16292166607793965,1,0,-0.4634320574914618,-0.11398014801480283,-0.1888135242095653,2.1327132713271304,-0.5708695869586955,0.22002200220021528,0,-0.12803735730716007,0.0,1.6386236837969526,0.0,-1.595159515951595,0.0,1,1.8175212220556762,-0.340441736481345,0.15024732787436249,0.01618431073877602,1.934604643265784,0.0,4,0.009444539510015485,0.0,-0.0552295530660755,0.0,0.023370887745436757,0.0,1,-0.08767982438948237,-0.1649755546274223,-0.5856604610078651,-0.6786969019482614,-0.0009990315270843226,0.0,1,2.101319703670087,0.0,2.0280813359749414,0.0,4.123416373895454,0.0,3,
random_2026091673,random,2026091673,1.0,0.4166666666666667,0.028837466146796942,1.0,0.3149545664928155,0.16292166607793965,1,0,-0.4634320574914618,-0.11398014801480283,-0.1888135242095653,2.1327132713271304,-0.5708695869586955,0.22002200220021528,0,-0.12803735730716007,0.0,1.6386236837969526,0.0,-1.595159515951595,0.0,1,1.8175212220556762,-0.340441736481345,0.15024732787436249,0.01618431073877602,1.934604643265784,0.0,4,0.009444539510015485,0.0,-0.0552295530660755,0.0,0.023370887745436757,0.0,1,-0.08767982438948237,-0.1649755546274223,-0.5856604610078651,-0.6786969019482614,-0.0009990315270843226,0.0,1,2.101319703670087,0.0,2.0280813359749414,0.0,4.123416373895454,0.0,3,
random_2026091674,random,2026091674,1.0,0.4166666666666667,0.028837466146796942,1.0,0.3149545664928155,0.16292166607793965,1,0,-0.4634320574914618,-0.11398014801480283,-0.1888135242095653,2.1327132713271304,-0.5708695869586955,0.22002200220021528,0,-0.12803735730716007,0.0,1.6386236837969526,0.0,-1.595159515951595,0.0,1,1.8175212220556762,-0.340441736481345,0.15024732787436249,0.01618431073877602,1.934604643265784,0.0,4,0.009444539510015485,0.0,-0.0552295530660755,0.0,0.023370887745436757,0.0,1,-0.08767982438948237,-0.1649755546274223,-0.5856604610078651,-0.6786969019482614,-0.0009990315270843226,0.0,1,2.101319703670087,0.0,2.0280813359749414,0.0,4.123416373895454,0.0,3,
random_2026091675,random,2026091675,1.0,0.4166666666666667,0.028837466146796942,1.0,0.3149545664928155,0.16292166607793965,1,0,-0.4634320574914618,-0.11398014801480283,-0.1888135242095653,2.1327132713271304,-0.5708695869586955,0.22002200220021528,0,-0.12803735730716007,0.0,1.6386236837969526,0.0,-1.595159515951595,0.0,1,1.8175212220556762,-0.340441736481345,0.15024732787436249,0.01618431073877602,1.934604643265784,0.0,4,0.009444539510015485,0.0,-0.0552295530660755,0.0,0.023370887745436757,0.0,1,-0.08767982438948237,-0.1649755546274223,-0.5856604610078651,-0.6786969019482614,-0.0009990315270843226,0.0,1,2.101319703670087,0.0,2.0280813359749414,0.0,4.123416373895454,0.0,3,
random_2026091676,random,2026091676,1.0,0.4166666666666667,0.028837466146796942,1.0,0.3149545664928155,0.16292166607793965,1,0,-0.4634320574914618,-0.11398014801480283,-0.1888135242095653,2.1327132713271304,-0.5708695869586955,0.22002200220021528,0,-0.12803735730716007,0.0,1.6386236837969526,0.0,-1.595159515951595,0.0,1,1.8175212220556762,-0.340441736481345,0.15024732787436249,0.01618431073877602,1.934604643265784,0.0,4,0.009444539510015485,0.0,-0.0552295530660755,0.0,0.023370887745436757,0.0,1,-0.08767982438948237,-0.1649755546274223,-0.5856604610078651,-0.6786969019482614,-0.0009990315270843226,0.0,1,2.101319703670087,0.0,2.0280813359749414,0.0,4.123416373895454,0.0,3,
random_2026091677,random,2026091677,1.0,0.4166666666666667,0.028837466146796942,1.0,0.3149545664928155,0.16292166607793965,1,0,-0.4634320574914618,-0.11398014801480283,-0.1888135242095653,2.1327132713271304,-0.5708695869586955,0.22002200220021528,0,-0.12803735730716007,0.0,1.6386236837969526,0.0,-1.595159515951595,0.0,1,1.8175212220556762,-0.340441736481345,0.15024732787436249,0.01618431073877602,1.934604643265784,0.0,4,0.009444539510015485,0.0,-0.0552295530660755,0.0,0.023370887745436757,0.0,1,-0.08767982438948237,-0.1649755546274223,-0.5856604610078651,-0.6786969019482614,-0.0009990315270843226,0.0,1,2.101319703670087,0.0,2.0280813359749414,0.0,4.123416373895454,0.0,3,
random_2026091678,random,2026091678,1.0,0.4166666666666667,0.028837466146796942,1.0,0.3149545664928155,0.16292166607793965,1,0,-0.4634320574914618,-0.11398014801480283,-0.1888135242095653,2.1327132713271304,-0.5708695869586955,0.22002200220021528,0,-0.12803735730716007,0.0,1.6386236837969526,0.0,-1.595159515951595,0.0,1,1.8175212220556762,-0.340441736481345,0.15024732787436249,0.01618431073877602,1.934604643265784,0.0,4,0.009444539510015485,0.0,-0.0552295530660755,0.0,0.023370887745436757,0.0,1,-0.08767982438948237,-0.1649755546274223,-0.5856604610078651,-0.6786969019482614,-0.0009990315270843226,0.0,1,2.101319703670087,0.0,2.0280813359749414,0.0,4.123416373895454,0.0,3,
random_2026091679,random,2026091679,1.0,0.4166666666666667,0.028837466146796942,1.0,0.3149545664928155,0.16292166607793965,1,0,-0.4634320574914618,-0.11398014801480283,-0.1888135242095653,2.1327132713271304,-0.5708695869586955,0.22002200220021528,0,-0.12803735730716007,0.0,1.6386236837969526,0.0,-1.595159515951595,0.0,1,1.8175212220556762,-0.340441736481345,0.15024732787436249,0.01618431073877602,1.934604643265784,0.0,4,0.009444539510015485,0.0,-0.0552295530660755,0.0,0.023370887745436757,0.0,1,-0.08767982438948237,-0.1649755546274223,-0.5856604610078651,-0.6786969019482614,-0.0009990315270843226,0.0,1,2.101319703670087,0.0,2.0280813359749414,0.0,4.123416373895454,0.0,3,
random_2026091680,random,2026091680,1.0,0.4166666666666667,0.028837466146796942,1.0,0.3149545664928155,0.16292166607793965,1,0,-0.4634320574914618,-0.11398014801480283,-0.1888135242095653,2.1327132713271304,-0.5708695869586955,0.22002200220021528,0,-0.12803735730716007,0.0,1.6386236837969526,0.0,-1.595159515951595,0.0,1,1.8175212220556762,-0.340441736481345,0.15024732787436249,0.01618431073877602,1.934604643265784,0.0,4,0.009444539510015485,0.0,-0.0552295530660755,0.0,0.023370887745436757,0.0,1,-0.08767982438948237,-0.1649755546274223,-0.5856604610078651,-0.6786969019482614,-0.0009990315270843226,0.0,1,2.101319703670087,0.0,2.0280813359749414,0.0,4.123416373895454,0.0,3,
random_2026091681,random,2026091681,1.0,0.4166666666666667,0.028837466146796942,1.0,0.3149545664928155,0.16292166607793965,1,0,-0.4634320574914618,-0.11398014801480283,-0.1888135242095653,2.1327132713271304,-0.5708695869586955,0.22002200220021528,0,-0.12803735730716007,0.0,1.6386236837969526,0.0,-1.595159515951595,0.0,1,1.8175212220556762,-0.340441736481345,0.15024732787436249,0.01618431073877602,1.934604643265784,0.0,4,0.009444539510015485,0.0,-0.0552295530660755,0.0,0.023370887745436757,0.0,1,-0.08767982438948237,-0.1649755546274223,-0.5856604610078651,-0.6786969019482614,-0.0009990315270843226,0.0,1,2.101319703670087,0.0,2.0280813359749414,0.0,4.123416373895454,0.0,3,
random_2026091682,random,2026091682,1.0,0.4166666666666667,0.028837466146796942,1.0,0.3149545664928155,0.16292166607793965,1,0,-0.4634320574914618,-0.11398014801480283,-0.1888135242095653,2.1327132713271304,-0.5708695869586955,0.22002200220021528,0,-0.12803735730716007,0.0,1.6386236837969526,0.0,-1.595159515951595,0.0,1,1.8175212220556762,-0.340441736481345,0.15024732787436249,0.01618431073877602,1.934604643265784,0.0,4,0.009444539510015485,0.0,-0.0552295530660755,0.0,0.023370887745436757,0.0,1,-0.08767982438948237,-0.1649755546274223,-0.5856604610078651,-0.6786969019482614,-0.0009990315270843226,0.0,1,2.101319703670087,0.0,2.0280813359749414,0.0,4.123416373895454,0.0,3,
random_2026091683,random,2026091683,1.0,0.4166666666666667,0.028837466146796942,1.0,0.3149545664928155,0.16292166607793965,1,0,-0.4634320574914618,-0.11398014801480283,-0.1888135242095653,2.1327132713271304,-0.5708695869586955,0.22002200220021528,0,-0.12803735730716007,0.0,1.6386236837969526,0.0,-1.595159515951595,0.0,1,1.8175212220556762,-0.340441736481345,0.15024732787436249,0.01618431073877602,1.934604643265784,0.0,4,0.009444539510015485,0.0,-0.0552295530660755,0.0,0.023370887745436757,0.0,1,-0.08767982438948237,-0.1649755546274223,-0.5856604610078651,-0.6786969019482614,-0.0009990315270843226,0.0,1,2.101319703670087,0.0,2.0280813359749414,0.0,4.123416373895454,0.0,3,
random_2026091684,random,2026091684,1.0,0.4166666666666667,0.028837466146796942,1.0,0.3149545664928155,0.16292166607793965,1,0,-0.4634320574914618,-0.11398014801480283,-0.1888135242095653,2.1327132713271304,-0.5708695869586955,0.22002200220021528,0,-0.12803735730716007,0.0,1.6386236837969526,0.0,-1.595159515951595,0.0,1,1.8175212220556762,-0.340441736481345,0.15024732787436249,0.01618431073877602,1.934604643265784,0.0,4,0.009444539510015485,0.0,-0.0552295530660755,0.0,0.023370887745436757,0.0,1,-0.08767982438948237,-0.1649755546274223,-0.5856604610078651,-0.6786969019482614,-0.0009990315270843226,0.0,1,2.101319703670087,0.0,2.0280813359749414,0.0,4.123416373895454,0.0,3,
random_2026091685,random,2026091685,1.0,0.4166666666666667,0.028837466146796942,1.0,0.3149545664928155,0.16292166607793965,1,0,-0.4634320574914618,-0.11398014801480283,-0.1888135242095653,2.1327132713271304,-0.5708695869586955,0.22002200220021528,0,-0.12803735730716007,0.0,1.6386236837969526,0.0,-1.595159515951595,0.0,1,1.8175212220556762,-0.340441736481345,0.15024732787436249,0.01618431073877602,1.934604643265784,0.0,4,0.009444539510015485,0.0,-0.0552295530660755,0.0,0.023370887745436757,0.0,1,-0.08767982438948237,-0.1649755546274223,-0.5856604610078651,-0.6786969019482614,-0.0009990315270843226,0.0,1,2.101319703670087,0.0,2.0280813359749414,0.0,4.123416373895454,0.0,3,
random_2026091686,random,2026091686,1.0,0.4166666666666667,0.028837466146796942,1.0,0.3149545664928155,0.16292166607793965,1,0,-0.4634320574914618,-0.11398014801480283,-0.1888135242095653,2.1327132713271304,-0.5708695869586955,0.22002200220021528,0,-0.12803735730716007,0.0,1.6386236837969526,0.0,-1.595159515951595,0.0,1,1.8175212220556762,-0.340441736481345,0.15024732787436249,0.01618431073877602,1.934604643265784,0.0,4,0.009444539510015485,0.0,-0.0552295530660755,0.0,0.023370887745436757,0.0,1,-0.08767982438948237,-0.1649755546274223,-0.5856604610078651,-0.6786969019482614,-0.0009990315270843226,0.0,1,2.101319703670087,0.0,2.0280813359749414,0.0,4.123416373895454,0.0,3,
random_2026091687,random,2026091687,1.0,0.4166666666666667,0.028837466146796942,1.0,0.3149545664928155,0.16292166607793965,1,0,-0.4634320574914618,-0.11398014801480283,-0.1888135242095653,2.1327132713271304,-0.5708695869586955,0.22002200220021528,0,-0.12803735730716007,0.0,1.6386236837969526,0.0,-1.595159515951595,0.0,1,1.8175212220556762,-0.340441736481345,0.15024732787436249,0.01618431073877602,1.934604643265784,0.0,4,0.009444539510015485,0.0,-0.0552295530660755,0.0,0.023370887745436757,0.0,1,-0.08767982438948237,-0.1649755546274223,-0.5856604610078651,-0.6786969019482614,-0.0009990315270843226,0.0,1,2.101319703670087,0.0,2.0280813359749414,0.0,4.123416373895454,0.0,3,
random_2026091688,random,2026091688,1.0,0.4166666666666667,0.028837466146796942,1.0,0.3149545664928155,0.16292166607793965,1,0,-0.4634320574914618,-0.11398014801480283,-0.1888135242095653,2.1327132713271304,-0.5708695869586955,0.22002200220021528,0,-0.12803735730716007,0.0,1.6386236837969526,0.0,-1.595159515951595,0.0,1,1.8175212220556762,-0.340441736481345,0.15024732787436249,0.01618431073877602,1.934604643265784,0.0,4,0.009444539510015485,0.0,-0.0552295530660755,0.0,0.023370887745436757,0.0,1,-0.08767982438948237,-0.1649755546274223,-0.5856604610078651,-0.6786969019482614,-0.0009990315270843226,0.0,1,2.101319703670087,0.0,2.0280813359749414,0.0,4.123416373895454,0.0,3,
random_2026091689,random,2026091689,1.0,0.4166666666666667,0.028837466146796942,1.0,0.3149545664928155,0.16292166607793965,1,0,-0.4634320574914618,-0.11398014801480283,-0.1888135242095653,2.1327132713271304,-0.5708695869586955,0.22002200220021528,0,-0.12803735730716007,0.0,1.6386236837969526,0.0,-1.595159515951595,0.0,1,1.8175212220556762,-0.340441736481345,0.15024732787436249,0.01618431073877602,1.934604643265784,0.0,4,0.009444539510015485,0.0,-0.0552295530660755,0.0,0.023370887745436757,0.0,1,-0.08767982438948237,-0.1649755546274223,-0.5856604610078651,-0.6786969019482614,-0.0009990315270843226,0.0,1,2.101319703670087,0.0,2.0280813359749414,0.0,4.123416373895454,0.0,3,
random_2026091690,random,2026091690,1.0,0.4166666666666667,0.028837466146796942,1.0,0.3149545664928155,0.16292166607793965,1,0,-0.4634320574914618,-0.11398014801480283,-0.1888135242095653,2.1327132713271304,-0.5708695869586955,0.22002200220021528,0,-0.12803735730716007,0.0,1.6386236837969526,0.0,-1.595159515951595,0.0,1,1.8175212220556762,-0.340441736481345,0.15024732787436249,0.01618431073877602,1.934604643265784,0.0,4,0.009444539510015485,0.0,-0.0552295530660755,0.0,0.023370887745436757,0.0,1,-0.08767982438948237,-0.1649755546274223,-0.5856604610078651,-0.6786969019482614,-0.0009990315270843226,0.0,1,2.101319703670087,0.0,2.0280813359749414,0.0,4.123416373895454,0.0,3,
random_2026091691,random,2026091691,1.0,0.4166666666666667,0.028837466146796942,1.0,0.3149545664928155,0.16292166607793965,1,0,-0.4634320574914618,-0.11398014801480283,-0.1888135242095653,2.1327132713271304,-0.5708695869586955,0.22002200220021528,0,-0.12803735730716007,0.0,1.6386236837969526,0.0,-1.595159515951595,0.0,1,1.8175212220556762,-0.340441736481345,0.15024732787436249,0.01618431073877602,1.934604643265784,0.0,4,0.009444539510015485,0.0,-0.0552295530660755,0.0,0.023370887745436757,0.0,1,-0.08767982438948237,-0.1649755546274223,-0.5856604610078651,-0.6786969019482614,-0.0009990315270843226,0.0,1,2.101319703670087,0.0,2.0280813359749414,0.0,4.123416373895454,0.0,3,
random_2026091692,random,2026091692,1.0,0.4166666666666667,0.028837466146796942,1.0,0.3149545664928155,0.16292166607793965,1,0,-0.4634320574914618,-0.11398014801480283,-0.1888135242095653,2.1327132713271304,-0.5708695869586955,0.22002200220021528,0,-0.12803735730716007,0.0,1.6386236837969526,0.0,-1.595159515951595,0.0,1,1.8175212220556762,-0.340441736481345,0.15024732787436249,0.01618431073877602,1.934604643265784,0.0,4,0.009444539510015485,0.0,-0.0552295530660755,0.0,0.023370887745436757,0.0,1,-0.08767982438948237,-0.1649755546274223,-0.5856604610078651,-0.6786969019482614,-0.0009990315270843226,0.0,1,2.101319703670087,0.0,2.0280813359749414,0.0,4.123416373895454,0.0,3,
random_2026091693,random,2026091693,1.0,0.4166666666666667,0.028837466146796942,1.0,0.3149545664928155,0.16292166607793965,1,0,-0.4634320574914618,-0.11398014801480283,-0.1888135242095653,2.1327132713271304,-0.5708695869586955,0.22002200220021528,0,-0.12803735730716007,0.0,1.6386236837969526,0.0,-1.595159515951595,0.0,1,1.8175212220556762,-0.340441736481345,0.15024732787436249,0.01618431073877602,1.934604643265784,0.0,4,0.009444539510015485,0.0,-0.0552295530660755,0.0,0.023370887745436757,0.0,1,-0.08767982438948237,-0.1649755546274223,-0.5856604610078651,-0.6786969019482614,-0.0009990315270843226,0.0,1,2.101319703670087,0.0,2.0280813359749414,0.0,4.123416373895454,0.0,3,
random_2026091694,random,2026091694,1.0,0.4166666666666667,0.028837466146796942,1.0,0.3149545664928155,0.16292166607793965,1,0,-0.4634320574914618,-0.11398014801480283,-0.1888135242095653,2.1327132713271304,-0.5708695869586955,0.22002200220021528,0,-0.12803735730716007,0.0,1.6386236837969526,0.0,-1.595159515951595,0.0,1,1.8175212220556762,-0.340441736481345,0.15024732787436249,0.01618431073877602,1.934604643265784,0.0,4,0.009444539510015485,0.0,-0.0552295530660755,0.0,0.023370887745436757,0.0,1,-0.08767982438948237,-0.1649755546274223,-0.5856604610078651,-0.6786969019482614,-0.0009990315270843226,0.0,1,2.101319703670087,0.0,2.0280813359749414,0.0,4.123416373895454,0.0,3,
random_2026091695,random,2026091695,1.0,0.4166666666666667,0.028837466146796942,1.0,0.3149545664928155,0.16292166607793965,1,0,-0.4634320574914618,-0.11398014801480283,-0.1888135242095653,2.1327132713271304,-0.5708695869586955,0.22002200220021528,0,-0.12803735730716007,0.0,1.6386236837969526,0.0,-1.595159515951595,0.0,1,1.8175212220556762,-0.340441736481345,0.15024732787436249,0.01618431073877602,1.934604643265784,0.0,4,0.009444539510015485,0.0,-0.0552295530660755,0.0,0.023370887745436757,0.0,1,-0.08767982438948237,-0.1649755546274223,-0.5856604610078651,-0.6786969019482614,-0.0009990315270843226,0.0,1,2.101319703670087,0.0,2.0280813359749414,0.0,4.123416373895454,0.0,3,
random_2026091696,random,2026091696,1.0,0.4166666666666667,0.028837466146796942,1.0,0.3149545664928155,0.16292166607793965,1,0,-0.4634320574914618,-0.11398014801480283,-0.1888135242095653,2.1327132713271304,-0.5708695869586955,0.22002200220021528,0,-0.12803735730716007,0.0,1.6386236837969526,0.0,-1.595159515951595,0.0,1,1.8175212220556762,-0.340441736481345,0.15024732787436249,0.01618431073877602,1.934604643265784,0.0,4,0.009444539510015485,0.0,-0.0552295530660755,0.0,0.023370887745436757,0.0,1,-0.08767982438948237,-0.1649755546274223,-0.5856604610078651,-0.6786969019482614,-0.0009990315270843226,0.0,1,2.101319703670087,0.0,2.0280813359749414,0.0,4.123416373895454,0.0,3,
random_2026091697,random,2026091697,1.0,0.4166666666666667,0.028837466146796942,1.0,0.3149545664928155,0.16292166607793965,1,0,-0.4634320574914618,-0.11398014801480283,-0.1888135242095653,2.1327132713271304,-0.5708695869586955,0.22002200220021528,0,-0.12803735730716007,0.0,1.6386236837969526,0.0,-1.595159515951595,0.0,1,1.8175212220556762,-0.340441736481345,0.15024732787436249,0.01618431073877602,1.934604643265784,0.0,4,0.009444539510015485,0.0,-0.0552295530660755,0.0,0.023370887745436757,0.0,1,-0.08767982438948237,-0.1649755546274223,-0.5856604610078651,-0.6786969019482614,-0.0009990315270843226,0.0,1,2.101319703670087,0.0,2.0280813359749414,0.0,4.123416373895454,0.0,3,
random_2026091698,random,2026091698,1.0,0.4166666666666667,0.028837466146796942,1.0,0.3149545664928155,0.16292166607793965,1,0,-0.4634320574914618,-0.11398014801480283,-0.1888135242095653,2.1327132713271304,-0.5708695869586955,0.22002200220021528,0,-0.12803735730716007,0.0,1.6386236837969526,0.0,-1.595159515951595,0.0,1,1.8175212220556762,-0.340441736481345,0.15024732787436249,0.01618431073877602,1.934604643265784,0.0,4,0.009444539510015485,0.0,-0.0552295530660755,0.0,0.023370887745436757,0.0,1,-0.08767982438948237,-0.1649755546274223,-0.5856604610078651,-0.6786969019482614,-0.0009990315270843226,0.0,1,2.101319703670087,0.0,2.0280813359749414,0.0,4.123416373895454,0.0,3,
random_2026091699,random,2026091699,1.0,0.4166666666666667,0.028837466146796942,1.0,0.3149545664928155,0.16292166607793965,1,0,-0.4634320574914618,-0.11398014801480283,-0.1888135242095653,2.1327132713271304,-0.5708695869586955,0.22002200220021528,0,-0.12803735730716007,0.0,1.6386236837969526,0.0,-1.595159515951595,0.0,1,1.8175212220556762,-0.340441736481345,0.15024732787436249,0.01618431073877602,1.934604643265784,0.0,4,0.009444539510015485,0.0,-0.0552295530660755,0.0,0.023370887745436757,0.0,1,-0.08767982438948237,-0.1649755546274223,-0.5856604610078651,-0.6786969019482614,-0.0009990315270843226,0.0,1,2.101319703670087,0.0,2.0280813359749414,0.0,4.123416373895454,0.0,3,
random_2026091700,random,2026091700,1.0,0.4166666666666667,0.028837466146796942,1.0,0.3149545664928155,0.16292166607793965,1,0,-0.4634320574914618,-0.11398014801480283,-0.1888135242095653,2.1327132713271304,-0.5708695869586955,0.22002200220021528,0,-0.12803735730716007,0.0,1.6386236837969526,0.0,-1.595159515951595,0.0,1,1.8175212220556762,-0.340441736481345,0.15024732787436249,0.01618431073877602,1.934604643265784,0.0,4,0.009444539510015485,0.0,-0.0552295530660755,0.0,0.023370887745436757,0.0,1,-0.08767982438948237,-0.1649755546274223,-0.5856604610078651,-0.6786969019482614,-0.0009990315270843226,0.0,1,2.101319703670087,0.0,2.0280813359749414,0.0,4.123416373895454,0.0,3,
random_2026091701,random,2026091701,1.0,0.4166666666666667,0.028837466146796942,1.0,0.3149545664928155,0.16292166607793965,1,0,-0.4634320574914618,-0.11398014801480283,-0.1888135242095653,2.1327132713271304,-0.5708695869586955,0.22002200220021528,0,-0.12803735730716007,0.0,1.6386236837969526,0.0,-1.595159515951595,0.0,1,1.8175212220556762,-0.340441736481345,0.15024732787436249,0.01618431073877602,1.934604643265784,0.0,4,0.009444539510015485,0.0,-0.0552295530660755,0.0,0.023370887745436757,0.0,1,-0.08767982438948237,-0.1649755546274223,-0.5856604610078651,-0.6786969019482614,-0.0009990315270843226,0.0,1,2.101319703670087,0.0,2.0280813359749414,0.0,4.123416373895454,0.0,3,
random_2026091702,random,2026091702,1.0,0.4166666666666667,0.028837466146796942,1.0,0.3149545664928155,0.16292166607793965,1,0,-0.4634320574914618,-0.11398014801480283,-0.1888135242095653,2.1327132713271304,-0.5708695869586955,0.22002200220021528,0,-0.12803735730716007,0.0,1.6386236837969526,0.0,-1.595159515951595,0.0,1,1.8175212220556762,-0.340441736481345,0.15024732787436249,0.01618431073877602,1.934604643265784,0.0,4,0.009444539510015485,0.0,-0.0552295530660755,0.0,0.023370887745436757,0.0,1,-0.08767982438948237,-0.1649755546274223,-0.5856604610078651,-0.6786969019482614,-0.0009990315270843226,0.0,1,2.101319703670087,0.0,2.0280813359749414,0.0,4.123416373895454,0.0,3,
random_2026091703,random,2026091703,1.0,0.4166666666666667,0.028837466146796942,1.0,0.3149545664928155,0.16292166607793965,1,0,-0.4634320574914618,-0.11398014801480283,-0.1888135242095653,2.1327132713271304,-0.5708695869586955,0.22002200220021528,0,-0.12803735730716007,0.0,1.6386236837969526,0.0,-1.595159515951595,0.0,1,1.8175212220556762,-0.340441736481345,0.15024732787436249,0.01618431073877602,1.934604643265784,0.0,4,0.009444539510015485,0.0,-0.0552295530660755,0.0,0.023370887745436757,0.0,1,-0.08767982438948237,-0.1649755546274223,-0.5856604610078651,-0.6786969019482614,-0.0009990315270843226,0.0,1,2.101319703670087,0.0,2.0280813359749414,0.0,4.123416373895454,0.0,3,
random_2026091704,random,2026091704,1.0,0.4166666666666667,0.028837466146796942,1.0,0.3149545664928155,0.16292166607793965,1,0,-0.4634320574914618,-0.11398014801480283,-0.1888135242095653,2.1327132713271304,-0.5708695869586955,0.22002200220021528,0,-0.12803735730716007,0.0,1.6386236837969526,0.0,-1.595159515951595,0.0,1,1.8175212220556762,-0.340441736481345,0.15024732787436249,0.01618431073877602,1.934604643265784,0.0,4,0.009444539510015485,0.0,-0.0552295530660755,0.0,0.023370887745436757,0.0,1,-0.08767982438948237,-0.1649755546274223,-0.5856604610078651,-0.6786969019482614,-0.0009990315270843226,0.0,1,2.101319703670087,0.0,2.0280813359749414,0.0,4.123416373895454,0.0,3,
random_2026091705,random,2026091705,1.0,0.4166666666666667,0.028837466146796942,1.0,0.3149545664928155,0.16292166607793965,1,0,-0.4634320574914618,-0.11398014801480283,-0.1888135242095653,2.1327132713271304,-0.5708695869586955,0.22002200220021528,0,-0.12803735730716007,0.0,1.6386236837969526,0.0,-1.595159515951595,0.0,1,1.8175212220556762,-0.340441736481345,0.15024732787436249,0.01618431073877602,1.934604643265784,0.0,4,0.009444539510015485,0.0,-0.0552295530660755,0.0,0.023370887745436757,0.0,1,-0.08767982438948237,-0.1649755546274223,-0.5856604610078651,-0.6786969019482614,-0.0009990315270843226,0.0,1,2.101319703670087,0.0,2.0280813359749414,0.0,4.123416373895454,0.0,3,
random_2026091706,random,2026091706,1.0,0.4166666666666667,0.028837466146796942,1.0,0.3149545664928155,0.16292166607793965,1,0,-0.4634320574914618,-0.11398014801480283,-0.1888135242095653,2.1327132713271304,-0.5708695869586955,0.22002200220021528,0,-0.12803735730716007,0.0,1.6386236837969526,0.0,-1.595159515951595,0.0,1,1.8175212220556762,-0.340441736481345,0.15024732787436249,0.01618431073877602,1.934604643265784,0.0,4,0.009444539510015485,0.0,-0.0552295530660755,0.0,0.023370887745436757,0.0,1,-0.08767982438948237,-0.1649755546274223,-0.5856604610078651,-0.6786969019482614,-0.0009990315270843226,0.0,1,2.101319703670087,0.0,2.0280813359749414,0.0,4.123416373895454,0.0,3,
random_2026091707,random,2026091707,1.0,0.4166666666666667,0.028837466146796942,1.0,0.3149545664928155,0.16292166607793965,1,0,-0.4634320574914618,-0.11398014801480283,-0.1888135242095653,2.1327132713271304,-0.5708695869586955,0.22002200220021528,0,-0.12803735730716007,0.0,1.6386236837969526,0.0,-1.595159515951595,0.0,1,1.8175212220556762,-0.340441736481345,0.15024732787436249,0.01618431073877602,1.934604643265784,0.0,4,0.009444539510015485,0.0,-0.0552295530660755,0.0,0.023370887745436757,0.0,1,-0.08767982438948237,-0.1649755546274223,-0.5856604610078651,-0.6786969019482614,-0.0009990315270843226,0.0,1,2.101319703670087,0.0,2.0280813359749414,0.0,4.123416373895454,0.0,3,
random_2026091708,random,2026091708,1.0,0.4166666666666667,0.028837466146796942,1.0,0.3149545664928155,0.16292166607793965,1,0,-0.4634320574914618,-0.11398014801480283,-0.1888135242095653,2.1327132713271304,-0.5708695869586955,0.22002200220021528,0,-0.12803735730716007,0.0,1.6386236837969526,0.0,-1.595159515951595,0.0,1,1.8175212220556762,-0.340441736481345,0.15024732787436249,0.01618431073877602,1.934604643265784,0.0,4,0.009444539510015485,0.0,-0.0552295530660755,0.0,0.023370887745436757,0.0,1,-0.08767982438948237,-0.1649755546274223,-0.5856604610078651,-0.6786969019482614,-0.0009990315270843226,0.0,1,2.101319703670087,0.0,2.0280813359749414,0.0,4.123416373895454,0.0,3,
random_2026091709,random,2026091709,1.0,0.4166666666666667,0.028837466146796942,1.0,0.3149545664928155,0.16292166607793965,1,0,-0.4634320574914618,-0.11398014801480283,-0.1888135242095653,2.1327132713271304,-0.5708695869586955,0.22002200220021528,0,-0.12803735730716007,0.0,1.6386236837969526,0.0,-1.595159515951595,0.0,1,1.8175212220556762,-0.340441736481345,0.15024732787436249,0.01618431073877602,1.934604643265784,0.0,4,0.009444539510015485,0.0,-0.0552295530660755,0.0,0.023370887745436757,0.0,1,-0.08767982438948237,-0.1649755546274223,-0.5856604610078651,-0.6786969019482614,-0.0009990315270843226,0.0,1,2.101319703670087,0.0,2.0280813359749414,0.0,4.123416373895454,0.0,3,
random_2026091710,random,2026091710,1.0,0.4166666666666667,0.028837466146796942,1.0,0.3149545664928155,0.16292166607793965,1,0,-0.4634320574914618,-0.11398014801480283,-0.1888135242095653,2.1327132713271304,-0.5708695869586955,0.22002200220021528,0,-0.12803735730716007,0.0,1.6386236837969526,0.0,-1.595159515951595,0.0,1,1.8175212220556762,-0.340441736481345,0.15024732787436249,0.01618431073877602,1.934604643265784,0.0,4,0.009444539510015485,0.0,-0.0552295530660755,0.0,0.023370887745436757,0.0,1,-0.08767982438948237,-0.1649755546274223,-0.5856604610078651,-0.6786969019482614,-0.0009990315270843226,0.0,1,2.101319703670087,0.0,2.0280813359749414,0.0,4.123416373895454,0.0,3,
random_2026091711,random,2026091711,1.0,0.4166666666666667,0.028837466146796942,1.0,0.3149545664928155,0.16292166607793965,1,0,-0.4634320574914618,-0.11398014801480283,-0.1888135242095653,2.1327132713271304,-0.5708695869586955,0.22002200220021528,0,-0.12803735730716007,0.0,1.6386236837969526,0.0,-1.595159515951595,0.0,1,1.8175212220556762,-0.340441736481345,0.15024732787436249,0.01618431073877602,1.934604643265784,0.0,4,0.009444539510015485,0.0,-0.0552295530660755,0.0,0.023370887745436757,0.0,1,-0.08767982438948237,-0.1649755546274223,-0.5856604610078651,-0.6786969019482614,-0.0009990315270843226,0.0,1,2.101319703670087,0.0,2.0280813359749414,0.0,4.123416373895454,0.0,3,
random_2026091712,random,2026091712,1.0,0.4166666666666667,0.028837466146796942,1.0,0.3149545664928155,0.16292166607793965,1,0,-0.4634320574914618,-0.11398014801480283,-0.1888135242095653,2.1327132713271304,-0.5708695869586955,0.22002200220021528,0,-0.12803735730716007,0.0,1.6386236837969526,0.0,-1.595159515951595,0.0,1,1.8175212220556762,-0.340441736481345,0.15024732787436249,0.01618431073877602,1.934604643265784,0.0,4,0.009444539510015485,0.0,-0.0552295530660755,0.0,0.023370887745436757,0.0,1,-0.08767982438948237,-0.1649755546274223,-0.5856604610078651,-0.6786969019482614,-0.0009990315270843226,0.0,1,2.101319703670087,0.0,2.0280813359749414,0.0,4.123416373895454,0.0,3,
random_2026091713,random,2026091713,1.0,0.4166666666666667,0.028837466146796942,1.0,0.3149545664928155,0.16292166607793965,1,0,-0.4634320574914618,-0.11398014801480283,-0.1888135242095653,2.1327132713271304,-0.5708695869586955,0.22002200220021528,0,-0.12803735730716007,0.0,1.6386236837969526,0.0,-1.595159515951595,0.0,1,1.8175212220556762,-0.340441736481345,0.15024732787436249,0.01618431073877602,1.934604643265784,0.0,4,0.009444539510015485,0.0,-0.0552295530660755,0.0,0.023370887745436757,0.0,1,-0.08767982438948237,-0.1649755546274223,-0.5856604610078651,-0.6786969019482614,-0.0009990315270843226,0.0,1,2.101319703670087,0.0,2.0280813359749414,0.0,4.123416373895454,0.0,3,
random_2026091714,random,2026091714,1.0,0.4166666666666667,0.028837466146796942,1.0,0.3149545664928155,0.16292166607793965,1,0,-0.4634320574914618,-0.11398014801480283,-0.1888135242095653,2.1327132713271304,-0.5708695869586955,0.22002200220021528,0,-0.12803735730716007,0.0,1.6386236837969526,0.0,-1.595159515951595,0.0,1,1.8175212220556762,-0.340441736481345,0.15024732787436249,0.01618431073877602,1.934604643265784,0.0,4,0.009444539510015485,0.0,-0.0552295530660755,0.0,0.023370887745436757,0.0,1,-0.08767982438948237,-0.1649755546274223,-0.5856604610078651,-0.6786969019482614,-0.0009990315270843226,0.0,1,2.101319703670087,0.0,2.0280813359749414,0.0,4.123416373895454,0.0,3,
random_2026091715,random,2026091715,1.0,0.4166666666666667,0.028837466146796942,1.0,0.3149545664928155,0.16292166607793965,1,0,-0.4634320574914618,-0.11398014801480283,-0.1888135242095653,2.1327132713271304,-0.5708695869586955,0.22002200220021528,0,-0.12803735730716007,0.0,1.6386236837969526,0.0,-1.595159515951595,0.0,1,1.8175212220556762,-0.340441736481345,0.15024732787436249,0.01618431073877602,1.934604643265784,0.0,4,0.009444539510015485,0.0,-0.0552295530660755,0.0,0.023370887745436757,0.0,1,-0.08767982438948237,-0.1649755546274223,-0.5856604610078651,-0.6786969019482614,-0.0009990315270843226,0.0,1,2.101319703670087,0.0,2.0280813359749414,0.0,4.123416373895454,0.0,3,
random_2026091716,random,2026091716,1.0,0.4166666666666667,0.028837466146796942,1.0,0.3149545664928155,0.16292166607793965,1,0,-0.4634320574914618,-0.11398014801480283,-0.1888135242095653,2.1327132713271304,-0.5708695869586955,0.22002200220021528,0,-0.12803735730716007,0.0,1.6386236837969526,0.0,-1.595159515951595,0.0,1,1.8175212220556762,-0.340441736481345,0.15024732787436249,0.01618431073877602,1.934604643265784,0.0,4,0.009444539510015485,0.0,-0.0552295530660755,0.0,0.023370887745436757,0.0,1,-0.08767982438948237,-0.1649755546274223,-0.5856604610078651,-0.6786969019482614,-0.0009990315270843226,0.0,1,2.101319703670087,0.0,2.0280813359749414,0.0,4.123416373895454,0.0,3,
random_2026091717,random,2026091717,1.0,0.4166666666666667,0.028837466146796942,1.0,0.3149545664928155,0.16292166607793965,1,0,-0.4634320574914618,-0.11398014801480283,-0.1888135242095653,2.1327132713271304,-0.5708695869586955,0.22002200220021528,0,-0.12803735730716007,0.0,1.6386236837969526,0.0,-1.595159515951595,0.0,1,1.8175212220556762,-0.340441736481345,0.15024732787436249,0.01618431073877602,1.934604643265784,0.0,4,0.009444539510015485,0.0,-0.0552295530660755,0.0,0.023370887745436757,0.0,1,-0.08767982438948237,-0.1649755546274223,-0.5856604610078651,-0.6786969019482614,-0.0009990315270843226,0.0,1,2.101319703670087,0.0,2.0280813359749414,0.0,4.123416373895454,0.0,3,
random_2026091718,random,2026091718,1.0,0.4166666666666667,0.028837466146796942,1.0,0.3149545664928155,0.16292166607793965,1,0,-0.4634320574914618,-0.11398014801480283,-0.1888135242095653,2.1327132713271304,-0.5708695869586955,0.22002200220021528,0,-0.12803735730716007,0.0,1.6386236837969526,0.0,-1.595159515951595,0.0,1,1.8175212220556762,-0.340441736481345,0.15024732787436249,0.01618431073877602,1.934604643265784,0.0,4,0.009444539510015485,0.0,-0.0552295530660755,0.0,0.023370887745436757,0.0,1,-0.08767982438948237,-0.1649755546274223,-0.5856604610078651,-0.6786969019482614,-0.0009990315270843226,0.0,1,2.101319703670087,0.0,2.0280813359749414,0.0,4.123416373895454,0.0,3,
random_2026091719,random,2026091719,1.0,0.4166666666666667,0.028837466146796942,1.0,0.3149545664928155,0.16292166607793965,1,0,-0.4634320574914618,-0.11398014801480283,-0.1888135242095653,2.1327132713271304,-0.5708695869586955,0.22002200220021528,0,-0.12803735730716007,0.0,1.6386236837969526,0.0,-1.595159515951595,0.0,1,1.8175212220556762,-0.340441736481345,0.15024732787436249,0.01618431073877602,1.934604643265784,0.0,4,0.009444539510015485,0.0,-0.0552295530660755,0.0,0.023370887745436757,0.0,1,-0.08767982438948237,-0.1649755546274223,-0.5856604610078651,-0.6786969019482614,-0.0009990315270843226,0.0,1,2.101319703670087,0.0,2.0280813359749414,0.0,4.123416373895454,0.0,3,
random_2026091720,random,2026091720,1.0,0.4166666666666667,0.028837466146796942,1.0,0.3149545664928155,0.16292166607793965,1,0,-0.4634320574914618,-0.11398014801480283,-0.1888135242095653,2.1327132713271304,-0.5708695869586955,0.22002200220021528,0,-0.12803735730716007,0.0,1.6386236837969526,0.0,-1.595159515951595,0.0,1,1.8175212220556762,-0.340441736481345,0.15024732787436249,0.01618431073877602,1.934604643265784,0.0,4,0.009444539510015485,0.0,-0.0552295530660755,0.0,0.023370887745436757,0.0,1,-0.08767982438948237,-0.1649755546274223,-0.5856604610078651,-0.6786969019482614,-0.0009990315270843226,0.0,1,2.101319703670087,0.0,2.0280813359749414,0.0,4.123416373895454,0.0,3,
random_2026091721,random,2026091721,1.0,0.4166666666666667,0.028837466146796942,1.0,0.3149545664928155,0.16292166607793965,1,0,-0.4634320574914618,-0.11398014801480283,-0.1888135242095653,2.1327132713271304,-0.5708695869586955,0.22002200220021528,0,-0.12803735730716007,0.0,1.6386236837969526,0.0,-1.595159515951595,0.0,1,1.8175212220556762,-0.340441736481345,0.15024732787436249,0.01618431073877602,1.934604643265784,0.0,4,0.009444539510015485,0.0,-0.0552295530660755,0.0,0.023370887745436757,0.0,1,-0.08767982438948237,-0.1649755546274223,-0.5856604610078651,-0.6786969019482614,-0.0009990315270843226,0.0,1,2.101319703670087,0.0,2.0280813359749414,0.0,4.123416373895454,0.0,3,
random_2026091722,random,2026091722,1.0,0.4166666666666667,0.028837466146796942,1.0,0.3149545664928155,0.16292166607793965,1,0,-0.4634320574914618,-0.11398014801480283,-0.1888135242095653,2.1327132713271304,-0.5708695869586955,0.22002200220021528,0,-0.12803735730716007,0.0,1.6386236837969526,0.0,-1.595159515951595,0.0,1,1.8175212220556762,-0.340441736481345,0.15024732787436249,0.01618431073877602,1.934604643265784,0.0,4,0.009444539510015485,0.0,-0.0552295530660755,0.0,0.023370887745436757,0.0,1,-0.08767982438948237,-0.1649755546274223,-0.5856604610078651,-0.6786969019482614,-0.0009990315270843226,0.0,1,2.101319703670087,0.0,2.0280813359749414,0.0,4.123416373895454,0.0,3,
random_2026091723,random,2026091723,1.0,0.4166666666666667,0.028837466146796942,1.0,0.3149545664928155,0.16292166607793965,1,0,-0.4634320574914618,-0.11398014801480283,-0.1888135242095653,2.1327132713271304,-0.5708695869586955,0.22002200220021528,0,-0.12803735730716007,0.0,1.6386236837969526,0.0,-1.595159515951595,0.0,1,1.8175212220556762,-0.340441736481345,0.15024732787436249,0.01618431073877602,1.934604643265784,0.0,4,0.009444539510015485,0.0,-0.0552295530660755,0.0,0.023370887745436757,0.0,1,-0.08767982438948237,-0.1649755546274223,-0.5856604610078651,-0.6786969019482614,-0.0009990315270843226,0.0,1,2.101319703670087,0.0,2.0280813359749414,0.0,4.123416373895454,0.0,3,
random_2026091724,random,2026091724,1.0,0.4166666666666667,0.028837466146796942,1.0,0.3149545664928155,0.16292166607793965,1,0,-0.4634320574914618,-0.11398014801480283,-0.1888135242095653,2.1327132713271304,-0.5708695869586955,0.22002200220021528,0,-0.12803735730716007,0.0,1.6386236837969526,0.0,-1.595159515951595,0.0,1,1.8175212220556762,-0.340441736481345,0.15024732787436249,0.01618431073877602,1.934604643265784,0.0,4,0.009444539510015485,0.0,-0.0552295530660755,0.0,0.023370887745436757,0.0,1,-0.08767982438948237,-0.1649755546274223,-0.5856604610078651,-0.6786969019482614,-0.0009990315270843226,0.0,1,2.101319703670087,0.0,2.0280813359749414,0.0,4.123416373895454,0.0,3,
random_2026091725,random,2026091725,1.0,0.4166666666666667,0.028837466146796942,1.0,0.3149545664928155,0.16292166607793965,1,0,-0.4634320574914618,-0.11398014801480283,-0.1888135242095653,2.1327132713271304,-0.5708695869586955,0.22002200220021528,0,-0.12803735730716007,0.0,1.6386236837969526,0.0,-1.595159515951595,0.0,1,1.8175212220556762,-0.340441736481345,0.15024732787436249,0.01618431073877602,1.934604643265784,0.0,4,0.009444539510015485,0.0,-0.0552295530660755,0.0,0.023370887745436757,0.0,1,-0.08767982438948237,-0.1649755546274223,-0.5856604610078651,-0.6786969019482614,-0.0009990315270843226,0.0,1,2.101319703670087,0.0,2.0280813359749414,0.0,4.123416373895454,0.0,3,
random_2026091726,random,2026091726,1.0,0.4166666666666667,0.028837466146796942,1.0,0.3149545664928155,0.16292166607793965,1,0,-0.4634320574914618,-0.11398014801480283,-0.1888135242095653,2.1327132713271304,-0.5708695869586955,0.22002200220021528,0,-0.12803735730716007,0.0,1.6386236837969526,0.0,-1.595159515951595,0.0,1,1.8175212220556762,-0.340441736481345,0.15024732787436249,0.01618431073877602,1.934604643265784,0.0,4,0.009444539510015485,0.0,-0.0552295530660755,0.0,0.023370887745436757,0.0,1,-0.08767982438948237,-0.1649755546274223,-0.5856604610078651,-0.6786969019482614,-0.0009990315270843226,0.0,1,2.101319703670087,0.0,2.0280813359749414,0.0,4.123416373895454,0.0,3,
random_2026091727,random,2026091727,1.0,0.4166666666666667,0.028837466146796942,1.0,0.3149545664928155,0.16292166607793965,1,0,-0.4634320574914618,-0.11398014801480283,-0.1888135242095653,2.1327132713271304,-0.5708695869586955,0.22002200220021528,0,-0.12803735730716007,0.0,1.6386236837969526,0.0,-1.595159515951595,0.0,1,1.8175212220556762,-0.340441736481345,0.15024732787436249,0.01618431073877602,1.934604643265784,0.0,4,0.009444539510015485,0.0,-0.0552295530660755,0.0,0.023370887745436757,0.0,1,-0.08767982438948237,-0.1649755546274223,-0.5856604610078651,-0.6786969019482614,-0.0009990315270843226,0.0,1,2.101319703670087,0.0,2.0280813359749414,0.0,4.123416373895454,0.0,3,
random_2026091728,random,2026091728,1.0,0.4166666666666667,0.028837466146796942,1.0,0.3149545664928155,0.16292166607793965,1,0,-0.4634320574914618,-0.11398014801480283,-0.1888135242095653,2.1327132713271304,-0.5708695869586955,0.22002200220021528,0,-0.12803735730716007,0.0,1.6386236837969526,0.0,-1.595159515951595,0.0,1,1.8175212220556762,-0.340441736481345,0.15024732787436249,0.01618431073877602,1.934604643265784,0.0,4,0.009444539510015485,0.0,-0.0552295530660755,0.0,0.023370887745436757,0.0,1,-0.08767982438948237,-0.1649755546274223,-0.5856604610078651,-0.6786969019482614,-0.0009990315270843226,0.0,1,2.101319703670087,0.0,2.0280813359749414,0.0,4.123416373895454,0.0,3,
random_2026091729,random,2026091729,1.0,0.4166666666666667,0.028837466146796942,1.0,0.3149545664928155,0.16292166607793965,1,0,-0.4634320574914618,-0.11398014801480283,-0.1888135242095653,2.1327132713271304,-0.5708695869586955,0.22002200220021528,0,-0.12803735730716007,0.0,1.6386236837969526,0.0,-1.595159515951595,0.0,1,1.8175212220556762,-0.340441736481345,0.15024732787436249,0.01618431073877602,1.934604643265784,0.0,4,0.009444539510015485,0.0,-0.0552295530660755,0.0,0.023370887745436757,0.0,1,-0.08767982438948237,-0.1649755546274223,-0.5856604610078651,-0.6786969019482614,-0.0009990315270843226,0.0,1,2.101319703670087,0.0,2.0280813359749414,0.0,4.123416373895454,0.0,3,
random_2026091730,random,2026091730,1.0,0.4166666666666667,0.028837466146796942,1.0,0.3149545664928155,0.16292166607793965,1,0,-0.4634320574914618,-0.11398014801480283,-0.1888135242095653,2.1327132713271304,-0.5708695869586955,0.22002200220021528,0,-0.12803735730716007,0.0,1.6386236837969526,0.0,-1.595159515951595,0.0,1,1.8175212220556762,-0.340441736481345,0.15024732787436249,0.01618431073877602,1.934604643265784,0.0,4,0.009444539510015485,0.0,-0.0552295530660755,0.0,0.023370887745436757,0.0,1,-0.08767982438948237,-0.1649755546274223,-0.5856604610078651,-0.6786969019482614,-0.0009990315270843226,0.0,1,2.101319703670087,0.0,2.0280813359749414,0.0,4.123416373895454,0.0,3,
random_2026091731,random,2026091731,1.0,0.4166666666666667,0.028837466146796942,1.0,0.3149545664928155,0.16292166607793965,1,0,-0.4634320574914618,-0.11398014801480283,-0.1888135242095653,2.1327132713271304,-0.5708695869586955,0.22002200220021528,0,-0.12803735730716007,0.0,1.6386236837969526,0.0,-1.595159515951595,0.0,1,1.8175212220556762,-0.340441736481345,0.15024732787436249,0.01618431073877602,1.934604643265784,0.0,4,0.009444539510015485,0.0,-0.0552295530660755,0.0,0.023370887745436757,0.0,1,-0.08767982438948237,-0.1649755546274223,-0.5856604610078651,-0.6786969019482614,-0.0009990315270843226,0.0,1,2.101319703670087,0.0,2.0280813359749414,0.0,4.123416373895454,0.0,3,
random_2026091732,random,2026091732,1.0,0.4166666666666667,0.028837466146796942,1.0,0.3149545664928155,0.16292166607793965,1,0,-0.4634320574914618,-0.11398014801480283,-0.1888135242095653,2.1327132713271304,-0.5708695869586955,0.22002200220021528,0,-0.12803735730716007,0.0,1.6386236837969526,0.0,-1.595159515951595,0.0,1,1.8175212220556762,-0.340441736481345,0.15024732787436249,0.01618431073877602,1.934604643265784,0.0,4,0.009444539510015485,0.0,-0.0552295530660755,0.0,0.023370887745436757,0.0,1,-0.08767982438948237,-0.1649755546274223,-0.5856604610078651,-0.6786969019482614,-0.0009990315270843226,0.0,1,2.101319703670087,0.0,2.0280813359749414,0.0,4.123416373895454,0.0,3,
random_2026091733,random,2026091733,1.0,0.4166666666666667,0.028837466146796942,1.0,0.3149545664928155,0.16292166607793965,1,0,-0.4634320574914618,-0.11398014801480283,-0.1888135242095653,2.1327132713271304,-0.5708695869586955,0.22002200220021528,0,-0.12803735730716007,0.0,1.6386236837969526,0.0,-1.595159515951595,0.0,1,1.8175212220556762,-0.340441736481345,0.15024732787436249,0.01618431073877602,1.934604643265784,0.0,4,0.009444539510015485,0.0,-0.0552295530660755,0.0,0.023370887745436757,0.0,1,-0.08767982438948237,-0.1649755546274223,-0.5856604610078651,-0.6786969019482614,-0.0009990315270843226,0.0,1,2.101319703670087,0.0,2.0280813359749414,0.0,4.123416373895454,0.0,3,
random_2026091734,random,2026091734,1.0,0.4166666666666667,0.028837466146796942,1.0,0.3149545664928155,0.16292166607793965,1,0,-0.4634320574914618,-0.11398014801480283,-0.1888135242095653,2.1327132713271304,-0.5708695869586955,0.22002200220021528,0,-0.12803735730716007,0.0,1.6386236837969526,0.0,-1.595159515951595,0.0,1,1.8175212220556762,-0.340441736481345,0.15024732787436249,0.01618431073877602,1.934604643265784,0.0,4,0.009444539510015485,0.0,-0.0552295530660755,0.0,0.023370887745436757,0.0,1,-0.08767982438948237,-0.1649755546274223,-0.5856604610078651,-0.6786969019482614,-0.0009990315270843226,0.0,1,2.101319703670087,0.0,2.0280813359749414,0.0,4.123416373895454,0.0,3,
random_2026091735,random,2026091735,1.0,0.4166666666666667,0.028837466146796942,1.0,0.3149545664928155,0.16292166607793965,1,0,-0.4634320574914618,-0.11398014801480283,-0.1888135242095653,2.1327132713271304,-0.5708695869586955,0.22002200220021528,0,-0.12803735730716007,0.0,1.6386236837969526,0.0,-1.595159515951595,0.0,1,1.8175212220556762,-0.340441736481345,0.15024732787436249,0.01618431073877602,1.934604643265784,0.0,4,0.009444539510015485,0.0,-0.0552295530660755,0.0,0.023370887745436757,0.0,1,-0.08767982438948237,-0.1649755546274223,-0.5856604610078651,-0.6786969019482614,-0.0009990315270843226,0.0,1,2.101319703670087,0.0,2.0280813359749414,0.0,4.123416373895454,0.0,3,
random_2026091736,random,2026091736,1.0,0.4166666666666667,0.028837466146796942,1.0,0.3149545664928155,0.16292166607793965,1,0,-0.4634320574914618,-0.11398014801480283,-0.1888135242095653,2.1327132713271304,-0.5708695869586955,0.22002200220021528,0,-0.12803735730716007,0.0,1.6386236837969526,0.0,-1.595159515951595,0.0,1,1.8175212220556762,-0.340441736481345,0.15024732787436249,0.01618431073877602,1.934604643265784,0.0,4,0.009444539510015485,0.0,-0.0552295530660755,0.0,0.023370887745436757,0.0,1,-0.08767982438948237,-0.1649755546274223,-0.5856604610078651,-0.6786969019482614,-0.0009990315270843226,0.0,1,2.101319703670087,0.0,2.0280813359749414,0.0,4.123416373895454,0.0,3,
random_2026091737,random,2026091737,1.0,0.4166666666666667,0.028837466146796942,1.0,0.3149545664928155,0.16292166607793965,1,0,-0.4634320574914618,-0.11398014801480283,-0.1888135242095653,2.1327132713271304,-0.5708695869586955,0.22002200220021528,0,-0.12803735730716007,0.0,1.6386236837969526,0.0,-1.595159515951595,0.0,1,1.8175212220556762,-0.340441736481345,0.15024732787436249,0.01618431073877602,1.934604643265784,0.0,4,0.009444539510015485,0.0,-0.0552295530660755,0.0,0.023370887745436757,0.0,1,-0.08767982438948237,-0.1649755546274223,-0.5856604610078651,-0.6786969019482614,-0.0009990315270843226,0.0,1,2.101319703670087,0.0,2.0280813359749414,0.0,4.123416373895454,0.0,3,
random_2026091738,random,2026091738,1.0,0.4166666666666667,0.028837466146796942,1.0,0.3149545664928155,0.16292166607793965,1,0,-0.4634320574914618,-0.11398014801480283,-0.1888135242095653,2.1327132713271304,-0.5708695869586955,0.22002200220021528,0,-0.12803735730716007,0.0,1.6386236837969526,0.0,-1.595159515951595,0.0,1,1.8175212220556762,-0.340441736481345,0.15024732787436249,0.01618431073877602,1.934604643265784,0.0,4,0.009444539510015485,0.0,-0.0552295530660755,0.0,0.023370887745436757,0.0,1,-0.08767982438948237,-0.1649755546274223,-0.5856604610078651,-0.6786969019482614,-0.0009990315270843226,0.0,1,2.101319703670087,0.0,2.0280813359749414,0.0,4.123416373895454,0.0,3,
random_2026091739,random,2026091739,1.0,0.4166666666666667,0.028837466146796942,1.0,0.3149545664928155,0.16292166607793965,1,0,-0.4634320574914618,-0.11398014801480283,-0.1888135242095653,2.1327132713271304,-0.5708695869586955,0.22002200220021528,0,-0.12803735730716007,0.0,1.6386236837969526,0.0,-1.595159515951595,0.0,1,1.8175212220556762,-0.340441736481345,0.15024732787436249,0.01618431073877602,1.934604643265784,0.0,4,0.009444539510015485,0.0,-0.0552295530660755,0.0,0.023370887745436757,0.0,1,-0.08767982438948237,-0.1649755546274223,-0.5856604610078651,-0.6786969019482614,-0.0009990315270843226,0.0,1,2.101319703670087,0.0,2.0280813359749414,0.0,4.123416373895454,0.0,3,
random_2026091740,random,2026091740,1.0,0.4166666666666667,0.028837466146796942,1.0,0.3149545664928155,0.16292166607793965,1,0,-0.4634320574914618,-0.11398014801480283,-0.1888135242095653,2.1327132713271304,-0.5708695869586955,0.22002200220021528,0,-0.12803735730716007,0.0,1.6386236837969526,0.0,-1.595159515951595,0.0,1,1.8175212220556762,-0.340441736481345,0.15024732787436249,0.01618431073877602,1.934604643265784,0.0,4,0.009444539510015485,0.0,-0.0552295530660755,0.0,0.023370887745436757,0.0,1,-0.08767982438948237,-0.1649755546274223,-0.5856604610078651,-0.6786969019482614,-0.0009990315270843226,0.0,1,2.101319703670087,0.0,2.0280813359749414,0.0,4.123416373895454,0.0,3,
random_2026091741,random,2026091741,1.0,0.4166666666666667,0.028837466146796942,1.0,0.3149545664928155,0.16292166607793965,1,0,-0.4634320574914618,-0.11398014801480283,-0.1888135242095653,2.1327132713271304,-0.5708695869586955,0.22002200220021528,0,-0.12803735730716007,0.0,1.6386236837969526,0.0,-1.595159515951595,0.0,1,1.8175212220556762,-0.340441736481345,0.15024732787436249,0.01618431073877602,1.934604643265784,0.0,4,0.009444539510015485,0.0,-0.0552295530660755,0.0,0.023370887745436757,0.0,1,-0.08767982438948237,-0.1649755546274223,-0.5856604610078651,-0.6786969019482614,-0.0009990315270843226,0.0,1,2.101319703670087,0.0,2.0280813359749414,0.0,4.123416373895454,0.0,3,
random_2026091742,random,2026091742,1.0,0.4166666666666667,0.028837466146796942,1.0,0.3149545664928155,0.16292166607793965,1,0,-0.4634320574914618,-0.11398014801480283,-0.1888135242095653,2.1327132713271304,-0.5708695869586955,0.22002200220021528,0,-0.12803735730716007,0.0,1.6386236837969526,0.0,-1.595159515951595,0.0,1,1.8175212220556762,-0.340441736481345,0.15024732787436249,0.01618431073877602,1.934604643265784,0.0,4,0.009444539510015485,0.0,-0.0552295530660755,0.0,0.023370887745436757,0.0,1,-0.08767982438948237,-0.1649755546274223,-0.5856604610078651,-0.6786969019482614,-0.0009990315270843226,0.0,1,2.101319703670087,0.0,2.0280813359749414,0.0,4.123416373895454,0.0,3,
random_2026091743,random,2026091743,1.0,0.4166666666666667,0.028837466146796942,1.0,0.3149545664928155,0.16292166607793965,1,0,-0.4634320574914618,-0.11398014801480283,-0.1888135242095653,2.1327132713271304,-0.5708695869586955,0.22002200220021528,0,-0.12803735730716007,0.0,1.6386236837969526,0.0,-1.595159515951595,0.0,1,1.8175212220556762,-0.340441736481345,0.15024732787436249,0.01618431073877602,1.934604643265784,0.0,4,0.009444539510015485,0.0,-0.0552295530660755,0.0,0.023370887745436757,0.0,1,-0.08767982438948237,-0.1649755546274223,-0.5856604610078651,-0.6786969019482614,-0.0009990315270843226,0.0,1,2.101319703670087,0.0,2.0280813359749414,0.0,4.123416373895454,0.0,3,
random_2026091744,random,2026091744,1.0,0.4166666666666667,0.028837466146796942,1.0,0.3149545664928155,0.16292166607793965,1,0,-0.4634320574914618,-0.11398014801480283,-0.1888135242095653,2.1327132713271304,-0.5708695869586955,0.22002200220021528,0,-0.12803735730716007,0.0,1.6386236837969526,0.0,-1.595159515951595,0.0,1,1.8175212220556762,-0.340441736481345,0.15024732787436249,0.01618431073877602,1.934604643265784,0.0,4,0.009444539510015485,0.0,-0.0552295530660755,0.0,0.023370887745436757,0.0,1,-0.08767982438948237,-0.1649755546274223,-0.5856604610078651,-0.6786969019482614,-0.0009990315270843226,0.0,1,2.101319703670087,0.0,2.0280813359749414,0.0,4.123416373895454,0.0,3,
random_2026091745,random,2026091745,1.0,0.4166666666666667,0.028837466146796942,1.0,0.3149545664928155,0.16292166607793965,1,0,-0.4634320574914618,-0.11398014801480283,-0.1888135242095653,2.1327132713271304,-0.5708695869586955,0.22002200220021528,0,-0.12803735730716007,0.0,1.6386236837969526,0.0,-1.595159515951595,0.0,1,1.8175212220556762,-0.340441736481345,0.15024732787436249,0.01618431073877602,1.934604643265784,0.0,4,0.009444539510015485,0.0,-0.0552295530660755,0.0,0.023370887745436757,0.0,1,-0.08767982438948237,-0.1649755546274223,-0.5856604610078651,-0.6786969019482614,-0.0009990315270843226,0.0,1,2.101319703670087,0.0,2.0280813359749414,0.0,4.123416373895454,0.0,3,
random_2026091746,random,2026091746,1.0,0.4166666666666667,0.028837466146796942,1.0,0.3149545664928155,0.16292166607793965,1,0,-0.4634320574914618,-0.11398014801480283,-0.1888135242095653,2.1327132713271304,-0.5708695869586955,0.22002200220021528,0,-0.12803735730716007,0.0,1.6386236837969526,0.0,-1.595159515951595,0.0,1,1.8175212220556762,-0.340441736481345,0.15024732787436249,0.01618431073877602,1.934604643265784,0.0,4,0.009444539510015485,0.0,-0.0552295530660755,0.0,0.023370887745436757,0.0,1,-0.08767982438948237,-0.1649755546274223,-0.5856604610078651,-0.6786969019482614,-0.0009990315270843226,0.0,1,2.101319703670087,0.0,2.0280813359749414,0.0,4.123416373895454,0.0,3,
random_2026091747,random,2026091747,1.0,0.4166666666666667,0.028837466146796942,1.0,0.3149545664928155,0.16292166607793965,1,0,-0.4634320574914618,-0.11398014801480283,-0.1888135242095653,2.1327132713271304,-0.5708695869586955,0.22002200220021528,0,-0.12803735730716007,0.0,1.6386236837969526,0.0,-1.595159515951595,0.0,1,1.8175212220556762,-0.340441736481345,0.15024732787436249,0.01618431073877602,1.934604643265784,0.0,4,0.009444539510015485,0.0,-0.0552295530660755,0.0,0.023370887745436757,0.0,1,-0.08767982438948237,-0.1649755546274223,-0.5856604610078651,-0.6786969019482614,-0.0009990315270843226,0.0,1,2.101319703670087,0.0,2.0280813359749414,0.0,4.123416373895454,0.0,3,
random_2026091748,random,2026091748,1.0,0.4166666666666667,0.028837466146796942,1.0,0.3149545664928155,0.16292166607793965,1,0,-0.4634320574914618,-0.11398014801480283,-0.1888135242095653,2.1327132713271304,-0.5708695869586955,0.22002200220021528,0,-0.12803735730716007,0.0,1.6386236837969526,0.0,-1.595159515951595,0.0,1,1.8175212220556762,-0.340441736481345,0.15024732787436249,0.01618431073877602,1.934604643265784,0.0,4,0.009444539510015485,0.0,-0.0552295530660755,0.0,0.023370887745436757,0.0,1,-0.08767982438948237,-0.1649755546274223,-0.5856604610078651,-0.6786969019482614,-0.0009990315270843226,0.0,1,2.101319703670087,0.0,2.0280813359749414,0.0,4.123416373895454,0.0,3,
random_2026091749,random,2026091749,1.0,0.4166666666666667,0.028837466146796942,1.0,0.3149545664928155,0.16292166607793965,1,0,-0.4634320574914618,-0.11398014801480283,-0.1888135242095653,2.1327132713271304,-0.5708695869586955,0.22002200220021528,0,-0.12803735730716007,0.0,1.6386236837969526,0.0,-1.595159515951595,0.0,1,1.8175212220556762,-0.340441736481345,0.15024732787436249,0.01618431073877602,1.934604643265784,0.0,4,0.009444539510015485,0.0,-0.0552295530660755,0.0,0.023370887745436757,0.0,1,-0.08767982438948237,-0.1649755546274223,-0.5856604610078651,-0.6786969019482614,-0.0009990315270843226,0.0,1,2.101319703670087,0.0,2.0280813359749414,0.0,4.123416373895454,0.0,3,
random_2026091750,random,2026091750,1.0,0.4166666666666667,0.028837466146796942,1.0,0.3149545664928155,0.16292166607793965,1,0,-0.4634320574914618,-0.11398014801480283,-0.1888135242095653,2.1327132713271304,-0.5708695869586955,0.22002200220021528,0,-0.12803735730716007,0.0,1.6386236837969526,0.0,-1.595159515951595,0.0,1,1.8175212220556762,-0.340441736481345,0.15024732787436249,0.01618431073877602,1.934604643265784,0.0,4,0.009444539510015485,0.0,-0.0552295530660755,0.0,0.023370887745436757,0.0,1,-0.08767982438948237,-0.1649755546274223,-0.5856604610078651,-0.6786969019482614,-0.0009990315270843226,0.0,1,2.101319703670087,0.0,2.0280813359749414,0.0,4.123416373895454,0.0,3,
random_2026091751,random,2026091751,1.0,0.4166666666666667,0.028837466146796942,1.0,0.3149545664928155,0.16292166607793965,1,0,-0.4634320574914618,-0.11398014801480283,-0.1888135242095653,2.1327132713271304,-0.5708695869586955,0.22002200220021528,0,-0.12803735730716007,0.0,1.6386236837969526,0.0,-1.595159515951595,0.0,1,1.8175212220556762,-0.340441736481345,0.15024732787436249,0.01618431073877602,1.934604643265784,0.0,4,0.009444539510015485,0.0,-0.0552295530660755,0.0,0.023370887745436757,0.0,1,-0.08767982438948237,-0.1649755546274223,-0.5856604610078651,-0.6786969019482614,-0.0009990315270843226,0.0,1,2.101319703670087,0.0,2.0280813359749414,0.0,4.123416373895454,0.0,3,
random_2026091752,random,2026091752,1.0,0.4166666666666667,0.028837466146796942,1.0,0.3149545664928155,0.16292166607793965,1,0,-0.4634320574914618,-0.11398014801480283,-0.1888135242095653,2.1327132713271304,-0.5708695869586955,0.22002200220021528,0,-0.12803735730716007,0.0,1.6386236837969526,0.0,-1.595159515951595,0.0,1,1.8175212220556762,-0.340441736481345,0.15024732787436249,0.01618431073877602,1.934604643265784,0.0,4,0.009444539510015485,0.0,-0.0552295530660755,0.0,0.023370887745436757,0.0,1,-0.08767982438948237,-0.1649755546274223,-0.5856604610078651,-0.6786969019482614,-0.0009990315270843226,0.0,1,2.101319703670087,0.0,2.0280813359749414,0.0,4.123416373895454,0.0,3,
random_2026091753,random,2026091753,1.0,0.4166666666666667,0.028837466146796942,1.0,0.3149545664928155,0.16292166607793965,1,0,-0.4634320574914618,-0.11398014801480283,-0.1888135242095653,2.1327132713271304,-0.5708695869586955,0.22002200220021528,0,-0.12803735730716007,0.0,1.6386236837969526,0.0,-1.595159515951595,0.0,1,1.8175212220556762,-0.340441736481345,0.15024732787436249,0.01618431073877602,1.934604643265784,0.0,4,0.009444539510015485,0.0,-0.0552295530660755,0.0,0.023370887745436757,0.0,1,-0.08767982438948237,-0.1649755546274223,-0.5856604610078651,-0.6786969019482614,-0.0009990315270843226,0.0,1,2.101319703670087,0.0,2.0280813359749414,0.0,4.123416373895454,0.0,3,
random_2026091754,random,2026091754,1.0,0.4166666666666667,0.028837466146796942,1.0,0.3149545664928155,0.16292166607793965,1,0,-0.4634320574914618,-0.11398014801480283,-0.1888135242095653,2.1327132713271304,-0.5708695869586955,0.22002200220021528,0,-0.12803735730716007,0.0,1.6386236837969526,0.0,-1.595159515951595,0.0,1,1.8175212220556762,-0.340441736481345,0.15024732787436249,0.01618431073877602,1.934604643265784,0.0,4,0.009444539510015485,0.0,-0.0552295530660755,0.0,0.023370887745436757,0.0,1,-0.08767982438948237,-0.1649755546274223,-0.5856604610078651,-0.6786969019482614,-0.0009990315270843226,0.0,1,2.101319703670087,0.0,2.0280813359749414,0.0,4.123416373895454,0.0,3,
random_2026091755,random,2026091755,1.0,0.4166666666666667,0.028837466146796942,1.0,0.3149545664928155,0.16292166607793965,1,0,-0.4634320574914618,-0.11398014801480283,-0.1888135242095653,2.1327132713271304,-0.5708695869586955,0.22002200220021528,0,-0.12803735730716007,0.0,1.6386236837969526,0.0,-1.595159515951595,0.0,1,1.8175212220556762,-0.340441736481345,0.15024732787436249,0.01618431073877602,1.934604643265784,0.0,4,0.009444539510015485,0.0,-0.0552295530660755,0.0,0.023370887745436757,0.0,1,-0.08767982438948237,-0.1649755546274223,-0.5856604610078651,-0.6786969019482614,-0.0009990315270843226,0.0,1,2.101319703670087,0.0,2.0280813359749414,0.0,4.123416373895454,0.0,3,
random_2026091756,random,2026091756,1.0,0.4166666666666667,0.028837466146796942,1.0,0.3149545664928155,0.16292166607793965,1,0,-0.4634320574914618,-0.11398014801480283,-0.1888135242095653,2.1327132713271304,-0.5708695869586955,0.22002200220021528,0,-0.12803735730716007,0.0,1.6386236837969526,0.0,-1.595159515951595,0.0,1,1.8175212220556762,-0.340441736481345,0.15024732787436249,0.01618431073877602,1.934604643265784,0.0,4,0.009444539510015485,0.0,-0.0552295530660755,0.0,0.023370887745436757,0.0,1,-0.08767982438948237,-0.1649755546274223,-0.5856604610078651,-0.6786969019482614,-0.0009990315270843226,0.0,1,2.101319703670087,0.0,2.0280813359749414,0.0,4.123416373895454,0.0,3,
random_2026091757,random,2026091757,1.0,0.4166666666666667,0.028837466146796942,1.0,0.3149545664928155,0.16292166607793965,1,0,-0.4634320574914618,-0.11398014801480283,-0.1888135242095653,2.1327132713271304,-0.5708695869586955,0.22002200220021528,0,-0.12803735730716007,0.0,1.6386236837969526,0.0,-1.595159515951595,0.0,1,1.8175212220556762,-0.340441736481345,0.15024732787436249,0.01618431073877602,1.934604643265784,0.0,4,0.009444539510015485,0.0,-0.0552295530660755,0.0,0.023370887745436757,0.0,1,-0.08767982438948237,-0.1649755546274223,-0.5856604610078651,-0.6786969019482614,-0.0009990315270843226,0.0,1,2.101319703670087,0.0,2.0280813359749414,0.0,4.123416373895454,0.0,3,
random_2026091758,random,2026091758,1.0,0.4166666666666667,0.028837466146796942,1.0,0.3149545664928155,0.16292166607793965,1,0,-0.4634320574914618,-0.11398014801480283,-0.1888135242095653,2.1327132713271304,-0.5708695869586955,0.22002200220021528,0,-0.12803735730716007,0.0,1.6386236837969526,0.0,-1.595159515951595,0.0,1,1.8175212220556762,-0.340441736481345,0.15024732787436249,0.01618431073877602,1.934604643265784,0.0,4,0.009444539510015485,0.0,-0.0552295530660755,0.0,0.023370887745436757,0.0,1,-0.08767982438948237,-0.1649755546274223,-0.5856604610078651,-0.6786969019482614,-0.0009990315270843226,0.0,1,2.101319703670087,0.0,2.0280813359749414,0.0,4.123416373895454,0.0,3,
random_2026091759,random,2026091759,1.0,0.4166666666666667,0.028837466146796942,1.0,0.3149545664928155,0.16292166607793965,1,0,-0.4634320574914618,-0.11398014801480283,-0.1888135242095653,2.1327132713271304,-0.5708695869586955,0.22002200220021528,0,-0.12803735730716007,0.0,1.6386236837969526,0.0,-1.595159515951595,0.0,1,1.8175212220556762,-0.340441736481345,0.15024732787436249,0.01618431073877602,1.934604643265784,0.0,4,0.009444539510015485,0.0,-0.0552295530660755,0.0,0.023370887745436757,0.0,1,-0.08767982438948237,-0.1649755546274223,-0.5856604610078651,-0.6786969019482614,-0.0009990315270843226,0.0,1,2.101319703670087,0.0,2.0280813359749414,0.0,4.123416373895454,0.0,3,
random_2026091760,random,2026091760,1.0,0.4166666666666667,0.028837466146796942,1.0,0.3149545664928155,0.16292166607793965,1,0,-0.4634320574914618,-0.11398014801480283,-0.1888135242095653,2.1327132713271304,-0.5708695869586955,0.22002200220021528,0,-0.12803735730716007,0.0,1.6386236837969526,0.0,-1.595159515951595,0.0,1,1.8175212220556762,-0.340441736481345,0.15024732787436249,0.01618431073877602,1.934604643265784,0.0,4,0.009444539510015485,0.0,-0.0552295530660755,0.0,0.023370887745436757,0.0,1,-0.08767982438948237,-0.1649755546274223,-0.5856604610078651,-0.6786969019482614,-0.0009990315270843226,0.0,1,2.101319703670087,0.0,2.0280813359749414,0.0,4.123416373895454,0.0,3,
random_2026091761,random,2026091761,1.0,0.4166666666666667,0.028837466146796942,1.0,0.3149545664928155,0.16292166607793965,1,0,-0.4634320574914618,-0.11398014801480283,-0.1888135242095653,2.1327132713271304,-0.5708695869586955,0.22002200220021528,0,-0.12803735730716007,0.0,1.6386236837969526,0.0,-1.595159515951595,0.0,1,1.8175212220556762,-0.340441736481345,0.15024732787436249,0.01618431073877602,1.934604643265784,0.0,4,0.009444539510015485,0.0,-0.0552295530660755,0.0,0.023370887745436757,0.0,1,-0.08767982438948237,-0.1649755546274223,-0.5856604610078651,-0.6786969019482614,-0.0009990315270843226,0.0,1,2.101319703670087,0.0,2.0280813359749414,0.0,4.123416373895454,0.0,3,
random_2026091762,random,2026091762,1.0,0.4166666666666667,0.028837466146796942,1.0,0.3149545664928155,0.16292166607793965,1,0,-0.4634320574914618,-0.11398014801480283,-0.1888135242095653,2.1327132713271304,-0.5708695869586955,0.22002200220021528,0,-0.12803735730716007,0.0,1.6386236837969526,0.0,-1.595159515951595,0.0,1,1.8175212220556762,-0.340441736481345,0.15024732787436249,0.01618431073877602,1.934604643265784,0.0,4,0.009444539510015485,0.0,-0.0552295530660755,0.0,0.023370887745436757,0.0,1,-0.08767982438948237,-0.1649755546274223,-0.5856604610078651,-0.6786969019482614,-0.0009990315270843226,0.0,1,2.101319703670087,0.0,2.0280813359749414,0.0,4.123416373895454,0.0,3,
random_2026091763,random,2026091763,1.0,0.4166666666666667,0.028837466146796942,1.0,0.3149545664928155,0.16292166607793965,1,0,-0.4634320574914618,-0.11398014801480283,-0.1888135242095653,2.1327132713271304,-0.5708695869586955,0.22002200220021528,0,-0.12803735730716007,0.0,1.6386236837969526,0.0,-1.595159515951595,0.0,1,1.8175212220556762,-0.340441736481345,0.15024732787436249,0.01618431073877602,1.934604643265784,0.0,4,0.009444539510015485,0.0,-0.0552295530660755,0.0,0.023370887745436757,0.0,1,-0.08767982438948237,-0.1649755546274223,-0.5856604610078651,-0.6786969019482614,-0.0009990315270843226,0.0,1,2.101319703670087,0.0,2.0280813359749414,0.0,4.123416373895454,0.0,3,
random_2026091764,random,2026091764,1.0,0.4166666666666667,0.028837466146796942,1.0,0.3149545664928155,0.16292166607793965,1,0,-0.4634320574914618,-0.11398014801480283,-0.1888135242095653,2.1327132713271304,-0.5708695869586955,0.22002200220021528,0,-0.12803735730716007,0.0,1.6386236837969526,0.0,-1.595159515951595,0.0,1,1.8175212220556762,-0.340441736481345,0.15024732787436249,0.01618431073877602,1.934604643265784,0.0,4,0.009444539510015485,0.0,-0.0552295530660755,0.0,0.023370887745436757,0.0,1,-0.08767982438948237,-0.1649755546274223,-0.5856604610078651,-0.6786969019482614,-0.0009990315270843226,0.0,1,2.101319703670087,0.0,2.0280813359749414,0.0,4.123416373895454,0.0,3,
random_2026091765,random,2026091765,1.0,0.4166666666666667,0.028837466146796942,1.0,0.3149545664928155,0.16292166607793965,1,0,-0.4634320574914618,-0.11398014801480283,-0.1888135242095653,2.1327132713271304,-0.5708695869586955,0.22002200220021528,0,-0.12803735730716007,0.0,1.6386236837969526,0.0,-1.595159515951595,0.0,1,1.8175212220556762,-0.340441736481345,0.15024732787436249,0.01618431073877602,1.934604643265784,0.0,4,0.009444539510015485,0.0,-0.0552295530660755,0.0,0.023370887745436757,0.0,1,-0.08767982438948237,-0.1649755546274223,-0.5856604610078651,-0.6786969019482614,-0.0009990315270843226,0.0,1,2.101319703670087,0.0,2.0280813359749414,0.0,4.123416373895454,0.0,3,
random_2026091766,random,2026091766,1.0,0.4166666666666667,0.028837466146796942,1.0,0.3149545664928155,0.16292166607793965,1,0,-0.4634320574914618,-0.11398014801480283,-0.1888135242095653,2.1327132713271304,-0.5708695869586955,0.22002200220021528,0,-0.12803735730716007,0.0,1.6386236837969526,0.0,-1.595159515951595,0.0,1,1.8175212220556762,-0.340441736481345,0.15024732787436249,0.01618431073877602,1.934604643265784,0.0,4,0.009444539510015485,0.0,-0.0552295530660755,0.0,0.023370887745436757,0.0,1,-0.08767982438948237,-0.1649755546274223,-0.5856604610078651,-0.6786969019482614,-0.0009990315270843226,0.0,1,2.101319703670087,0.0,2.0280813359749414,0.0,4.123416373895454,0.0,3,
random_2026091767,random,2026091767,1.0,0.4166666666666667,0.028837466146796942,1.0,0.3149545664928155,0.16292166607793965,1,0,-0.4634320574914618,-0.11398014801480283,-0.1888135242095653,2.1327132713271304,-0.5708695869586955,0.22002200220021528,0,-0.12803735730716007,0.0,1.6386236837969526,0.0,-1.595159515951595,0.0,1,1.8175212220556762,-0.340441736481345,0.15024732787436249,0.01618431073877602,1.934604643265784,0.0,4,0.009444539510015485,0.0,-0.0552295530660755,0.0,0.023370887745436757,0.0,1,-0.08767982438948237,-0.1649755546274223,-0.5856604610078651,-0.6786969019482614,-0.0009990315270843226,0.0,1,2.101319703670087,0.0,2.0280813359749414,0.0,4.123416373895454,0.0,3,
random_2026091768,random,2026091768,1.0,0.4166666666666667,0.028837466146796942,1.0,0.3149545664928155,0.16292166607793965,1,0,-0.4634320574914618,-0.11398014801480283,-0.1888135242095653,2.1327132713271304,-0.5708695869586955,0.22002200220021528,0,-0.12803735730716007,0.0,1.6386236837969526,0.0,-1.595159515951595,0.0,1,1.8175212220556762,-0.340441736481345,0.15024732787436249,0.01618431073877602,1.934604643265784,0.0,4,0.009444539510015485,0.0,-0.0552295530660755,0.0,0.023370887745436757,0.0,1,-0.08767982438948237,-0.1649755546274223,-0.5856604610078651,-0.6786969019482614,-0.0009990315270843226,0.0,1,2.101319703670087,0.0,2.0280813359749414,0.0,4.123416373895454,0.0,3,
random_2026091769,random,2026091769,1.0,0.4166666666666667,0.028837466146796942,1.0,0.3149545664928155,0.16292166607793965,1,0,-0.4634320574914618,-0.11398014801480283,-0.1888135242095653,2.1327132713271304,-0.5708695869586955,0.22002200220021528,0,-0.12803735730716007,0.0,1.6386236837969526,0.0,-1.595159515951595,0.0,1,1.8175212220556762,-0.340441736481345,0.15024732787436249,0.01618431073877602,1.934604643265784,0.0,4,0.009444539510015485,0.0,-0.0552295530660755,0.0,0.023370887745436757,0.0,1,-0.08767982438948237,-0.1649755546274223,-0.5856604610078651,-0.6786969019482614,-0.0009990315270843226,0.0,1,2.101319703670087,0.0,2.0280813359749414,0.0,4.123416373895454,0.0,3,
random_2026091770,random,2026091770,1.0,0.4166666666666667,0.028837466146796942,1.0,0.3149545664928155,0.16292166607793965,1,0,-0.4634320574914618,-0.11398014801480283,-0.1888135242095653,2.1327132713271304,-0.5708695869586955,0.22002200220021528,0,-0.12803735730716007,0.0,1.6386236837969526,0.0,-1.595159515951595,0.0,1,1.8175212220556762,-0.340441736481345,0.15024732787436249,0.01618431073877602,1.934604643265784,0.0,4,0.009444539510015485,0.0,-0.0552295530660755,0.0,0.023370887745436757,0.0,1,-0.08767982438948237,-0.1649755546274223,-0.5856604610078651,-0.6786969019482614,-0.0009990315270843226,0.0,1,2.101319703670087,0.0,2.0280813359749414,0.0,4.123416373895454,0.0,3,
random_2026091771,random,2026091771,1.0,0.4166666666666667,0.028837466146796942,1.0,0.3149545664928155,0.16292166607793965,1,0,-0.4634320574914618,-0.11398014801480283,-0.1888135242095653,2.1327132713271304,-0.5708695869586955,0.22002200220021528,0,-0.12803735730716007,0.0,1.6386236837969526,0.0,-1.595159515951595,0.0,1,1.8175212220556762,-0.340441736481345,0.15024732787436249,0.01618431073877602,1.934604643265784,0.0,4,0.009444539510015485,0.0,-0.0552295530660755,0.0,0.023370887745436757,0.0,1,-0.08767982438948237,-0.1649755546274223,-0.5856604610078651,-0.6786969019482614,-0.0009990315270843226,0.0,1,2.101319703670087,0.0,2.0280813359749414,0.0,4.123416373895454,0.0,3,
random_2026091772,random,2026091772,1.0,0.4166666666666667,0.028837466146796942,1.0,0.3149545664928155,0.16292166607793965,1,0,-0.4634320574914618,-0.11398014801480283,-0.1888135242095653,2.1327132713271304,-0.5708695869586955,0.22002200220021528,0,-0.12803735730716007,0.0,1.6386236837969526,0.0,-1.595159515951595,0.0,1,1.8175212220556762,-0.340441736481345,0.15024732787436249,0.01618431073877602,1.934604643265784,0.0,4,0.009444539510015485,0.0,-0.0552295530660755,0.0,0.023370887745436757,0.0,1,-0.08767982438948237,-0.1649755546274223,-0.5856604610078651,-0.6786969019482614,-0.0009990315270843226,0.0,1,2.101319703670087,0.0,2.0280813359749414,0.0,4.123416373895454,0.0,3,
random_2026091773,random,2026091773,1.0,0.4166666666666667,0.028837466146796942,1.0,0.3149545664928155,0.16292166607793965,1,0,-0.4634320574914618,-0.11398014801480283,-0.1888135242095653,2.1327132713271304,-0.5708695869586955,0.22002200220021528,0,-0.12803735730716007,0.0,1.6386236837969526,0.0,-1.595159515951595,0.0,1,1.8175212220556762,-0.340441736481345,0.15024732787436249,0.01618431073877602,1.934604643265784,0.0,4,0.009444539510015485,0.0,-0.0552295530660755,0.0,0.023370887745436757,0.0,1,-0.08767982438948237,-0.1649755546274223,-0.5856604610078651,-0.6786969019482614,-0.0009990315270843226,0.0,1,2.101319703670087,0.0,2.0280813359749414,0.0,4.123416373895454,0.0,3,
random_2026091774,random,2026091774,1.0,0.4166666666666667,0.028837466146796942,1.0,0.3149545664928155,0.16292166607793965,1,0,-0.4634320574914618,-0.11398014801480283,-0.1888135242095653,2.1327132713271304,-0.5708695869586955,0.22002200220021528,0,-0.12803735730716007,0.0,1.6386236837969526,0.0,-1.595159515951595,0.0,1,1.8175212220556762,-0.340441736481345,0.15024732787436249,0.01618431073877602,1.934604643265784,0.0,4,0.009444539510015485,0.0,-0.0552295530660755,0.0,0.023370887745436757,0.0,1,-0.08767982438948237,-0.1649755546274223,-0.5856604610078651,-0.6786969019482614,-0.0009990315270843226,0.0,1,2.101319703670087,0.0,2.0280813359749414,0.0,4.123416373895454,0.0,3,
random_2026091775,random,2026091775,1.0,0.4166666666666667,0.028837466146796942,1.0,0.3149545664928155,0.16292166607793965,1,0,-0.4634320574914618,-0.11398014801480283,-0.1888135242095653,2.1327132713271304,-0.5708695869586955,0.22002200220021528,0,-0.12803735730716007,0.0,1.6386236837969526,0.0,-1.595159515951595,0.0,1,1.8175212220556762,-0.340441736481345,0.15024732787436249,0.01618431073877602,1.934604643265784,0.0,4,0.009444539510015485,0.0,-0.0552295530660755,0.0,0.023370887745436757,0.0,1,-0.08767982438948237,-0.1649755546274223,-0.5856604610078651,-0.6786969019482614,-0.0009990315270843226,0.0,1,2.101319703670087,0.0,2.0280813359749414,0.0,4.123416373895454,0.0,3,
random_2026091776,random,2026091776,1.0,0.4166666666666667,0.028837466146796942,1.0,0.3149545664928155,0.16292166607793965,1,0,-0.4634320574914618,-0.11398014801480283,-0.1888135242095653,2.1327132713271304,-0.5708695869586955,0.22002200220021528,0,-0.12803735730716007,0.0,1.6386236837969526,0.0,-1.595159515951595,0.0,1,1.8175212220556762,-0.340441736481345,0.15024732787436249,0.01618431073877602,1.934604643265784,0.0,4,0.009444539510015485,0.0,-0.0552295530660755,0.0,0.023370887745436757,0.0,1,-0.08767982438948237,-0.1649755546274223,-0.5856604610078651,-0.6786969019482614,-0.0009990315270843226,0.0,1,2.101319703670087,0.0,2.0280813359749414,0.0,4.123416373895454,0.0,3,
random_2026091777,random,2026091777,1.0,0.4166666666666667,0.028837466146796942,1.0,0.3149545664928155,0.16292166607793965,1,0,-0.4634320574914618,-0.11398014801480283,-0.1888135242095653,2.1327132713271304,-0.5708695869586955,0.22002200220021528,0,-0.12803735730716007,0.0,1.6386236837969526,0.0,-1.595159515951595,0.0,1,1.8175212220556762,-0.340441736481345,0.15024732787436249,0.01618431073877602,1.934604643265784,0.0,4,0.009444539510015485,0.0,-0.0552295530660755,0.0,0.023370887745436757,0.0,1,-0.08767982438948237,-0.1649755546274223,-0.5856604610078651,-0.6786969019482614,-0.0009990315270843226,0.0,1,2.101319703670087,0.0,2.0280813359749414,0.0,4.123416373895454,0.0,3,
random_2026091778,random,2026091778,1.0,0.4166666666666667,0.028837466146796942,1.0,0.3149545664928155,0.16292166607793965,1,0,-0.4634320574914618,-0.11398014801480283,-0.1888135242095653,2.1327132713271304,-0.5708695869586955,0.22002200220021528,0,-0.12803735730716007,0.0,1.6386236837969526,0.0,-1.595159515951595,0.0,1,1.8175212220556762,-0.340441736481345,0.15024732787436249,0.01618431073877602,1.934604643265784,0.0,4,0.009444539510015485,0.0,-0.0552295530660755,0.0,0.023370887745436757,0.0,1,-0.08767982438948237,-0.1649755546274223,-0.5856604610078651,-0.6786969019482614,-0.0009990315270843226,0.0,1,2.101319703670087,0.0,2.0280813359749414,0.0,4.123416373895454,0.0,3,
random_2026091779,random,2026091779,1.0,0.4166666666666667,0.028837466146796942,1.0,0.3149545664928155,0.16292166607793965,1,0,-0.4634320574914618,-0.11398014801480283,-0.1888135242095653,2.1327132713271304,-0.5708695869586955,0.22002200220021528,0,-0.12803735730716007,0.0,1.6386236837969526,0.0,-1.595159515951595,0.0,1,1.8175212220556762,-0.340441736481345,0.15024732787436249,0.01618431073877602,1.934604643265784,0.0,4,0.009444539510015485,0.0,-0.0552295530660755,0.0,0.023370887745436757,0.0,1,-0.08767982438948237,-0.1649755546274223,-0.5856604610078651,-0.6786969019482614,-0.0009990315270843226,0.0,1,2.101319703670087,0.0,2.0280813359749414,0.0,4.123416373895454,0.0,3,
random_2026091780,random,2026091780,1.0,0.4166666666666667,0.028837466146796942,1.0,0.3149545664928155,0.16292166607793965,1,0,-0.4634320574914618,-0.11398014801480283,-0.1888135242095653,2.1327132713271304,-0.5708695869586955,0.22002200220021528,0,-0.12803735730716007,0.0,1.6386236837969526,0.0,-1.595159515951595,0.0,1,1.8175212220556762,-0.340441736481345,0.15024732787436249,0.01618431073877602,1.934604643265784,0.0,4,0.009444539510015485,0.0,-0.0552295530660755,0.0,0.023370887745436757,0.0,1,-0.08767982438948237,-0.1649755546274223,-0.5856604610078651,-0.6786969019482614,-0.0009990315270843226,0.0,1,2.101319703670087,0.0,2.0280813359749414,0.0,4.123416373895454,0.0,3,
random_2026091781,random,2026091781,1.0,0.4166666666666667,0.028837466146796942,1.0,0.3149545664928155,0.16292166607793965,1,0,-0.4634320574914618,-0.11398014801480283,-0.1888135242095653,2.1327132713271304,-0.5708695869586955,0.22002200220021528,0,-0.12803735730716007,0.0,1.6386236837969526,0.0,-1.595159515951595,0.0,1,1.8175212220556762,-0.340441736481345,0.15024732787436249,0.01618431073877602,1.934604643265784,0.0,4,0.009444539510015485,0.0,-0.0552295530660755,0.0,0.023370887745436757,0.0,1,-0.08767982438948237,-0.1649755546274223,-0.5856604610078651,-0.6786969019482614,-0.0009990315270843226,0.0,1,2.101319703670087,0.0,2.0280813359749414,0.0,4.123416373895454,0.0,3,
random_2026091782,random,2026091782,1.0,0.4166666666666667,0.028837466146796942,1.0,0.3149545664928155,0.16292166607793965,1,0,-0.4634320574914618,-0.11398014801480283,-0.1888135242095653,2.1327132713271304,-0.5708695869586955,0.22002200220021528,0,-0.12803735730716007,0.0,1.6386236837969526,0.0,-1.595159515951595,0.0,1,1.8175212220556762,-0.340441736481345,0.15024732787436249,0.01618431073877602,1.934604643265784,0.0,4,0.009444539510015485,0.0,-0.0552295530660755,0.0,0.023370887745436757,0.0,1,-0.08767982438948237,-0.1649755546274223,-0.5856604610078651,-0.6786969019482614,-0.0009990315270843226,0.0,1,2.101319703670087,0.0,2.0280813359749414,0.0,4.123416373895454,0.0,3,
random_2026091783,random,2026091783,1.0,0.4166666666666667,0.028837466146796942,1.0,0.3149545664928155,0.16292166607793965,1,0,-0.4634320574914618,-0.11398014801480283,-0.1888135242095653,2.1327132713271304,-0.5708695869586955,0.22002200220021528,0,-0.12803735730716007,0.0,1.6386236837969526,0.0,-1.595159515951595,0.0,1,1.8175212220556762,-0.340441736481345,0.15024732787436249,0.01618431073877602,1.934604643265784,0.0,4,0.009444539510015485,0.0,-0.0552295530660755,0.0,0.023370887745436757,0.0,1,-0.08767982438948237,-0.1649755546274223,-0.5856604610078651,-0.6786969019482614,-0.0009990315270843226,0.0,1,2.101319703670087,0.0,2.0280813359749414,0.0,4.123416373895454,0.0,3,
random_2026091784,random,2026091784,1.0,0.4166666666666667,0.028837466146796942,1.0,0.3149545664928155,0.16292166607793965,1,0,-0.4634320574914618,-0.11398014801480283,-0.1888135242095653,2.1327132713271304,-0.5708695869586955,0.22002200220021528,0,-0.12803735730716007,0.0,1.6386236837969526,0.0,-1.595159515951595,0.0,1,1.8175212220556762,-0.340441736481345,0.15024732787436249,0.01618431073877602,1.934604643265784,0.0,4,0.009444539510015485,0.0,-0.0552295530660755,0.0,0.023370887745436757,0.0,1,-0.08767982438948237,-0.1649755546274223,-0.5856604610078651,-0.6786969019482614,-0.0009990315270843226,0.0,1,2.101319703670087,0.0,2.0280813359749414,0.0,4.123416373895454,0.0,3,
random_2026091785,random,2026091785,1.0,0.4166666666666667,0.028837466146796942,1.0,0.3149545664928155,0.16292166607793965,1,0,-0.4634320574914618,-0.11398014801480283,-0.1888135242095653,2.1327132713271304,-0.5708695869586955,0.22002200220021528,0,-0.12803735730716007,0.0,1.6386236837969526,0.0,-1.595159515951595,0.0,1,1.8175212220556762,-0.340441736481345,0.15024732787436249,0.01618431073877602,1.934604643265784,0.0,4,0.009444539510015485,0.0,-0.0552295530660755,0.0,0.023370887745436757,0.0,1,-0.08767982438948237,-0.1649755546274223,-0.5856604610078651,-0.6786969019482614,-0.0009990315270843226,0.0,1,2.101319703670087,0.0,2.0280813359749414,0.0,4.123416373895454,0.0,3,
random_2026091786,random,2026091786,1.0,0.4166666666666667,0.028837466146796942,1.0,0.3149545664928155,0.16292166607793965,1,0,-0.4634320574914618,-0.11398014801480283,-0.1888135242095653,2.1327132713271304,-0.5708695869586955,0.22002200220021528,0,-0.12803735730716007,0.0,1.6386236837969526,0.0,-1.595159515951595,0.0,1,1.8175212220556762,-0.340441736481345,0.15024732787436249,0.01618431073877602,1.934604643265784,0.0,4,0.009444539510015485,0.0,-0.0552295530660755,0.0,0.023370887745436757,0.0,1,-0.08767982438948237,-0.1649755546274223,-0.5856604610078651,-0.6786969019482614,-0.0009990315270843226,0.0,1,2.101319703670087,0.0,2.0280813359749414,0.0,4.123416373895454,0.0,3,
random_2026091787,random,2026091787,1.0,0.4166666666666667,0.028837466146796942,1.0,0.3149545664928155,0.16292166607793965,1,0,-0.4634320574914618,-0.11398014801480283,-0.1888135242095653,2.1327132713271304,-0.5708695869586955,0.22002200220021528,0,-0.12803735730716007,0.0,1.6386236837969526,0.0,-1.595159515951595,0.0,1,1.8175212220556762,-0.340441736481345,0.15024732787436249,0.01618431073877602,1.934604643265784,0.0,4,0.009444539510015485,0.0,-0.0552295530660755,0.0,0.023370887745436757,0.0,1,-0.08767982438948237,-0.1649755546274223,-0.5856604610078651,-0.6786969019482614,-0.0009990315270843226,0.0,1,2.101319703670087,0.0,2.0280813359749414,0.0,4.123416373895454,0.0,3,
random_2026091788,random,2026091788,1.0,0.4166666666666667,0.028837466146796942,1.0,0.3149545664928155,0.16292166607793965,1,0,-0.4634320574914618,-0.11398014801480283,-0.1888135242095653,2.1327132713271304,-0.5708695869586955,0.22002200220021528,0,-0.12803735730716007,0.0,1.6386236837969526,0.0,-1.595159515951595,0.0,1,1.8175212220556762,-0.340441736481345,0.15024732787436249,0.01618431073877602,1.934604643265784,0.0,4,0.009444539510015485,0.0,-0.0552295530660755,0.0,0.023370887745436757,0.0,1,-0.08767982438948237,-0.1649755546274223,-0.5856604610078651,-0.6786969019482614,-0.0009990315270843226,0.0,1,2.101319703670087,0.0,2.0280813359749414,0.0,4.123416373895454,0.0,3,
random_2026091789,random,2026091789,1.0,0.4166666666666667,0.028837466146796942,1.0,0.3149545664928155,0.16292166607793965,1,0,-0.4634320574914618,-0.11398014801480283,-0.1888135242095653,2.1327132713271304,-0.5708695869586955,0.22002200220021528,0,-0.12803735730716007,0.0,1.6386236837969526,0.0,-1.595159515951595,0.0,1,1.8175212220556762,-0.340441736481345,0.15024732787436249,0.01618431073877602,1.934604643265784,0.0,4,0.009444539510015485,0.0,-0.0552295530660755,0.0,0.023370887745436757,0.0,1,-0.08767982438948237,-0.1649755546274223,-0.5856604610078651,-0.6786969019482614,-0.0009990315270843226,0.0,1,2.101319703670087,0.0,2.0280813359749414,0.0,4.123416373895454,0.0,3,
random_2026091790,random,2026091790,1.0,0.4166666666666667,0.028837466146796942,1.0,0.3149545664928155,0.16292166607793965,1,0,-0.4634320574914618,-0.11398014801480283,-0.1888135242095653,2.1327132713271304,-0.5708695869586955,0.22002200220021528,0,-0.12803735730716007,0.0,1.6386236837969526,0.0,-1.595159515951595,0.0,1,1.8175212220556762,-0.340441736481345,0.15024732787436249,0.01618431073877602,1.934604643265784,0.0,4,0.009444539510015485,0.0,-0.0552295530660755,0.0,0.023370887745436757,0.0,1,-0.08767982438948237,-0.1649755546274223,-0.5856604610078651,-0.6786969019482614,-0.0009990315270843226,0.0,1,2.101319703670087,0.0,2.0280813359749414,0.0,4.123416373895454,0.0,3,
random_2026091791,random,2026091791,1.0,0.4166666666666667,0.028837466146796942,1.0,0.3149545664928155,0.16292166607793965,1,0,-0.4634320574914618,-0.11398014801480283,-0.1888135242095653,2.1327132713271304,-0.5708695869586955,0.22002200220021528,0,-0.12803735730716007,0.0,1.6386236837969526,0.0,-1.595159515951595,0.0,1,1.8175212220556762,-0.340441736481345,0.15024732787436249,0.01618431073877602,1.934604643265784,0.0,4,0.009444539510015485,0.0,-0.0552295530660755,0.0,0.023370887745436757,0.0,1,-0.08767982438948237,-0.1649755546274223,-0.5856604610078651,-0.6786969019482614,-0.0009990315270843226,0.0,1,2.101319703670087,0.0,2.0280813359749414,0.0,4.123416373895454,0.0,3,
random_2026091792,random,2026091792,1.0,0.4166666666666667,0.028837466146796942,1.0,0.3149545664928155,0.16292166607793965,1,0,-0.4634320574914618,-0.11398014801480283,-0.1888135242095653,2.1327132713271304,-0.5708695869586955,0.22002200220021528,0,-0.12803735730716007,0.0,1.6386236837969526,0.0,-1.595159515951595,0.0,1,1.8175212220556762,-0.340441736481345,0.15024732787436249,0.01618431073877602,1.934604643265784,0.0,4,0.009444539510015485,0.0,-0.0552295530660755,0.0,0.023370887745436757,0.0,1,-0.08767982438948237,-0.1649755546274223,-0.5856604610078651,-0.6786969019482614,-0.0009990315270843226,0.0,1,2.101319703670087,0.0,2.0280813359749414,0.0,4.123416373895454,0.0,3,
random_2026091793,random,2026091793,1.0,0.4166666666666667,0.028837466146796942,1.0,0.3149545664928155,0.16292166607793965,1,0,-0.4634320574914618,-0.11398014801480283,-0.1888135242095653,2.1327132713271304,-0.5708695869586955,0.22002200220021528,0,-0.12803735730716007,0.0,1.6386236837969526,0.0,-1.595159515951595,0.0,1,1.8175212220556762,-0.340441736481345,0.15024732787436249,0.01618431073877602,1.934604643265784,0.0,4,0.009444539510015485,0.0,-0.0552295530660755,0.0,0.023370887745436757,0.0,1,-0.08767982438948237,-0.1649755546274223,-0.5856604610078651,-0.6786969019482614,-0.0009990315270843226,0.0,1,2.101319703670087,0.0,2.0280813359749414,0.0,4.123416373895454,0.0,3,
random_2026091794,random,2026091794,1.0,0.4166666666666667,0.028837466146796942,1.0,0.3149545664928155,0.16292166607793965,1,0,-0.4634320574914618,-0.11398014801480283,-0.1888135242095653,2.1327132713271304,-0.5708695869586955,0.22002200220021528,0,-0.12803735730716007,0.0,1.6386236837969526,0.0,-1.595159515951595,0.0,1,1.8175212220556762,-0.340441736481345,0.15024732787436249,0.01618431073877602,1.934604643265784,0.0,4,0.009444539510015485,0.0,-0.0552295530660755,0.0,0.023370887745436757,0.0,1,-0.08767982438948237,-0.1649755546274223,-0.5856604610078651,-0.6786969019482614,-0.0009990315270843226,0.0,1,2.101319703670087,0.0,2.0280813359749414,0.0,4.123416373895454,0.0,3,
random_2026091795,random,2026091795,1.0,0.4166666666666667,0.028837466146796942,1.0,0.3149545664928155,0.16292166607793965,1,0,-0.4634320574914618,-0.11398014801480283,-0.1888135242095653,2.1327132713271304,-0.5708695869586955,0.22002200220021528,0,-0.12803735730716007,0.0,1.6386236837969526,0.0,-1.595159515951595,0.0,1,1.8175212220556762,-0.340441736481345,0.15024732787436249,0.01618431073877602,1.934604643265784,0.0,4,0.009444539510015485,0.0,-0.0552295530660755,0.0,0.023370887745436757,0.0,1,-0.08767982438948237,-0.1649755546274223,-0.5856604610078651,-0.6786969019482614,-0.0009990315270843226,0.0,1,2.101319703670087,0.0,2.0280813359749414,0.0,4.123416373895454,0.0,3,
random_2026091796,random,2026091796,1.0,0.4166666666666667,0.028837466146796942,1.0,0.3149545664928155,0.16292166607793965,1,0,-0.4634320574914618,-0.11398014801480283,-0.1888135242095653,2.1327132713271304,-0.5708695869586955,0.22002200220021528,0,-0.12803735730716007,0.0,1.6386236837969526,0.0,-1.595159515951595,0.0,1,1.8175212220556762,-0.340441736481345,0.15024732787436249,0.01618431073877602,1.934604643265784,0.0,4,0.009444539510015485,0.0,-0.0552295530660755,0.0,0.023370887745436757,0.0,1,-0.08767982438948237,-0.1649755546274223,-0.5856604610078651,-0.6786969019482614,-0.0009990315270843226,0.0,1,2.101319703670087,0.0,2.0280813359749414,0.0,4.123416373895454,0.0,3,
random_2026091797,random,2026091797,1.0,0.4166666666666667,0.028837466146796942,1.0,0.3149545664928155,0.16292166607793965,1,0,-0.4634320574914618,-0.11398014801480283,-0.1888135242095653,2.1327132713271304,-0.5708695869586955,0.22002200220021528,0,-0.12803735730716007,0.0,1.6386236837969526,0.0,-1.595159515951595,0.0,1,1.8175212220556762,-0.340441736481345,0.15024732787436249,0.01618431073877602,1.934604643265784,0.0,4,0.009444539510015485,0.0,-0.0552295530660755,0.0,0.023370887745436757,0.0,1,-0.08767982438948237,-0.1649755546274223,-0.5856604610078651,-0.6786969019482614,-0.0009990315270843226,0.0,1,2.101319703670087,0.0,2.0280813359749414,0.0,4.123416373895454,0.0,3,
random_2026091798,random,2026091798,1.0,0.4166666666666667,0.028837466146796942,1.0,0.3149545664928155,0.16292166607793965,1,0,-0.4634320574914618,-0.11398014801480283,-0.1888135242095653,2.1327132713271304,-0.5708695869586955,0.22002200220021528,0,-0.12803735730716007,0.0,1.6386236837969526,0.0,-1.595159515951595,0.0,1,1.8175212220556762,-0.340441736481345,0.15024732787436249,0.01618431073877602,1.934604643265784,0.0,4,0.009444539510015485,0.0,-0.0552295530660755,0.0,0.023370887745436757,0.0,1,-0.08767982438948237,-0.1649755546274223,-0.5856604610078651,-0.6786969019482614,-0.0009990315270843226,0.0,1,2.101319703670087,0.0,2.0280813359749414,0.0,4.123416373895454,0.0,3,
random_2026091799,random,2026091799,1.0,0.4166666666666667,0.028837466146796942,1.0,0.3149545664928155,0.16292166607793965,1,0,-0.4634320574914618,-0.11398014801480283,-0.1888135242095653,2.1327132713271304,-0.5708695869586955,0.22002200220021528,0,-0.12803735730716007,0.0,1.6386236837969526,0.0,-1.595159515951595,0.0,1,1.8175212220556762,-0.340441736481345,0.15024732787436249,0.01618431073877602,1.934604643265784,0.0,4,0.009444539510015485,0.0,-0.0552295530660755,0.0,0.023370887745436757,0.0,1,-0.08767982438948237,-0.1649755546274223,-0.5856604610078651,-0.6786969019482614,-0.0009990315270843226,0.0,1,2.101319703670087,0.0,2.0280813359749414,0.0,4.123416373895454,0.0,3,
