config,role,group,detector,macro_AP_delta_no_adapt,clean_AP_delta_no_adapt,macro_AP50_delta_no_adapt,clean_AP50_delta_no_adapt,macro_AP75_delta_no_adapt,clean_AP75_delta_no_adapt,positive_conditions_no_adapt,macro_AP_delta_full_hybrid,clean_AP_delta_full_hybrid,macro_AP50_delta_full_hybrid,clean_AP50_delta_full_hybrid,macro_AP75_delta_full_hybrid,clean_AP75_delta_full_hybrid,positive_conditions_full_hybrid
no_adapt,anchor,aggregate,source,0.0,0.0,0.0,0.0,0.0,0.0,0,0.3353947001843018,0.11398014801480283,1.8274372080065178,-2.1327132713271304,-1.0242899289928993,-0.22002200220021528,4
no_adapt,anchor,aggregate,target,0.0,0.0,0.0,0.0,0.0,0.0,0,-1.8080766825456607,0.340441736481345,-0.205476880940438,-0.01618431073877602,-1.9112337555203471,0.0,2
no_adapt,anchor,aggregate,ssd,0.0,0.0,0.0,0.0,0.0,0.0,0,2.188999528059569,0.1649755546274223,2.6137417969828065,0.6786969019482614,4.124415405422538,0.0,4
no_adapt,anchor,block_1,source,0.0,0.0,0.0,0.0,0.0,0.0,0,0.49350428463899126,-1.4552080208020817,0.19280358486976393,-4.2654265426542635,1.6171100192726044,-0.4400440044004389,3
no_adapt,anchor,block_1,target,0.0,0.0,0.0,0.0,0.0,0.0,0,0.13308825254840342,-0.1396961558504023,-0.4212684943803973,-0.03407223313425245,0.3448199747876766,0.0,2
no_adapt,anchor,block_1,ssd,0.0,0.0,0.0,0.0,0.0,0.0,0,0.18643765860007425,0.329951109254846,1.060816927298941,1.3573938038965172,-0.04324839707571528,0.0,3
no_adapt,anchor,block_2,source,0.0,0.0,0.0,0.0,0.0,0.0,0,0.17739273927392704,1.6831683168316847,3.4653465346534653,0.0,-3.657865786578659,0.0,2
no_adapt,anchor,block_2,target,0.0,0.0,0.0,0.0,0.0,0.0,0,-3.7499999999999987,0.8168316831683176,0.0,0.0,-4.166666666666663,0.0,0
no_adapt,anchor,block_2,ssd,0.0,0.0,0.0,0.0,0.0,0.0,0,4.191561397519061,0.0,4.166666666666667,0.0,8.292079207920791,0.0,2
full_hybrid,anchor,aggregate,source,-0.3353947001843018,-0.11398014801480283,-1.8274372080065178,2.1327132713271304,1.0242899289928993,0.22002200220021528,2,0.0,0.0,0.0,0.0,0.0,0.0,0
full_hybrid,anchor,aggregate,target,1.8080766825456607,-0.340441736481345,0.205476880940438,0.01618431073877602,1.9112337555203471,0.0,4,0.0,0.0,0.0,0.0,0.0,0.0,0
full_hybrid,anchor,aggregate,ssd,-2.188999528059569,-0.1649755546274223,-2.6137417969828065,-0.6786969019482614,-4.124415405422538,0.0,1,0.0,0.0,0.0,0.0,0.0,0.0,0
full_hybrid,anchor,block_1,source,-0.49350428463899126,1.4552080208020817,-0.19280358486976393,4.2654265426542635,-1.6171100192726044,0.4400440044004389,2,0.0,0.0,0.0,0.0,0.0,0.0,0
full_hybrid,anchor,block_1,target,-0.13308825254840342,0.1396961558504023,0.4212684943803973,0.03407223313425245,-0.3448199747876766,0.0,4,0.0,0.0,0.0,0.0,0.0,0.0,0
full_hybrid,anchor,block_1,ssd,-0.18643765860007425,-0.329951109254846,-1.060816927298941,-1.3573938038965172,0.04324839707571528,0.0,2,0.0,0.0,0.0,0.0,0.0,0.0,0
full_hybrid,anchor,block_2,source,-0.17739273927392704,-1.6831683168316847,-3.4653465346534653,0.0,3.657865786578659,0.0,1,0.0,0.0,0.0,0.0,0.0,0.0,0
full_hybrid,anchor,block_2,target,3.7499999999999987,-0.8168316831683176,0.0,0.0,4.166666666666663,0.0,1,0.0,0.0,0.0,0.0,0.0,0.0,0
full_hybrid,anchor,block_2,ssd,-4.191561397519061,0.0,-4.166666666666667,0.0,-8.292079207920791,0.0,0,0.0,0.0,0.0,0.0,0.0,0.0,0
support_confidence_low_50,anchor,aggregate,source,-0.4634320574914618,-0.11398014801480283,-0.1888135242095653,2.1327132713271304,-0.5708695869586955,0.22002200220021528,0,-0.12803735730716007,0.0,1.6386236837969526,0.0,-1.595159515951595,0.0,1
support_confidence_low_50,anchor,aggregate,target,1.8175212220556762,-0.340441736481345,0.15024732787436249,0.01618431073877602,1.934604643265784,0.0,4,0.009444539510015485,0.0,-0.0552295530660755,0.0,0.023370887745436757,0.0,1
support_confidence_low_50,anchor,aggregate,ssd,-0.08767982438948237,-0.1649755546274223,-0.5856604610078651,-0.6786969019482614,-0.0009990315270843226,0.0,1,2.101319703670087,0.0,2.0280813359749414,0.0,4.123416373895454,0.0,3
support_confidence_low_50,anchor,block_1,source,-0.7486414054939335,1.4552080208020817,-0.38090275192932815,4.2654265426542635,-2.084656773948072,0.4400440044004389,0,-0.2551371208549422,0.0,-0.18809916705956423,0.0,-0.46754675467546747,0.0,0
support_confidence_low_50,anchor,block_1,target,-0.11489044194895164,0.1396961558504023,0.30207483159306553,0.03407223313425245,-0.284322716270616,0.0,3,0.018197810599451802,0.0,-0.1191936627873318,0.0,0.060497258517060636,0.0,1
support_confidence_low_50,anchor,block_1,ssd,-0.17535964877896484,-0.329951109254846,-1.1713209220157283,-1.3573938038965172,-0.0019980630541686743,0.0,1,0.01107800982110939,0.0,-0.1105039947167874,0.0,-0.04524646012988395,0.0,1
support_confidence_low_50,anchor,block_2,source,-0.1815181518151817,-1.6831683168316847,0.0,0.0,0.9350935093509349,0.0,0,-0.004125412541254647,0.0,3.4653465346534653,0.0,-2.722772277227724,0.0,1
support_confidence_low_50,anchor,block_2,target,3.7499999999999987,-0.8168316831683176,0.0,0.0,4.166666666666663,0.0,1,0.0,0.0,0.0,0.0,0.0,0.0,0
support_confidence_low_50,anchor,block_2,ssd,0.0,0.0,0.0,0.0,0.0,0.0,0,4.191561397519061,0.0,4.166666666666667,0.0,8.292079207920791,0.0,2
random_2026091600,random,aggregate,source,-0.4634320574914618,-0.11398014801480283,-0.1888135242095653,2.1327132713271304,-0.5708695869586955,0.22002200220021528,0,-0.12803735730716007,0.0,1.6386236837969526,0.0,-1.595159515951595,0.0,1
random_2026091600,random,aggregate,target,1.8175212220556762,-0.340441736481345,0.15024732787436249,0.01618431073877602,1.934604643265784,0.0,4,0.009444539510015485,0.0,-0.0552295530660755,0.0,0.023370887745436757,0.0,1
random_2026091600,random,aggregate,ssd,-0.08767982438948237,-0.1649755546274223,-0.5856604610078651,-0.6786969019482614,-0.0009990315270843226,0.0,1,2.101319703670087,0.0,2.0280813359749414,0.0,4.123416373895454,0.0,3
random_2026091600,random,block_1,source,-0.7486414054939335,1.4552080208020817,-0.38090275192932815,4.2654265426542635,-2.084656773948072,0.4400440044004389,0,-0.2551371208549422,0.0,-0.18809916705956423,0.0,-0.46754675467546747,0.0,0
random_2026091600,random,block_1,target,-0.11489044194895164,0.1396961558504023,0.30207483159306553,0.03407223313425245,-0.284322716270616,0.0,3,0.018197810599451802,0.0,-0.1191936627873318,0.0,0.060497258517060636,0.0,1
random_2026091600,random,block_1,ssd,-0.17535964877896484,-0.329951109254846,-1.1713209220157283,-1.3573938038965172,-0.0019980630541686743,0.0,1,0.01107800982110939,0.0,-0.1105039947167874,0.0,-0.04524646012988395,0.0,1
random_2026091600,random,block_2,source,-0.1815181518151817,-1.6831683168316847,0.0,0.0,0.9350935093509349,0.0,0,-0.004125412541254647,0.0,3.4653465346534653,0.0,-2.722772277227724,0.0,1
random_2026091600,random,block_2,target,3.7499999999999987,-0.8168316831683176,0.0,0.0,4.166666666666663,0.0,1,0.0,0.0,0.0,0.0,0.0,0.0,0
random_2026091600,random,block_2,ssd,0.0,0.0,0.0,0.0,0.0,0.0,0,4.191561397519061,0.0,4.166666666666667,0.0,8.292079207920791,0.0,2
random_2026091601,random,aggregate,source,-0.4634320574914618,-0.11398014801480283,-0.1888135242095653,2.1327132713271304,-0.5708695869586955,0.22002200220021528,0,-0.12803735730716007,0.0,1.6386236837969526,0.0,-1.595159515951595,0.0,1
random_2026091601,random,aggregate,target,1.8175212220556762,-0.340441736481345,0.15024732787436249,0.01618431073877602,1.934604643265784,0.0,4,0.009444539510015485,0.0,-0.0552295530660755,0.0,0.023370887745436757,0.0,1
random_2026091601,random,aggregate,ssd,-0.08767982438948237,-0.1649755546274223,-0.5856604610078651,-0.6786969019482614,-0.0009990315270843226,0.0,1,2.101319703670087,0.0,2.0280813359749414,0.0,4.123416373895454,0.0,3
random_2026091601,random,block_1,source,-0.7486414054939335,1.4552080208020817,-0.38090275192932815,4.2654265426542635,-2.084656773948072,0.4400440044004389,0,-0.2551371208549422,0.0,-0.18809916705956423,0.0,-0.46754675467546747,0.0,0
random_2026091601,random,block_1,target,-0.11489044194895164,0.1396961558504023,0.30207483159306553,0.03407223313425245,-0.284322716270616,0.0,3,0.018197810599451802,0.0,-0.1191936627873318,0.0,0.060497258517060636,0.0,1
random_2026091601,random,block_1,ssd,-0.17535964877896484,-0.329951109254846,-1.1713209220157283,-1.3573938038965172,-0.0019980630541686743,0.0,1,0.01107800982110939,0.0,-0.1105039947167874,0.0,-0.04524646012988395,0.0,1
random_2026091601,random,block_2,source,-0.1815181518151817,-1.6831683168316847,0.0,0.0,0.9350935093509349,0.0,0,-0.004125412541254647,0.0,3.4653465346534653,0.0,-2.722772277227724,0.0,1
random_2026091601,random,block_2,target,3.7499999999999987,-0.8168316831683176,0.0,0.0,4.166666666666663,0.0,1,0.0,0.0,0.0,0.0,0.0,0.0,0
random_2026091601,random,block_2,ssd,0.0,0.0,0.0,0.0,0.0,0.0,0,4.191561397519061,0.0,4.166666666666667,0.0,8.292079207920791,0.0,2
random_2026091602,random,aggregate,source,-0.4634320574914618,-0.11398014801480283,-0.1888135242095653,2.1327132713271304,-0.5708695869586955,0.22002200220021528,0,-0.12803735730716007,0.0,1.6386236837969526,0.0,-1.595159515951595,0.0,1
random_2026091602,random,aggregate,target,1.8175212220556762,-0.340441736481345,0.15024732787436249,0.01618431073877602,1.934604643265784,0.0,4,0.009444539510015485,0.0,-0.0552295530660755,0.0,0.023370887745436757,0.0,1
random_2026091602,random,aggregate,ssd,-0.08767982438948237,-0.1649755546274223,-0.5856604610078651,-0.6786969019482614,-0.0009990315270843226,0.0,1,2.101319703670087,0.0,2.0280813359749414,0.0,4.123416373895454,0.0,3
random_2026091602,random,block_1,source,-0.7486414054939335,1.4552080208020817,-0.38090275192932815,4.2654265426542635,-2.084656773948072,0.4400440044004389,0,-0.2551371208549422,0.0,-0.18809916705956423,0.0,-0.46754675467546747,0.0,0
random_2026091602,random,block_1,target,-0.11489044194895164,0.1396961558504023,0.30207483159306553,0.03407223313425245,-0.284322716270616,0.0,3,0.018197810599451802,0.0,-0.1191936627873318,0.0,0.060497258517060636,0.0,1
random_2026091602,random,block_1,ssd,-0.17535964877896484,-0.329951109254846,-1.1713209220157283,-1.3573938038965172,-0.0019980630541686743,0.0,1,0.01107800982110939,0.0,-0.1105039947167874,0.0,-0.04524646012988395,0.0,1
random_2026091602,random,block_2,source,-0.1815181518151817,-1.6831683168316847,0.0,0.0,0.9350935093509349,0.0,0,-0.004125412541254647,0.0,3.4653465346534653,0.0,-2.722772277227724,0.0,1
random_2026091602,random,block_2,target,3.7499999999999987,-0.8168316831683176,0.0,0.0,4.166666666666663,0.0,1,0.0,0.0,0.0,0.0,0.0,0.0,0
random_2026091602,random,block_2,ssd,0.0,0.0,0.0,0.0,0.0,0.0,0,4.191561397519061,0.0,4.166666666666667,0.0,8.292079207920791,0.0,2
random_2026091603,random,aggregate,source,-0.4634320574914618,-0.11398014801480283,-0.1888135242095653,2.1327132713271304,-0.5708695869586955,0.22002200220021528,0,-0.12803735730716007,0.0,1.6386236837969526,0.0,-1.595159515951595,0.0,1
random_2026091603,random,aggregate,target,1.8175212220556762,-0.340441736481345,0.15024732787436249,0.01618431073877602,1.934604643265784,0.0,4,0.009444539510015485,0.0,-0.0552295530660755,0.0,0.023370887745436757,0.0,1
random_2026091603,random,aggregate,ssd,-0.08767982438948237,-0.1649755546274223,-0.5856604610078651,-0.6786969019482614,-0.0009990315270843226,0.0,1,2.101319703670087,0.0,2.0280813359749414,0.0,4.123416373895454,0.0,3
random_2026091603,random,block_1,source,-0.7486414054939335,1.4552080208020817,-0.38090275192932815,4.2654265426542635,-2.084656773948072,0.4400440044004389,0,-0.2551371208549422,0.0,-0.18809916705956423,0.0,-0.46754675467546747,0.0,0
random_2026091603,random,block_1,target,-0.11489044194895164,0.1396961558504023,0.30207483159306553,0.03407223313425245,-0.284322716270616,0.0,3,0.018197810599451802,0.0,-0.1191936627873318,0.0,0.060497258517060636,0.0,1
random_2026091603,random,block_1,ssd,-0.17535964877896484,-0.329951109254846,-1.1713209220157283,-1.3573938038965172,-0.0019980630541686743,0.0,1,0.01107800982110939,0.0,-0.1105039947167874,0.0,-0.04524646012988395,0.0,1
random_2026091603,random,block_2,source,-0.1815181518151817,-1.6831683168316847,0.0,0.0,0.9350935093509349,0.0,0,-0.004125412541254647,0.0,3.4653465346534653,0.0,-2.722772277227724,0.0,1
random_2026091603,random,block_2,target,3.7499999999999987,-0.8168316831683176,0.0,0.0,4.166666666666663,0.0,1,0.0,0.0,0.0,0.0,0.0,0.0,0
random_2026091603,random,block_2,ssd,0.0,0.0,0.0,0.0,0.0,0.0,0,4.191561397519061,0.0,4.166666666666667,0.0,8.292079207920791,0.0,2
random_2026091604,random,aggregate,source,-0.4634320574914618,-0.11398014801480283,-0.1888135242095653,2.1327132713271304,-0.5708695869586955,0.22002200220021528,0,-0.12803735730716007,0.0,1.6386236837969526,0.0,-1.595159515951595,0.0,1
random_2026091604,random,aggregate,target,1.8175212220556762,-0.340441736481345,0.15024732787436249,0.01618431073877602,1.934604643265784,0.0,4,0.009444539510015485,0.0,-0.0552295530660755,0.0,0.023370887745436757,0.0,1
random_2026091604,random,aggregate,ssd,-0.08767982438948237,-0.1649755546274223,-0.5856604610078651,-0.6786969019482614,-0.0009990315270843226,0.0,1,2.101319703670087,0.0,2.0280813359749414,0.0,4.123416373895454,0.0,3
random_2026091604,random,block_1,source,-0.7486414054939335,1.4552080208020817,-0.38090275192932815,4.2654265426542635,-2.084656773948072,0.4400440044004389,0,-0.2551371208549422,0.0,-0.18809916705956423,0.0,-0.46754675467546747,0.0,0
random_2026091604,random,block_1,target,-0.11489044194895164,0.1396961558504023,0.30207483159306553,0.03407223313425245,-0.284322716270616,0.0,3,0.018197810599451802,0.0,-0.1191936627873318,0.0,0.060497258517060636,0.0,1
random_2026091604,random,block_1,ssd,-0.17535964877896484,-0.329951109254846,-1.1713209220157283,-1.3573938038965172,-0.0019980630541686743,0.0,1,0.01107800982110939,0.0,-0.1105039947167874,0.0,-0.04524646012988395,0.0,1
random_2026091604,random,block_2,source,-0.1815181518151817,-1.6831683168316847,0.0,0.0,0.9350935093509349,0.0,0,-0.004125412541254647,0.0,3.4653465346534653,0.0,-2.722772277227724,0.0,1
random_2026091604,random,block_2,target,3.7499999999999987,-0.8168316831683176,0.0,0.0,4.166666666666663,0.0,1,0.0,0.0,0.0,0.0,0.0,0.0,0
random_2026091604,random,block_2,ssd,0.0,0.0,0.0,0.0,0.0,0.0,0,4.191561397519061,0.0,4.166666666666667,0.0,8.292079207920791,0.0,2
random_2026091605,random,aggregate,source,-0.4634320574914618,-0.11398014801480283,-0.1888135242095653,2.1327132713271304,-0.5708695869586955,0.22002200220021528,0,-0.12803735730716007,0.0,1.6386236837969526,0.0,-1.595159515951595,0.0,1
random_2026091605,random,aggregate,target,1.8175212220556762,-0.340441736481345,0.15024732787436249,0.01618431073877602,1.934604643265784,0.0,4,0.009444539510015485,0.0,-0.0552295530660755,0.0,0.023370887745436757,0.0,1
random_2026091605,random,aggregate,ssd,-0.08767982438948237,-0.1649755546274223,-0.5856604610078651,-0.6786969019482614,-0.0009990315270843226,0.0,1,2.101319703670087,0.0,2.0280813359749414,0.0,4.123416373895454,0.0,3
random_2026091605,random,block_1,source,-0.7486414054939335,1.4552080208020817,-0.38090275192932815,4.2654265426542635,-2.084656773948072,0.4400440044004389,0,-0.2551371208549422,0.0,-0.18809916705956423,0.0,-0.46754675467546747,0.0,0
random_2026091605,random,block_1,target,-0.11489044194895164,0.1396961558504023,0.30207483159306553,0.03407223313425245,-0.284322716270616,0.0,3,0.018197810599451802,0.0,-0.1191936627873318,0.0,0.060497258517060636,0.0,1
random_2026091605,random,block_1,ssd,-0.17535964877896484,-0.329951109254846,-1.1713209220157283,-1.3573938038965172,-0.0019980630541686743,0.0,1,0.01107800982110939,0.0,-0.1105039947167874,0.0,-0.04524646012988395,0.0,1
random_2026091605,random,block_2,source,-0.1815181518151817,-1.6831683168316847,0.0,0.0,0.9350935093509349,0.0,0,-0.004125412541254647,0.0,3.4653465346534653,0.0,-2.722772277227724,0.0,1
random_2026091605,random,block_2,target,3.7499999999999987,-0.8168316831683176,0.0,0.0,4.166666666666663,0.0,1,0.0,0.0,0.0,0.0,0.0,0.0,0
random_2026091605,random,block_2,ssd,0.0,0.0,0.0,0.0,0.0,0.0,0,4.191561397519061,0.0,4.166666666666667,0.0,8.292079207920791,0.0,2
random_2026091606,random,aggregate,source,-0.4634320574914618,-0.11398014801480283,-0.1888135242095653,2.1327132713271304,-0.5708695869586955,0.22002200220021528,0,-0.12803735730716007,0.0,1.6386236837969526,0.0,-1.595159515951595,0.0,1
random_2026091606,random,aggregate,target,1.8175212220556762,-0.340441736481345,0.15024732787436249,0.01618431073877602,1.934604643265784,0.0,4,0.009444539510015485,0.0,-0.0552295530660755,0.0,0.023370887745436757,0.0,1
random_2026091606,random,aggregate,ssd,-0.08767982438948237,-0.1649755546274223,-0.5856604610078651,-0.6786969019482614,-0.0009990315270843226,0.0,1,2.101319703670087,0.0,2.0280813359749414,0.0,4.123416373895454,0.0,3
random_2026091606,random,block_1,source,-0.7486414054939335,1.4552080208020817,-0.38090275192932815,4.2654265426542635,-2.084656773948072,0.4400440044004389,0,-0.2551371208549422,0.0,-0.18809916705956423,0.0,-0.46754675467546747,0.0,0
random_2026091606,random,block_1,target,-0.11489044194895164,0.1396961558504023,0.30207483159306553,0.03407223313425245,-0.284322716270616,0.0,3,0.018197810599451802,0.0,-0.1191936627873318,0.0,0.060497258517060636,0.0,1
random_2026091606,random,block_1,ssd,-0.17535964877896484,-0.329951109254846,-1.1713209220157283,-1.3573938038965172,-0.0019980630541686743,0.0,1,0.01107800982110939,0.0,-0.1105039947167874,0.0,-0.04524646012988395,0.0,1
random_2026091606,random,block_2,source,-0.1815181518151817,-1.6831683168316847,0.0,0.0,0.9350935093509349,0.0,0,-0.004125412541254647,0.0,3.4653465346534653,0.0,-2.722772277227724,0.0,1
random_2026091606,random,block_2,target,3.7499999999999987,-0.8168316831683176,0.0,0.0,4.166666666666663,0.0,1,0.0,0.0,0.0,0.0,0.0,0.0,0
random_2026091606,random,block_2,ssd,0.0,0.0,0.0,0.0,0.0,0.0,0,4.191561397519061,0.0,4.166666666666667,0.0,8.292079207920791,0.0,2
random_2026091607,random,aggregate,source,-0.4634320574914618,-0.11398014801480283,-0.1888135242095653,2.1327132713271304,-0.5708695869586955,0.22002200220021528,0,-0.12803735730716007,0.0,1.6386236837969526,0.0,-1.595159515951595,0.0,1
random_2026091607,random,aggregate,target,1.8175212220556762,-0.340441736481345,0.15024732787436249,0.01618431073877602,1.934604643265784,0.0,4,0.009444539510015485,0.0,-0.0552295530660755,0.0,0.023370887745436757,0.0,1
random_2026091607,random,aggregate,ssd,-0.08767982438948237,-0.1649755546274223,-0.5856604610078651,-0.6786969019482614,-0.0009990315270843226,0.0,1,2.101319703670087,0.0,2.0280813359749414,0.0,4.123416373895454,0.0,3
random_2026091607,random,block_1,source,-0.7486414054939335,1.4552080208020817,-0.38090275192932815,4.2654265426542635,-2.084656773948072,0.4400440044004389,0,-0.2551371208549422,0.0,-0.18809916705956423,0.0,-0.46754675467546747,0.0,0
random_2026091607,random,block_1,target,-0.11489044194895164,0.1396961558504023,0.30207483159306553,0.03407223313425245,-0.284322716270616,0.0,3,0.018197810599451802,0.0,-0.1191936627873318,0.0,0.060497258517060636,0.0,1
random_2026091607,random,block_1,ssd,-0.17535964877896484,-0.329951109254846,-1.1713209220157283,-1.3573938038965172,-0.0019980630541686743,0.0,1,0.01107800982110939,0.0,-0.1105039947167874,0.0,-0.04524646012988395,0.0,1
random_2026091607,random,block_2,source,-0.1815181518151817,-1.6831683168316847,0.0,0.0,0.9350935093509349,0.0,0,-0.004125412541254647,0.0,3.4653465346534653,0.0,-2.722772277227724,0.0,1
random_2026091607,random,block_2,target,3.7499999999999987,-0.8168316831683176,0.0,0.0,4.166666666666663,0.0,1,0.0,0.0,0.0,0.0,0.0,0.0,0
random_2026091607,random,block_2,ssd,0.0,0.0,0.0,0.0,0.0,0.0,0,4.191561397519061,0.0,4.166666666666667,0.0,8.292079207920791,0.0,2
random_2026091608,random,aggregate,source,-0.4634320574914618,-0.11398014801480283,-0.1888135242095653,2.1327132713271304,-0.5708695869586955,0.22002200220021528,0,-0.12803735730716007,0.0,1.6386236837969526,0.0,-1.595159515951595,0.0,1
random_2026091608,random,aggregate,target,1.8175212220556762,-0.340441736481345,0.15024732787436249,0.01618431073877602,1.934604643265784,0.0,4,0.009444539510015485,0.0,-0.0552295530660755,0.0,0.023370887745436757,0.0,1
random_2026091608,random,aggregate,ssd,-0.08767982438948237,-0.1649755546274223,-0.5856604610078651,-0.6786969019482614,-0.0009990315270843226,0.0,1,2.101319703670087,0.0,2.0280813359749414,0.0,4.123416373895454,0.0,3
random_2026091608,random,block_1,source,-0.7486414054939335,1.4552080208020817,-0.38090275192932815,4.2654265426542635,-2.084656773948072,0.4400440044004389,0,-0.2551371208549422,0.0,-0.18809916705956423,0.0,-0.46754675467546747,0.0,0
random_2026091608,random,block_1,target,-0.11489044194895164,0.1396961558504023,0.30207483159306553,0.03407223313425245,-0.284322716270616,0.0,3,0.018197810599451802,0.0,-0.1191936627873318,0.0,0.060497258517060636,0.0,1
random_2026091608,random,block_1,ssd,-0.17535964877896484,-0.329951109254846,-1.1713209220157283,-1.3573938038965172,-0.0019980630541686743,0.0,1,0.01107800982110939,0.0,-0.1105039947167874,0.0,-0.04524646012988395,0.0,1
random_2026091608,random,block_2,source,-0.1815181518151817,-1.6831683168316847,0.0,0.0,0.9350935093509349,0.0,0,-0.004125412541254647,0.0,3.4653465346534653,0.0,-2.722772277227724,0.0,1
random_2026091608,random,block_2,target,3.7499999999999987,-0.8168316831683176,0.0,0.0,4.166666666666663,0.0,1,0.0,0.0,0.0,0.0,0.0,0.0,0
random_2026091608,random,block_2,ssd,0.0,0.0,0.0,0.0,0.0,0.0,0,4.191561397519061,0.0,4.166666666666667,0.0,8.292079207920791,0.0,2
random_2026091609,random,aggregate,source,-0.4634320574914618,-0.11398014801480283,-0.1888135242095653,2.1327132713271304,-0.5708695869586955,0.22002200220021528,0,-0.12803735730716007,0.0,1.6386236837969526,0.0,-1.595159515951595,0.0,1
random_2026091609,random,aggregate,target,1.8175212220556762,-0.340441736481345,0.15024732787436249,0.01618431073877602,1.934604643265784,0.0,4,0.009444539510015485,0.0,-0.0552295530660755,0.0,0.023370887745436757,0.0,1
random_2026091609,random,aggregate,ssd,-0.08767982438948237,-0.1649755546274223,-0.5856604610078651,-0.6786969019482614,-0.0009990315270843226,0.0,1,2.101319703670087,0.0,2.0280813359749414,0.0,4.123416373895454,0.0,3
random_2026091609,random,block_1,source,-0.7486414054939335,1.4552080208020817,-0.38090275192932815,4.2654265426542635,-2.084656773948072,0.4400440044004389,0,-0.2551371208549422,0.0,-0.18809916705956423,0.0,-0.46754675467546747,0.0,0
random_2026091609,random,block_1,target,-0.11489044194895164,0.1396961558504023,0.30207483159306553,0.03407223313425245,-0.284322716270616,0.0,3,0.018197810599451802,0.0,-0.1191936627873318,0.0,0.060497258517060636,0.0,1
random_2026091609,random,block_1,ssd,-0.17535964877896484,-0.329951109254846,-1.1713209220157283,-1.3573938038965172,-0.0019980630541686743,0.0,1,0.01107800982110939,0.0,-0.1105039947167874,0.0,-0.04524646012988395,0.0,1
random_2026091609,random,block_2,source,-0.1815181518151817,-1.6831683168316847,0.0,0.0,0.9350935093509349,0.0,0,-0.004125412541254647,0.0,3.4653465346534653,0.0,-2.722772277227724,0.0,1
random_2026091609,random,block_2,target,3.7499999999999987,-0.8168316831683176,0.0,0.0,4.166666666666663,0.0,1,0.0,0.0,0.0,0.0,0.0,0.0,0
random_2026091609,random,block_2,ssd,0.0,0.0,0.0,0.0,0.0,0.0,0,4.191561397519061,0.0,4.166666666666667,0.0,8.292079207920791,0.0,2
random_2026091610,random,aggregate,source,-0.4634320574914618,-0.11398014801480283,-0.1888135242095653,2.1327132713271304,-0.5708695869586955,0.22002200220021528,0,-0.12803735730716007,0.0,1.6386236837969526,0.0,-1.595159515951595,0.0,1
random_2026091610,random,aggregate,target,1.8175212220556762,-0.340441736481345,0.15024732787436249,0.01618431073877602,1.934604643265784,0.0,4,0.009444539510015485,0.0,-0.0552295530660755,0.0,0.023370887745436757,0.0,1
random_2026091610,random,aggregate,ssd,-0.08767982438948237,-0.1649755546274223,-0.5856604610078651,-0.6786969019482614,-0.0009990315270843226,0.0,1,2.101319703670087,0.0,2.0280813359749414,0.0,4.123416373895454,0.0,3
random_2026091610,random,block_1,source,-0.7486414054939335,1.4552080208020817,-0.38090275192932815,4.2654265426542635,-2.084656773948072,0.4400440044004389,0,-0.2551371208549422,0.0,-0.18809916705956423,0.0,-0.46754675467546747,0.0,0
random_2026091610,random,block_1,target,-0.11489044194895164,0.1396961558504023,0.30207483159306553,0.03407223313425245,-0.284322716270616,0.0,3,0.018197810599451802,0.0,-0.1191936627873318,0.0,0.060497258517060636,0.0,1
random_2026091610,random,block_1,ssd,-0.17535964877896484,-0.329951109254846,-1.1713209220157283,-1.3573938038965172,-0.0019980630541686743,0.0,1,0.01107800982110939,0.0,-0.1105039947167874,0.0,-0.04524646012988395,0.0,1
random_2026091610,random,block_2,source,-0.1815181518151817,-1.6831683168316847,0.0,0.0,0.9350935093509349,0.0,0,-0.004125412541254647,0.0,3.4653465346534653,0.0,-2.722772277227724,0.0,1
random_2026091610,random,block_2,target,3.7499999999999987,-0.8168316831683176,0.0,0.0,4.166666666666663,0.0,1,0.0,0.0,0.0,0.0,0.0,0.0,0
random_2026091610,random,block_2,ssd,0.0,0.0,0.0,0.0,0.0,0.0,0,4.191561397519061,0.0,4.166666666666667,0.0,8.292079207920791,0.0,2
random_2026091611,random,aggregate,source,-0.4634320574914618,-0.11398014801480283,-0.1888135242095653,2.1327132713271304,-0.5708695869586955,0.22002200220021528,0,-0.12803735730716007,0.0,1.6386236837969526,0.0,-1.595159515951595,0.0,1
random_2026091611,random,aggregate,target,1.8175212220556762,-0.340441736481345,0.15024732787436249,0.01618431073877602,1.934604643265784,0.0,4,0.009444539510015485,0.0,-0.0552295530660755,0.0,0.023370887745436757,0.0,1
random_2026091611,random,aggregate,ssd,-0.08767982438948237,-0.1649755546274223,-0.5856604610078651,-0.6786969019482614,-0.0009990315270843226,0.0,1,2.101319703670087,0.0,2.0280813359749414,0.0,4.123416373895454,0.0,3
random_2026091611,random,block_1,source,-0.7486414054939335,1.4552080208020817,-0.38090275192932815,4.2654265426542635,-2.084656773948072,0.4400440044004389,0,-0.2551371208549422,0.0,-0.18809916705956423,0.0,-0.46754675467546747,0.0,0
random_2026091611,random,block_1,target,-0.11489044194895164,0.1396961558504023,0.30207483159306553,0.03407223313425245,-0.284322716270616,0.0,3,0.018197810599451802,0.0,-0.1191936627873318,0.0,0.060497258517060636,0.0,1
random_2026091611,random,block_1,ssd,-0.17535964877896484,-0.329951109254846,-1.1713209220157283,-1.3573938038965172,-0.0019980630541686743,0.0,1,0.01107800982110939,0.0,-0.1105039947167874,0.0,-0.04524646012988395,0.0,1
random_2026091611,random,block_2,source,-0.1815181518151817,-1.6831683168316847,0.0,0.0,0.9350935093509349,0.0,0,-0.004125412541254647,0.0,3.4653465346534653,0.0,-2.722772277227724,0.0,1
random_2026091611,random,block_2,target,3.7499999999999987,-0.8168316831683176,0.0,0.0,4.166666666666663,0.0,1,0.0,0.0,0.0,0.0,0.0,0.0,0
random_2026091611,random,block_2,ssd,0.0,0.0,0.0,0.0,0.0,0.0,0,4.191561397519061,0.0,4.166666666666667,0.0,8.292079207920791,0.0,2
random_2026091612,random,aggregate,source,-0.4634320574914618,-0.11398014801480283,-0.1888135242095653,2.1327132713271304,-0.5708695869586955,0.22002200220021528,0,-0.12803735730716007,0.0,1.6386236837969526,0.0,-1.595159515951595,0.0,1
random_2026091612,random,aggregate,target,1.8175212220556762,-0.340441736481345,0.15024732787436249,0.01618431073877602,1.934604643265784,0.0,4,0.009444539510015485,0.0,-0.0552295530660755,0.0,0.023370887745436757,0.0,1
random_2026091612,random,aggregate,ssd,-0.08767982438948237,-0.1649755546274223,-0.5856604610078651,-0.6786969019482614,-0.0009990315270843226,0.0,1,2.101319703670087,0.0,2.0280813359749414,0.0,4.123416373895454,0.0,3
random_2026091612,random,block_1,source,-0.7486414054939335,1.4552080208020817,-0.38090275192932815,4.2654265426542635,-2.084656773948072,0.4400440044004389,0,-0.2551371208549422,0.0,-0.18809916705956423,0.0,-0.46754675467546747,0.0,0
random_2026091612,random,block_1,target,-0.11489044194895164,0.1396961558504023,0.30207483159306553,0.03407223313425245,-0.284322716270616,0.0,3,0.018197810599451802,0.0,-0.1191936627873318,0.0,0.060497258517060636,0.0,1
random_2026091612,random,block_1,ssd,-0.17535964877896484,-0.329951109254846,-1.1713209220157283,-1.3573938038965172,-0.0019980630541686743,0.0,1,0.01107800982110939,0.0,-0.1105039947167874,0.0,-0.04524646012988395,0.0,1
random_2026091612,random,block_2,source,-0.1815181518151817,-1.6831683168316847,0.0,0.0,0.9350935093509349,0.0,0,-0.004125412541254647,0.0,3.4653465346534653,0.0,-2.722772277227724,0.0,1
random_2026091612,random,block_2,target,3.7499999999999987,-0.8168316831683176,0.0,0.0,4.166666666666663,0.0,1,0.0,0.0,0.0,0.0,0.0,0.0,0
random_2026091612,random,block_2,ssd,0.0,0.0,0.0,0.0,0.0,0.0,0,4.191561397519061,0.0,4.166666666666667,0.0,8.292079207920791,0.0,2
random_2026091613,random,aggregate,source,-0.4634320574914618,-0.11398014801480283,-0.1888135242095653,2.1327132713271304,-0.5708695869586955,0.22002200220021528,0,-0.12803735730716007,0.0,1.6386236837969526,0.0,-1.595159515951595,0.0,1
random_2026091613,random,aggregate,target,1.8175212220556762,-0.340441736481345,0.15024732787436249,0.01618431073877602,1.934604643265784,0.0,4,0.009444539510015485,0.0,-0.0552295530660755,0.0,0.023370887745436757,0.0,1
random_2026091613,random,aggregate,ssd,-0.08767982438948237,-0.1649755546274223,-0.5856604610078651,-0.6786969019482614,-0.0009990315270843226,0.0,1,2.101319703670087,0.0,2.0280813359749414,0.0,4.123416373895454,0.0,3
random_2026091613,random,block_1,source,-0.7486414054939335,1.4552080208020817,-0.38090275192932815,4.2654265426542635,-2.084656773948072,0.4400440044004389,0,-0.2551371208549422,0.0,-0.18809916705956423,0.0,-0.46754675467546747,0.0,0
random_2026091613,random,block_1,target,-0.11489044194895164,0.1396961558504023,0.30207483159306553,0.03407223313425245,-0.284322716270616,0.0,3,0.018197810599451802,0.0,-0.1191936627873318,0.0,0.060497258517060636,0.0,1
random_2026091613,random,block_1,ssd,-0.17535964877896484,-0.329951109254846,-1.1713209220157283,-1.3573938038965172,-0.0019980630541686743,0.0,1,0.01107800982110939,0.0,-0.1105039947167874,0.0,-0.04524646012988395,0.0,1
random_2026091613,random,block_2,source,-0.1815181518151817,-1.6831683168316847,0.0,0.0,0.9350935093509349,0.0,0,-0.004125412541254647,0.0,3.4653465346534653,0.0,-2.722772277227724,0.0,1
random_2026091613,random,block_2,target,3.7499999999999987,-0.8168316831683176,0.0,0.0,4.166666666666663,0.0,1,0.0,0.0,0.0,0.0,0.0,0.0,0
random_2026091613,random,block_2,ssd,0.0,0.0,0.0,0.0,0.0,0.0,0,4.191561397519061,0.0,4.166666666666667,0.0,8.292079207920791,0.0,2
random_2026091614,random,aggregate,source,-0.4634320574914618,-0.11398014801480283,-0.1888135242095653,2.1327132713271304,-0.5708695869586955,0.22002200220021528,0,-0.12803735730716007,0.0,1.6386236837969526,0.0,-1.595159515951595,0.0,1
random_2026091614,random,aggregate,target,1.8175212220556762,-0.340441736481345,0.15024732787436249,0.01618431073877602,1.934604643265784,0.0,4,0.009444539510015485,0.0,-0.0552295530660755,0.0,0.023370887745436757,0.0,1
random_2026091614,random,aggregate,ssd,-0.08767982438948237,-0.1649755546274223,-0.5856604610078651,-0.6786969019482614,-0.0009990315270843226,0.0,1,2.101319703670087,0.0,2.0280813359749414,0.0,4.123416373895454,0.0,3
random_2026091614,random,block_1,source,-0.7486414054939335,1.4552080208020817,-0.38090275192932815,4.2654265426542635,-2.084656773948072,0.4400440044004389,0,-0.2551371208549422,0.0,-0.18809916705956423,0.0,-0.46754675467546747,0.0,0
random_2026091614,random,block_1,target,-0.11489044194895164,0.1396961558504023,0.30207483159306553,0.03407223313425245,-0.284322716270616,0.0,3,0.018197810599451802,0.0,-0.1191936627873318,0.0,0.060497258517060636,0.0,1
random_2026091614,random,block_1,ssd,-0.17535964877896484,-0.329951109254846,-1.1713209220157283,-1.3573938038965172,-0.0019980630541686743,0.0,1,0.01107800982110939,0.0,-0.1105039947167874,0.0,-0.04524646012988395,0.0,1
random_2026091614,random,block_2,source,-0.1815181518151817,-1.6831683168316847,0.0,0.0,0.9350935093509349,0.0,0,-0.004125412541254647,0.0,3.4653465346534653,0.0,-2.722772277227724,0.0,1
random_2026091614,random,block_2,target,3.7499999999999987,-0.8168316831683176,0.0,0.0,4.166666666666663,0.0,1,0.0,0.0,0.0,0.0,0.0,0.0,0
random_2026091614,random,block_2,ssd,0.0,0.0,0.0,0.0,0.0,0.0,0,4.191561397519061,0.0,4.166666666666667,0.0,8.292079207920791,0.0,2
random_2026091615,random,aggregate,source,-0.4634320574914618,-0.11398014801480283,-0.1888135242095653,2.1327132713271304,-0.5708695869586955,0.22002200220021528,0,-0.12803735730716007,0.0,1.6386236837969526,0.0,-1.595159515951595,0.0,1
random_2026091615,random,aggregate,target,1.8175212220556762,-0.340441736481345,0.15024732787436249,0.01618431073877602,1.934604643265784,0.0,4,0.009444539510015485,0.0,-0.0552295530660755,0.0,0.023370887745436757,0.0,1
random_2026091615,random,aggregate,ssd,-0.08767982438948237,-0.1649755546274223,-0.5856604610078651,-0.6786969019482614,-0.0009990315270843226,0.0,1,2.101319703670087,0.0,2.0280813359749414,0.0,4.123416373895454,0.0,3
random_2026091615,random,block_1,source,-0.7486414054939335,1.4552080208020817,-0.38090275192932815,4.2654265426542635,-2.084656773948072,0.4400440044004389,0,-0.2551371208549422,0.0,-0.18809916705956423,0.0,-0.46754675467546747,0.0,0
random_2026091615,random,block_1,target,-0.11489044194895164,0.1396961558504023,0.30207483159306553,0.03407223313425245,-0.284322716270616,0.0,3,0.018197810599451802,0.0,-0.1191936627873318,0.0,0.060497258517060636,0.0,1
random_2026091615,random,block_1,ssd,-0.17535964877896484,-0.329951109254846,-1.1713209220157283,-1.3573938038965172,-0.0019980630541686743,0.0,1,0.01107800982110939,0.0,-0.1105039947167874,0.0,-0.04524646012988395,0.0,1
random_2026091615,random,block_2,source,-0.1815181518151817,-1.6831683168316847,0.0,0.0,0.9350935093509349,0.0,0,-0.004125412541254647,0.0,3.4653465346534653,0.0,-2.722772277227724,0.0,1
random_2026091615,random,block_2,target,3.7499999999999987,-0.8168316831683176,0.0,0.0,4.166666666666663,0.0,1,0.0,0.0,0.0,0.0,0.0,0.0,0
random_2026091615,random,block_2,ssd,0.0,0.0,0.0,0.0,0.0,0.0,0,4.191561397519061,0.0,4.166666666666667,0.0,8.292079207920791,0.0,2
random_2026091616,random,aggregate,source,-0.4634320574914618,-0.11398014801480283,-0.1888135242095653,2.1327132713271304,-0.5708695869586955,0.22002200220021528,0,-0.12803735730716007,0.0,1.6386236837969526,0.0,-1.595159515951595,0.0,1
random_2026091616,random,aggregate,target,1.8175212220556762,-0.340441736481345,0.15024732787436249,0.01618431073877602,1.934604643265784,0.0,4,0.009444539510015485,0.0,-0.0552295530660755,0.0,0.023370887745436757,0.0,1
random_2026091616,random,aggregate,ssd,-0.08767982438948237,-0.1649755546274223,-0.5856604610078651,-0.6786969019482614,-0.0009990315270843226,0.0,1,2.101319703670087,0.0,2.0280813359749414,0.0,4.123416373895454,0.0,3
random_2026091616,random,block_1,source,-0.7486414054939335,1.4552080208020817,-0.38090275192932815,4.2654265426542635,-2.084656773948072,0.4400440044004389,0,-0.2551371208549422,0.0,-0.18809916705956423,0.0,-0.46754675467546747,0.0,0
random_2026091616,random,block_1,target,-0.11489044194895164,0.1396961558504023,0.30207483159306553,0.03407223313425245,-0.284322716270616,0.0,3,0.018197810599451802,0.0,-0.1191936627873318,0.0,0.060497258517060636,0.0,1
random_2026091616,random,block_1,ssd,-0.17535964877896484,-0.329951109254846,-1.1713209220157283,-1.3573938038965172,-0.0019980630541686743,0.0,1,0.01107800982110939,0.0,-0.1105039947167874,0.0,-0.04524646012988395,0.0,1
random_2026091616,random,block_2,source,-0.1815181518151817,-1.6831683168316847,0.0,0.0,0.9350935093509349,0.0,0,-0.004125412541254647,0.0,3.4653465346534653,0.0,-2.722772277227724,0.0,1
random_2026091616,random,block_2,target,3.7499999999999987,-0.8168316831683176,0.0,0.0,4.166666666666663,0.0,1,0.0,0.0,0.0,0.0,0.0,0.0,0
random_2026091616,random,block_2,ssd,0.0,0.0,0.0,0.0,0.0,0.0,0,4.191561397519061,0.0,4.166666666666667,0.0,8.292079207920791,0.0,2
random_2026091617,random,aggregate,source,-0.4634320574914618,-0.11398014801480283,-0.1888135242095653,2.1327132713271304,-0.5708695869586955,0.22002200220021528,0,-0.12803735730716007,0.0,1.6386236837969526,0.0,-1.595159515951595,0.0,1
random_2026091617,random,aggregate,target,1.8175212220556762,-0.340441736481345,0.15024732787436249,0.01618431073877602,1.934604643265784,0.0,4,0.009444539510015485,0.0,-0.0552295530660755,0.0,0.023370887745436757,0.0,1
random_2026091617,random,aggregate,ssd,-0.08767982438948237,-0.1649755546274223,-0.5856604610078651,-0.6786969019482614,-0.0009990315270843226,0.0,1,2.101319703670087,0.0,2.0280813359749414,0.0,4.123416373895454,0.0,3
random_2026091617,random,block_1,source,-0.7486414054939335,1.4552080208020817,-0.38090275192932815,4.2654265426542635,-2.084656773948072,0.4400440044004389,0,-0.2551371208549422,0.0,-0.18809916705956423,0.0,-0.46754675467546747,0.0,0
random_2026091617,random,block_1,target,-0.11489044194895164,0.1396961558504023,0.30207483159306553,0.03407223313425245,-0.284322716270616,0.0,3,0.018197810599451802,0.0,-0.1191936627873318,0.0,0.060497258517060636,0.0,1
random_2026091617,random,block_1,ssd,-0.17535964877896484,-0.329951109254846,-1.1713209220157283,-1.3573938038965172,-0.0019980630541686743,0.0,1,0.01107800982110939,0.0,-0.1105039947167874,0.0,-0.04524646012988395,0.0,1
random_2026091617,random,block_2,source,-0.1815181518151817,-1.6831683168316847,0.0,0.0,0.9350935093509349,0.0,0,-0.004125412541254647,0.0,3.4653465346534653,0.0,-2.722772277227724,0.0,1
random_2026091617,random,block_2,target,3.7499999999999987,-0.8168316831683176,0.0,0.0,4.166666666666663,0.0,1,0.0,0.0,0.0,0.0,0.0,0.0,0
random_2026091617,random,block_2,ssd,0.0,0.0,0.0,0.0,0.0,0.0,0,4.191561397519061,0.0,4.166666666666667,0.0,8.292079207920791,0.0,2
random_2026091618,random,aggregate,source,-0.4634320574914618,-0.11398014801480283,-0.1888135242095653,2.1327132713271304,-0.5708695869586955,0.22002200220021528,0,-0.12803735730716007,0.0,1.6386236837969526,0.0,-1.595159515951595,0.0,1
random_2026091618,random,aggregate,target,1.8175212220556762,-0.340441736481345,0.15024732787436249,0.01618431073877602,1.934604643265784,0.0,4,0.009444539510015485,0.0,-0.0552295530660755,0.0,0.023370887745436757,0.0,1
random_2026091618,random,aggregate,ssd,-0.08767982438948237,-0.1649755546274223,-0.5856604610078651,-0.6786969019482614,-0.0009990315270843226,0.0,1,2.101319703670087,0.0,2.0280813359749414,0.0,4.123416373895454,0.0,3
random_2026091618,random,block_1,source,-0.7486414054939335,1.4552080208020817,-0.38090275192932815,4.2654265426542635,-2.084656773948072,0.4400440044004389,0,-0.2551371208549422,0.0,-0.18809916705956423,0.0,-0.46754675467546747,0.0,0
random_2026091618,random,block_1,target,-0.11489044194895164,0.1396961558504023,0.30207483159306553,0.03407223313425245,-0.284322716270616,0.0,3,0.018197810599451802,0.0,-0.1191936627873318,0.0,0.060497258517060636,0.0,1
random_2026091618,random,block_1,ssd,-0.17535964877896484,-0.329951109254846,-1.1713209220157283,-1.3573938038965172,-0.0019980630541686743,0.0,1,0.01107800982110939,0.0,-0.1105039947167874,0.0,-0.04524646012988395,0.0,1
random_2026091618,random,block_2,source,-0.1815181518151817,-1.6831683168316847,0.0,0.0,0.9350935093509349,0.0,0,-0.004125412541254647,0.0,3.4653465346534653,0.0,-2.722772277227724,0.0,1
random_2026091618,random,block_2,target,3.7499999999999987,-0.8168316831683176,0.0,0.0,4.166666666666663,0.0,1,0.0,0.0,0.0,0.0,0.0,0.0,0
random_2026091618,random,block_2,ssd,0.0,0.0,0.0,0.0,0.0,0.0,0,4.191561397519061,0.0,4.166666666666667,0.0,8.292079207920791,0.0,2
random_2026091619,random,aggregate,source,-0.4634320574914618,-0.11398014801480283,-0.1888135242095653,2.1327132713271304,-0.5708695869586955,0.22002200220021528,0,-0.12803735730716007,0.0,1.6386236837969526,0.0,-1.595159515951595,0.0,1
random_2026091619,random,aggregate,target,1.8175212220556762,-0.340441736481345,0.15024732787436249,0.01618431073877602,1.934604643265784,0.0,4,0.009444539510015485,0.0,-0.0552295530660755,0.0,0.023370887745436757,0.0,1
random_2026091619,random,aggregate,ssd,-0.08767982438948237,-0.1649755546274223,-0.5856604610078651,-0.6786969019482614,-0.0009990315270843226,0.0,1,2.101319703670087,0.0,2.0280813359749414,0.0,4.123416373895454,0.0,3
random_2026091619,random,block_1,source,-0.7486414054939335,1.4552080208020817,-0.38090275192932815,4.2654265426542635,-2.084656773948072,0.4400440044004389,0,-0.2551371208549422,0.0,-0.18809916705956423,0.0,-0.46754675467546747,0.0,0
random_2026091619,random,block_1,target,-0.11489044194895164,0.1396961558504023,0.30207483159306553,0.03407223313425245,-0.284322716270616,0.0,3,0.018197810599451802,0.0,-0.1191936627873318,0.0,0.060497258517060636,0.0,1
random_2026091619,random,block_1,ssd,-0.17535964877896484,-0.329951109254846,-1.1713209220157283,-1.3573938038965172,-0.0019980630541686743,0.0,1,0.01107800982110939,0.0,-0.1105039947167874,0.0,-0.04524646012988395,0.0,1
random_2026091619,random,block_2,source,-0.1815181518151817,-1.6831683168316847,0.0,0.0,0.9350935093509349,0.0,0,-0.004125412541254647,0.0,3.4653465346534653,0.0,-2.722772277227724,0.0,1
random_2026091619,random,block_2,target,3.7499999999999987,-0.8168316831683176,0.0,0.0,4.166666666666663,0.0,1,0.0,0.0,0.0,0.0,0.0,0.0,0
random_2026091619,random,block_2,ssd,0.0,0.0,0.0,0.0,0.0,0.0,0,4.191561397519061,0.0,4.166666666666667,0.0,8.292079207920791,0.0,2
random_2026091620,random,aggregate,source,-0.4634320574914618,-0.11398014801480283,-0.1888135242095653,2.1327132713271304,-0.5708695869586955,0.22002200220021528,0,-0.12803735730716007,0.0,1.6386236837969526,0.0,-1.595159515951595,0.0,1
random_2026091620,random,aggregate,target,1.8175212220556762,-0.340441736481345,0.15024732787436249,0.01618431073877602,1.934604643265784,0.0,4,0.009444539510015485,0.0,-0.0552295530660755,0.0,0.023370887745436757,0.0,1
random_2026091620,random,aggregate,ssd,-0.08767982438948237,-0.1649755546274223,-0.5856604610078651,-0.6786969019482614,-0.0009990315270843226,0.0,1,2.101319703670087,0.0,2.0280813359749414,0.0,4.123416373895454,0.0,3
random_2026091620,random,block_1,source,-0.7486414054939335,1.4552080208020817,-0.38090275192932815,4.2654265426542635,-2.084656773948072,0.4400440044004389,0,-0.2551371208549422,0.0,-0.18809916705956423,0.0,-0.46754675467546747,0.0,0
random_2026091620,random,block_1,target,-0.11489044194895164,0.1396961558504023,0.30207483159306553,0.03407223313425245,-0.284322716270616,0.0,3,0.018197810599451802,0.0,-0.1191936627873318,0.0,0.060497258517060636,0.0,1
random_2026091620,random,block_1,ssd,-0.17535964877896484,-0.329951109254846,-1.1713209220157283,-1.3573938038965172,-0.0019980630541686743,0.0,1,0.01107800982110939,0.0,-0.1105039947167874,0.0,-0.04524646012988395,0.0,1
random_2026091620,random,block_2,source,-0.1815181518151817,-1.6831683168316847,0.0,0.0,0.9350935093509349,0.0,0,-0.004125412541254647,0.0,3.4653465346534653,0.0,-2.722772277227724,0.0,1
random_2026091620,random,block_2,target,3.7499999999999987,-0.8168316831683176,0.0,0.0,4.166666666666663,0.0,1,0.0,0.0,0.0,0.0,0.0,0.0,0
random_2026091620,random,block_2,ssd,0.0,0.0,0.0,0.0,0.0,0.0,0,4.191561397519061,0.0,4.166666666666667,0.0,8.292079207920791,0.0,2
random_2026091621,random,aggregate,source,-0.4634320574914618,-0.11398014801480283,-0.1888135242095653,2.1327132713271304,-0.5708695869586955,0.22002200220021528,0,-0.12803735730716007,0.0,1.6386236837969526,0.0,-1.595159515951595,0.0,1
random_2026091621,random,aggregate,target,1.8175212220556762,-0.340441736481345,0.15024732787436249,0.01618431073877602,1.934604643265784,0.0,4,0.009444539510015485,0.0,-0.0552295530660755,0.0,0.023370887745436757,0.0,1
random_2026091621,random,aggregate,ssd,-0.08767982438948237,-0.1649755546274223,-0.5856604610078651,-0.6786969019482614,-0.0009990315270843226,0.0,1,2.101319703670087,0.0,2.0280813359749414,0.0,4.123416373895454,0.0,3
random_2026091621,random,block_1,source,-0.7486414054939335,1.4552080208020817,-0.38090275192932815,4.2654265426542635,-2.084656773948072,0.4400440044004389,0,-0.2551371208549422,0.0,-0.18809916705956423,0.0,-0.46754675467546747,0.0,0
random_2026091621,random,block_1,target,-0.11489044194895164,0.1396961558504023,0.30207483159306553,0.03407223313425245,-0.284322716270616,0.0,3,0.018197810599451802,0.0,-0.1191936627873318,0.0,0.060497258517060636,0.0,1
random_2026091621,random,block_1,ssd,-0.17535964877896484,-0.329951109254846,-1.1713209220157283,-1.3573938038965172,-0.0019980630541686743,0.0,1,0.01107800982110939,0.0,-0.1105039947167874,0.0,-0.04524646012988395,0.0,1
random_2026091621,random,block_2,source,-0.1815181518151817,-1.6831683168316847,0.0,0.0,0.9350935093509349,0.0,0,-0.004125412541254647,0.0,3.4653465346534653,0.0,-2.722772277227724,0.0,1
random_2026091621,random,block_2,target,3.7499999999999987,-0.8168316831683176,0.0,0.0,4.166666666666663,0.0,1,0.0,0.0,0.0,0.0,0.0,0.0,0
random_2026091621,random,block_2,ssd,0.0,0.0,0.0,0.0,0.0,0.0,0,4.191561397519061,0.0,4.166666666666667,0.0,8.292079207920791,0.0,2
random_2026091622,random,aggregate,source,-0.4634320574914618,-0.11398014801480283,-0.1888135242095653,2.1327132713271304,-0.5708695869586955,0.22002200220021528,0,-0.12803735730716007,0.0,1.6386236837969526,0.0,-1.595159515951595,0.0,1
random_2026091622,random,aggregate,target,1.8175212220556762,-0.340441736481345,0.15024732787436249,0.01618431073877602,1.934604643265784,0.0,4,0.009444539510015485,0.0,-0.0552295530660755,0.0,0.023370887745436757,0.0,1
random_2026091622,random,aggregate,ssd,-0.08767982438948237,-0.1649755546274223,-0.5856604610078651,-0.6786969019482614,-0.0009990315270843226,0.0,1,2.101319703670087,0.0,2.0280813359749414,0.0,4.123416373895454,0.0,3
random_2026091622,random,block_1,source,-0.7486414054939335,1.4552080208020817,-0.38090275192932815,4.2654265426542635,-2.084656773948072,0.4400440044004389,0,-0.2551371208549422,0.0,-0.18809916705956423,0.0,-0.46754675467546747,0.0,0
random_2026091622,random,block_1,target,-0.11489044194895164,0.1396961558504023,0.30207483159306553,0.03407223313425245,-0.284322716270616,0.0,3,0.018197810599451802,0.0,-0.1191936627873318,0.0,0.060497258517060636,0.0,1
random_2026091622,random,block_1,ssd,-0.17535964877896484,-0.329951109254846,-1.1713209220157283,-1.3573938038965172,-0.0019980630541686743,0.0,1,0.01107800982110939,0.0,-0.1105039947167874,0.0,-0.04524646012988395,0.0,1
random_2026091622,random,block_2,source,-0.1815181518151817,-1.6831683168316847,0.0,0.0,0.9350935093509349,0.0,0,-0.004125412541254647,0.0,3.4653465346534653,0.0,-2.722772277227724,0.0,1
random_2026091622,random,block_2,target,3.7499999999999987,-0.8168316831683176,0.0,0.0,4.166666666666663,0.0,1,0.0,0.0,0.0,0.0,0.0,0.0,0
random_2026091622,random,block_2,ssd,0.0,0.0,0.0,0.0,0.0,0.0,0,4.191561397519061,0.0,4.166666666666667,0.0,8.292079207920791,0.0,2
random_2026091623,random,aggregate,source,-0.4634320574914618,-0.11398014801480283,-0.1888135242095653,2.1327132713271304,-0.5708695869586955,0.22002200220021528,0,-0.12803735730716007,0.0,1.6386236837969526,0.0,-1.595159515951595,0.0,1
random_2026091623,random,aggregate,target,1.8175212220556762,-0.340441736481345,0.15024732787436249,0.01618431073877602,1.934604643265784,0.0,4,0.009444539510015485,0.0,-0.0552295530660755,0.0,0.023370887745436757,0.0,1
random_2026091623,random,aggregate,ssd,-0.08767982438948237,-0.1649755546274223,-0.5856604610078651,-0.6786969019482614,-0.0009990315270843226,0.0,1,2.101319703670087,0.0,2.0280813359749414,0.0,4.123416373895454,0.0,3
random_2026091623,random,block_1,source,-0.7486414054939335,1.4552080208020817,-0.38090275192932815,4.2654265426542635,-2.084656773948072,0.4400440044004389,0,-0.2551371208549422,0.0,-0.18809916705956423,0.0,-0.46754675467546747,0.0,0
random_2026091623,random,block_1,target,-0.11489044194895164,0.1396961558504023,0.30207483159306553,0.03407223313425245,-0.284322716270616,0.0,3,0.018197810599451802,0.0,-0.1191936627873318,0.0,0.060497258517060636,0.0,1
random_2026091623,random,block_1,ssd,-0.17535964877896484,-0.329951109254846,-1.1713209220157283,-1.3573938038965172,-0.0019980630541686743,0.0,1,0.01107800982110939,0.0,-0.1105039947167874,0.0,-0.04524646012988395,0.0,1
random_2026091623,random,block_2,source,-0.1815181518151817,-1.6831683168316847,0.0,0.0,0.9350935093509349,0.0,0,-0.004125412541254647,0.0,3.4653465346534653,0.0,-2.722772277227724,0.0,1
random_2026091623,random,block_2,target,3.7499999999999987,-0.8168316831683176,0.0,0.0,4.166666666666663,0.0,1,0.0,0.0,0.0,0.0,0.0,0.0,0
random_2026091623,random,block_2,ssd,0.0,0.0,0.0,0.0,0.0,0.0,0,4.191561397519061,0.0,4.166666666666667,0.0,8.292079207920791,0.0,2
random_2026091624,random,aggregate,source,-0.4634320574914618,-0.11398014801480283,-0.1888135242095653,2.1327132713271304,-0.5708695869586955,0.22002200220021528,0,-0.12803735730716007,0.0,1.6386236837969526,0.0,-1.595159515951595,0.0,1
random_2026091624,random,aggregate,target,1.8175212220556762,-0.340441736481345,0.15024732787436249,0.01618431073877602,1.934604643265784,0.0,4,0.009444539510015485,0.0,-0.0552295530660755,0.0,0.023370887745436757,0.0,1
random_2026091624,random,aggregate,ssd,-0.08767982438948237,-0.1649755546274223,-0.5856604610078651,-0.6786969019482614,-0.0009990315270843226,0.0,1,2.101319703670087,0.0,2.0280813359749414,0.0,4.123416373895454,0.0,3
random_2026091624,random,block_1,source,-0.7486414054939335,1.4552080208020817,-0.38090275192932815,4.2654265426542635,-2.084656773948072,0.4400440044004389,0,-0.2551371208549422,0.0,-0.18809916705956423,0.0,-0.46754675467546747,0.0,0
random_2026091624,random,block_1,target,-0.11489044194895164,0.1396961558504023,0.30207483159306553,0.03407223313425245,-0.284322716270616,0.0,3,0.018197810599451802,0.0,-0.1191936627873318,0.0,0.060497258517060636,0.0,1
random_2026091624,random,block_1,ssd,-0.17535964877896484,-0.329951109254846,-1.1713209220157283,-1.3573938038965172,-0.0019980630541686743,0.0,1,0.01107800982110939,0.0,-0.1105039947167874,0.0,-0.04524646012988395,0.0,1
random_2026091624,random,block_2,source,-0.1815181518151817,-1.6831683168316847,0.0,0.0,0.9350935093509349,0.0,0,-0.004125412541254647,0.0,3.4653465346534653,0.0,-2.722772277227724,0.0,1
random_2026091624,random,block_2,target,3.7499999999999987,-0.8168316831683176,0.0,0.0,4.166666666666663,0.0,1,0.0,0.0,0.0,0.0,0.0,0.0,0
random_2026091624,random,block_2,ssd,0.0,0.0,0.0,0.0,0.0,0.0,0,4.191561397519061,0.0,4.166666666666667,0.0,8.292079207920791,0.0,2
random_2026091625,random,aggregate,source,-0.4634320574914618,-0.11398014801480283,-0.1888135242095653,2.1327132713271304,-0.5708695869586955,0.22002200220021528,0,-0.12803735730716007,0.0,1.6386236837969526,0.0,-1.595159515951595,0.0,1
random_2026091625,random,aggregate,target,1.8175212220556762,-0.340441736481345,0.15024732787436249,0.01618431073877602,1.934604643265784,0.0,4,0.009444539510015485,0.0,-0.0552295530660755,0.0,0.023370887745436757,0.0,1
random_2026091625,random,aggregate,ssd,-0.08767982438948237,-0.1649755546274223,-0.5856604610078651,-0.6786969019482614,-0.0009990315270843226,0.0,1,2.101319703670087,0.0,2.0280813359749414,0.0,4.123416373895454,0.0,3
random_2026091625,random,block_1,source,-0.7486414054939335,1.4552080208020817,-0.38090275192932815,4.2654265426542635,-2.084656773948072,0.4400440044004389,0,-0.2551371208549422,0.0,-0.18809916705956423,0.0,-0.46754675467546747,0.0,0
random_2026091625,random,block_1,target,-0.11489044194895164,0.1396961558504023,0.30207483159306553,0.03407223313425245,-0.284322716270616,0.0,3,0.018197810599451802,0.0,-0.1191936627873318,0.0,0.060497258517060636,0.0,1
random_2026091625,random,block_1,ssd,-0.17535964877896484,-0.329951109254846,-1.1713209220157283,-1.3573938038965172,-0.0019980630541686743,0.0,1,0.01107800982110939,0.0,-0.1105039947167874,0.0,-0.04524646012988395,0.0,1
random_2026091625,random,block_2,source,-0.1815181518151817,-1.6831683168316847,0.0,0.0,0.9350935093509349,0.0,0,-0.004125412541254647,0.0,3.4653465346534653,0.0,-2.722772277227724,0.0,1
random_2026091625,random,block_2,target,3.7499999999999987,-0.8168316831683176,0.0,0.0,4.166666666666663,0.0,1,0.0,0.0,0.0,0.0,0.0,0.0,0
random_2026091625,random,block_2,ssd,0.0,0.0,0.0,0.0,0.0,0.0,0,4.191561397519061,0.0,4.166666666666667,0.0,8.292079207920791,0.0,2
random_2026091626,random,aggregate,source,-0.4634320574914618,-0.11398014801480283,-0.1888135242095653,2.1327132713271304,-0.5708695869586955,0.22002200220021528,0,-0.12803735730716007,0.0,1.6386236837969526,0.0,-1.595159515951595,0.0,1
random_2026091626,random,aggregate,target,1.8175212220556762,-0.340441736481345,0.15024732787436249,0.01618431073877602,1.934604643265784,0.0,4,0.009444539510015485,0.0,-0.0552295530660755,0.0,0.023370887745436757,0.0,1
random_2026091626,random,aggregate,ssd,-0.08767982438948237,-0.1649755546274223,-0.5856604610078651,-0.6786969019482614,-0.0009990315270843226,0.0,1,2.101319703670087,0.0,2.0280813359749414,0.0,4.123416373895454,0.0,3
random_2026091626,random,block_1,source,-0.7486414054939335,1.4552080208020817,-0.38090275192932815,4.2654265426542635,-2.084656773948072,0.4400440044004389,0,-0.2551371208549422,0.0,-0.18809916705956423,0.0,-0.46754675467546747,0.0,0
random_2026091626,random,block_1,target,-0.11489044194895164,0.1396961558504023,0.30207483159306553,0.03407223313425245,-0.284322716270616,0.0,3,0.018197810599451802,0.0,-0.1191936627873318,0.0,0.060497258517060636,0.0,1
random_2026091626,random,block_1,ssd,-0.17535964877896484,-0.329951109254846,-1.1713209220157283,-1.3573938038965172,-0.0019980630541686743,0.0,1,0.01107800982110939,0.0,-0.1105039947167874,0.0,-0.04524646012988395,0.0,1
random_2026091626,random,block_2,source,-0.1815181518151817,-1.6831683168316847,0.0,0.0,0.9350935093509349,0.0,0,-0.004125412541254647,0.0,3.4653465346534653,0.0,-2.722772277227724,0.0,1
random_2026091626,random,block_2,target,3.7499999999999987,-0.8168316831683176,0.0,0.0,4.166666666666663,0.0,1,0.0,0.0,0.0,0.0,0.0,0.0,0
random_2026091626,random,block_2,ssd,0.0,0.0,0.0,0.0,0.0,0.0,0,4.191561397519061,0.0,4.166666666666667,0.0,8.292079207920791,0.0,2
random_2026091627,random,aggregate,source,-0.4634320574914618,-0.11398014801480283,-0.1888135242095653,2.1327132713271304,-0.5708695869586955,0.22002200220021528,0,-0.12803735730716007,0.0,1.6386236837969526,0.0,-1.595159515951595,0.0,1
random_2026091627,random,aggregate,target,1.8175212220556762,-0.340441736481345,0.15024732787436249,0.01618431073877602,1.934604643265784,0.0,4,0.009444539510015485,0.0,-0.0552295530660755,0.0,0.023370887745436757,0.0,1
random_2026091627,random,aggregate,ssd,-0.08767982438948237,-0.1649755546274223,-0.5856604610078651,-0.6786969019482614,-0.0009990315270843226,0.0,1,2.101319703670087,0.0,2.0280813359749414,0.0,4.123416373895454,0.0,3
random_2026091627,random,block_1,source,-0.7486414054939335,1.4552080208020817,-0.38090275192932815,4.2654265426542635,-2.084656773948072,0.4400440044004389,0,-0.2551371208549422,0.0,-0.18809916705956423,0.0,-0.46754675467546747,0.0,0
random_2026091627,random,block_1,target,-0.11489044194895164,0.1396961558504023,0.30207483159306553,0.03407223313425245,-0.284322716270616,0.0,3,0.018197810599451802,0.0,-0.1191936627873318,0.0,0.060497258517060636,0.0,1
random_2026091627,random,block_1,ssd,-0.17535964877896484,-0.329951109254846,-1.1713209220157283,-1.3573938038965172,-0.0019980630541686743,0.0,1,0.01107800982110939,0.0,-0.1105039947167874,0.0,-0.04524646012988395,0.0,1
random_2026091627,random,block_2,source,-0.1815181518151817,-1.6831683168316847,0.0,0.0,0.9350935093509349,0.0,0,-0.004125412541254647,0.0,3.4653465346534653,0.0,-2.722772277227724,0.0,1
random_2026091627,random,block_2,target,3.7499999999999987,-0.8168316831683176,0.0,0.0,4.166666666666663,0.0,1,0.0,0.0,0.0,0.0,0.0,0.0,0
random_2026091627,random,block_2,ssd,0.0,0.0,0.0,0.0,0.0,0.0,0,4.191561397519061,0.0,4.166666666666667,0.0,8.292079207920791,0.0,2
random_2026091628,random,aggregate,source,-0.4634320574914618,-0.11398014801480283,-0.1888135242095653,2.1327132713271304,-0.5708695869586955,0.22002200220021528,0,-0.12803735730716007,0.0,1.6386236837969526,0.0,-1.595159515951595,0.0,1
random_2026091628,random,aggregate,target,1.8175212220556762,-0.340441736481345,0.15024732787436249,0.01618431073877602,1.934604643265784,0.0,4,0.009444539510015485,0.0,-0.0552295530660755,0.0,0.023370887745436757,0.0,1
random_2026091628,random,aggregate,ssd,-0.08767982438948237,-0.1649755546274223,-0.5856604610078651,-0.6786969019482614,-0.0009990315270843226,0.0,1,2.101319703670087,0.0,2.0280813359749414,0.0,4.123416373895454,0.0,3
random_2026091628,random,block_1,source,-0.7486414054939335,1.4552080208020817,-0.38090275192932815,4.2654265426542635,-2.084656773948072,0.4400440044004389,0,-0.2551371208549422,0.0,-0.18809916705956423,0.0,-0.46754675467546747,0.0,0
random_2026091628,random,block_1,target,-0.11489044194895164,0.1396961558504023,0.30207483159306553,0.03407223313425245,-0.284322716270616,0.0,3,0.018197810599451802,0.0,-0.1191936627873318,0.0,0.060497258517060636,0.0,1
random_2026091628,random,block_1,ssd,-0.17535964877896484,-0.329951109254846,-1.1713209220157283,-1.3573938038965172,-0.0019980630541686743,0.0,1,0.01107800982110939,0.0,-0.1105039947167874,0.0,-0.04524646012988395,0.0,1
random_2026091628,random,block_2,source,-0.1815181518151817,-1.6831683168316847,0.0,0.0,0.9350935093509349,0.0,0,-0.004125412541254647,0.0,3.4653465346534653,0.0,-2.722772277227724,0.0,1
random_2026091628,random,block_2,target,3.7499999999999987,-0.8168316831683176,0.0,0.0,4.166666666666663,0.0,1,0.0,0.0,0.0,0.0,0.0,0.0,0
random_2026091628,random,block_2,ssd,0.0,0.0,0.0,0.0,0.0,0.0,0,4.191561397519061,0.0,4.166666666666667,0.0,8.292079207920791,0.0,2
random_2026091629,random,aggregate,source,-0.4634320574914618,-0.11398014801480283,-0.1888135242095653,2.1327132713271304,-0.5708695869586955,0.22002200220021528,0,-0.12803735730716007,0.0,1.6386236837969526,0.0,-1.595159515951595,0.0,1
random_2026091629,random,aggregate,target,1.8175212220556762,-0.340441736481345,0.15024732787436249,0.01618431073877602,1.934604643265784,0.0,4,0.009444539510015485,0.0,-0.0552295530660755,0.0,0.023370887745436757,0.0,1
random_2026091629,random,aggregate,ssd,-0.08767982438948237,-0.1649755546274223,-0.5856604610078651,-0.6786969019482614,-0.0009990315270843226,0.0,1,2.101319703670087,0.0,2.0280813359749414,0.0,4.123416373895454,0.0,3
random_2026091629,random,block_1,source,-0.7486414054939335,1.4552080208020817,-0.38090275192932815,4.2654265426542635,-2.084656773948072,0.4400440044004389,0,-0.2551371208549422,0.0,-0.18809916705956423,0.0,-0.46754675467546747,0.0,0
random_2026091629,random,block_1,target,-0.11489044194895164,0.1396961558504023,0.30207483159306553,0.03407223313425245,-0.284322716270616,0.0,3,0.018197810599451802,0.0,-0.1191936627873318,0.0,0.060497258517060636,0.0,1
random_2026091629,random,block_1,ssd,-0.17535964877896484,-0.329951109254846,-1.1713209220157283,-1.3573938038965172,-0.0019980630541686743,0.0,1,0.01107800982110939,0.0,-0.1105039947167874,0.0,-0.04524646012988395,0.0,1
random_2026091629,random,block_2,source,-0.1815181518151817,-1.6831683168316847,0.0,0.0,0.9350935093509349,0.0,0,-0.004125412541254647,0.0,3.4653465346534653,0.0,-2.722772277227724,0.0,1
random_2026091629,random,block_2,target,3.7499999999999987,-0.8168316831683176,0.0,0.0,4.166666666666663,0.0,1,0.0,0.0,0.0,0.0,0.0,0.0,0
random_2026091629,random,block_2,ssd,0.0,0.0,0.0,0.0,0.0,0.0,0,4.191561397519061,0.0,4.166666666666667,0.0,8.292079207920791,0.0,2
random_2026091630,random,aggregate,source,-0.4634320574914618,-0.11398014801480283,-0.1888135242095653,2.1327132713271304,-0.5708695869586955,0.22002200220021528,0,-0.12803735730716007,0.0,1.6386236837969526,0.0,-1.595159515951595,0.0,1
random_2026091630,random,aggregate,target,1.8175212220556762,-0.340441736481345,0.15024732787436249,0.01618431073877602,1.934604643265784,0.0,4,0.009444539510015485,0.0,-0.0552295530660755,0.0,0.023370887745436757,0.0,1
random_2026091630,random,aggregate,ssd,-0.08767982438948237,-0.1649755546274223,-0.5856604610078651,-0.6786969019482614,-0.0009990315270843226,0.0,1,2.101319703670087,0.0,2.0280813359749414,0.0,4.123416373895454,0.0,3
random_2026091630,random,block_1,source,-0.7486414054939335,1.4552080208020817,-0.38090275192932815,4.2654265426542635,-2.084656773948072,0.4400440044004389,0,-0.2551371208549422,0.0,-0.18809916705956423,0.0,-0.46754675467546747,0.0,0
random_2026091630,random,block_1,target,-0.11489044194895164,0.1396961558504023,0.30207483159306553,0.03407223313425245,-0.284322716270616,0.0,3,0.018197810599451802,0.0,-0.1191936627873318,0.0,0.060497258517060636,0.0,1
random_2026091630,random,block_1,ssd,-0.17535964877896484,-0.329951109254846,-1.1713209220157283,-1.3573938038965172,-0.0019980630541686743,0.0,1,0.01107800982110939,0.0,-0.1105039947167874,0.0,-0.04524646012988395,0.0,1
random_2026091630,random,block_2,source,-0.1815181518151817,-1.6831683168316847,0.0,0.0,0.9350935093509349,0.0,0,-0.004125412541254647,0.0,3.4653465346534653,0.0,-2.722772277227724,0.0,1
random_2026091630,random,block_2,target,3.7499999999999987,-0.8168316831683176,0.0,0.0,4.166666666666663,0.0,1,0.0,0.0,0.0,0.0,0.0,0.0,0
random_2026091630,random,block_2,ssd,0.0,0.0,0.0,0.0,0.0,0.0,0,4.191561397519061,0.0,4.166666666666667,0.0,8.292079207920791,0.0,2
random_2026091631,random,aggregate,source,-0.4634320574914618,-0.11398014801480283,-0.1888135242095653,2.1327132713271304,-0.5708695869586955,0.22002200220021528,0,-0.12803735730716007,0.0,1.6386236837969526,0.0,-1.595159515951595,0.0,1
random_2026091631,random,aggregate,target,1.8175212220556762,-0.340441736481345,0.15024732787436249,0.01618431073877602,1.934604643265784,0.0,4,0.009444539510015485,0.0,-0.0552295530660755,0.0,0.023370887745436757,0.0,1
random_2026091631,random,aggregate,ssd,-0.08767982438948237,-0.1649755546274223,-0.5856604610078651,-0.6786969019482614,-0.0009990315270843226,0.0,1,2.101319703670087,0.0,2.0280813359749414,0.0,4.123416373895454,0.0,3
random_2026091631,random,block_1,source,-0.7486414054939335,1.4552080208020817,-0.38090275192932815,4.2654265426542635,-2.084656773948072,0.4400440044004389,0,-0.2551371208549422,0.0,-0.18809916705956423,0.0,-0.46754675467546747,0.0,0
random_2026091631,random,block_1,target,-0.11489044194895164,0.1396961558504023,0.30207483159306553,0.03407223313425245,-0.284322716270616,0.0,3,0.018197810599451802,0.0,-0.1191936627873318,0.0,0.060497258517060636,0.0,1
random_2026091631,random,block_1,ssd,-0.17535964877896484,-0.329951109254846,-1.1713209220157283,-1.3573938038965172,-0.0019980630541686743,0.0,1,0.01107800982110939,0.0,-0.1105039947167874,0.0,-0.04524646012988395,0.0,1
random_2026091631,random,block_2,source,-0.1815181518151817,-1.6831683168316847,0.0,0.0,0.9350935093509349,0.0,0,-0.004125412541254647,0.0,3.4653465346534653,0.0,-2.722772277227724,0.0,1
random_2026091631,random,block_2,target,3.7499999999999987,-0.8168316831683176,0.0,0.0,4.166666666666663,0.0,1,0.0,0.0,0.0,0.0,0.0,0.0,0
random_2026091631,random,block_2,ssd,0.0,0.0,0.0,0.0,0.0,0.0,0,4.191561397519061,0.0,4.166666666666667,0.0,8.292079207920791,0.0,2
random_2026091632,random,aggregate,source,-0.4634320574914618,-0.11398014801480283,-0.1888135242095653,2.1327132713271304,-0.5708695869586955,0.22002200220021528,0,-0.12803735730716007,0.0,1.6386236837969526,0.0,-1.595159515951595,0.0,1
random_2026091632,random,aggregate,target,1.8175212220556762,-0.340441736481345,0.15024732787436249,0.01618431073877602,1.934604643265784,0.0,4,0.009444539510015485,0.0,-0.0552295530660755,0.0,0.023370887745436757,0.0,1
random_2026091632,random,aggregate,ssd,-0.08767982438948237,-0.1649755546274223,-0.5856604610078651,-0.6786969019482614,-0.0009990315270843226,0.0,1,2.101319703670087,0.0,2.0280813359749414,0.0,4.123416373895454,0.0,3
random_2026091632,random,block_1,source,-0.7486414054939335,1.4552080208020817,-0.38090275192932815,4.2654265426542635,-2.084656773948072,0.4400440044004389,0,-0.2551371208549422,0.0,-0.18809916705956423,0.0,-0.46754675467546747,0.0,0
random_2026091632,random,block_1,target,-0.11489044194895164,0.1396961558504023,0.30207483159306553,0.03407223313425245,-0.284322716270616,0.0,3,0.018197810599451802,0.0,-0.1191936627873318,0.0,0.060497258517060636,0.0,1
random_2026091632,random,block_1,ssd,-0.17535964877896484,-0.329951109254846,-1.1713209220157283,-1.3573938038965172,-0.0019980630541686743,0.0,1,0.01107800982110939,0.0,-0.1105039947167874,0.0,-0.04524646012988395,0.0,1
random_2026091632,random,block_2,source,-0.1815181518151817,-1.6831683168316847,0.0,0.0,0.9350935093509349,0.0,0,-0.004125412541254647,0.0,3.4653465346534653,0.0,-2.722772277227724,0.0,1
random_2026091632,random,block_2,target,3.7499999999999987,-0.8168316831683176,0.0,0.0,4.166666666666663,0.0,1,0.0,0.0,0.0,0.0,0.0,0.0,0
random_2026091632,random,block_2,ssd,0.0,0.0,0.0,0.0,0.0,0.0,0,4.191561397519061,0.0,4.166666666666667,0.0,8.292079207920791,0.0,2
random_2026091633,random,aggregate,source,-0.4634320574914618,-0.11398014801480283,-0.1888135242095653,2.1327132713271304,-0.5708695869586955,0.22002200220021528,0,-0.12803735730716007,0.0,1.6386236837969526,0.0,-1.595159515951595,0.0,1
random_2026091633,random,aggregate,target,1.8175212220556762,-0.340441736481345,0.15024732787436249,0.01618431073877602,1.934604643265784,0.0,4,0.009444539510015485,0.0,-0.0552295530660755,0.0,0.023370887745436757,0.0,1
random_2026091633,random,aggregate,ssd,-0.08767982438948237,-0.1649755546274223,-0.5856604610078651,-0.6786969019482614,-0.0009990315270843226,0.0,1,2.101319703670087,0.0,2.0280813359749414,0.0,4.123416373895454,0.0,3
random_2026091633,random,block_1,source,-0.7486414054939335,1.4552080208020817,-0.38090275192932815,4.2654265426542635,-2.084656773948072,0.4400440044004389,0,-0.2551371208549422,0.0,-0.18809916705956423,0.0,-0.46754675467546747,0.0,0
random_2026091633,random,block_1,target,-0.11489044194895164,0.1396961558504023,0.30207483159306553,0.03407223313425245,-0.284322716270616,0.0,3,0.018197810599451802,0.0,-0.1191936627873318,0.0,0.060497258517060636,0.0,1
random_2026091633,random,block_1,ssd,-0.17535964877896484,-0.329951109254846,-1.1713209220157283,-1.3573938038965172,-0.0019980630541686743,0.0,1,0.01107800982110939,0.0,-0.1105039947167874,0.0,-0.04524646012988395,0.0,1
random_2026091633,random,block_2,source,-0.1815181518151817,-1.6831683168316847,0.0,0.0,0.9350935093509349,0.0,0,-0.004125412541254647,0.0,3.4653465346534653,0.0,-2.722772277227724,0.0,1
random_2026091633,random,block_2,target,3.7499999999999987,-0.8168316831683176,0.0,0.0,4.166666666666663,0.0,1,0.0,0.0,0.0,0.0,0.0,0.0,0
random_2026091633,random,block_2,ssd,0.0,0.0,0.0,0.0,0.0,0.0,0,4.191561397519061,0.0,4.166666666666667,0.0,8.292079207920791,0.0,2
random_2026091634,random,aggregate,source,-0.4634320574914618,-0.11398014801480283,-0.1888135242095653,2.1327132713271304,-0.5708695869586955,0.22002200220021528,0,-0.12803735730716007,0.0,1.6386236837969526,0.0,-1.595159515951595,0.0,1
random_2026091634,random,aggregate,target,1.8175212220556762,-0.340441736481345,0.15024732787436249,0.01618431073877602,1.934604643265784,0.0,4,0.009444539510015485,0.0,-0.0552295530660755,0.0,0.023370887745436757,0.0,1
random_2026091634,random,aggregate,ssd,-0.08767982438948237,-0.1649755546274223,-0.5856604610078651,-0.6786969019482614,-0.0009990315270843226,0.0,1,2.101319703670087,0.0,2.0280813359749414,0.0,4.123416373895454,0.0,3
random_2026091634,random,block_1,source,-0.7486414054939335,1.4552080208020817,-0.38090275192932815,4.2654265426542635,-2.084656773948072,0.4400440044004389,0,-0.2551371208549422,0.0,-0.18809916705956423,0.0,-0.46754675467546747,0.0,0
random_2026091634,random,block_1,target,-0.11489044194895164,0.1396961558504023,0.30207483159306553,0.03407223313425245,-0.284322716270616,0.0,3,0.018197810599451802,0.0,-0.1191936627873318,0.0,0.060497258517060636,0.0,1
random_2026091634,random,block_1,ssd,-0.17535964877896484,-0.329951109254846,-1.1713209220157283,-1.3573938038965172,-0.0019980630541686743,0.0,1,0.01107800982110939,0.0,-0.1105039947167874,0.0,-0.04524646012988395,0.0,1
random_2026091634,random,block_2,source,-0.1815181518151817,-1.6831683168316847,0.0,0.0,0.9350935093509349,0.0,0,-0.004125412541254647,0.0,3.4653465346534653,0.0,-2.722772277227724,0.0,1
random_2026091634,random,block_2,target,3.7499999999999987,-0.8168316831683176,0.0,0.0,4.166666666666663,0.0,1,0.0,0.0,0.0,0.0,0.0,0.0,0
random_2026091634,random,block_2,ssd,0.0,0.0,0.0,0.0,0.0,0.0,0,4.191561397519061,0.0,4.166666666666667,0.0,8.292079207920791,0.0,2
random_2026091635,random,aggregate,source,-0.4634320574914618,-0.11398014801480283,-0.1888135242095653,2.1327132713271304,-0.5708695869586955,0.22002200220021528,0,-0.12803735730716007,0.0,1.6386236837969526,0.0,-1.595159515951595,0.0,1
random_2026091635,random,aggregate,target,1.8175212220556762,-0.340441736481345,0.15024732787436249,0.01618431073877602,1.934604643265784,0.0,4,0.009444539510015485,0.0,-0.0552295530660755,0.0,0.023370887745436757,0.0,1
random_2026091635,random,aggregate,ssd,-0.08767982438948237,-0.1649755546274223,-0.5856604610078651,-0.6786969019482614,-0.0009990315270843226,0.0,1,2.101319703670087,0.0,2.0280813359749414,0.0,4.123416373895454,0.0,3
random_2026091635,random,block_1,source,-0.7486414054939335,1.4552080208020817,-0.38090275192932815,4.2654265426542635,-2.084656773948072,0.4400440044004389,0,-0.2551371208549422,0.0,-0.18809916705956423,0.0,-0.46754675467546747,0.0,0
random_2026091635,random,block_1,target,-0.11489044194895164,0.1396961558504023,0.30207483159306553,0.03407223313425245,-0.284322716270616,0.0,3,0.018197810599451802,0.0,-0.1191936627873318,0.0,0.060497258517060636,0.0,1
random_2026091635,random,block_1,ssd,-0.17535964877896484,-0.329951109254846,-1.1713209220157283,-1.3573938038965172,-0.0019980630541686743,0.0,1,0.01107800982110939,0.0,-0.1105039947167874,0.0,-0.04524646012988395,0.0,1
random_2026091635,random,block_2,source,-0.1815181518151817,-1.6831683168316847,0.0,0.0,0.9350935093509349,0.0,0,-0.004125412541254647,0.0,3.4653465346534653,0.0,-2.722772277227724,0.0,1
random_2026091635,random,block_2,target,3.7499999999999987,-0.8168316831683176,0.0,0.0,4.166666666666663,0.0,1,0.0,0.0,0.0,0.0,0.0,0.0,0
random_2026091635,random,block_2,ssd,0.0,0.0,0.0,0.0,0.0,0.0,0,4.191561397519061,0.0,4.166666666666667,0.0,8.292079207920791,0.0,2
random_2026091636,random,aggregate,source,-0.4634320574914618,-0.11398014801480283,-0.1888135242095653,2.1327132713271304,-0.5708695869586955,0.22002200220021528,0,-0.12803735730716007,0.0,1.6386236837969526,0.0,-1.595159515951595,0.0,1
random_2026091636,random,aggregate,target,1.8175212220556762,-0.340441736481345,0.15024732787436249,0.01618431073877602,1.934604643265784,0.0,4,0.009444539510015485,0.0,-0.0552295530660755,0.0,0.023370887745436757,0.0,1
random_2026091636,random,aggregate,ssd,-0.08767982438948237,-0.1649755546274223,-0.5856604610078651,-0.6786969019482614,-0.0009990315270843226,0.0,1,2.101319703670087,0.0,2.0280813359749414,0.0,4.123416373895454,0.0,3
random_2026091636,random,block_1,source,-0.7486414054939335,1.4552080208020817,-0.38090275192932815,4.2654265426542635,-2.084656773948072,0.4400440044004389,0,-0.2551371208549422,0.0,-0.18809916705956423,0.0,-0.46754675467546747,0.0,0
random_2026091636,random,block_1,target,-0.11489044194895164,0.1396961558504023,0.30207483159306553,0.03407223313425245,-0.284322716270616,0.0,3,0.018197810599451802,0.0,-0.1191936627873318,0.0,0.060497258517060636,0.0,1
random_2026091636,random,block_1,ssd,-0.17535964877896484,-0.329951109254846,-1.1713209220157283,-1.3573938038965172,-0.0019980630541686743,0.0,1,0.01107800982110939,0.0,-0.1105039947167874,0.0,-0.04524646012988395,0.0,1
random_2026091636,random,block_2,source,-0.1815181518151817,-1.6831683168316847,0.0,0.0,0.9350935093509349,0.0,0,-0.004125412541254647,0.0,3.4653465346534653,0.0,-2.722772277227724,0.0,1
random_2026091636,random,block_2,target,3.7499999999999987,-0.8168316831683176,0.0,0.0,4.166666666666663,0.0,1,0.0,0.0,0.0,0.0,0.0,0.0,0
random_2026091636,random,block_2,ssd,0.0,0.0,0.0,0.0,0.0,0.0,0,4.191561397519061,0.0,4.166666666666667,0.0,8.292079207920791,0.0,2
random_2026091637,random,aggregate,source,-0.4634320574914618,-0.11398014801480283,-0.1888135242095653,2.1327132713271304,-0.5708695869586955,0.22002200220021528,0,-0.12803735730716007,0.0,1.6386236837969526,0.0,-1.595159515951595,0.0,1
random_2026091637,random,aggregate,target,1.8175212220556762,-0.340441736481345,0.15024732787436249,0.01618431073877602,1.934604643265784,0.0,4,0.009444539510015485,0.0,-0.0552295530660755,0.0,0.023370887745436757,0.0,1
random_2026091637,random,aggregate,ssd,-0.08767982438948237,-0.1649755546274223,-0.5856604610078651,-0.6786969019482614,-0.0009990315270843226,0.0,1,2.101319703670087,0.0,2.0280813359749414,0.0,4.123416373895454,0.0,3
random_2026091637,random,block_1,source,-0.7486414054939335,1.4552080208020817,-0.38090275192932815,4.2654265426542635,-2.084656773948072,0.4400440044004389,0,-0.2551371208549422,0.0,-0.18809916705956423,0.0,-0.46754675467546747,0.0,0
random_2026091637,random,block_1,target,-0.11489044194895164,0.1396961558504023,0.30207483159306553,0.03407223313425245,-0.284322716270616,0.0,3,0.018197810599451802,0.0,-0.1191936627873318,0.0,0.060497258517060636,0.0,1
random_2026091637,random,block_1,ssd,-0.17535964877896484,-0.329951109254846,-1.1713209220157283,-1.3573938038965172,-0.0019980630541686743,0.0,1,0.01107800982110939,0.0,-0.1105039947167874,0.0,-0.04524646012988395,0.0,1
random_2026091637,random,block_2,source,-0.1815181518151817,-1.6831683168316847,0.0,0.0,0.9350935093509349,0.0,0,-0.004125412541254647,0.0,3.4653465346534653,0.0,-2.722772277227724,0.0,1
random_2026091637,random,block_2,target,3.7499999999999987,-0.8168316831683176,0.0,0.0,4.166666666666663,0.0,1,0.0,0.0,0.0,0.0,0.0,0.0,0
random_2026091637,random,block_2,ssd,0.0,0.0,0.0,0.0,0.0,0.0,0,4.191561397519061,0.0,4.166666666666667,0.0,8.292079207920791,0.0,2
random_2026091638,random,aggregate,source,-0.4634320574914618,-0.11398014801480283,-0.1888135242095653,2.1327132713271304,-0.5708695869586955,0.22002200220021528,0,-0.12803735730716007,0.0,1.6386236837969526,0.0,-1.595159515951595,0.0,1
random_2026091638,random,aggregate,target,1.8175212220556762,-0.340441736481345,0.15024732787436249,0.01618431073877602,1.934604643265784,0.0,4,0.009444539510015485,0.0,-0.0552295530660755,0.0,0.023370887745436757,0.0,1
random_2026091638,random,aggregate,ssd,-0.08767982438948237,-0.1649755546274223,-0.5856604610078651,-0.6786969019482614,-0.0009990315270843226,0.0,1,2.101319703670087,0.0,2.0280813359749414,0.0,4.123416373895454,0.0,3
random_2026091638,random,block_1,source,-0.7486414054939335,1.4552080208020817,-0.38090275192932815,4.2654265426542635,-2.084656773948072,0.4400440044004389,0,-0.2551371208549422,0.0,-0.18809916705956423,0.0,-0.46754675467546747,0.0,0
random_2026091638,random,block_1,target,-0.11489044194895164,0.1396961558504023,0.30207483159306553,0.03407223313425245,-0.284322716270616,0.0,3,0.018197810599451802,0.0,-0.1191936627873318,0.0,0.060497258517060636,0.0,1
random_2026091638,random,block_1,ssd,-0.17535964877896484,-0.329951109254846,-1.1713209220157283,-1.3573938038965172,-0.0019980630541686743,0.0,1,0.01107800982110939,0.0,-0.1105039947167874,0.0,-0.04524646012988395,0.0,1
random_2026091638,random,block_2,source,-0.1815181518151817,-1.6831683168316847,0.0,0.0,0.9350935093509349,0.0,0,-0.004125412541254647,0.0,3.4653465346534653,0.0,-2.722772277227724,0.0,1
random_2026091638,random,block_2,target,3.7499999999999987,-0.8168316831683176,0.0,0.0,4.166666666666663,0.0,1,0.0,0.0,0.0,0.0,0.0,0.0,0
random_2026091638,random,block_2,ssd,0.0,0.0,0.0,0.0,0.0,0.0,0,4.191561397519061,0.0,4.166666666666667,0.0,8.292079207920791,0.0,2
random_2026091639,random,aggregate,source,-0.4634320574914618,-0.11398014801480283,-0.1888135242095653,2.1327132713271304,-0.5708695869586955,0.22002200220021528,0,-0.12803735730716007,0.0,1.6386236837969526,0.0,-1.595159515951595,0.0,1
random_2026091639,random,aggregate,target,1.8175212220556762,-0.340441736481345,0.15024732787436249,0.01618431073877602,1.934604643265784,0.0,4,0.009444539510015485,0.0,-0.0552295530660755,0.0,0.023370887745436757,0.0,1
random_2026091639,random,aggregate,ssd,-0.08767982438948237,-0.1649755546274223,-0.5856604610078651,-0.6786969019482614,-0.0009990315270843226,0.0,1,2.101319703670087,0.0,2.0280813359749414,0.0,4.123416373895454,0.0,3
random_2026091639,random,block_1,source,-0.7486414054939335,1.4552080208020817,-0.38090275192932815,4.2654265426542635,-2.084656773948072,0.4400440044004389,0,-0.2551371208549422,0.0,-0.18809916705956423,0.0,-0.46754675467546747,0.0,0
random_2026091639,random,block_1,target,-0.11489044194895164,0.1396961558504023,0.30207483159306553,0.03407223313425245,-0.284322716270616,0.0,3,0.018197810599451802,0.0,-0.1191936627873318,0.0,0.060497258517060636,0.0,1
random_2026091639,random,block_1,ssd,-0.17535964877896484,-0.329951109254846,-1.1713209220157283,-1.3573938038965172,-0.0019980630541686743,0.0,1,0.01107800982110939,0.0,-0.1105039947167874,0.0,-0.04524646012988395,0.0,1
random_2026091639,random,block_2,source,-0.1815181518151817,-1.6831683168316847,0.0,0.0,0.9350935093509349,0.0,0,-0.004125412541254647,0.0,3.4653465346534653,0.0,-2.722772277227724,0.0,1
random_2026091639,random,block_2,target,3.7499999999999987,-0.8168316831683176,0.0,0.0,4.166666666666663,0.0,1,0.0,0.0,0.0,0.0,0.0,0.0,0
random_2026091639,random,block_2,ssd,0.0,0.0,0.0,0.0,0.0,0.0,0,4.191561397519061,0.0,4.166666666666667,0.0,8.292079207920791,0.0,2
random_2026091640,random,aggregate,source,-0.4634320574914618,-0.11398014801480283,-0.1888135242095653,2.1327132713271304,-0.5708695869586955,0.22002200220021528,0,-0.12803735730716007,0.0,1.6386236837969526,0.0,-1.595159515951595,0.0,1
random_2026091640,random,aggregate,target,1.8175212220556762,-0.340441736481345,0.15024732787436249,0.01618431073877602,1.934604643265784,0.0,4,0.009444539510015485,0.0,-0.0552295530660755,0.0,0.023370887745436757,0.0,1
random_2026091640,random,aggregate,ssd,-0.08767982438948237,-0.1649755546274223,-0.5856604610078651,-0.6786969019482614,-0.0009990315270843226,0.0,1,2.101319703670087,0.0,2.0280813359749414,0.0,4.123416373895454,0.0,3
random_2026091640,random,block_1,source,-0.7486414054939335,1.4552080208020817,-0.38090275192932815,4.2654265426542635,-2.084656773948072,0.4400440044004389,0,-0.2551371208549422,0.0,-0.18809916705956423,0.0,-0.46754675467546747,0.0,0
random_2026091640,random,block_1,target,-0.11489044194895164,0.1396961558504023,0.30207483159306553,0.03407223313425245,-0.284322716270616,0.0,3,0.018197810599451802,0.0,-0.1191936627873318,0.0,0.060497258517060636,0.0,1
random_2026091640,random,block_1,ssd,-0.17535964877896484,-0.329951109254846,-1.1713209220157283,-1.3573938038965172,-0.0019980630541686743,0.0,1,0.01107800982110939,0.0,-0.1105039947167874,0.0,-0.04524646012988395,0.0,1
random_2026091640,random,block_2,source,-0.1815181518151817,-1.6831683168316847,0.0,0.0,0.9350935093509349,0.0,0,-0.004125412541254647,0.0,3.4653465346534653,0.0,-2.722772277227724,0.0,1
random_2026091640,random,block_2,target,3.7499999999999987,-0.8168316831683176,0.0,0.0,4.166666666666663,0.0,1,0.0,0.0,0.0,0.0,0.0,0.0,0
random_2026091640,random,block_2,ssd,0.0,0.0,0.0,0.0,0.0,0.0,0,4.191561397519061,0.0,4.166666666666667,0.0,8.292079207920791,0.0,2
random_2026091641,random,aggregate,source,-0.4634320574914618,-0.11398014801480283,-0.1888135242095653,2.1327132713271304,-0.5708695869586955,0.22002200220021528,0,-0.12803735730716007,0.0,1.6386236837969526,0.0,-1.595159515951595,0.0,1
random_2026091641,random,aggregate,target,1.8175212220556762,-0.340441736481345,0.15024732787436249,0.01618431073877602,1.934604643265784,0.0,4,0.009444539510015485,0.0,-0.0552295530660755,0.0,0.023370887745436757,0.0,1
random_2026091641,random,aggregate,ssd,-0.08767982438948237,-0.1649755546274223,-0.5856604610078651,-0.6786969019482614,-0.0009990315270843226,0.0,1,2.101319703670087,0.0,2.0280813359749414,0.0,4.123416373895454,0.0,3
random_2026091641,random,block_1,source,-0.7486414054939335,1.4552080208020817,-0.38090275192932815,4.2654265426542635,-2.084656773948072,0.4400440044004389,0,-0.2551371208549422,0.0,-0.18809916705956423,0.0,-0.46754675467546747,0.0,0
random_2026091641,random,block_1,target,-0.11489044194895164,0.1396961558504023,0.30207483159306553,0.03407223313425245,-0.284322716270616,0.0,3,0.018197810599451802,0.0,-0.1191936627873318,0.0,0.060497258517060636,0.0,1
random_2026091641,random,block_1,ssd,-0.17535964877896484,-0.329951109254846,-1.1713209220157283,-1.3573938038965172,-0.0019980630541686743,0.0,1,0.01107800982110939,0.0,-0.1105039947167874,0.0,-0.04524646012988395,0.0,1
random_2026091641,random,block_2,source,-0.1815181518151817,-1.6831683168316847,0.0,0.0,0.9350935093509349,0.0,0,-0.004125412541254647,0.0,3.4653465346534653,0.0,-2.722772277227724,0.0,1
random_2026091641,random,block_2,target,3.7499999999999987,-0.8168316831683176,0.0,0.0,4.166666666666663,0.0,1,0.0,0.0,0.0,0.0,0.0,0.0,0
random_2026091641,random,block_2,ssd,0.0,0.0,0.0,0.0,0.0,0.0,0,4.191561397519061,0.0,4.166666666666667,0.0,8.292079207920791,0.0,2
random_2026091642,random,aggregate,source,-0.4634320574914618,-0.11398014801480283,-0.1888135242095653,2.1327132713271304,-0.5708695869586955,0.22002200220021528,0,-0.12803735730716007,0.0,1.6386236837969526,0.0,-1.595159515951595,0.0,1
random_2026091642,random,aggregate,target,1.8175212220556762,-0.340441736481345,0.15024732787436249,0.01618431073877602,1.934604643265784,0.0,4,0.009444539510015485,0.0,-0.0552295530660755,0.0,0.023370887745436757,0.0,1
random_2026091642,random,aggregate,ssd,-0.08767982438948237,-0.1649755546274223,-0.5856604610078651,-0.6786969019482614,-0.0009990315270843226,0.0,1,2.101319703670087,0.0,2.0280813359749414,0.0,4.123416373895454,0.0,3
random_2026091642,random,block_1,source,-0.7486414054939335,1.4552080208020817,-0.38090275192932815,4.2654265426542635,-2.084656773948072,0.4400440044004389,0,-0.2551371208549422,0.0,-0.18809916705956423,0.0,-0.46754675467546747,0.0,0
random_2026091642,random,block_1,target,-0.11489044194895164,0.1396961558504023,0.30207483159306553,0.03407223313425245,-0.284322716270616,0.0,3,0.018197810599451802,0.0,-0.1191936627873318,0.0,0.060497258517060636,0.0,1
random_2026091642,random,block_1,ssd,-0.17535964877896484,-0.329951109254846,-1.1713209220157283,-1.3573938038965172,-0.0019980630541686743,0.0,1,0.01107800982110939,0.0,-0.1105039947167874,0.0,-0.04524646012988395,0.0,1
random_2026091642,random,block_2,source,-0.1815181518151817,-1.6831683168316847,0.0,0.0,0.9350935093509349,0.0,0,-0.004125412541254647,0.0,3.4653465346534653,0.0,-2.722772277227724,0.0,1
random_2026091642,random,block_2,target,3.7499999999999987,-0.8168316831683176,0.0,0.0,4.166666666666663,0.0,1,0.0,0.0,0.0,0.0,0.0,0.0,0
random_2026091642,random,block_2,ssd,0.0,0.0,0.0,0.0,0.0,0.0,0,4.191561397519061,0.0,4.166666666666667,0.0,8.292079207920791,0.0,2
random_2026091643,random,aggregate,source,-0.4634320574914618,-0.11398014801480283,-0.1888135242095653,2.1327132713271304,-0.5708695869586955,0.22002200220021528,0,-0.12803735730716007,0.0,1.6386236837969526,0.0,-1.595159515951595,0.0,1
random_2026091643,random,aggregate,target,1.8175212220556762,-0.340441736481345,0.15024732787436249,0.01618431073877602,1.934604643265784,0.0,4,0.009444539510015485,0.0,-0.0552295530660755,0.0,0.023370887745436757,0.0,1
random_2026091643,random,aggregate,ssd,-0.08767982438948237,-0.1649755546274223,-0.5856604610078651,-0.6786969019482614,-0.0009990315270843226,0.0,1,2.101319703670087,0.0,2.0280813359749414,0.0,4.123416373895454,0.0,3
random_2026091643,random,block_1,source,-0.7486414054939335,1.4552080208020817,-0.38090275192932815,4.2654265426542635,-2.084656773948072,0.4400440044004389,0,-0.2551371208549422,0.0,-0.18809916705956423,0.0,-0.46754675467546747,0.0,0
random_2026091643,random,block_1,target,-0.11489044194895164,0.1396961558504023,0.30207483159306553,0.03407223313425245,-0.284322716270616,0.0,3,0.018197810599451802,0.0,-0.1191936627873318,0.0,0.060497258517060636,0.0,1
random_2026091643,random,block_1,ssd,-0.17535964877896484,-0.329951109254846,-1.1713209220157283,-1.3573938038965172,-0.0019980630541686743,0.0,1,0.01107800982110939,0.0,-0.1105039947167874,0.0,-0.04524646012988395,0.0,1
random_2026091643,random,block_2,source,-0.1815181518151817,-1.6831683168316847,0.0,0.0,0.9350935093509349,0.0,0,-0.004125412541254647,0.0,3.4653465346534653,0.0,-2.722772277227724,0.0,1
random_2026091643,random,block_2,target,3.7499999999999987,-0.8168316831683176,0.0,0.0,4.166666666666663,0.0,1,0.0,0.0,0.0,0.0,0.0,0.0,0
random_2026091643,random,block_2,ssd,0.0,0.0,0.0,0.0,0.0,0.0,0,4.191561397519061,0.0,4.166666666666667,0.0,8.292079207920791,0.0,2
random_2026091644,random,aggregate,source,-0.4634320574914618,-0.11398014801480283,-0.1888135242095653,2.1327132713271304,-0.5708695869586955,0.22002200220021528,0,-0.12803735730716007,0.0,1.6386236837969526,0.0,-1.595159515951595,0.0,1
random_2026091644,random,aggregate,target,1.8175212220556762,-0.340441736481345,0.15024732787436249,0.01618431073877602,1.934604643265784,0.0,4,0.009444539510015485,0.0,-0.0552295530660755,0.0,0.023370887745436757,0.0,1
random_2026091644,random,aggregate,ssd,-0.08767982438948237,-0.1649755546274223,-0.5856604610078651,-0.6786969019482614,-0.0009990315270843226,0.0,1,2.101319703670087,0.0,2.0280813359749414,0.0,4.123416373895454,0.0,3
random_2026091644,random,block_1,source,-0.7486414054939335,1.4552080208020817,-0.38090275192932815,4.2654265426542635,-2.084656773948072,0.4400440044004389,0,-0.2551371208549422,0.0,-0.18809916705956423,0.0,-0.46754675467546747,0.0,0
random_2026091644,random,block_1,target,-0.11489044194895164,0.1396961558504023,0.30207483159306553,0.03407223313425245,-0.284322716270616,0.0,3,0.018197810599451802,0.0,-0.1191936627873318,0.0,0.060497258517060636,0.0,1
random_2026091644,random,block_1,ssd,-0.17535964877896484,-0.329951109254846,-1.1713209220157283,-1.3573938038965172,-0.0019980630541686743,0.0,1,0.01107800982110939,0.0,-0.1105039947167874,0.0,-0.04524646012988395,0.0,1
random_2026091644,random,block_2,source,-0.1815181518151817,-1.6831683168316847,0.0,0.0,0.9350935093509349,0.0,0,-0.004125412541254647,0.0,3.4653465346534653,0.0,-2.722772277227724,0.0,1
random_2026091644,random,block_2,target,3.7499999999999987,-0.8168316831683176,0.0,0.0,4.166666666666663,0.0,1,0.0,0.0,0.0,0.0,0.0,0.0,0
random_2026091644,random,block_2,ssd,0.0,0.0,0.0,0.0,0.0,0.0,0,4.191561397519061,0.0,4.166666666666667,0.0,8.292079207920791,0.0,2
random_2026091645,random,aggregate,source,-0.4634320574914618,-0.11398014801480283,-0.1888135242095653,2.1327132713271304,-0.5708695869586955,0.22002200220021528,0,-0.12803735730716007,0.0,1.6386236837969526,0.0,-1.595159515951595,0.0,1
random_2026091645,random,aggregate,target,1.8175212220556762,-0.340441736481345,0.15024732787436249,0.01618431073877602,1.934604643265784,0.0,4,0.009444539510015485,0.0,-0.0552295530660755,0.0,0.023370887745436757,0.0,1
random_2026091645,random,aggregate,ssd,-0.08767982438948237,-0.1649755546274223,-0.5856604610078651,-0.6786969019482614,-0.0009990315270843226,0.0,1,2.101319703670087,0.0,2.0280813359749414,0.0,4.123416373895454,0.0,3
random_2026091645,random,block_1,source,-0.7486414054939335,1.4552080208020817,-0.38090275192932815,4.2654265426542635,-2.084656773948072,0.4400440044004389,0,-0.2551371208549422,0.0,-0.18809916705956423,0.0,-0.46754675467546747,0.0,0
random_2026091645,random,block_1,target,-0.11489044194895164,0.1396961558504023,0.30207483159306553,0.03407223313425245,-0.284322716270616,0.0,3,0.018197810599451802,0.0,-0.1191936627873318,0.0,0.060497258517060636,0.0,1
random_2026091645,random,block_1,ssd,-0.17535964877896484,-0.329951109254846,-1.1713209220157283,-1.3573938038965172,-0.0019980630541686743,0.0,1,0.01107800982110939,0.0,-0.1105039947167874,0.0,-0.04524646012988395,0.0,1
random_2026091645,random,block_2,source,-0.1815181518151817,-1.6831683168316847,0.0,0.0,0.9350935093509349,0.0,0,-0.004125412541254647,0.0,3.4653465346534653,0.0,-2.722772277227724,0.0,1
random_2026091645,random,block_2,target,3.7499999999999987,-0.8168316831683176,0.0,0.0,4.166666666666663,0.0,1,0.0,0.0,0.0,0.0,0.0,0.0,0
random_2026091645,random,block_2,ssd,0.0,0.0,0.0,0.0,0.0,0.0,0,4.191561397519061,0.0,4.166666666666667,0.0,8.292079207920791,0.0,2
random_2026091646,random,aggregate,source,-0.4634320574914618,-0.11398014801480283,-0.1888135242095653,2.1327132713271304,-0.5708695869586955,0.22002200220021528,0,-0.12803735730716007,0.0,1.6386236837969526,0.0,-1.595159515951595,0.0,1
random_2026091646,random,aggregate,target,1.8175212220556762,-0.340441736481345,0.15024732787436249,0.01618431073877602,1.934604643265784,0.0,4,0.009444539510015485,0.0,-0.0552295530660755,0.0,0.023370887745436757,0.0,1
random_2026091646,random,aggregate,ssd,-0.08767982438948237,-0.1649755546274223,-0.5856604610078651,-0.6786969019482614,-0.0009990315270843226,0.0,1,2.101319703670087,0.0,2.0280813359749414,0.0,4.123416373895454,0.0,3
random_2026091646,random,block_1,source,-0.7486414054939335,1.4552080208020817,-0.38090275192932815,4.2654265426542635,-2.084656773948072,0.4400440044004389,0,-0.2551371208549422,0.0,-0.18809916705956423,0.0,-0.46754675467546747,0.0,0
random_2026091646,random,block_1,target,-0.11489044194895164,0.1396961558504023,0.30207483159306553,0.03407223313425245,-0.284322716270616,0.0,3,0.018197810599451802,0.0,-0.1191936627873318,0.0,0.060497258517060636,0.0,1
random_2026091646,random,block_1,ssd,-0.17535964877896484,-0.329951109254846,-1.1713209220157283,-1.3573938038965172,-0.0019980630541686743,0.0,1,0.01107800982110939,0.0,-0.1105039947167874,0.0,-0.04524646012988395,0.0,1
random_2026091646,random,block_2,source,-0.1815181518151817,-1.6831683168316847,0.0,0.0,0.9350935093509349,0.0,0,-0.004125412541254647,0.0,3.4653465346534653,0.0,-2.722772277227724,0.0,1
random_2026091646,random,block_2,target,3.7499999999999987,-0.8168316831683176,0.0,0.0,4.166666666666663,0.0,1,0.0,0.0,0.0,0.0,0.0,0.0,0
random_2026091646,random,block_2,ssd,0.0,0.0,0.0,0.0,0.0,0.0,0,4.191561397519061,0.0,4.166666666666667,0.0,8.292079207920791,0.0,2
random_2026091647,random,aggregate,source,-0.4634320574914618,-0.11398014801480283,-0.1888135242095653,2.1327132713271304,-0.5708695869586955,0.22002200220021528,0,-0.12803735730716007,0.0,1.6386236837969526,0.0,-1.595159515951595,0.0,1
random_2026091647,random,aggregate,target,1.8175212220556762,-0.340441736481345,0.15024732787436249,0.01618431073877602,1.934604643265784,0.0,4,0.009444539510015485,0.0,-0.0552295530660755,0.0,0.023370887745436757,0.0,1
random_2026091647,random,aggregate,ssd,-0.08767982438948237,-0.1649755546274223,-0.5856604610078651,-0.6786969019482614,-0.0009990315270843226,0.0,1,2.101319703670087,0.0,2.0280813359749414,0.0,4.123416373895454,0.0,3
random_2026091647,random,block_1,source,-0.7486414054939335,1.4552080208020817,-0.38090275192932815,4.2654265426542635,-2.084656773948072,0.4400440044004389,0,-0.2551371208549422,0.0,-0.18809916705956423,0.0,-0.46754675467546747,0.0,0
random_2026091647,random,block_1,target,-0.11489044194895164,0.1396961558504023,0.30207483159306553,0.03407223313425245,-0.284322716270616,0.0,3,0.018197810599451802,0.0,-0.1191936627873318,0.0,0.060497258517060636,0.0,1
random_2026091647,random,block_1,ssd,-0.17535964877896484,-0.329951109254846,-1.1713209220157283,-1.3573938038965172,-0.0019980630541686743,0.0,1,0.01107800982110939,0.0,-0.1105039947167874,0.0,-0.04524646012988395,0.0,1
random_2026091647,random,block_2,source,-0.1815181518151817,-1.6831683168316847,0.0,0.0,0.9350935093509349,0.0,0,-0.004125412541254647,0.0,3.4653465346534653,0.0,-2.722772277227724,0.0,1
random_2026091647,random,block_2,target,3.7499999999999987,-0.8168316831683176,0.0,0.0,4.166666666666663,0.0,1,0.0,0.0,0.0,0.0,0.0,0.0,0
random_2026091647,random,block_2,ssd,0.0,0.0,0.0,0.0,0.0,0.0,0,4.191561397519061,0.0,4.166666666666667,0.0,8.292079207920791,0.0,2
random_2026091648,random,aggregate,source,-0.4634320574914618,-0.11398014801480283,-0.1888135242095653,2.1327132713271304,-0.5708695869586955,0.22002200220021528,0,-0.12803735730716007,0.0,1.6386236837969526,0.0,-1.595159515951595,0.0,1
random_2026091648,random,aggregate,target,1.8175212220556762,-0.340441736481345,0.15024732787436249,0.01618431073877602,1.934604643265784,0.0,4,0.009444539510015485,0.0,-0.0552295530660755,0.0,0.023370887745436757,0.0,1
random_2026091648,random,aggregate,ssd,-0.08767982438948237,-0.1649755546274223,-0.5856604610078651,-0.6786969019482614,-0.0009990315270843226,0.0,1,2.101319703670087,0.0,2.0280813359749414,0.0,4.123416373895454,0.0,3
random_2026091648,random,block_1,source,-0.7486414054939335,1.4552080208020817,-0.38090275192932815,4.2654265426542635,-2.084656773948072,0.4400440044004389,0,-0.2551371208549422,0.0,-0.18809916705956423,0.0,-0.46754675467546747,0.0,0
random_2026091648,random,block_1,target,-0.11489044194895164,0.1396961558504023,0.30207483159306553,0.03407223313425245,-0.284322716270616,0.0,3,0.018197810599451802,0.0,-0.1191936627873318,0.0,0.060497258517060636,0.0,1
random_2026091648,random,block_1,ssd,-0.17535964877896484,-0.329951109254846,-1.1713209220157283,-1.3573938038965172,-0.0019980630541686743,0.0,1,0.01107800982110939,0.0,-0.1105039947167874,0.0,-0.04524646012988395,0.0,1
random_2026091648,random,block_2,source,-0.1815181518151817,-1.6831683168316847,0.0,0.0,0.9350935093509349,0.0,0,-0.004125412541254647,0.0,3.4653465346534653,0.0,-2.722772277227724,0.0,1
random_2026091648,random,block_2,target,3.7499999999999987,-0.8168316831683176,0.0,0.0,4.166666666666663,0.0,1,0.0,0.0,0.0,0.0,0.0,0.0,0
random_2026091648,random,block_2,ssd,0.0,0.0,0.0,0.0,0.0,0.0,0,4.191561397519061,0.0,4.166666666666667,0.0,8.292079207920791,0.0,2
random_2026091649,random,aggregate,source,-0.4634320574914618,-0.11398014801480283,-0.1888135242095653,2.1327132713271304,-0.5708695869586955,0.22002200220021528,0,-0.12803735730716007,0.0,1.6386236837969526,0.0,-1.595159515951595,0.0,1
random_2026091649,random,aggregate,target,1.8175212220556762,-0.340441736481345,0.15024732787436249,0.01618431073877602,1.934604643265784,0.0,4,0.009444539510015485,0.0,-0.0552295530660755,0.0,0.023370887745436757,0.0,1
random_2026091649,random,aggregate,ssd,-0.08767982438948237,-0.1649755546274223,-0.5856604610078651,-0.6786969019482614,-0.0009990315270843226,0.0,1,2.101319703670087,0.0,2.0280813359749414,0.0,4.123416373895454,0.0,3
random_2026091649,random,block_1,source,-0.7486414054939335,1.4552080208020817,-0.38090275192932815,4.2654265426542635,-2.084656773948072,0.4400440044004389,0,-0.2551371208549422,0.0,-0.18809916705956423,0.0,-0.46754675467546747,0.0,0
random_2026091649,random,block_1,target,-0.11489044194895164,0.1396961558504023,0.30207483159306553,0.03407223313425245,-0.284322716270616,0.0,3,0.018197810599451802,0.0,-0.1191936627873318,0.0,0.060497258517060636,0.0,1
random_2026091649,random,block_1,ssd,-0.17535964877896484,-0.329951109254846,-1.1713209220157283,-1.3573938038965172,-0.0019980630541686743,0.0,1,0.01107800982110939,0.0,-0.1105039947167874,0.0,-0.04524646012988395,0.0,1
random_2026091649,random,block_2,source,-0.1815181518151817,-1.6831683168316847,0.0,0.0,0.9350935093509349,0.0,0,-0.004125412541254647,0.0,3.4653465346534653,0.0,-2.722772277227724,0.0,1
random_2026091649,random,block_2,target,3.7499999999999987,-0.8168316831683176,0.0,0.0,4.166666666666663,0.0,1,0.0,0.0,0.0,0.0,0.0,0.0,0
random_2026091649,random,block_2,ssd,0.0,0.0,0.0,0.0,0.0,0.0,0,4.191561397519061,0.0,4.166666666666667,0.0,8.292079207920791,0.0,2
random_2026091650,random,aggregate,source,-0.4634320574914618,-0.11398014801480283,-0.1888135242095653,2.1327132713271304,-0.5708695869586955,0.22002200220021528,0,-0.12803735730716007,0.0,1.6386236837969526,0.0,-1.595159515951595,0.0,1
random_2026091650,random,aggregate,target,1.8175212220556762,-0.340441736481345,0.15024732787436249,0.01618431073877602,1.934604643265784,0.0,4,0.009444539510015485,0.0,-0.0552295530660755,0.0,0.023370887745436757,0.0,1
random_2026091650,random,aggregate,ssd,-0.08767982438948237,-0.1649755546274223,-0.5856604610078651,-0.6786969019482614,-0.0009990315270843226,0.0,1,2.101319703670087,0.0,2.0280813359749414,0.0,4.123416373895454,0.0,3
random_2026091650,random,block_1,source,-0.7486414054939335,1.4552080208020817,-0.38090275192932815,4.2654265426542635,-2.084656773948072,0.4400440044004389,0,-0.2551371208549422,0.0,-0.18809916705956423,0.0,-0.46754675467546747,0.0,0
random_2026091650,random,block_1,target,-0.11489044194895164,0.1396961558504023,0.30207483159306553,0.03407223313425245,-0.284322716270616,0.0,3,0.018197810599451802,0.0,-0.1191936627873318,0.0,0.060497258517060636,0.0,1
random_2026091650,random,block_1,ssd,-0.17535964877896484,-0.329951109254846,-1.1713209220157283,-1.3573938038965172,-0.0019980630541686743,0.0,1,0.01107800982110939,0.0,-0.1105039947167874,0.0,-0.04524646012988395,0.0,1
random_2026091650,random,block_2,source,-0.1815181518151817,-1.6831683168316847,0.0,0.0,0.9350935093509349,0.0,0,-0.004125412541254647,0.0,3.4653465346534653,0.0,-2.722772277227724,0.0,1
random_2026091650,random,block_2,target,3.7499999999999987,-0.8168316831683176,0.0,0.0,4.166666666666663,0.0,1,0.0,0.0,0.0,0.0,0.0,0.0,0
random_2026091650,random,block_2,ssd,0.0,0.0,0.0,0.0,0.0,0.0,0,4.191561397519061,0.0,4.166666666666667,0.0,8.292079207920791,0.0,2
random_2026091651,random,aggregate,source,-0.4634320574914618,-0.11398014801480283,-0.1888135242095653,2.1327132713271304,-0.5708695869586955,0.22002200220021528,0,-0.12803735730716007,0.0,1.6386236837969526,0.0,-1.595159515951595,0.0,1
random_2026091651,random,aggregate,target,1.8175212220556762,-0.340441736481345,0.15024732787436249,0.01618431073877602,1.934604643265784,0.0,4,0.009444539510015485,0.0,-0.0552295530660755,0.0,0.023370887745436757,0.0,1
random_2026091651,random,aggregate,ssd,-0.08767982438948237,-0.1649755546274223,-0.5856604610078651,-0.6786969019482614,-0.0009990315270843226,0.0,1,2.101319703670087,0.0,2.0280813359749414,0.0,4.123416373895454,0.0,3
random_2026091651,random,block_1,source,-0.7486414054939335,1.4552080208020817,-0.38090275192932815,4.2654265426542635,-2.084656773948072,0.4400440044004389,0,-0.2551371208549422,0.0,-0.18809916705956423,0.0,-0.46754675467546747,0.0,0
random_2026091651,random,block_1,target,-0.11489044194895164,0.1396961558504023,0.30207483159306553,0.03407223313425245,-0.284322716270616,0.0,3,0.018197810599451802,0.0,-0.1191936627873318,0.0,0.060497258517060636,0.0,1
random_2026091651,random,block_1,ssd,-0.17535964877896484,-0.329951109254846,-1.1713209220157283,-1.3573938038965172,-0.0019980630541686743,0.0,1,0.01107800982110939,0.0,-0.1105039947167874,0.0,-0.04524646012988395,0.0,1
random_2026091651,random,block_2,source,-0.1815181518151817,-1.6831683168316847,0.0,0.0,0.9350935093509349,0.0,0,-0.004125412541254647,0.0,3.4653465346534653,0.0,-2.722772277227724,0.0,1
random_2026091651,random,block_2,target,3.7499999999999987,-0.8168316831683176,0.0,0.0,4.166666666666663,0.0,1,0.0,0.0,0.0,0.0,0.0,0.0,0
random_2026091651,random,block_2,ssd,0.0,0.0,0.0,0.0,0.0,0.0,0,4.191561397519061,0.0,4.166666666666667,0.0,8.292079207920791,0.0,2
random_2026091652,random,aggregate,source,-0.4634320574914618,-0.11398014801480283,-0.1888135242095653,2.1327132713271304,-0.5708695869586955,0.22002200220021528,0,-0.12803735730716007,0.0,1.6386236837969526,0.0,-1.595159515951595,0.0,1
random_2026091652,random,aggregate,target,1.8175212220556762,-0.340441736481345,0.15024732787436249,0.01618431073877602,1.934604643265784,0.0,4,0.009444539510015485,0.0,-0.0552295530660755,0.0,0.023370887745436757,0.0,1
random_2026091652,random,aggregate,ssd,-0.08767982438948237,-0.1649755546274223,-0.5856604610078651,-0.6786969019482614,-0.0009990315270843226,0.0,1,2.101319703670087,0.0,2.0280813359749414,0.0,4.123416373895454,0.0,3
random_2026091652,random,block_1,source,-0.7486414054939335,1.4552080208020817,-0.38090275192932815,4.2654265426542635,-2.084656773948072,0.4400440044004389,0,-0.2551371208549422,0.0,-0.18809916705956423,0.0,-0.46754675467546747,0.0,0
random_2026091652,random,block_1,target,-0.11489044194895164,0.1396961558504023,0.30207483159306553,0.03407223313425245,-0.284322716270616,0.0,3,0.018197810599451802,0.0,-0.1191936627873318,0.0,0.060497258517060636,0.0,1
random_2026091652,random,block_1,ssd,-0.17535964877896484,-0.329951109254846,-1.1713209220157283,-1.3573938038965172,-0.0019980630541686743,0.0,1,0.01107800982110939,0.0,-0.1105039947167874,0.0,-0.04524646012988395,0.0,1
random_2026091652,random,block_2,source,-0.1815181518151817,-1.6831683168316847,0.0,0.0,0.9350935093509349,0.0,0,-0.004125412541254647,0.0,3.4653465346534653,0.0,-2.722772277227724,0.0,1
random_2026091652,random,block_2,target,3.7499999999999987,-0.8168316831683176,0.0,0.0,4.166666666666663,0.0,1,0.0,0.0,0.0,0.0,0.0,0.0,0
random_2026091652,random,block_2,ssd,0.0,0.0,0.0,0.0,0.0,0.0,0,4.191561397519061,0.0,4.166666666666667,0.0,8.292079207920791,0.0,2
random_2026091653,random,aggregate,source,-0.4634320574914618,-0.11398014801480283,-0.1888135242095653,2.1327132713271304,-0.5708695869586955,0.22002200220021528,0,-0.12803735730716007,0.0,1.6386236837969526,0.0,-1.595159515951595,0.0,1
random_2026091653,random,aggregate,target,1.8175212220556762,-0.340441736481345,0.15024732787436249,0.01618431073877602,1.934604643265784,0.0,4,0.009444539510015485,0.0,-0.0552295530660755,0.0,0.023370887745436757,0.0,1
random_2026091653,random,aggregate,ssd,-0.08767982438948237,-0.1649755546274223,-0.5856604610078651,-0.6786969019482614,-0.0009990315270843226,0.0,1,2.101319703670087,0.0,2.0280813359749414,0.0,4.123416373895454,0.0,3
random_2026091653,random,block_1,source,-0.7486414054939335,1.4552080208020817,-0.38090275192932815,4.2654265426542635,-2.084656773948072,0.4400440044004389,0,-0.2551371208549422,0.0,-0.18809916705956423,0.0,-0.46754675467546747,0.0,0
random_2026091653,random,block_1,target,-0.11489044194895164,0.1396961558504023,0.30207483159306553,0.03407223313425245,-0.284322716270616,0.0,3,0.018197810599451802,0.0,-0.1191936627873318,0.0,0.060497258517060636,0.0,1
random_2026091653,random,block_1,ssd,-0.17535964877896484,-0.329951109254846,-1.1713209220157283,-1.3573938038965172,-0.0019980630541686743,0.0,1,0.01107800982110939,0.0,-0.1105039947167874,0.0,-0.04524646012988395,0.0,1
random_2026091653,random,block_2,source,-0.1815181518151817,-1.6831683168316847,0.0,0.0,0.9350935093509349,0.0,0,-0.004125412541254647,0.0,3.4653465346534653,0.0,-2.722772277227724,0.0,1
random_2026091653,random,block_2,target,3.7499999999999987,-0.8168316831683176,0.0,0.0,4.166666666666663,0.0,1,0.0,0.0,0.0,0.0,0.0,0.0,0
random_2026091653,random,block_2,ssd,0.0,0.0,0.0,0.0,0.0,0.0,0,4.191561397519061,0.0,4.166666666666667,0.0,8.292079207920791,0.0,2
random_2026091654,random,aggregate,source,-0.4634320574914618,-0.11398014801480283,-0.1888135242095653,2.1327132713271304,-0.5708695869586955,0.22002200220021528,0,-0.12803735730716007,0.0,1.6386236837969526,0.0,-1.595159515951595,0.0,1
random_2026091654,random,aggregate,target,1.8175212220556762,-0.340441736481345,0.15024732787436249,0.01618431073877602,1.934604643265784,0.0,4,0.009444539510015485,0.0,-0.0552295530660755,0.0,0.023370887745436757,0.0,1
random_2026091654,random,aggregate,ssd,-0.08767982438948237,-0.1649755546274223,-0.5856604610078651,-0.6786969019482614,-0.0009990315270843226,0.0,1,2.101319703670087,0.0,2.0280813359749414,0.0,4.123416373895454,0.0,3
random_2026091654,random,block_1,source,-0.7486414054939335,1.4552080208020817,-0.38090275192932815,4.2654265426542635,-2.084656773948072,0.4400440044004389,0,-0.2551371208549422,0.0,-0.18809916705956423,0.0,-0.46754675467546747,0.0,0
random_2026091654,random,block_1,target,-0.11489044194895164,0.1396961558504023,0.30207483159306553,0.03407223313425245,-0.284322716270616,0.0,3,0.018197810599451802,0.0,-0.1191936627873318,0.0,0.060497258517060636,0.0,1
random_2026091654,random,block_1,ssd,-0.17535964877896484,-0.329951109254846,-1.1713209220157283,-1.3573938038965172,-0.0019980630541686743,0.0,1,0.01107800982110939,0.0,-0.1105039947167874,0.0,-0.04524646012988395,0.0,1
random_2026091654,random,block_2,source,-0.1815181518151817,-1.6831683168316847,0.0,0.0,0.9350935093509349,0.0,0,-0.004125412541254647,0.0,3.4653465346534653,0.0,-2.722772277227724,0.0,1
random_2026091654,random,block_2,target,3.7499999999999987,-0.8168316831683176,0.0,0.0,4.166666666666663,0.0,1,0.0,0.0,0.0,0.0,0.0,0.0,0
random_2026091654,random,block_2,ssd,0.0,0.0,0.0,0.0,0.0,0.0,0,4.191561397519061,0.0,4.166666666666667,0.0,8.292079207920791,0.0,2
random_2026091655,random,aggregate,source,-0.4634320574914618,-0.11398014801480283,-0.1888135242095653,2.1327132713271304,-0.5708695869586955,0.22002200220021528,0,-0.12803735730716007,0.0,1.6386236837969526,0.0,-1.595159515951595,0.0,1
random_2026091655,random,aggregate,target,1.8175212220556762,-0.340441736481345,0.15024732787436249,0.01618431073877602,1.934604643265784,0.0,4,0.009444539510015485,0.0,-0.0552295530660755,0.0,0.023370887745436757,0.0,1
random_2026091655,random,aggregate,ssd,-0.08767982438948237,-0.1649755546274223,-0.5856604610078651,-0.6786969019482614,-0.0009990315270843226,0.0,1,2.101319703670087,0.0,2.0280813359749414,0.0,4.123416373895454,0.0,3
random_2026091655,random,block_1,source,-0.7486414054939335,1.4552080208020817,-0.38090275192932815,4.2654265426542635,-2.084656773948072,0.4400440044004389,0,-0.2551371208549422,0.0,-0.18809916705956423,0.0,-0.46754675467546747,0.0,0
random_2026091655,random,block_1,target,-0.11489044194895164,0.1396961558504023,0.30207483159306553,0.03407223313425245,-0.284322716270616,0.0,3,0.018197810599451802,0.0,-0.1191936627873318,0.0,0.060497258517060636,0.0,1
random_2026091655,random,block_1,ssd,-0.17535964877896484,-0.329951109254846,-1.1713209220157283,-1.3573938038965172,-0.0019980630541686743,0.0,1,0.01107800982110939,0.0,-0.1105039947167874,0.0,-0.04524646012988395,0.0,1
random_2026091655,random,block_2,source,-0.1815181518151817,-1.6831683168316847,0.0,0.0,0.9350935093509349,0.0,0,-0.004125412541254647,0.0,3.4653465346534653,0.0,-2.722772277227724,0.0,1
random_2026091655,random,block_2,target,3.7499999999999987,-0.8168316831683176,0.0,0.0,4.166666666666663,0.0,1,0.0,0.0,0.0,0.0,0.0,0.0,0
random_2026091655,random,block_2,ssd,0.0,0.0,0.0,0.0,0.0,0.0,0,4.191561397519061,0.0,4.166666666666667,0.0,8.292079207920791,0.0,2
random_2026091656,random,aggregate,source,-0.4634320574914618,-0.11398014801480283,-0.1888135242095653,2.1327132713271304,-0.5708695869586955,0.22002200220021528,0,-0.12803735730716007,0.0,1.6386236837969526,0.0,-1.595159515951595,0.0,1
random_2026091656,random,aggregate,target,1.8175212220556762,-0.340441736481345,0.15024732787436249,0.01618431073877602,1.934604643265784,0.0,4,0.009444539510015485,0.0,-0.0552295530660755,0.0,0.023370887745436757,0.0,1
random_2026091656,random,aggregate,ssd,-0.08767982438948237,-0.1649755546274223,-0.5856604610078651,-0.6786969019482614,-0.0009990315270843226,0.0,1,2.101319703670087,0.0,2.0280813359749414,0.0,4.123416373895454,0.0,3
random_2026091656,random,block_1,source,-0.7486414054939335,1.4552080208020817,-0.38090275192932815,4.2654265426542635,-2.084656773948072,0.4400440044004389,0,-0.2551371208549422,0.0,-0.18809916705956423,0.0,-0.46754675467546747,0.0,0
random_2026091656,random,block_1,target,-0.11489044194895164,0.1396961558504023,0.30207483159306553,0.03407223313425245,-0.284322716270616,0.0,3,0.018197810599451802,0.0,-0.1191936627873318,0.0,0.060497258517060636,0.0,1
random_2026091656,random,block_1,ssd,-0.17535964877896484,-0.329951109254846,-1.1713209220157283,-1.3573938038965172,-0.0019980630541686743,0.0,1,0.01107800982110939,0.0,-0.1105039947167874,0.0,-0.04524646012988395,0.0,1
random_2026091656,random,block_2,source,-0.1815181518151817,-1.6831683168316847,0.0,0.0,0.9350935093509349,0.0,0,-0.004125412541254647,0.0,3.4653465346534653,0.0,-2.722772277227724,0.0,1
random_2026091656,random,block_2,target,3.7499999999999987,-0.8168316831683176,0.0,0.0,4.166666666666663,0.0,1,0.0,0.0,0.0,0.0,0.0,0.0,0
random_2026091656,random,block_2,ssd,0.0,0.0,0.0,0.0,0.0,0.0,0,4.191561397519061,0.0,4.166666666666667,0.0,8.292079207920791,0.0,2
random_2026091657,random,aggregate,source,-0.4634320574914618,-0.11398014801480283,-0.1888135242095653,2.1327132713271304,-0.5708695869586955,0.22002200220021528,0,-0.12803735730716007,0.0,1.6386236837969526,0.0,-1.595159515951595,0.0,1
random_2026091657,random,aggregate,target,1.8175212220556762,-0.340441736481345,0.15024732787436249,0.01618431073877602,1.934604643265784,0.0,4,0.009444539510015485,0.0,-0.0552295530660755,0.0,0.023370887745436757,0.0,1
random_2026091657,random,aggregate,ssd,-0.08767982438948237,-0.1649755546274223,-0.5856604610078651,-0.6786969019482614,-0.0009990315270843226,0.0,1,2.101319703670087,0.0,2.0280813359749414,0.0,4.123416373895454,0.0,3
random_2026091657,random,block_1,source,-0.7486414054939335,1.4552080208020817,-0.38090275192932815,4.2654265426542635,-2.084656773948072,0.4400440044004389,0,-0.2551371208549422,0.0,-0.18809916705956423,0.0,-0.46754675467546747,0.0,0
random_2026091657,random,block_1,target,-0.11489044194895164,0.1396961558504023,0.30207483159306553,0.03407223313425245,-0.284322716270616,0.0,3,0.018197810599451802,0.0,-0.1191936627873318,0.0,0.060497258517060636,0.0,1
random_2026091657,random,block_1,ssd,-0.17535964877896484,-0.329951109254846,-1.1713209220157283,-1.3573938038965172,-0.0019980630541686743,0.0,1,0.01107800982110939,0.0,-0.1105039947167874,0.0,-0.04524646012988395,0.0,1
random_2026091657,random,block_2,source,-0.1815181518151817,-1.6831683168316847,0.0,0.0,0.9350935093509349,0.0,0,-0.004125412541254647,0.0,3.4653465346534653,0.0,-2.722772277227724,0.0,1
random_2026091657,random,block_2,target,3.7499999999999987,-0.8168316831683176,0.0,0.0,4.166666666666663,0.0,1,0.0,0.0,0.0,0.0,0.0,0.0,0
random_2026091657,random,block_2,ssd,0.0,0.0,0.0,0.0,0.0,0.0,0,4.191561397519061,0.0,4.166666666666667,0.0,8.292079207920791,0.0,2
random_2026091658,random,aggregate,source,-0.4634320574914618,-0.11398014801480283,-0.1888135242095653,2.1327132713271304,-0.5708695869586955,0.22002200220021528,0,-0.12803735730716007,0.0,1.6386236837969526,0.0,-1.595159515951595,0.0,1
random_2026091658,random,aggregate,target,1.8175212220556762,-0.340441736481345,0.15024732787436249,0.01618431073877602,1.934604643265784,0.0,4,0.009444539510015485,0.0,-0.0552295530660755,0.0,0.023370887745436757,0.0,1
random_2026091658,random,aggregate,ssd,-0.08767982438948237,-0.1649755546274223,-0.5856604610078651,-0.6786969019482614,-0.0009990315270843226,0.0,1,2.101319703670087,0.0,2.0280813359749414,0.0,4.123416373895454,0.0,3
random_2026091658,random,block_1,source,-0.7486414054939335,1.4552080208020817,-0.38090275192932815,4.2654265426542635,-2.084656773948072,0.4400440044004389,0,-0.2551371208549422,0.0,-0.18809916705956423,0.0,-0.46754675467546747,0.0,0
random_2026091658,random,block_1,target,-0.11489044194895164,0.1396961558504023,0.30207483159306553,0.03407223313425245,-0.284322716270616,0.0,3,0.018197810599451802,0.0,-0.1191936627873318,0.0,0.060497258517060636,0.0,1
random_2026091658,random,block_1,ssd,-0.17535964877896484,-0.329951109254846,-1.1713209220157283,-1.3573938038965172,-0.0019980630541686743,0.0,1,0.01107800982110939,0.0,-0.1105039947167874,0.0,-0.04524646012988395,0.0,1
random_2026091658,random,block_2,source,-0.1815181518151817,-1.6831683168316847,0.0,0.0,0.9350935093509349,0.0,0,-0.004125412541254647,0.0,3.4653465346534653,0.0,-2.722772277227724,0.0,1
random_2026091658,random,block_2,target,3.7499999999999987,-0.8168316831683176,0.0,0.0,4.166666666666663,0.0,1,0.0,0.0,0.0,0.0,0.0,0.0,0
random_2026091658,random,block_2,ssd,0.0,0.0,0.0,0.0,0.0,0.0,0,4.191561397519061,0.0,4.166666666666667,0.0,8.292079207920791,0.0,2
random_2026091659,random,aggregate,source,-0.4634320574914618,-0.11398014801480283,-0.1888135242095653,2.1327132713271304,-0.5708695869586955,0.22002200220021528,0,-0.12803735730716007,0.0,1.6386236837969526,0.0,-1.595159515951595,0.0,1
random_2026091659,random,aggregate,target,1.8175212220556762,-0.340441736481345,0.15024732787436249,0.01618431073877602,1.934604643265784,0.0,4,0.009444539510015485,0.0,-0.0552295530660755,0.0,0.023370887745436757,0.0,1
random_2026091659,random,aggregate,ssd,-0.08767982438948237,-0.1649755546274223,-0.5856604610078651,-0.6786969019482614,-0.0009990315270843226,0.0,1,2.101319703670087,0.0,2.0280813359749414,0.0,4.123416373895454,0.0,3
random_2026091659,random,block_1,source,-0.7486414054939335,1.4552080208020817,-0.38090275192932815,4.2654265426542635,-2.084656773948072,0.4400440044004389,0,-0.2551371208549422,0.0,-0.18809916705956423,0.0,-0.46754675467546747,0.0,0
random_2026091659,random,block_1,target,-0.11489044194895164,0.1396961558504023,0.30207483159306553,0.03407223313425245,-0.284322716270616,0.0,3,0.018197810599451802,0.0,-0.1191936627873318,0.0,0.060497258517060636,0.0,1
random_2026091659,random,block_1,ssd,-0.17535964877896484,-0.329951109254846,-1.1713209220157283,-1.3573938038965172,-0.0019980630541686743,0.0,1,0.01107800982110939,0.0,-0.1105039947167874,0.0,-0.04524646012988395,0.0,1
random_2026091659,random,block_2,source,-0.1815181518151817,-1.6831683168316847,0.0,0.0,0.9350935093509349,0.0,0,-0.004125412541254647,0.0,3.4653465346534653,0.0,-2.722772277227724,0.0,1
random_2026091659,random,block_2,target,3.7499999999999987,-0.8168316831683176,0.0,0.0,4.166666666666663,0.0,1,0.0,0.0,0.0,0.0,0.0,0.0,0
random_2026091659,random,block_2,ssd,0.0,0.0,0.0,0.0,0.0,0.0,0,4.191561397519061,0.0,4.166666666666667,0.0,8.292079207920791,0.0,2
random_2026091660,random,aggregate,source,-0.4634320574914618,-0.11398014801480283,-0.1888135242095653,2.1327132713271304,-0.5708695869586955,0.22002200220021528,0,-0.12803735730716007,0.0,1.6386236837969526,0.0,-1.595159515951595,0.0,1
random_2026091660,random,aggregate,target,1.8175212220556762,-0.340441736481345,0.15024732787436249,0.01618431073877602,1.934604643265784,0.0,4,0.009444539510015485,0.0,-0.0552295530660755,0.0,0.023370887745436757,0.0,1
random_2026091660,random,aggregate,ssd,-0.08767982438948237,-0.1649755546274223,-0.5856604610078651,-0.6786969019482614,-0.0009990315270843226,0.0,1,2.101319703670087,0.0,2.0280813359749414,0.0,4.123416373895454,0.0,3
random_2026091660,random,block_1,source,-0.7486414054939335,1.4552080208020817,-0.38090275192932815,4.2654265426542635,-2.084656773948072,0.4400440044004389,0,-0.2551371208549422,0.0,-0.18809916705956423,0.0,-0.46754675467546747,0.0,0
random_2026091660,random,block_1,target,-0.11489044194895164,0.1396961558504023,0.30207483159306553,0.03407223313425245,-0.284322716270616,0.0,3,0.018197810599451802,0.0,-0.1191936627873318,0.0,0.060497258517060636,0.0,1
random_2026091660,random,block_1,ssd,-0.17535964877896484,-0.329951109254846,-1.1713209220157283,-1.3573938038965172,-0.0019980630541686743,0.0,1,0.01107800982110939,0.0,-0.1105039947167874,0.0,-0.04524646012988395,0.0,1
random_2026091660,random,block_2,source,-0.1815181518151817,-1.6831683168316847,0.0,0.0,0.9350935093509349,0.0,0,-0.004125412541254647,0.0,3.4653465346534653,0.0,-2.722772277227724,0.0,1
random_2026091660,random,block_2,target,3.7499999999999987,-0.8168316831683176,0.0,0.0,4.166666666666663,0.0,1,0.0,0.0,0.0,0.0,0.0,0.0,0
random_2026091660,random,block_2,ssd,0.0,0.0,0.0,0.0,0.0,0.0,0,4.191561397519061,0.0,4.166666666666667,0.0,8.292079207920791,0.0,2
random_2026091661,random,aggregate,source,-0.4634320574914618,-0.11398014801480283,-0.1888135242095653,2.1327132713271304,-0.5708695869586955,0.22002200220021528,0,-0.12803735730716007,0.0,1.6386236837969526,0.0,-1.595159515951595,0.0,1
random_2026091661,random,aggregate,target,1.8175212220556762,-0.340441736481345,0.15024732787436249,0.01618431073877602,1.934604643265784,0.0,4,0.009444539510015485,0.0,-0.0552295530660755,0.0,0.023370887745436757,0.0,1
random_2026091661,random,aggregate,ssd,-0.08767982438948237,-0.1649755546274223,-0.5856604610078651,-0.6786969019482614,-0.0009990315270843226,0.0,1,2.101319703670087,0.0,2.0280813359749414,0.0,4.123416373895454,0.0,3
random_2026091661,random,block_1,source,-0.7486414054939335,1.4552080208020817,-0.38090275192932815,4.2654265426542635,-2.084656773948072,0.4400440044004389,0,-0.2551371208549422,0.0,-0.18809916705956423,0.0,-0.46754675467546747,0.0,0
random_2026091661,random,block_1,target,-0.11489044194895164,0.1396961558504023,0.30207483159306553,0.03407223313425245,-0.284322716270616,0.0,3,0.018197810599451802,0.0,-0.1191936627873318,0.0,0.060497258517060636,0.0,1
random_2026091661,random,block_1,ssd,-0.17535964877896484,-0.329951109254846,-1.1713209220157283,-1.3573938038965172,-0.0019980630541686743,0.0,1,0.01107800982110939,0.0,-0.1105039947167874,0.0,-0.04524646012988395,0.0,1
random_2026091661,random,block_2,source,-0.1815181518151817,-1.6831683168316847,0.0,0.0,0.9350935093509349,0.0,0,-0.004125412541254647,0.0,3.4653465346534653,0.0,-2.722772277227724,0.0,1
random_2026091661,random,block_2,target,3.7499999999999987,-0.8168316831683176,0.0,0.0,4.166666666666663,0.0,1,0.0,0.0,0.0,0.0,0.0,0.0,0
random_2026091661,random,block_2,ssd,0.0,0.0,0.0,0.0,0.0,0.0,0,4.191561397519061,0.0,4.166666666666667,0.0,8.292079207920791,0.0,2
random_2026091662,random,aggregate,source,-0.4634320574914618,-0.11398014801480283,-0.1888135242095653,2.1327132713271304,-0.5708695869586955,0.22002200220021528,0,-0.12803735730716007,0.0,1.6386236837969526,0.0,-1.595159515951595,0.0,1
random_2026091662,random,aggregate,target,1.8175212220556762,-0.340441736481345,0.15024732787436249,0.01618431073877602,1.934604643265784,0.0,4,0.009444539510015485,0.0,-0.0552295530660755,0.0,0.023370887745436757,0.0,1
random_2026091662,random,aggregate,ssd,-0.08767982438948237,-0.1649755546274223,-0.5856604610078651,-0.6786969019482614,-0.0009990315270843226,0.0,1,2.101319703670087,0.0,2.0280813359749414,0.0,4.123416373895454,0.0,3
random_2026091662,random,block_1,source,-0.7486414054939335,1.4552080208020817,-0.38090275192932815,4.2654265426542635,-2.084656773948072,0.4400440044004389,0,-0.2551371208549422,0.0,-0.18809916705956423,0.0,-0.46754675467546747,0.0,0
random_2026091662,random,block_1,target,-0.11489044194895164,0.1396961558504023,0.30207483159306553,0.03407223313425245,-0.284322716270616,0.0,3,0.018197810599451802,0.0,-0.1191936627873318,0.0,0.060497258517060636,0.0,1
random_2026091662,random,block_1,ssd,-0.17535964877896484,-0.329951109254846,-1.1713209220157283,-1.3573938038965172,-0.0019980630541686743,0.0,1,0.01107800982110939,0.0,-0.1105039947167874,0.0,-0.04524646012988395,0.0,1
random_2026091662,random,block_2,source,-0.1815181518151817,-1.6831683168316847,0.0,0.0,0.9350935093509349,0.0,0,-0.004125412541254647,0.0,3.4653465346534653,0.0,-2.722772277227724,0.0,1
random_2026091662,random,block_2,target,3.7499999999999987,-0.8168316831683176,0.0,0.0,4.166666666666663,0.0,1,0.0,0.0,0.0,0.0,0.0,0.0,0
random_2026091662,random,block_2,ssd,0.0,0.0,0.0,0.0,0.0,0.0,0,4.191561397519061,0.0,4.166666666666667,0.0,8.292079207920791,0.0,2
random_2026091663,random,aggregate,source,-0.4634320574914618,-0.11398014801480283,-0.1888135242095653,2.1327132713271304,-0.5708695869586955,0.22002200220021528,0,-0.12803735730716007,0.0,1.6386236837969526,0.0,-1.595159515951595,0.0,1
random_2026091663,random,aggregate,target,1.8175212220556762,-0.340441736481345,0.15024732787436249,0.01618431073877602,1.934604643265784,0.0,4,0.009444539510015485,0.0,-0.0552295530660755,0.0,0.023370887745436757,0.0,1
random_2026091663,random,aggregate,ssd,-0.08767982438948237,-0.1649755546274223,-0.5856604610078651,-0.6786969019482614,-0.0009990315270843226,0.0,1,2.101319703670087,0.0,2.0280813359749414,0.0,4.123416373895454,0.0,3
random_2026091663,random,block_1,source,-0.7486414054939335,1.4552080208020817,-0.38090275192932815,4.2654265426542635,-2.084656773948072,0.4400440044004389,0,-0.2551371208549422,0.0,-0.18809916705956423,0.0,-0.46754675467546747,0.0,0
random_2026091663,random,block_1,target,-0.11489044194895164,0.1396961558504023,0.30207483159306553,0.03407223313425245,-0.284322716270616,0.0,3,0.018197810599451802,0.0,-0.1191936627873318,0.0,0.060497258517060636,0.0,1
random_2026091663,random,block_1,ssd,-0.17535964877896484,-0.329951109254846,-1.1713209220157283,-1.3573938038965172,-0.0019980630541686743,0.0,1,0.01107800982110939,0.0,-0.1105039947167874,0.0,-0.04524646012988395,0.0,1
random_2026091663,random,block_2,source,-0.1815181518151817,-1.6831683168316847,0.0,0.0,0.9350935093509349,0.0,0,-0.004125412541254647,0.0,3.4653465346534653,0.0,-2.722772277227724,0.0,1
random_2026091663,random,block_2,target,3.7499999999999987,-0.8168316831683176,0.0,0.0,4.166666666666663,0.0,1,0.0,0.0,0.0,0.0,0.0,0.0,0
random_2026091663,random,block_2,ssd,0.0,0.0,0.0,0.0,0.0,0.0,0,4.191561397519061,0.0,4.166666666666667,0.0,8.292079207920791,0.0,2
random_2026091664,random,aggregate,source,-0.4634320574914618,-0.11398014801480283,-0.1888135242095653,2.1327132713271304,-0.5708695869586955,0.22002200220021528,0,-0.12803735730716007,0.0,1.6386236837969526,0.0,-1.595159515951595,0.0,1
random_2026091664,random,aggregate,target,1.8175212220556762,-0.340441736481345,0.15024732787436249,0.01618431073877602,1.934604643265784,0.0,4,0.009444539510015485,0.0,-0.0552295530660755,0.0,0.023370887745436757,0.0,1
random_2026091664,random,aggregate,ssd,-0.08767982438948237,-0.1649755546274223,-0.5856604610078651,-0.6786969019482614,-0.0009990315270843226,0.0,1,2.101319703670087,0.0,2.0280813359749414,0.0,4.123416373895454,0.0,3
random_2026091664,random,block_1,source,-0.7486414054939335,1.4552080208020817,-0.38090275192932815,4.2654265426542635,-2.084656773948072,0.4400440044004389,0,-0.2551371208549422,0.0,-0.18809916705956423,0.0,-0.46754675467546747,0.0,0
random_2026091664,random,block_1,target,-0.11489044194895164,0.1396961558504023,0.30207483159306553,0.03407223313425245,-0.284322716270616,0.0,3,0.018197810599451802,0.0,-0.1191936627873318,0.0,0.060497258517060636,0.0,1
random_2026091664,random,block_1,ssd,-0.17535964877896484,-0.329951109254846,-1.1713209220157283,-1.3573938038965172,-0.0019980630541686743,0.0,1,0.01107800982110939,0.0,-0.1105039947167874,0.0,-0.04524646012988395,0.0,1
random_2026091664,random,block_2,source,-0.1815181518151817,-1.6831683168316847,0.0,0.0,0.9350935093509349,0.0,0,-0.004125412541254647,0.0,3.4653465346534653,0.0,-2.722772277227724,0.0,1
random_2026091664,random,block_2,target,3.7499999999999987,-0.8168316831683176,0.0,0.0,4.166666666666663,0.0,1,0.0,0.0,0.0,0.0,0.0,0.0,0
random_2026091664,random,block_2,ssd,0.0,0.0,0.0,0.0,0.0,0.0,0,4.191561397519061,0.0,4.166666666666667,0.0,8.292079207920791,0.0,2
random_2026091665,random,aggregate,source,-0.4634320574914618,-0.11398014801480283,-0.1888135242095653,2.1327132713271304,-0.5708695869586955,0.22002200220021528,0,-0.12803735730716007,0.0,1.6386236837969526,0.0,-1.595159515951595,0.0,1
random_2026091665,random,aggregate,target,1.8175212220556762,-0.340441736481345,0.15024732787436249,0.01618431073877602,1.934604643265784,0.0,4,0.009444539510015485,0.0,-0.0552295530660755,0.0,0.023370887745436757,0.0,1
random_2026091665,random,aggregate,ssd,-0.08767982438948237,-0.1649755546274223,-0.5856604610078651,-0.6786969019482614,-0.0009990315270843226,0.0,1,2.101319703670087,0.0,2.0280813359749414,0.0,4.123416373895454,0.0,3
random_2026091665,random,block_1,source,-0.7486414054939335,1.4552080208020817,-0.38090275192932815,4.2654265426542635,-2.084656773948072,0.4400440044004389,0,-0.2551371208549422,0.0,-0.18809916705956423,0.0,-0.46754675467546747,0.0,0
random_2026091665,random,block_1,target,-0.11489044194895164,0.1396961558504023,0.30207483159306553,0.03407223313425245,-0.284322716270616,0.0,3,0.018197810599451802,0.0,-0.1191936627873318,0.0,0.060497258517060636,0.0,1
random_2026091665,random,block_1,ssd,-0.17535964877896484,-0.329951109254846,-1.1713209220157283,-1.3573938038965172,-0.0019980630541686743,0.0,1,0.01107800982110939,0.0,-0.1105039947167874,0.0,-0.04524646012988395,0.0,1
random_2026091665,random,block_2,source,-0.1815181518151817,-1.6831683168316847,0.0,0.0,0.9350935093509349,0.0,0,-0.004125412541254647,0.0,3.4653465346534653,0.0,-2.722772277227724,0.0,1
random_2026091665,random,block_2,target,3.7499999999999987,-0.8168316831683176,0.0,0.0,4.166666666666663,0.0,1,0.0,0.0,0.0,0.0,0.0,0.0,0
random_2026091665,random,block_2,ssd,0.0,0.0,0.0,0.0,0.0,0.0,0,4.191561397519061,0.0,4.166666666666667,0.0,8.292079207920791,0.0,2
random_2026091666,random,aggregate,source,-0.4634320574914618,-0.11398014801480283,-0.1888135242095653,2.1327132713271304,-0.5708695869586955,0.22002200220021528,0,-0.12803735730716007,0.0,1.6386236837969526,0.0,-1.595159515951595,0.0,1
random_2026091666,random,aggregate,target,1.8175212220556762,-0.340441736481345,0.15024732787436249,0.01618431073877602,1.934604643265784,0.0,4,0.009444539510015485,0.0,-0.0552295530660755,0.0,0.023370887745436757,0.0,1
random_2026091666,random,aggregate,ssd,-0.08767982438948237,-0.1649755546274223,-0.5856604610078651,-0.6786969019482614,-0.0009990315270843226,0.0,1,2.101319703670087,0.0,2.0280813359749414,0.0,4.123416373895454,0.0,3
random_2026091666,random,block_1,source,-0.7486414054939335,1.4552080208020817,-0.38090275192932815,4.2654265426542635,-2.084656773948072,0.4400440044004389,0,-0.2551371208549422,0.0,-0.18809916705956423,0.0,-0.46754675467546747,0.0,0
random_2026091666,random,block_1,target,-0.11489044194895164,0.1396961558504023,0.30207483159306553,0.03407223313425245,-0.284322716270616,0.0,3,0.018197810599451802,0.0,-0.1191936627873318,0.0,0.060497258517060636,0.0,1
random_2026091666,random,block_1,ssd,-0.17535964877896484,-0.329951109254846,-1.1713209220157283,-1.3573938038965172,-0.0019980630541686743,0.0,1,0.01107800982110939,0.0,-0.1105039947167874,0.0,-0.04524646012988395,0.0,1
random_2026091666,random,block_2,source,-0.1815181518151817,-1.6831683168316847,0.0,0.0,0.9350935093509349,0.0,0,-0.004125412541254647,0.0,3.4653465346534653,0.0,-2.722772277227724,0.0,1
random_2026091666,random,block_2,target,3.7499999999999987,-0.8168316831683176,0.0,0.0,4.166666666666663,0.0,1,0.0,0.0,0.0,0.0,0.0,0.0,0
random_2026091666,random,block_2,ssd,0.0,0.0,0.0,0.0,0.0,0.0,0,4.191561397519061,0.0,4.166666666666667,0.0,8.292079207920791,0.0,2
random_2026091667,random,aggregate,source,-0.4634320574914618,-0.11398014801480283,-0.1888135242095653,2.1327132713271304,-0.5708695869586955,0.22002200220021528,0,-0.12803735730716007,0.0,1.6386236837969526,0.0,-1.595159515951595,0.0,1
random_2026091667,random,aggregate,target,1.8175212220556762,-0.340441736481345,0.15024732787436249,0.01618431073877602,1.934604643265784,0.0,4,0.009444539510015485,0.0,-0.0552295530660755,0.0,0.023370887745436757,0.0,1
random_2026091667,random,aggregate,ssd,-0.08767982438948237,-0.1649755546274223,-0.5856604610078651,-0.6786969019482614,-0.0009990315270843226,0.0,1,2.101319703670087,0.0,2.0280813359749414,0.0,4.123416373895454,0.0,3
random_2026091667,random,block_1,source,-0.7486414054939335,1.4552080208020817,-0.38090275192932815,4.2654265426542635,-2.084656773948072,0.4400440044004389,0,-0.2551371208549422,0.0,-0.18809916705956423,0.0,-0.46754675467546747,0.0,0
random_2026091667,random,block_1,target,-0.11489044194895164,0.1396961558504023,0.30207483159306553,0.03407223313425245,-0.284322716270616,0.0,3,0.018197810599451802,0.0,-0.1191936627873318,0.0,0.060497258517060636,0.0,1
random_2026091667,random,block_1,ssd,-0.17535964877896484,-0.329951109254846,-1.1713209220157283,-1.3573938038965172,-0.0019980630541686743,0.0,1,0.01107800982110939,0.0,-0.1105039947167874,0.0,-0.04524646012988395,0.0,1
random_2026091667,random,block_2,source,-0.1815181518151817,-1.6831683168316847,0.0,0.0,0.9350935093509349,0.0,0,-0.004125412541254647,0.0,3.4653465346534653,0.0,-2.722772277227724,0.0,1
random_2026091667,random,block_2,target,3.7499999999999987,-0.8168316831683176,0.0,0.0,4.166666666666663,0.0,1,0.0,0.0,0.0,0.0,0.0,0.0,0
random_2026091667,random,block_2,ssd,0.0,0.0,0.0,0.0,0.0,0.0,0,4.191561397519061,0.0,4.166666666666667,0.0,8.292079207920791,0.0,2
random_2026091668,random,aggregate,source,-0.4634320574914618,-0.11398014801480283,-0.1888135242095653,2.1327132713271304,-0.5708695869586955,0.22002200220021528,0,-0.12803735730716007,0.0,1.6386236837969526,0.0,-1.595159515951595,0.0,1
random_2026091668,random,aggregate,target,1.8175212220556762,-0.340441736481345,0.15024732787436249,0.01618431073877602,1.934604643265784,0.0,4,0.009444539510015485,0.0,-0.0552295530660755,0.0,0.023370887745436757,0.0,1
random_2026091668,random,aggregate,ssd,-0.08767982438948237,-0.1649755546274223,-0.5856604610078651,-0.6786969019482614,-0.0009990315270843226,0.0,1,2.101319703670087,0.0,2.0280813359749414,0.0,4.123416373895454,0.0,3
random_2026091668,random,block_1,source,-0.7486414054939335,1.4552080208020817,-0.38090275192932815,4.2654265426542635,-2.084656773948072,0.4400440044004389,0,-0.2551371208549422,0.0,-0.18809916705956423,0.0,-0.46754675467546747,0.0,0
random_2026091668,random,block_1,target,-0.11489044194895164,0.1396961558504023,0.30207483159306553,0.03407223313425245,-0.284322716270616,0.0,3,0.018197810599451802,0.0,-0.1191936627873318,0.0,0.060497258517060636,0.0,1
random_2026091668,random,block_1,ssd,-0.17535964877896484,-0.329951109254846,-1.1713209220157283,-1.3573938038965172,-0.0019980630541686743,0.0,1,0.01107800982110939,0.0,-0.1105039947167874,0.0,-0.04524646012988395,0.0,1
random_2026091668,random,block_2,source,-0.1815181518151817,-1.6831683168316847,0.0,0.0,0.9350935093509349,0.0,0,-0.004125412541254647,0.0,3.4653465346534653,0.0,-2.722772277227724,0.0,1
random_2026091668,random,block_2,target,3.7499999999999987,-0.8168316831683176,0.0,0.0,4.166666666666663,0.0,1,0.0,0.0,0.0,0.0,0.0,0.0,0
random_2026091668,random,block_2,ssd,0.0,0.0,0.0,0.0,0.0,0.0,0,4.191561397519061,0.0,4.166666666666667,0.0,8.292079207920791,0.0,2
random_2026091669,random,aggregate,source,-0.4634320574914618,-0.11398014801480283,-0.1888135242095653,2.1327132713271304,-0.5708695869586955,0.22002200220021528,0,-0.12803735730716007,0.0,1.6386236837969526,0.0,-1.595159515951595,0.0,1
random_2026091669,random,aggregate,target,1.8175212220556762,-0.340441736481345,0.15024732787436249,0.01618431073877602,1.934604643265784,0.0,4,0.009444539510015485,0.0,-0.0552295530660755,0.0,0.023370887745436757,0.0,1
random_2026091669,random,aggregate,ssd,-0.08767982438948237,-0.1649755546274223,-0.5856604610078651,-0.6786969019482614,-0.0009990315270843226,0.0,1,2.101319703670087,0.0,2.0280813359749414,0.0,4.123416373895454,0.0,3
random_2026091669,random,block_1,source,-0.7486414054939335,1.4552080208020817,-0.38090275192932815,4.2654265426542635,-2.084656773948072,0.4400440044004389,0,-0.2551371208549422,0.0,-0.18809916705956423,0.0,-0.46754675467546747,0.0,0
random_2026091669,random,block_1,target,-0.11489044194895164,0.1396961558504023,0.30207483159306553,0.03407223313425245,-0.284322716270616,0.0,3,0.018197810599451802,0.0,-0.1191936627873318,0.0,0.060497258517060636,0.0,1
random_2026091669,random,block_1,ssd,-0.17535964877896484,-0.329951109254846,-1.1713209220157283,-1.3573938038965172,-0.0019980630541686743,0.0,1,0.01107800982110939,0.0,-0.1105039947167874,0.0,-0.04524646012988395,0.0,1
random_2026091669,random,block_2,source,-0.1815181518151817,-1.6831683168316847,0.0,0.0,0.9350935093509349,0.0,0,-0.004125412541254647,0.0,3.4653465346534653,0.0,-2.722772277227724,0.0,1
random_2026091669,random,block_2,target,3.7499999999999987,-0.8168316831683176,0.0,0.0,4.166666666666663,0.0,1,0.0,0.0,0.0,0.0,0.0,0.0,0
random_2026091669,random,block_2,ssd,0.0,0.0,0.0,0.0,0.0,0.0,0,4.191561397519061,0.0,4.166666666666667,0.0,8.292079207920791,0.0,2
random_2026091670,random,aggregate,source,-0.4634320574914618,-0.11398014801480283,-0.1888135242095653,2.1327132713271304,-0.5708695869586955,0.22002200220021528,0,-0.12803735730716007,0.0,1.6386236837969526,0.0,-1.595159515951595,0.0,1
random_2026091670,random,aggregate,target,1.8175212220556762,-0.340441736481345,0.15024732787436249,0.01618431073877602,1.934604643265784,0.0,4,0.009444539510015485,0.0,-0.0552295530660755,0.0,0.023370887745436757,0.0,1
random_2026091670,random,aggregate,ssd,-0.08767982438948237,-0.1649755546274223,-0.5856604610078651,-0.6786969019482614,-0.0009990315270843226,0.0,1,2.101319703670087,0.0,2.0280813359749414,0.0,4.123416373895454,0.0,3
random_2026091670,random,block_1,source,-0.7486414054939335,1.4552080208020817,-0.38090275192932815,4.2654265426542635,-2.084656773948072,0.4400440044004389,0,-0.2551371208549422,0.0,-0.18809916705956423,0.0,-0.46754675467546747,0.0,0
random_2026091670,random,block_1,target,-0.11489044194895164,0.1396961558504023,0.30207483159306553,0.03407223313425245,-0.284322716270616,0.0,3,0.018197810599451802,0.0,-0.1191936627873318,0.0,0.060497258517060636,0.0,1
random_2026091670,random,block_1,ssd,-0.17535964877896484,-0.329951109254846,-1.1713209220157283,-1.3573938038965172,-0.0019980630541686743,0.0,1,0.01107800982110939,0.0,-0.1105039947167874,0.0,-0.04524646012988395,0.0,1
random_2026091670,random,block_2,source,-0.1815181518151817,-1.6831683168316847,0.0,0.0,0.9350935093509349,0.0,0,-0.004125412541254647,0.0,3.4653465346534653,0.0,-2.722772277227724,0.0,1
random_2026091670,random,block_2,target,3.7499999999999987,-0.8168316831683176,0.0,0.0,4.166666666666663,0.0,1,0.0,0.0,0.0,0.0,0.0,0.0,0
random_2026091670,random,block_2,ssd,0.0,0.0,0.0,0.0,0.0,0.0,0,4.191561397519061,0.0,4.166666666666667,0.0,8.292079207920791,0.0,2
random_2026091671,random,aggregate,source,-0.4634320574914618,-0.11398014801480283,-0.1888135242095653,2.1327132713271304,-0.5708695869586955,0.22002200220021528,0,-0.12803735730716007,0.0,1.6386236837969526,0.0,-1.595159515951595,0.0,1
random_2026091671,random,aggregate,target,1.8175212220556762,-0.340441736481345,0.15024732787436249,0.01618431073877602,1.934604643265784,0.0,4,0.009444539510015485,0.0,-0.0552295530660755,0.0,0.023370887745436757,0.0,1
random_2026091671,random,aggregate,ssd,-0.08767982438948237,-0.1649755546274223,-0.5856604610078651,-0.6786969019482614,-0.0009990315270843226,0.0,1,2.101319703670087,0.0,2.0280813359749414,0.0,4.123416373895454,0.0,3
random_2026091671,random,block_1,source,-0.7486414054939335,1.4552080208020817,-0.38090275192932815,4.2654265426542635,-2.084656773948072,0.4400440044004389,0,-0.2551371208549422,0.0,-0.18809916705956423,0.0,-0.46754675467546747,0.0,0
random_2026091671,random,block_1,target,-0.11489044194895164,0.1396961558504023,0.30207483159306553,0.03407223313425245,-0.284322716270616,0.0,3,0.018197810599451802,0.0,-0.1191936627873318,0.0,0.060497258517060636,0.0,1
random_2026091671,random,block_1,ssd,-0.17535964877896484,-0.329951109254846,-1.1713209220157283,-1.3573938038965172,-0.0019980630541686743,0.0,1,0.01107800982110939,0.0,-0.1105039947167874,0.0,-0.04524646012988395,0.0,1
random_2026091671,random,block_2,source,-0.1815181518151817,-1.6831683168316847,0.0,0.0,0.9350935093509349,0.0,0,-0.004125412541254647,0.0,3.4653465346534653,0.0,-2.722772277227724,0.0,1
random_2026091671,random,block_2,target,3.7499999999999987,-0.8168316831683176,0.0,0.0,4.166666666666663,0.0,1,0.0,0.0,0.0,0.0,0.0,0.0,0
random_2026091671,random,block_2,ssd,0.0,0.0,0.0,0.0,0.0,0.0,0,4.191561397519061,0.0,4.166666666666667,0.0,8.292079207920791,0.0,2
random_2026091672,random,aggregate,source,-0.4634320574914618,-0.11398014801480283,-0.1888135242095653,2.1327132713271304,-0.5708695869586955,0.22002200220021528,0,-0.12803735730716007,0.0,1.6386236837969526,0.0,-1.595159515951595,0.0,1
random_2026091672,random,aggregate,target,1.8175212220556762,-0.340441736481345,0.15024732787436249,0.01618431073877602,1.934604643265784,0.0,4,0.009444539510015485,0.0,-0.0552295530660755,0.0,0.023370887745436757,0.0,1
random_2026091672,random,aggregate,ssd,-0.08767982438948237,-0.1649755546274223,-0.5856604610078651,-0.6786969019482614,-0.0009990315270843226,0.0,1,2.101319703670087,0.0,2.0280813359749414,0.0,4.123416373895454,0.0,3
random_2026091672,random,block_1,source,-0.7486414054939335,1.4552080208020817,-0.38090275192932815,4.2654265426542635,-2.084656773948072,0.4400440044004389,0,-0.2551371208549422,0.0,-0.18809916705956423,0.0,-0.46754675467546747,0.0,0
random_2026091672,random,block_1,target,-0.11489044194895164,0.1396961558504023,0.30207483159306553,0.03407223313425245,-0.284322716270616,0.0,3,0.018197810599451802,0.0,-0.1191936627873318,0.0,0.060497258517060636,0.0,1
random_2026091672,random,block_1,ssd,-0.17535964877896484,-0.329951109254846,-1.1713209220157283,-1.3573938038965172,-0.0019980630541686743,0.0,1,0.01107800982110939,0.0,-0.1105039947167874,0.0,-0.04524646012988395,0.0,1
random_2026091672,random,block_2,source,-0.1815181518151817,-1.6831683168316847,0.0,0.0,0.9350935093509349,0.0,0,-0.004125412541254647,0.0,3.4653465346534653,0.0,-2.722772277227724,0.0,1
random_2026091672,random,block_2,target,3.7499999999999987,-0.8168316831683176,0.0,0.0,4.166666666666663,0.0,1,0.0,0.0,0.0,0.0,0.0,0.0,0
random_2026091672,random,block_2,ssd,0.0,0.0,0.0,0.0,0.0,0.0,0,4.191561397519061,0.0,4.166666666666667,0.0,8.292079207920791,0.0,2
random_2026091673,random,aggregate,source,-0.4634320574914618,-0.11398014801480283,-0.1888135242095653,2.1327132713271304,-0.5708695869586955,0.22002200220021528,0,-0.12803735730716007,0.0,1.6386236837969526,0.0,-1.595159515951595,0.0,1
random_2026091673,random,aggregate,target,1.8175212220556762,-0.340441736481345,0.15024732787436249,0.01618431073877602,1.934604643265784,0.0,4,0.009444539510015485,0.0,-0.0552295530660755,0.0,0.023370887745436757,0.0,1
random_2026091673,random,aggregate,ssd,-0.08767982438948237,-0.1649755546274223,-0.5856604610078651,-0.6786969019482614,-0.0009990315270843226,0.0,1,2.101319703670087,0.0,2.0280813359749414,0.0,4.123416373895454,0.0,3
random_2026091673,random,block_1,source,-0.7486414054939335,1.4552080208020817,-0.38090275192932815,4.2654265426542635,-2.084656773948072,0.4400440044004389,0,-0.2551371208549422,0.0,-0.18809916705956423,0.0,-0.46754675467546747,0.0,0
random_2026091673,random,block_1,target,-0.11489044194895164,0.1396961558504023,0.30207483159306553,0.03407223313425245,-0.284322716270616,0.0,3,0.018197810599451802,0.0,-0.1191936627873318,0.0,0.060497258517060636,0.0,1
random_2026091673,random,block_1,ssd,-0.17535964877896484,-0.329951109254846,-1.1713209220157283,-1.3573938038965172,-0.0019980630541686743,0.0,1,0.01107800982110939,0.0,-0.1105039947167874,0.0,-0.04524646012988395,0.0,1
random_2026091673,random,block_2,source,-0.1815181518151817,-1.6831683168316847,0.0,0.0,0.9350935093509349,0.0,0,-0.004125412541254647,0.0,3.4653465346534653,0.0,-2.722772277227724,0.0,1
random_2026091673,random,block_2,target,3.7499999999999987,-0.8168316831683176,0.0,0.0,4.166666666666663,0.0,1,0.0,0.0,0.0,0.0,0.0,0.0,0
random_2026091673,random,block_2,ssd,0.0,0.0,0.0,0.0,0.0,0.0,0,4.191561397519061,0.0,4.166666666666667,0.0,8.292079207920791,0.0,2
random_2026091674,random,aggregate,source,-0.4634320574914618,-0.11398014801480283,-0.1888135242095653,2.1327132713271304,-0.5708695869586955,0.22002200220021528,0,-0.12803735730716007,0.0,1.6386236837969526,0.0,-1.595159515951595,0.0,1
random_2026091674,random,aggregate,target,1.8175212220556762,-0.340441736481345,0.15024732787436249,0.01618431073877602,1.934604643265784,0.0,4,0.009444539510015485,0.0,-0.0552295530660755,0.0,0.023370887745436757,0.0,1
random_2026091674,random,aggregate,ssd,-0.08767982438948237,-0.1649755546274223,-0.5856604610078651,-0.6786969019482614,-0.0009990315270843226,0.0,1,2.101319703670087,0.0,2.0280813359749414,0.0,4.123416373895454,0.0,3
random_2026091674,random,block_1,source,-0.7486414054939335,1.4552080208020817,-0.38090275192932815,4.2654265426542635,-2.084656773948072,0.4400440044004389,0,-0.2551371208549422,0.0,-0.18809916705956423,0.0,-0.46754675467546747,0.0,0
random_2026091674,random,block_1,target,-0.11489044194895164,0.1396961558504023,0.30207483159306553,0.03407223313425245,-0.284322716270616,0.0,3,0.018197810599451802,0.0,-0.1191936627873318,0.0,0.060497258517060636,0.0,1
random_2026091674,random,block_1,ssd,-0.17535964877896484,-0.329951109254846,-1.1713209220157283,-1.3573938038965172,-0.0019980630541686743,0.0,1,0.01107800982110939,0.0,-0.1105039947167874,0.0,-0.04524646012988395,0.0,1
random_2026091674,random,block_2,source,-0.1815181518151817,-1.6831683168316847,0.0,0.0,0.9350935093509349,0.0,0,-0.004125412541254647,0.0,3.4653465346534653,0.0,-2.722772277227724,0.0,1
random_2026091674,random,block_2,target,3.7499999999999987,-0.8168316831683176,0.0,0.0,4.166666666666663,0.0,1,0.0,0.0,0.0,0.0,0.0,0.0,0
random_2026091674,random,block_2,ssd,0.0,0.0,0.0,0.0,0.0,0.0,0,4.191561397519061,0.0,4.166666666666667,0.0,8.292079207920791,0.0,2
random_2026091675,random,aggregate,source,-0.4634320574914618,-0.11398014801480283,-0.1888135242095653,2.1327132713271304,-0.5708695869586955,0.22002200220021528,0,-0.12803735730716007,0.0,1.6386236837969526,0.0,-1.595159515951595,0.0,1
random_2026091675,random,aggregate,target,1.8175212220556762,-0.340441736481345,0.15024732787436249,0.01618431073877602,1.934604643265784,0.0,4,0.009444539510015485,0.0,-0.0552295530660755,0.0,0.023370887745436757,0.0,1
random_2026091675,random,aggregate,ssd,-0.08767982438948237,-0.1649755546274223,-0.5856604610078651,-0.6786969019482614,-0.0009990315270843226,0.0,1,2.101319703670087,0.0,2.0280813359749414,0.0,4.123416373895454,0.0,3
random_2026091675,random,block_1,source,-0.7486414054939335,1.4552080208020817,-0.38090275192932815,4.2654265426542635,-2.084656773948072,0.4400440044004389,0,-0.2551371208549422,0.0,-0.18809916705956423,0.0,-0.46754675467546747,0.0,0
random_2026091675,random,block_1,target,-0.11489044194895164,0.1396961558504023,0.30207483159306553,0.03407223313425245,-0.284322716270616,0.0,3,0.018197810599451802,0.0,-0.1191936627873318,0.0,0.060497258517060636,0.0,1
random_2026091675,random,block_1,ssd,-0.17535964877896484,-0.329951109254846,-1.1713209220157283,-1.3573938038965172,-0.0019980630541686743,0.0,1,0.01107800982110939,0.0,-0.1105039947167874,0.0,-0.04524646012988395,0.0,1
random_2026091675,random,block_2,source,-0.1815181518151817,-1.6831683168316847,0.0,0.0,0.9350935093509349,0.0,0,-0.004125412541254647,0.0,3.4653465346534653,0.0,-2.722772277227724,0.0,1
random_2026091675,random,block_2,target,3.7499999999999987,-0.8168316831683176,0.0,0.0,4.166666666666663,0.0,1,0.0,0.0,0.0,0.0,0.0,0.0,0
random_2026091675,random,block_2,ssd,0.0,0.0,0.0,0.0,0.0,0.0,0,4.191561397519061,0.0,4.166666666666667,0.0,8.292079207920791,0.0,2
random_2026091676,random,aggregate,source,-0.4634320574914618,-0.11398014801480283,-0.1888135242095653,2.1327132713271304,-0.5708695869586955,0.22002200220021528,0,-0.12803735730716007,0.0,1.6386236837969526,0.0,-1.595159515951595,0.0,1
random_2026091676,random,aggregate,target,1.8175212220556762,-0.340441736481345,0.15024732787436249,0.01618431073877602,1.934604643265784,0.0,4,0.009444539510015485,0.0,-0.0552295530660755,0.0,0.023370887745436757,0.0,1
random_2026091676,random,aggregate,ssd,-0.08767982438948237,-0.1649755546274223,-0.5856604610078651,-0.6786969019482614,-0.0009990315270843226,0.0,1,2.101319703670087,0.0,2.0280813359749414,0.0,4.123416373895454,0.0,3
random_2026091676,random,block_1,source,-0.7486414054939335,1.4552080208020817,-0.38090275192932815,4.2654265426542635,-2.084656773948072,0.4400440044004389,0,-0.2551371208549422,0.0,-0.18809916705956423,0.0,-0.46754675467546747,0.0,0
random_2026091676,random,block_1,target,-0.11489044194895164,0.1396961558504023,0.30207483159306553,0.03407223313425245,-0.284322716270616,0.0,3,0.018197810599451802,0.0,-0.1191936627873318,0.0,0.060497258517060636,0.0,1
random_2026091676,random,block_1,ssd,-0.17535964877896484,-0.329951109254846,-1.1713209220157283,-1.3573938038965172,-0.0019980630541686743,0.0,1,0.01107800982110939,0.0,-0.1105039947167874,0.0,-0.04524646012988395,0.0,1
random_2026091676,random,block_2,source,-0.1815181518151817,-1.6831683168316847,0.0,0.0,0.9350935093509349,0.0,0,-0.004125412541254647,0.0,3.4653465346534653,0.0,-2.722772277227724,0.0,1
random_2026091676,random,block_2,target,3.7499999999999987,-0.8168316831683176,0.0,0.0,4.166666666666663,0.0,1,0.0,0.0,0.0,0.0,0.0,0.0,0
random_2026091676,random,block_2,ssd,0.0,0.0,0.0,0.0,0.0,0.0,0,4.191561397519061,0.0,4.166666666666667,0.0,8.292079207920791,0.0,2
random_2026091677,random,aggregate,source,-0.4634320574914618,-0.11398014801480283,-0.1888135242095653,2.1327132713271304,-0.5708695869586955,0.22002200220021528,0,-0.12803735730716007,0.0,1.6386236837969526,0.0,-1.595159515951595,0.0,1
random_2026091677,random,aggregate,target,1.8175212220556762,-0.340441736481345,0.15024732787436249,0.01618431073877602,1.934604643265784,0.0,4,0.009444539510015485,0.0,-0.0552295530660755,0.0,0.023370887745436757,0.0,1
random_2026091677,random,aggregate,ssd,-0.08767982438948237,-0.1649755546274223,-0.5856604610078651,-0.6786969019482614,-0.0009990315270843226,0.0,1,2.101319703670087,0.0,2.0280813359749414,0.0,4.123416373895454,0.0,3
random_2026091677,random,block_1,source,-0.7486414054939335,1.4552080208020817,-0.38090275192932815,4.2654265426542635,-2.084656773948072,0.4400440044004389,0,-0.2551371208549422,0.0,-0.18809916705956423,0.0,-0.46754675467546747,0.0,0
random_2026091677,random,block_1,target,-0.11489044194895164,0.1396961558504023,0.30207483159306553,0.03407223313425245,-0.284322716270616,0.0,3,0.018197810599451802,0.0,-0.1191936627873318,0.0,0.060497258517060636,0.0,1
random_2026091677,random,block_1,ssd,-0.17535964877896484,-0.329951109254846,-1.1713209220157283,-1.3573938038965172,-0.0019980630541686743,0.0,1,0.01107800982110939,0.0,-0.1105039947167874,0.0,-0.04524646012988395,0.0,1
random_2026091677,random,block_2,source,-0.1815181518151817,-1.6831683168316847,0.0,0.0,0.9350935093509349,0.0,0,-0.004125412541254647,0.0,3.4653465346534653,0.0,-2.722772277227724,0.0,1
random_2026091677,random,block_2,target,3.7499999999999987,-0.8168316831683176,0.0,0.0,4.166666666666663,0.0,1,0.0,0.0,0.0,0.0,0.0,0.0,0
random_2026091677,random,block_2,ssd,0.0,0.0,0.0,0.0,0.0,0.0,0,4.191561397519061,0.0,4.166666666666667,0.0,8.292079207920791,0.0,2
random_2026091678,random,aggregate,source,-0.4634320574914618,-0.11398014801480283,-0.1888135242095653,2.1327132713271304,-0.5708695869586955,0.22002200220021528,0,-0.12803735730716007,0.0,1.6386236837969526,0.0,-1.595159515951595,0.0,1
random_2026091678,random,aggregate,target,1.8175212220556762,-0.340441736481345,0.15024732787436249,0.01618431073877602,1.934604643265784,0.0,4,0.009444539510015485,0.0,-0.0552295530660755,0.0,0.023370887745436757,0.0,1
random_2026091678,random,aggregate,ssd,-0.08767982438948237,-0.1649755546274223,-0.5856604610078651,-0.6786969019482614,-0.0009990315270843226,0.0,1,2.101319703670087,0.0,2.0280813359749414,0.0,4.123416373895454,0.0,3
random_2026091678,random,block_1,source,-0.7486414054939335,1.4552080208020817,-0.38090275192932815,4.2654265426542635,-2.084656773948072,0.4400440044004389,0,-0.2551371208549422,0.0,-0.18809916705956423,0.0,-0.46754675467546747,0.0,0
random_2026091678,random,block_1,target,-0.11489044194895164,0.1396961558504023,0.30207483159306553,0.03407223313425245,-0.284322716270616,0.0,3,0.018197810599451802,0.0,-0.1191936627873318,0.0,0.060497258517060636,0.0,1
random_2026091678,random,block_1,ssd,-0.17535964877896484,-0.329951109254846,-1.1713209220157283,-1.3573938038965172,-0.0019980630541686743,0.0,1,0.01107800982110939,0.0,-0.1105039947167874,0.0,-0.04524646012988395,0.0,1
random_2026091678,random,block_2,source,-0.1815181518151817,-1.6831683168316847,0.0,0.0,0.9350935093509349,0.0,0,-0.004125412541254647,0.0,3.4653465346534653,0.0,-2.722772277227724,0.0,1
random_2026091678,random,block_2,target,3.7499999999999987,-0.8168316831683176,0.0,0.0,4.166666666666663,0.0,1,0.0,0.0,0.0,0.0,0.0,0.0,0
random_2026091678,random,block_2,ssd,0.0,0.0,0.0,0.0,0.0,0.0,0,4.191561397519061,0.0,4.166666666666667,0.0,8.292079207920791,0.0,2
random_2026091679,random,aggregate,source,-0.4634320574914618,-0.11398014801480283,-0.1888135242095653,2.1327132713271304,-0.5708695869586955,0.22002200220021528,0,-0.12803735730716007,0.0,1.6386236837969526,0.0,-1.595159515951595,0.0,1
random_2026091679,random,aggregate,target,1.8175212220556762,-0.340441736481345,0.15024732787436249,0.01618431073877602,1.934604643265784,0.0,4,0.009444539510015485,0.0,-0.0552295530660755,0.0,0.023370887745436757,0.0,1
random_2026091679,random,aggregate,ssd,-0.08767982438948237,-0.1649755546274223,-0.5856604610078651,-0.6786969019482614,-0.0009990315270843226,0.0,1,2.101319703670087,0.0,2.0280813359749414,0.0,4.123416373895454,0.0,3
random_2026091679,random,block_1,source,-0.7486414054939335,1.4552080208020817,-0.38090275192932815,4.2654265426542635,-2.084656773948072,0.4400440044004389,0,-0.2551371208549422,0.0,-0.18809916705956423,0.0,-0.46754675467546747,0.0,0
random_2026091679,random,block_1,target,-0.11489044194895164,0.1396961558504023,0.30207483159306553,0.03407223313425245,-0.284322716270616,0.0,3,0.018197810599451802,0.0,-0.1191936627873318,0.0,0.060497258517060636,0.0,1
random_2026091679,random,block_1,ssd,-0.17535964877896484,-0.329951109254846,-1.1713209220157283,-1.3573938038965172,-0.0019980630541686743,0.0,1,0.01107800982110939,0.0,-0.1105039947167874,0.0,-0.04524646012988395,0.0,1
random_2026091679,random,block_2,source,-0.1815181518151817,-1.6831683168316847,0.0,0.0,0.9350935093509349,0.0,0,-0.004125412541254647,0.0,3.4653465346534653,0.0,-2.722772277227724,0.0,1
random_2026091679,random,block_2,target,3.7499999999999987,-0.8168316831683176,0.0,0.0,4.166666666666663,0.0,1,0.0,0.0,0.0,0.0,0.0,0.0,0
random_2026091679,random,block_2,ssd,0.0,0.0,0.0,0.0,0.0,0.0,0,4.191561397519061,0.0,4.166666666666667,0.0,8.292079207920791,0.0,2
random_2026091680,random,aggregate,source,-0.4634320574914618,-0.11398014801480283,-0.1888135242095653,2.1327132713271304,-0.5708695869586955,0.22002200220021528,0,-0.12803735730716007,0.0,1.6386236837969526,0.0,-1.595159515951595,0.0,1
random_2026091680,random,aggregate,target,1.8175212220556762,-0.340441736481345,0.15024732787436249,0.01618431073877602,1.934604643265784,0.0,4,0.009444539510015485,0.0,-0.0552295530660755,0.0,0.023370887745436757,0.0,1
random_2026091680,random,aggregate,ssd,-0.08767982438948237,-0.1649755546274223,-0.5856604610078651,-0.6786969019482614,-0.0009990315270843226,0.0,1,2.101319703670087,0.0,2.0280813359749414,0.0,4.123416373895454,0.0,3
random_2026091680,random,block_1,source,-0.7486414054939335,1.4552080208020817,-0.38090275192932815,4.2654265426542635,-2.084656773948072,0.4400440044004389,0,-0.2551371208549422,0.0,-0.18809916705956423,0.0,-0.46754675467546747,0.0,0
random_2026091680,random,block_1,target,-0.11489044194895164,0.1396961558504023,0.30207483159306553,0.03407223313425245,-0.284322716270616,0.0,3,0.018197810599451802,0.0,-0.1191936627873318,0.0,0.060497258517060636,0.0,1
random_2026091680,random,block_1,ssd,-0.17535964877896484,-0.329951109254846,-1.1713209220157283,-1.3573938038965172,-0.0019980630541686743,0.0,1,0.01107800982110939,0.0,-0.1105039947167874,0.0,-0.04524646012988395,0.0,1
random_2026091680,random,block_2,source,-0.1815181518151817,-1.6831683168316847,0.0,0.0,0.9350935093509349,0.0,0,-0.004125412541254647,0.0,3.4653465346534653,0.0,-2.722772277227724,0.0,1
random_2026091680,random,block_2,target,3.7499999999999987,-0.8168316831683176,0.0,0.0,4.166666666666663,0.0,1,0.0,0.0,0.0,0.0,0.0,0.0,0
random_2026091680,random,block_2,ssd,0.0,0.0,0.0,0.0,0.0,0.0,0,4.191561397519061,0.0,4.166666666666667,0.0,8.292079207920791,0.0,2
random_2026091681,random,aggregate,source,-0.4634320574914618,-0.11398014801480283,-0.1888135242095653,2.1327132713271304,-0.5708695869586955,0.22002200220021528,0,-0.12803735730716007,0.0,1.6386236837969526,0.0,-1.595159515951595,0.0,1
random_2026091681,random,aggregate,target,1.8175212220556762,-0.340441736481345,0.15024732787436249,0.01618431073877602,1.934604643265784,0.0,4,0.009444539510015485,0.0,-0.0552295530660755,0.0,0.023370887745436757,0.0,1
random_2026091681,random,aggregate,ssd,-0.08767982438948237,-0.1649755546274223,-0.5856604610078651,-0.6786969019482614,-0.0009990315270843226,0.0,1,2.101319703670087,0.0,2.0280813359749414,0.0,4.123416373895454,0.0,3
random_2026091681,random,block_1,source,-0.7486414054939335,1.4552080208020817,-0.38090275192932815,4.2654265426542635,-2.084656773948072,0.4400440044004389,0,-0.2551371208549422,0.0,-0.18809916705956423,0.0,-0.46754675467546747,0.0,0
random_2026091681,random,block_1,target,-0.11489044194895164,0.1396961558504023,0.30207483159306553,0.03407223313425245,-0.284322716270616,0.0,3,0.018197810599451802,0.0,-0.1191936627873318,0.0,0.060497258517060636,0.0,1
random_2026091681,random,block_1,ssd,-0.17535964877896484,-0.329951109254846,-1.1713209220157283,-1.3573938038965172,-0.0019980630541686743,0.0,1,0.01107800982110939,0.0,-0.1105039947167874,0.0,-0.04524646012988395,0.0,1
random_2026091681,random,block_2,source,-0.1815181518151817,-1.6831683168316847,0.0,0.0,0.9350935093509349,0.0,0,-0.004125412541254647,0.0,3.4653465346534653,0.0,-2.722772277227724,0.0,1
random_2026091681,random,block_2,target,3.7499999999999987,-0.8168316831683176,0.0,0.0,4.166666666666663,0.0,1,0.0,0.0,0.0,0.0,0.0,0.0,0
random_2026091681,random,block_2,ssd,0.0,0.0,0.0,0.0,0.0,0.0,0,4.191561397519061,0.0,4.166666666666667,0.0,8.292079207920791,0.0,2
random_2026091682,random,aggregate,source,-0.4634320574914618,-0.11398014801480283,-0.1888135242095653,2.1327132713271304,-0.5708695869586955,0.22002200220021528,0,-0.12803735730716007,0.0,1.6386236837969526,0.0,-1.595159515951595,0.0,1
random_2026091682,random,aggregate,target,1.8175212220556762,-0.340441736481345,0.15024732787436249,0.01618431073877602,1.934604643265784,0.0,4,0.009444539510015485,0.0,-0.0552295530660755,0.0,0.023370887745436757,0.0,1
random_2026091682,random,aggregate,ssd,-0.08767982438948237,-0.1649755546274223,-0.5856604610078651,-0.6786969019482614,-0.0009990315270843226,0.0,1,2.101319703670087,0.0,2.0280813359749414,0.0,4.123416373895454,0.0,3
random_2026091682,random,block_1,source,-0.7486414054939335,1.4552080208020817,-0.38090275192932815,4.2654265426542635,-2.084656773948072,0.4400440044004389,0,-0.2551371208549422,0.0,-0.18809916705956423,0.0,-0.46754675467546747,0.0,0
random_2026091682,random,block_1,target,-0.11489044194895164,0.1396961558504023,0.30207483159306553,0.03407223313425245,-0.284322716270616,0.0,3,0.018197810599451802,0.0,-0.1191936627873318,0.0,0.060497258517060636,0.0,1
random_2026091682,random,block_1,ssd,-0.17535964877896484,-0.329951109254846,-1.1713209220157283,-1.3573938038965172,-0.0019980630541686743,0.0,1,0.01107800982110939,0.0,-0.1105039947167874,0.0,-0.04524646012988395,0.0,1
random_2026091682,random,block_2,source,-0.1815181518151817,-1.6831683168316847,0.0,0.0,0.9350935093509349,0.0,0,-0.004125412541254647,0.0,3.4653465346534653,0.0,-2.722772277227724,0.0,1
random_2026091682,random,block_2,target,3.7499999999999987,-0.8168316831683176,0.0,0.0,4.166666666666663,0.0,1,0.0,0.0,0.0,0.0,0.0,0.0,0
random_2026091682,random,block_2,ssd,0.0,0.0,0.0,0.0,0.0,0.0,0,4.191561397519061,0.0,4.166666666666667,0.0,8.292079207920791,0.0,2
random_2026091683,random,aggregate,source,-0.4634320574914618,-0.11398014801480283,-0.1888135242095653,2.1327132713271304,-0.5708695869586955,0.22002200220021528,0,-0.12803735730716007,0.0,1.6386236837969526,0.0,-1.595159515951595,0.0,1
random_2026091683,random,aggregate,target,1.8175212220556762,-0.340441736481345,0.15024732787436249,0.01618431073877602,1.934604643265784,0.0,4,0.009444539510015485,0.0,-0.0552295530660755,0.0,0.023370887745436757,0.0,1
random_2026091683,random,aggregate,ssd,-0.08767982438948237,-0.1649755546274223,-0.5856604610078651,-0.6786969019482614,-0.0009990315270843226,0.0,1,2.101319703670087,0.0,2.0280813359749414,0.0,4.123416373895454,0.0,3
random_2026091683,random,block_1,source,-0.7486414054939335,1.4552080208020817,-0.38090275192932815,4.2654265426542635,-2.084656773948072,0.4400440044004389,0,-0.2551371208549422,0.0,-0.18809916705956423,0.0,-0.46754675467546747,0.0,0
random_2026091683,random,block_1,target,-0.11489044194895164,0.1396961558504023,0.30207483159306553,0.03407223313425245,-0.284322716270616,0.0,3,0.018197810599451802,0.0,-0.1191936627873318,0.0,0.060497258517060636,0.0,1
random_2026091683,random,block_1,ssd,-0.17535964877896484,-0.329951109254846,-1.1713209220157283,-1.3573938038965172,-0.0019980630541686743,0.0,1,0.01107800982110939,0.0,-0.1105039947167874,0.0,-0.04524646012988395,0.0,1
random_2026091683,random,block_2,source,-0.1815181518151817,-1.6831683168316847,0.0,0.0,0.9350935093509349,0.0,0,-0.004125412541254647,0.0,3.4653465346534653,0.0,-2.722772277227724,0.0,1
random_2026091683,random,block_2,target,3.7499999999999987,-0.8168316831683176,0.0,0.0,4.166666666666663,0.0,1,0.0,0.0,0.0,0.0,0.0,0.0,0
random_2026091683,random,block_2,ssd,0.0,0.0,0.0,0.0,0.0,0.0,0,4.191561397519061,0.0,4.166666666666667,0.0,8.292079207920791,0.0,2
random_2026091684,random,aggregate,source,-0.4634320574914618,-0.11398014801480283,-0.1888135242095653,2.1327132713271304,-0.5708695869586955,0.22002200220021528,0,-0.12803735730716007,0.0,1.6386236837969526,0.0,-1.595159515951595,0.0,1
random_2026091684,random,aggregate,target,1.8175212220556762,-0.340441736481345,0.15024732787436249,0.01618431073877602,1.934604643265784,0.0,4,0.009444539510015485,0.0,-0.0552295530660755,0.0,0.023370887745436757,0.0,1
random_2026091684,random,aggregate,ssd,-0.08767982438948237,-0.1649755546274223,-0.5856604610078651,-0.6786969019482614,-0.0009990315270843226,0.0,1,2.101319703670087,0.0,2.0280813359749414,0.0,4.123416373895454,0.0,3
random_2026091684,random,block_1,source,-0.7486414054939335,1.4552080208020817,-0.38090275192932815,4.2654265426542635,-2.084656773948072,0.4400440044004389,0,-0.2551371208549422,0.0,-0.18809916705956423,0.0,-0.46754675467546747,0.0,0
random_2026091684,random,block_1,target,-0.11489044194895164,0.1396961558504023,0.30207483159306553,0.03407223313425245,-0.284322716270616,0.0,3,0.018197810599451802,0.0,-0.1191936627873318,0.0,0.060497258517060636,0.0,1
random_2026091684,random,block_1,ssd,-0.17535964877896484,-0.329951109254846,-1.1713209220157283,-1.3573938038965172,-0.0019980630541686743,0.0,1,0.01107800982110939,0.0,-0.1105039947167874,0.0,-0.04524646012988395,0.0,1
random_2026091684,random,block_2,source,-0.1815181518151817,-1.6831683168316847,0.0,0.0,0.9350935093509349,0.0,0,-0.004125412541254647,0.0,3.4653465346534653,0.0,-2.722772277227724,0.0,1
random_2026091684,random,block_2,target,3.7499999999999987,-0.8168316831683176,0.0,0.0,4.166666666666663,0.0,1,0.0,0.0,0.0,0.0,0.0,0.0,0
random_2026091684,random,block_2,ssd,0.0,0.0,0.0,0.0,0.0,0.0,0,4.191561397519061,0.0,4.166666666666667,0.0,8.292079207920791,0.0,2
random_2026091685,random,aggregate,source,-0.4634320574914618,-0.11398014801480283,-0.1888135242095653,2.1327132713271304,-0.5708695869586955,0.22002200220021528,0,-0.12803735730716007,0.0,1.6386236837969526,0.0,-1.595159515951595,0.0,1
random_2026091685,random,aggregate,target,1.8175212220556762,-0.340441736481345,0.15024732787436249,0.01618431073877602,1.934604643265784,0.0,4,0.009444539510015485,0.0,-0.0552295530660755,0.0,0.023370887745436757,0.0,1
random_2026091685,random,aggregate,ssd,-0.08767982438948237,-0.1649755546274223,-0.5856604610078651,-0.6786969019482614,-0.0009990315270843226,0.0,1,2.101319703670087,0.0,2.0280813359749414,0.0,4.123416373895454,0.0,3
random_2026091685,random,block_1,source,-0.7486414054939335,1.4552080208020817,-0.38090275192932815,4.2654265426542635,-2.084656773948072,0.4400440044004389,0,-0.2551371208549422,0.0,-0.18809916705956423,0.0,-0.46754675467546747,0.0,0
random_2026091685,random,block_1,target,-0.11489044194895164,0.1396961558504023,0.30207483159306553,0.03407223313425245,-0.284322716270616,0.0,3,0.018197810599451802,0.0,-0.1191936627873318,0.0,0.060497258517060636,0.0,1
random_2026091685,random,block_1,ssd,-0.17535964877896484,-0.329951109254846,-1.1713209220157283,-1.3573938038965172,-0.0019980630541686743,0.0,1,0.01107800982110939,0.0,-0.1105039947167874,0.0,-0.04524646012988395,0.0,1
random_2026091685,random,block_2,source,-0.1815181518151817,-1.6831683168316847,0.0,0.0,0.9350935093509349,0.0,0,-0.004125412541254647,0.0,3.4653465346534653,0.0,-2.722772277227724,0.0,1
random_2026091685,random,block_2,target,3.7499999999999987,-0.8168316831683176,0.0,0.0,4.166666666666663,0.0,1,0.0,0.0,0.0,0.0,0.0,0.0,0
random_2026091685,random,block_2,ssd,0.0,0.0,0.0,0.0,0.0,0.0,0,4.191561397519061,0.0,4.166666666666667,0.0,8.292079207920791,0.0,2
random_2026091686,random,aggregate,source,-0.4634320574914618,-0.11398014801480283,-0.1888135242095653,2.1327132713271304,-0.5708695869586955,0.22002200220021528,0,-0.12803735730716007,0.0,1.6386236837969526,0.0,-1.595159515951595,0.0,1
random_2026091686,random,aggregate,target,1.8175212220556762,-0.340441736481345,0.15024732787436249,0.01618431073877602,1.934604643265784,0.0,4,0.009444539510015485,0.0,-0.0552295530660755,0.0,0.023370887745436757,0.0,1
random_2026091686,random,aggregate,ssd,-0.08767982438948237,-0.1649755546274223,-0.5856604610078651,-0.6786969019482614,-0.0009990315270843226,0.0,1,2.101319703670087,0.0,2.0280813359749414,0.0,4.123416373895454,0.0,3
random_2026091686,random,block_1,source,-0.7486414054939335,1.4552080208020817,-0.38090275192932815,4.2654265426542635,-2.084656773948072,0.4400440044004389,0,-0.2551371208549422,0.0,-0.18809916705956423,0.0,-0.46754675467546747,0.0,0
random_2026091686,random,block_1,target,-0.11489044194895164,0.1396961558504023,0.30207483159306553,0.03407223313425245,-0.284322716270616,0.0,3,0.018197810599451802,0.0,-0.1191936627873318,0.0,0.060497258517060636,0.0,1
random_2026091686,random,block_1,ssd,-0.17535964877896484,-0.329951109254846,-1.1713209220157283,-1.3573938038965172,-0.0019980630541686743,0.0,1,0.01107800982110939,0.0,-0.1105039947167874,0.0,-0.04524646012988395,0.0,1
random_2026091686,random,block_2,source,-0.1815181518151817,-1.6831683168316847,0.0,0.0,0.9350935093509349,0.0,0,-0.004125412541254647,0.0,3.4653465346534653,0.0,-2.722772277227724,0.0,1
random_2026091686,random,block_2,target,3.7499999999999987,-0.8168316831683176,0.0,0.0,4.166666666666663,0.0,1,0.0,0.0,0.0,0.0,0.0,0.0,0
random_2026091686,random,block_2,ssd,0.0,0.0,0.0,0.0,0.0,0.0,0,4.191561397519061,0.0,4.166666666666667,0.0,8.292079207920791,0.0,2
random_2026091687,random,aggregate,source,-0.4634320574914618,-0.11398014801480283,-0.1888135242095653,2.1327132713271304,-0.5708695869586955,0.22002200220021528,0,-0.12803735730716007,0.0,1.6386236837969526,0.0,-1.595159515951595,0.0,1
random_2026091687,random,aggregate,target,1.8175212220556762,-0.340441736481345,0.15024732787436249,0.01618431073877602,1.934604643265784,0.0,4,0.009444539510015485,0.0,-0.0552295530660755,0.0,0.023370887745436757,0.0,1
random_2026091687,random,aggregate,ssd,-0.08767982438948237,-0.1649755546274223,-0.5856604610078651,-0.6786969019482614,-0.0009990315270843226,0.0,1,2.101319703670087,0.0,2.0280813359749414,0.0,4.123416373895454,0.0,3
random_2026091687,random,block_1,source,-0.7486414054939335,1.4552080208020817,-0.38090275192932815,4.2654265426542635,-2.084656773948072,0.4400440044004389,0,-0.2551371208549422,0.0,-0.18809916705956423,0.0,-0.46754675467546747,0.0,0
random_2026091687,random,block_1,target,-0.11489044194895164,0.1396961558504023,0.30207483159306553,0.03407223313425245,-0.284322716270616,0.0,3,0.018197810599451802,0.0,-0.1191936627873318,0.0,0.060497258517060636,0.0,1
random_2026091687,random,block_1,ssd,-0.17535964877896484,-0.329951109254846,-1.1713209220157283,-1.3573938038965172,-0.0019980630541686743,0.0,1,0.01107800982110939,0.0,-0.1105039947167874,0.0,-0.04524646012988395,0.0,1
random_2026091687,random,block_2,source,-0.1815181518151817,-1.6831683168316847,0.0,0.0,0.9350935093509349,0.0,0,-0.004125412541254647,0.0,3.4653465346534653,0.0,-2.722772277227724,0.0,1
random_2026091687,random,block_2,target,3.7499999999999987,-0.8168316831683176,0.0,0.0,4.166666666666663,0.0,1,0.0,0.0,0.0,0.0,0.0,0.0,0
random_2026091687,random,block_2,ssd,0.0,0.0,0.0,0.0,0.0,0.0,0,4.191561397519061,0.0,4.166666666666667,0.0,8.292079207920791,0.0,2
random_2026091688,random,aggregate,source,-0.4634320574914618,-0.11398014801480283,-0.1888135242095653,2.1327132713271304,-0.5708695869586955,0.22002200220021528,0,-0.12803735730716007,0.0,1.6386236837969526,0.0,-1.595159515951595,0.0,1
random_2026091688,random,aggregate,target,1.8175212220556762,-0.340441736481345,0.15024732787436249,0.01618431073877602,1.934604643265784,0.0,4,0.009444539510015485,0.0,-0.0552295530660755,0.0,0.023370887745436757,0.0,1
random_2026091688,random,aggregate,ssd,-0.08767982438948237,-0.1649755546274223,-0.5856604610078651,-0.6786969019482614,-0.0009990315270843226,0.0,1,2.101319703670087,0.0,2.0280813359749414,0.0,4.123416373895454,0.0,3
random_2026091688,random,block_1,source,-0.7486414054939335,1.4552080208020817,-0.38090275192932815,4.2654265426542635,-2.084656773948072,0.4400440044004389,0,-0.2551371208549422,0.0,-0.18809916705956423,0.0,-0.46754675467546747,0.0,0
random_2026091688,random,block_1,target,-0.11489044194895164,0.1396961558504023,0.30207483159306553,0.03407223313425245,-0.284322716270616,0.0,3,0.018197810599451802,0.0,-0.1191936627873318,0.0,0.060497258517060636,0.0,1
random_2026091688,random,block_1,ssd,-0.17535964877896484,-0.329951109254846,-1.1713209220157283,-1.3573938038965172,-0.0019980630541686743,0.0,1,0.01107800982110939,0.0,-0.1105039947167874,0.0,-0.04524646012988395,0.0,1
random_2026091688,random,block_2,source,-0.1815181518151817,-1.6831683168316847,0.0,0.0,0.9350935093509349,0.0,0,-0.004125412541254647,0.0,3.4653465346534653,0.0,-2.722772277227724,0.0,1
random_2026091688,random,block_2,target,3.7499999999999987,-0.8168316831683176,0.0,0.0,4.166666666666663,0.0,1,0.0,0.0,0.0,0.0,0.0,0.0,0
random_2026091688,random,block_2,ssd,0.0,0.0,0.0,0.0,0.0,0.0,0,4.191561397519061,0.0,4.166666666666667,0.0,8.292079207920791,0.0,2
random_2026091689,random,aggregate,source,-0.4634320574914618,-0.11398014801480283,-0.1888135242095653,2.1327132713271304,-0.5708695869586955,0.22002200220021528,0,-0.12803735730716007,0.0,1.6386236837969526,0.0,-1.595159515951595,0.0,1
random_2026091689,random,aggregate,target,1.8175212220556762,-0.340441736481345,0.15024732787436249,0.01618431073877602,1.934604643265784,0.0,4,0.009444539510015485,0.0,-0.0552295530660755,0.0,0.023370887745436757,0.0,1
random_2026091689,random,aggregate,ssd,-0.08767982438948237,-0.1649755546274223,-0.5856604610078651,-0.6786969019482614,-0.0009990315270843226,0.0,1,2.101319703670087,0.0,2.0280813359749414,0.0,4.123416373895454,0.0,3
random_2026091689,random,block_1,source,-0.7486414054939335,1.4552080208020817,-0.38090275192932815,4.2654265426542635,-2.084656773948072,0.4400440044004389,0,-0.2551371208549422,0.0,-0.18809916705956423,0.0,-0.46754675467546747,0.0,0
random_2026091689,random,block_1,target,-0.11489044194895164,0.1396961558504023,0.30207483159306553,0.03407223313425245,-0.284322716270616,0.0,3,0.018197810599451802,0.0,-0.1191936627873318,0.0,0.060497258517060636,0.0,1
random_2026091689,random,block_1,ssd,-0.17535964877896484,-0.329951109254846,-1.1713209220157283,-1.3573938038965172,-0.0019980630541686743,0.0,1,0.01107800982110939,0.0,-0.1105039947167874,0.0,-0.04524646012988395,0.0,1
random_2026091689,random,block_2,source,-0.1815181518151817,-1.6831683168316847,0.0,0.0,0.9350935093509349,0.0,0,-0.004125412541254647,0.0,3.4653465346534653,0.0,-2.722772277227724,0.0,1
random_2026091689,random,block_2,target,3.7499999999999987,-0.8168316831683176,0.0,0.0,4.166666666666663,0.0,1,0.0,0.0,0.0,0.0,0.0,0.0,0
random_2026091689,random,block_2,ssd,0.0,0.0,0.0,0.0,0.0,0.0,0,4.191561397519061,0.0,4.166666666666667,0.0,8.292079207920791,0.0,2
random_2026091690,random,aggregate,source,-0.4634320574914618,-0.11398014801480283,-0.1888135242095653,2.1327132713271304,-0.5708695869586955,0.22002200220021528,0,-0.12803735730716007,0.0,1.6386236837969526,0.0,-1.595159515951595,0.0,1
random_2026091690,random,aggregate,target,1.8175212220556762,-0.340441736481345,0.15024732787436249,0.01618431073877602,1.934604643265784,0.0,4,0.009444539510015485,0.0,-0.0552295530660755,0.0,0.023370887745436757,0.0,1
random_2026091690,random,aggregate,ssd,-0.08767982438948237,-0.1649755546274223,-0.5856604610078651,-0.6786969019482614,-0.0009990315270843226,0.0,1,2.101319703670087,0.0,2.0280813359749414,0.0,4.123416373895454,0.0,3
random_2026091690,random,block_1,source,-0.7486414054939335,1.4552080208020817,-0.38090275192932815,4.2654265426542635,-2.084656773948072,0.4400440044004389,0,-0.2551371208549422,0.0,-0.18809916705956423,0.0,-0.46754675467546747,0.0,0
random_2026091690,random,block_1,target,-0.11489044194895164,0.1396961558504023,0.30207483159306553,0.03407223313425245,-0.284322716270616,0.0,3,0.018197810599451802,0.0,-0.1191936627873318,0.0,0.060497258517060636,0.0,1
random_2026091690,random,block_1,ssd,-0.17535964877896484,-0.329951109254846,-1.1713209220157283,-1.3573938038965172,-0.0019980630541686743,0.0,1,0.01107800982110939,0.0,-0.1105039947167874,0.0,-0.04524646012988395,0.0,1
random_2026091690,random,block_2,source,-0.1815181518151817,-1.6831683168316847,0.0,0.0,0.9350935093509349,0.0,0,-0.004125412541254647,0.0,3.4653465346534653,0.0,-2.722772277227724,0.0,1
random_2026091690,random,block_2,target,3.7499999999999987,-0.8168316831683176,0.0,0.0,4.166666666666663,0.0,1,0.0,0.0,0.0,0.0,0.0,0.0,0
random_2026091690,random,block_2,ssd,0.0,0.0,0.0,0.0,0.0,0.0,0,4.191561397519061,0.0,4.166666666666667,0.0,8.292079207920791,0.0,2
random_2026091691,random,aggregate,source,-0.4634320574914618,-0.11398014801480283,-0.1888135242095653,2.1327132713271304,-0.5708695869586955,0.22002200220021528,0,-0.12803735730716007,0.0,1.6386236837969526,0.0,-1.595159515951595,0.0,1
random_2026091691,random,aggregate,target,1.8175212220556762,-0.340441736481345,0.15024732787436249,0.01618431073877602,1.934604643265784,0.0,4,0.009444539510015485,0.0,-0.0552295530660755,0.0,0.023370887745436757,0.0,1
random_2026091691,random,aggregate,ssd,-0.08767982438948237,-0.1649755546274223,-0.5856604610078651,-0.6786969019482614,-0.0009990315270843226,0.0,1,2.101319703670087,0.0,2.0280813359749414,0.0,4.123416373895454,0.0,3
random_2026091691,random,block_1,source,-0.7486414054939335,1.4552080208020817,-0.38090275192932815,4.2654265426542635,-2.084656773948072,0.4400440044004389,0,-0.2551371208549422,0.0,-0.18809916705956423,0.0,-0.46754675467546747,0.0,0
random_2026091691,random,block_1,target,-0.11489044194895164,0.1396961558504023,0.30207483159306553,0.03407223313425245,-0.284322716270616,0.0,3,0.018197810599451802,0.0,-0.1191936627873318,0.0,0.060497258517060636,0.0,1
random_2026091691,random,block_1,ssd,-0.17535964877896484,-0.329951109254846,-1.1713209220157283,-1.3573938038965172,-0.0019980630541686743,0.0,1,0.01107800982110939,0.0,-0.1105039947167874,0.0,-0.04524646012988395,0.0,1
random_2026091691,random,block_2,source,-0.1815181518151817,-1.6831683168316847,0.0,0.0,0.9350935093509349,0.0,0,-0.004125412541254647,0.0,3.4653465346534653,0.0,-2.722772277227724,0.0,1
random_2026091691,random,block_2,target,3.7499999999999987,-0.8168316831683176,0.0,0.0,4.166666666666663,0.0,1,0.0,0.0,0.0,0.0,0.0,0.0,0
random_2026091691,random,block_2,ssd,0.0,0.0,0.0,0.0,0.0,0.0,0,4.191561397519061,0.0,4.166666666666667,0.0,8.292079207920791,0.0,2
random_2026091692,random,aggregate,source,-0.4634320574914618,-0.11398014801480283,-0.1888135242095653,2.1327132713271304,-0.5708695869586955,0.22002200220021528,0,-0.12803735730716007,0.0,1.6386236837969526,0.0,-1.595159515951595,0.0,1
random_2026091692,random,aggregate,target,1.8175212220556762,-0.340441736481345,0.15024732787436249,0.01618431073877602,1.934604643265784,0.0,4,0.009444539510015485,0.0,-0.0552295530660755,0.0,0.023370887745436757,0.0,1
random_2026091692,random,aggregate,ssd,-0.08767982438948237,-0.1649755546274223,-0.5856604610078651,-0.6786969019482614,-0.0009990315270843226,0.0,1,2.101319703670087,0.0,2.0280813359749414,0.0,4.123416373895454,0.0,3
random_2026091692,random,block_1,source,-0.7486414054939335,1.4552080208020817,-0.38090275192932815,4.2654265426542635,-2.084656773948072,0.4400440044004389,0,-0.2551371208549422,0.0,-0.18809916705956423,0.0,-0.46754675467546747,0.0,0
random_2026091692,random,block_1,target,-0.11489044194895164,0.1396961558504023,0.30207483159306553,0.03407223313425245,-0.284322716270616,0.0,3,0.018197810599451802,0.0,-0.1191936627873318,0.0,0.060497258517060636,0.0,1
random_2026091692,random,block_1,ssd,-0.17535964877896484,-0.329951109254846,-1.1713209220157283,-1.3573938038965172,-0.0019980630541686743,0.0,1,0.01107800982110939,0.0,-0.1105039947167874,0.0,-0.04524646012988395,0.0,1
random_2026091692,random,block_2,source,-0.1815181518151817,-1.6831683168316847,0.0,0.0,0.9350935093509349,0.0,0,-0.004125412541254647,0.0,3.4653465346534653,0.0,-2.722772277227724,0.0,1
random_2026091692,random,block_2,target,3.7499999999999987,-0.8168316831683176,0.0,0.0,4.166666666666663,0.0,1,0.0,0.0,0.0,0.0,0.0,0.0,0
random_2026091692,random,block_2,ssd,0.0,0.0,0.0,0.0,0.0,0.0,0,4.191561397519061,0.0,4.166666666666667,0.0,8.292079207920791,0.0,2
random_2026091693,random,aggregate,source,-0.4634320574914618,-0.11398014801480283,-0.1888135242095653,2.1327132713271304,-0.5708695869586955,0.22002200220021528,0,-0.12803735730716007,0.0,1.6386236837969526,0.0,-1.595159515951595,0.0,1
random_2026091693,random,aggregate,target,1.8175212220556762,-0.340441736481345,0.15024732787436249,0.01618431073877602,1.934604643265784,0.0,4,0.009444539510015485,0.0,-0.0552295530660755,0.0,0.023370887745436757,0.0,1
random_2026091693,random,aggregate,ssd,-0.08767982438948237,-0.1649755546274223,-0.5856604610078651,-0.6786969019482614,-0.0009990315270843226,0.0,1,2.101319703670087,0.0,2.0280813359749414,0.0,4.123416373895454,0.0,3
random_2026091693,random,block_1,source,-0.7486414054939335,1.4552080208020817,-0.38090275192932815,4.2654265426542635,-2.084656773948072,0.4400440044004389,0,-0.2551371208549422,0.0,-0.18809916705956423,0.0,-0.46754675467546747,0.0,0
random_2026091693,random,block_1,target,-0.11489044194895164,0.1396961558504023,0.30207483159306553,0.03407223313425245,-0.284322716270616,0.0,3,0.018197810599451802,0.0,-0.1191936627873318,0.0,0.060497258517060636,0.0,1
random_2026091693,random,block_1,ssd,-0.17535964877896484,-0.329951109254846,-1.1713209220157283,-1.3573938038965172,-0.0019980630541686743,0.0,1,0.01107800982110939,0.0,-0.1105039947167874,0.0,-0.04524646012988395,0.0,1
random_2026091693,random,block_2,source,-0.1815181518151817,-1.6831683168316847,0.0,0.0,0.9350935093509349,0.0,0,-0.004125412541254647,0.0,3.4653465346534653,0.0,-2.722772277227724,0.0,1
random_2026091693,random,block_2,target,3.7499999999999987,-0.8168316831683176,0.0,0.0,4.166666666666663,0.0,1,0.0,0.0,0.0,0.0,0.0,0.0,0
random_2026091693,random,block_2,ssd,0.0,0.0,0.0,0.0,0.0,0.0,0,4.191561397519061,0.0,4.166666666666667,0.0,8.292079207920791,0.0,2
random_2026091694,random,aggregate,source,-0.4634320574914618,-0.11398014801480283,-0.1888135242095653,2.1327132713271304,-0.5708695869586955,0.22002200220021528,0,-0.12803735730716007,0.0,1.6386236837969526,0.0,-1.595159515951595,0.0,1
random_2026091694,random,aggregate,target,1.8175212220556762,-0.340441736481345,0.15024732787436249,0.01618431073877602,1.934604643265784,0.0,4,0.009444539510015485,0.0,-0.0552295530660755,0.0,0.023370887745436757,0.0,1
random_2026091694,random,aggregate,ssd,-0.08767982438948237,-0.1649755546274223,-0.5856604610078651,-0.6786969019482614,-0.0009990315270843226,0.0,1,2.101319703670087,0.0,2.0280813359749414,0.0,4.123416373895454,0.0,3
random_2026091694,random,block_1,source,-0.7486414054939335,1.4552080208020817,-0.38090275192932815,4.2654265426542635,-2.084656773948072,0.4400440044004389,0,-0.2551371208549422,0.0,-0.18809916705956423,0.0,-0.46754675467546747,0.0,0
random_2026091694,random,block_1,target,-0.11489044194895164,0.1396961558504023,0.30207483159306553,0.03407223313425245,-0.284322716270616,0.0,3,0.018197810599451802,0.0,-0.1191936627873318,0.0,0.060497258517060636,0.0,1
random_2026091694,random,block_1,ssd,-0.17535964877896484,-0.329951109254846,-1.1713209220157283,-1.3573938038965172,-0.0019980630541686743,0.0,1,0.01107800982110939,0.0,-0.1105039947167874,0.0,-0.04524646012988395,0.0,1
random_2026091694,random,block_2,source,-0.1815181518151817,-1.6831683168316847,0.0,0.0,0.9350935093509349,0.0,0,-0.004125412541254647,0.0,3.4653465346534653,0.0,-2.722772277227724,0.0,1
random_2026091694,random,block_2,target,3.7499999999999987,-0.8168316831683176,0.0,0.0,4.166666666666663,0.0,1,0.0,0.0,0.0,0.0,0.0,0.0,0
random_2026091694,random,block_2,ssd,0.0,0.0,0.0,0.0,0.0,0.0,0,4.191561397519061,0.0,4.166666666666667,0.0,8.292079207920791,0.0,2
random_2026091695,random,aggregate,source,-0.4634320574914618,-0.11398014801480283,-0.1888135242095653,2.1327132713271304,-0.5708695869586955,0.22002200220021528,0,-0.12803735730716007,0.0,1.6386236837969526,0.0,-1.595159515951595,0.0,1
random_2026091695,random,aggregate,target,1.8175212220556762,-0.340441736481345,0.15024732787436249,0.01618431073877602,1.934604643265784,0.0,4,0.009444539510015485,0.0,-0.0552295530660755,0.0,0.023370887745436757,0.0,1
random_2026091695,random,aggregate,ssd,-0.08767982438948237,-0.1649755546274223,-0.5856604610078651,-0.6786969019482614,-0.0009990315270843226,0.0,1,2.101319703670087,0.0,2.0280813359749414,0.0,4.123416373895454,0.0,3
random_2026091695,random,block_1,source,-0.7486414054939335,1.4552080208020817,-0.38090275192932815,4.2654265426542635,-2.084656773948072,0.4400440044004389,0,-0.2551371208549422,0.0,-0.18809916705956423,0.0,-0.46754675467546747,0.0,0
random_2026091695,random,block_1,target,-0.11489044194895164,0.1396961558504023,0.30207483159306553,0.03407223313425245,-0.284322716270616,0.0,3,0.018197810599451802,0.0,-0.1191936627873318,0.0,0.060497258517060636,0.0,1
random_2026091695,random,block_1,ssd,-0.17535964877896484,-0.329951109254846,-1.1713209220157283,-1.3573938038965172,-0.0019980630541686743,0.0,1,0.01107800982110939,0.0,-0.1105039947167874,0.0,-0.04524646012988395,0.0,1
random_2026091695,random,block_2,source,-0.1815181518151817,-1.6831683168316847,0.0,0.0,0.9350935093509349,0.0,0,-0.004125412541254647,0.0,3.4653465346534653,0.0,-2.722772277227724,0.0,1
random_2026091695,random,block_2,target,3.7499999999999987,-0.8168316831683176,0.0,0.0,4.166666666666663,0.0,1,0.0,0.0,0.0,0.0,0.0,0.0,0
random_2026091695,random,block_2,ssd,0.0,0.0,0.0,0.0,0.0,0.0,0,4.191561397519061,0.0,4.166666666666667,0.0,8.292079207920791,0.0,2
random_2026091696,random,aggregate,source,-0.4634320574914618,-0.11398014801480283,-0.1888135242095653,2.1327132713271304,-0.5708695869586955,0.22002200220021528,0,-0.12803735730716007,0.0,1.6386236837969526,0.0,-1.595159515951595,0.0,1
random_2026091696,random,aggregate,target,1.8175212220556762,-0.340441736481345,0.15024732787436249,0.01618431073877602,1.934604643265784,0.0,4,0.009444539510015485,0.0,-0.0552295530660755,0.0,0.023370887745436757,0.0,1
random_2026091696,random,aggregate,ssd,-0.08767982438948237,-0.1649755546274223,-0.5856604610078651,-0.6786969019482614,-0.0009990315270843226,0.0,1,2.101319703670087,0.0,2.0280813359749414,0.0,4.123416373895454,0.0,3
random_2026091696,random,block_1,source,-0.7486414054939335,1.4552080208020817,-0.38090275192932815,4.2654265426542635,-2.084656773948072,0.4400440044004389,0,-0.2551371208549422,0.0,-0.18809916705956423,0.0,-0.46754675467546747,0.0,0
random_2026091696,random,block_1,target,-0.11489044194895164,0.1396961558504023,0.30207483159306553,0.03407223313425245,-0.284322716270616,0.0,3,0.018197810599451802,0.0,-0.1191936627873318,0.0,0.060497258517060636,0.0,1
random_2026091696,random,block_1,ssd,-0.17535964877896484,-0.329951109254846,-1.1713209220157283,-1.3573938038965172,-0.0019980630541686743,0.0,1,0.01107800982110939,0.0,-0.1105039947167874,0.0,-0.04524646012988395,0.0,1
random_2026091696,random,block_2,source,-0.1815181518151817,-1.6831683168316847,0.0,0.0,0.9350935093509349,0.0,0,-0.004125412541254647,0.0,3.4653465346534653,0.0,-2.722772277227724,0.0,1
random_2026091696,random,block_2,target,3.7499999999999987,-0.8168316831683176,0.0,0.0,4.166666666666663,0.0,1,0.0,0.0,0.0,0.0,0.0,0.0,0
random_2026091696,random,block_2,ssd,0.0,0.0,0.0,0.0,0.0,0.0,0,4.191561397519061,0.0,4.166666666666667,0.0,8.292079207920791,0.0,2
random_2026091697,random,aggregate,source,-0.4634320574914618,-0.11398014801480283,-0.1888135242095653,2.1327132713271304,-0.5708695869586955,0.22002200220021528,0,-0.12803735730716007,0.0,1.6386236837969526,0.0,-1.595159515951595,0.0,1
random_2026091697,random,aggregate,target,1.8175212220556762,-0.340441736481345,0.15024732787436249,0.01618431073877602,1.934604643265784,0.0,4,0.009444539510015485,0.0,-0.0552295530660755,0.0,0.023370887745436757,0.0,1
random_2026091697,random,aggregate,ssd,-0.08767982438948237,-0.1649755546274223,-0.5856604610078651,-0.6786969019482614,-0.0009990315270843226,0.0,1,2.101319703670087,0.0,2.0280813359749414,0.0,4.123416373895454,0.0,3
random_2026091697,random,block_1,source,-0.7486414054939335,1.4552080208020817,-0.38090275192932815,4.2654265426542635,-2.084656773948072,0.4400440044004389,0,-0.2551371208549422,0.0,-0.18809916705956423,0.0,-0.46754675467546747,0.0,0
random_2026091697,random,block_1,target,-0.11489044194895164,0.1396961558504023,0.30207483159306553,0.03407223313425245,-0.284322716270616,0.0,3,0.018197810599451802,0.0,-0.1191936627873318,0.0,0.060497258517060636,0.0,1
random_2026091697,random,block_1,ssd,-0.17535964877896484,-0.329951109254846,-1.1713209220157283,-1.3573938038965172,-0.0019980630541686743,0.0,1,0.01107800982110939,0.0,-0.1105039947167874,0.0,-0.04524646012988395,0.0,1
random_2026091697,random,block_2,source,-0.1815181518151817,-1.6831683168316847,0.0,0.0,0.9350935093509349,0.0,0,-0.004125412541254647,0.0,3.4653465346534653,0.0,-2.722772277227724,0.0,1
random_2026091697,random,block_2,target,3.7499999999999987,-0.8168316831683176,0.0,0.0,4.166666666666663,0.0,1,0.0,0.0,0.0,0.0,0.0,0.0,0
random_2026091697,random,block_2,ssd,0.0,0.0,0.0,0.0,0.0,0.0,0,4.191561397519061,0.0,4.166666666666667,0.0,8.292079207920791,0.0,2
random_2026091698,random,aggregate,source,-0.4634320574914618,-0.11398014801480283,-0.1888135242095653,2.1327132713271304,-0.5708695869586955,0.22002200220021528,0,-0.12803735730716007,0.0,1.6386236837969526,0.0,-1.595159515951595,0.0,1
random_2026091698,random,aggregate,target,1.8175212220556762,-0.340441736481345,0.15024732787436249,0.01618431073877602,1.934604643265784,0.0,4,0.009444539510015485,0.0,-0.0552295530660755,0.0,0.023370887745436757,0.0,1
random_2026091698,random,aggregate,ssd,-0.08767982438948237,-0.1649755546274223,-0.5856604610078651,-0.6786969019482614,-0.0009990315270843226,0.0,1,2.101319703670087,0.0,2.0280813359749414,0.0,4.123416373895454,0.0,3
random_2026091698,random,block_1,source,-0.7486414054939335,1.4552080208020817,-0.38090275192932815,4.2654265426542635,-2.084656773948072,0.4400440044004389,0,-0.2551371208549422,0.0,-0.18809916705956423,0.0,-0.46754675467546747,0.0,0
random_2026091698,random,block_1,target,-0.11489044194895164,0.1396961558504023,0.30207483159306553,0.03407223313425245,-0.284322716270616,0.0,3,0.018197810599451802,0.0,-0.1191936627873318,0.0,0.060497258517060636,0.0,1
random_2026091698,random,block_1,ssd,-0.17535964877896484,-0.329951109254846,-1.1713209220157283,-1.3573938038965172,-0.0019980630541686743,0.0,1,0.01107800982110939,0.0,-0.1105039947167874,0.0,-0.04524646012988395,0.0,1
random_2026091698,random,block_2,source,-0.1815181518151817,-1.6831683168316847,0.0,0.0,0.9350935093509349,0.0,0,-0.004125412541254647,0.0,3.4653465346534653,0.0,-2.722772277227724,0.0,1
random_2026091698,random,block_2,target,3.7499999999999987,-0.8168316831683176,0.0,0.0,4.166666666666663,0.0,1,0.0,0.0,0.0,0.0,0.0,0.0,0
random_2026091698,random,block_2,ssd,0.0,0.0,0.0,0.0,0.0,0.0,0,4.191561397519061,0.0,4.166666666666667,0.0,8.292079207920791,0.0,2
random_2026091699,random,aggregate,source,-0.4634320574914618,-0.11398014801480283,-0.1888135242095653,2.1327132713271304,-0.5708695869586955,0.22002200220021528,0,-0.12803735730716007,0.0,1.6386236837969526,0.0,-1.595159515951595,0.0,1
random_2026091699,random,aggregate,target,1.8175212220556762,-0.340441736481345,0.15024732787436249,0.01618431073877602,1.934604643265784,0.0,4,0.009444539510015485,0.0,-0.0552295530660755,0.0,0.023370887745436757,0.0,1
random_2026091699,random,aggregate,ssd,-0.08767982438948237,-0.1649755546274223,-0.5856604610078651,-0.6786969019482614,-0.0009990315270843226,0.0,1,2.101319703670087,0.0,2.0280813359749414,0.0,4.123416373895454,0.0,3
random_2026091699,random,block_1,source,-0.7486414054939335,1.4552080208020817,-0.38090275192932815,4.2654265426542635,-2.084656773948072,0.4400440044004389,0,-0.2551371208549422,0.0,-0.18809916705956423,0.0,-0.46754675467546747,0.0,0
random_2026091699,random,block_1,target,-0.11489044194895164,0.1396961558504023,0.30207483159306553,0.03407223313425245,-0.284322716270616,0.0,3,0.018197810599451802,0.0,-0.1191936627873318,0.0,0.060497258517060636,0.0,1
random_2026091699,random,block_1,ssd,-0.17535964877896484,-0.329951109254846,-1.1713209220157283,-1.3573938038965172,-0.0019980630541686743,0.0,1,0.01107800982110939,0.0,-0.1105039947167874,0.0,-0.04524646012988395,0.0,1
random_2026091699,random,block_2,source,-0.1815181518151817,-1.6831683168316847,0.0,0.0,0.9350935093509349,0.0,0,-0.004125412541254647,0.0,3.4653465346534653,0.0,-2.722772277227724,0.0,1
random_2026091699,random,block_2,target,3.7499999999999987,-0.8168316831683176,0.0,0.0,4.166666666666663,0.0,1,0.0,0.0,0.0,0.0,0.0,0.0,0
random_2026091699,random,block_2,ssd,0.0,0.0,0.0,0.0,0.0,0.0,0,4.191561397519061,0.0,4.166666666666667,0.0,8.292079207920791,0.0,2
random_2026091700,random,aggregate,source,-0.4634320574914618,-0.11398014801480283,-0.1888135242095653,2.1327132713271304,-0.5708695869586955,0.22002200220021528,0,-0.12803735730716007,0.0,1.6386236837969526,0.0,-1.595159515951595,0.0,1
random_2026091700,random,aggregate,target,1.8175212220556762,-0.340441736481345,0.15024732787436249,0.01618431073877602,1.934604643265784,0.0,4,0.009444539510015485,0.0,-0.0552295530660755,0.0,0.023370887745436757,0.0,1
random_2026091700,random,aggregate,ssd,-0.08767982438948237,-0.1649755546274223,-0.5856604610078651,-0.6786969019482614,-0.0009990315270843226,0.0,1,2.101319703670087,0.0,2.0280813359749414,0.0,4.123416373895454,0.0,3
random_2026091700,random,block_1,source,-0.7486414054939335,1.4552080208020817,-0.38090275192932815,4.2654265426542635,-2.084656773948072,0.4400440044004389,0,-0.2551371208549422,0.0,-0.18809916705956423,0.0,-0.46754675467546747,0.0,0
random_2026091700,random,block_1,target,-0.11489044194895164,0.1396961558504023,0.30207483159306553,0.03407223313425245,-0.284322716270616,0.0,3,0.018197810599451802,0.0,-0.1191936627873318,0.0,0.060497258517060636,0.0,1
random_2026091700,random,block_1,ssd,-0.17535964877896484,-0.329951109254846,-1.1713209220157283,-1.3573938038965172,-0.0019980630541686743,0.0,1,0.01107800982110939,0.0,-0.1105039947167874,0.0,-0.04524646012988395,0.0,1
random_2026091700,random,block_2,source,-0.1815181518151817,-1.6831683168316847,0.0,0.0,0.9350935093509349,0.0,0,-0.004125412541254647,0.0,3.4653465346534653,0.0,-2.722772277227724,0.0,1
random_2026091700,random,block_2,target,3.7499999999999987,-0.8168316831683176,0.0,0.0,4.166666666666663,0.0,1,0.0,0.0,0.0,0.0,0.0,0.0,0
random_2026091700,random,block_2,ssd,0.0,0.0,0.0,0.0,0.0,0.0,0,4.191561397519061,0.0,4.166666666666667,0.0,8.292079207920791,0.0,2
random_2026091701,random,aggregate,source,-0.4634320574914618,-0.11398014801480283,-0.1888135242095653,2.1327132713271304,-0.5708695869586955,0.22002200220021528,0,-0.12803735730716007,0.0,1.6386236837969526,0.0,-1.595159515951595,0.0,1
random_2026091701,random,aggregate,target,1.8175212220556762,-0.340441736481345,0.15024732787436249,0.01618431073877602,1.934604643265784,0.0,4,0.009444539510015485,0.0,-0.0552295530660755,0.0,0.023370887745436757,0.0,1
random_2026091701,random,aggregate,ssd,-0.08767982438948237,-0.1649755546274223,-0.5856604610078651,-0.6786969019482614,-0.0009990315270843226,0.0,1,2.101319703670087,0.0,2.0280813359749414,0.0,4.123416373895454,0.0,3
random_2026091701,random,block_1,source,-0.7486414054939335,1.4552080208020817,-0.38090275192932815,4.2654265426542635,-2.084656773948072,0.4400440044004389,0,-0.2551371208549422,0.0,-0.18809916705956423,0.0,-0.46754675467546747,0.0,0
random_2026091701,random,block_1,target,-0.11489044194895164,0.1396961558504023,0.30207483159306553,0.03407223313425245,-0.284322716270616,0.0,3,0.018197810599451802,0.0,-0.1191936627873318,0.0,0.060497258517060636,0.0,1
random_2026091701,random,block_1,ssd,-0.17535964877896484,-0.329951109254846,-1.1713209220157283,-1.3573938038965172,-0.0019980630541686743,0.0,1,0.01107800982110939,0.0,-0.1105039947167874,0.0,-0.04524646012988395,0.0,1
random_2026091701,random,block_2,source,-0.1815181518151817,-1.6831683168316847,0.0,0.0,0.9350935093509349,0.0,0,-0.004125412541254647,0.0,3.4653465346534653,0.0,-2.722772277227724,0.0,1
random_2026091701,random,block_2,target,3.7499999999999987,-0.8168316831683176,0.0,0.0,4.166666666666663,0.0,1,0.0,0.0,0.0,0.0,0.0,0.0,0
random_2026091701,random,block_2,ssd,0.0,0.0,0.0,0.0,0.0,0.0,0,4.191561397519061,0.0,4.166666666666667,0.0,8.292079207920791,0.0,2
random_2026091702,random,aggregate,source,-0.4634320574914618,-0.11398014801480283,-0.1888135242095653,2.1327132713271304,-0.5708695869586955,0.22002200220021528,0,-0.12803735730716007,0.0,1.6386236837969526,0.0,-1.595159515951595,0.0,1
random_2026091702,random,aggregate,target,1.8175212220556762,-0.340441736481345,0.15024732787436249,0.01618431073877602,1.934604643265784,0.0,4,0.009444539510015485,0.0,-0.0552295530660755,0.0,0.023370887745436757,0.0,1
random_2026091702,random,aggregate,ssd,-0.08767982438948237,-0.1649755546274223,-0.5856604610078651,-0.6786969019482614,-0.0009990315270843226,0.0,1,2.101319703670087,0.0,2.0280813359749414,0.0,4.123416373895454,0.0,3
random_2026091702,random,block_1,source,-0.7486414054939335,1.4552080208020817,-0.38090275192932815,4.2654265426542635,-2.084656773948072,0.4400440044004389,0,-0.2551371208549422,0.0,-0.18809916705956423,0.0,-0.46754675467546747,0.0,0
random_2026091702,random,block_1,target,-0.11489044194895164,0.1396961558504023,0.30207483159306553,0.03407223313425245,-0.284322716270616,0.0,3,0.018197810599451802,0.0,-0.1191936627873318,0.0,0.060497258517060636,0.0,1
random_2026091702,random,block_1,ssd,-0.17535964877896484,-0.329951109254846,-1.1713209220157283,-1.3573938038965172,-0.0019980630541686743,0.0,1,0.01107800982110939,0.0,-0.1105039947167874,0.0,-0.04524646012988395,0.0,1
random_2026091702,random,block_2,source,-0.1815181518151817,-1.6831683168316847,0.0,0.0,0.9350935093509349,0.0,0,-0.004125412541254647,0.0,3.4653465346534653,0.0,-2.722772277227724,0.0,1
random_2026091702,random,block_2,target,3.7499999999999987,-0.8168316831683176,0.0,0.0,4.166666666666663,0.0,1,0.0,0.0,0.0,0.0,0.0,0.0,0
random_2026091702,random,block_2,ssd,0.0,0.0,0.0,0.0,0.0,0.0,0,4.191561397519061,0.0,4.166666666666667,0.0,8.292079207920791,0.0,2
random_2026091703,random,aggregate,source,-0.4634320574914618,-0.11398014801480283,-0.1888135242095653,2.1327132713271304,-0.5708695869586955,0.22002200220021528,0,-0.12803735730716007,0.0,1.6386236837969526,0.0,-1.595159515951595,0.0,1
random_2026091703,random,aggregate,target,1.8175212220556762,-0.340441736481345,0.15024732787436249,0.01618431073877602,1.934604643265784,0.0,4,0.009444539510015485,0.0,-0.0552295530660755,0.0,0.023370887745436757,0.0,1
random_2026091703,random,aggregate,ssd,-0.08767982438948237,-0.1649755546274223,-0.5856604610078651,-0.6786969019482614,-0.0009990315270843226,0.0,1,2.101319703670087,0.0,2.0280813359749414,0.0,4.123416373895454,0.0,3
random_2026091703,random,block_1,source,-0.7486414054939335,1.4552080208020817,-0.38090275192932815,4.2654265426542635,-2.084656773948072,0.4400440044004389,0,-0.2551371208549422,0.0,-0.18809916705956423,0.0,-0.46754675467546747,0.0,0
random_2026091703,random,block_1,target,-0.11489044194895164,0.1396961558504023,0.30207483159306553,0.03407223313425245,-0.284322716270616,0.0,3,0.018197810599451802,0.0,-0.1191936627873318,0.0,0.060497258517060636,0.0,1
random_2026091703,random,block_1,ssd,-0.17535964877896484,-0.329951109254846,-1.1713209220157283,-1.3573938038965172,-0.0019980630541686743,0.0,1,0.01107800982110939,0.0,-0.1105039947167874,0.0,-0.04524646012988395,0.0,1
random_2026091703,random,block_2,source,-0.1815181518151817,-1.6831683168316847,0.0,0.0,0.9350935093509349,0.0,0,-0.004125412541254647,0.0,3.4653465346534653,0.0,-2.722772277227724,0.0,1
random_2026091703,random,block_2,target,3.7499999999999987,-0.8168316831683176,0.0,0.0,4.166666666666663,0.0,1,0.0,0.0,0.0,0.0,0.0,0.0,0
random_2026091703,random,block_2,ssd,0.0,0.0,0.0,0.0,0.0,0.0,0,4.191561397519061,0.0,4.166666666666667,0.0,8.292079207920791,0.0,2
random_2026091704,random,aggregate,source,-0.4634320574914618,-0.11398014801480283,-0.1888135242095653,2.1327132713271304,-0.5708695869586955,0.22002200220021528,0,-0.12803735730716007,0.0,1.6386236837969526,0.0,-1.595159515951595,0.0,1
random_2026091704,random,aggregate,target,1.8175212220556762,-0.340441736481345,0.15024732787436249,0.01618431073877602,1.934604643265784,0.0,4,0.009444539510015485,0.0,-0.0552295530660755,0.0,0.023370887745436757,0.0,1
random_2026091704,random,aggregate,ssd,-0.08767982438948237,-0.1649755546274223,-0.5856604610078651,-0.6786969019482614,-0.0009990315270843226,0.0,1,2.101319703670087,0.0,2.0280813359749414,0.0,4.123416373895454,0.0,3
random_2026091704,random,block_1,source,-0.7486414054939335,1.4552080208020817,-0.38090275192932815,4.2654265426542635,-2.084656773948072,0.4400440044004389,0,-0.2551371208549422,0.0,-0.18809916705956423,0.0,-0.46754675467546747,0.0,0
random_2026091704,random,block_1,target,-0.11489044194895164,0.1396961558504023,0.30207483159306553,0.03407223313425245,-0.284322716270616,0.0,3,0.018197810599451802,0.0,-0.1191936627873318,0.0,0.060497258517060636,0.0,1
random_2026091704,random,block_1,ssd,-0.17535964877896484,-0.329951109254846,-1.1713209220157283,-1.3573938038965172,-0.0019980630541686743,0.0,1,0.01107800982110939,0.0,-0.1105039947167874,0.0,-0.04524646012988395,0.0,1
random_2026091704,random,block_2,source,-0.1815181518151817,-1.6831683168316847,0.0,0.0,0.9350935093509349,0.0,0,-0.004125412541254647,0.0,3.4653465346534653,0.0,-2.722772277227724,0.0,1
random_2026091704,random,block_2,target,3.7499999999999987,-0.8168316831683176,0.0,0.0,4.166666666666663,0.0,1,0.0,0.0,0.0,0.0,0.0,0.0,0
random_2026091704,random,block_2,ssd,0.0,0.0,0.0,0.0,0.0,0.0,0,4.191561397519061,0.0,4.166666666666667,0.0,8.292079207920791,0.0,2
random_2026091705,random,aggregate,source,-0.4634320574914618,-0.11398014801480283,-0.1888135242095653,2.1327132713271304,-0.5708695869586955,0.22002200220021528,0,-0.12803735730716007,0.0,1.6386236837969526,0.0,-1.595159515951595,0.0,1
random_2026091705,random,aggregate,target,1.8175212220556762,-0.340441736481345,0.15024732787436249,0.01618431073877602,1.934604643265784,0.0,4,0.009444539510015485,0.0,-0.0552295530660755,0.0,0.023370887745436757,0.0,1
random_2026091705,random,aggregate,ssd,-0.08767982438948237,-0.1649755546274223,-0.5856604610078651,-0.6786969019482614,-0.0009990315270843226,0.0,1,2.101319703670087,0.0,2.0280813359749414,0.0,4.123416373895454,0.0,3
random_2026091705,random,block_1,source,-0.7486414054939335,1.4552080208020817,-0.38090275192932815,4.2654265426542635,-2.084656773948072,0.4400440044004389,0,-0.2551371208549422,0.0,-0.18809916705956423,0.0,-0.46754675467546747,0.0,0
random_2026091705,random,block_1,target,-0.11489044194895164,0.1396961558504023,0.30207483159306553,0.03407223313425245,-0.284322716270616,0.0,3,0.018197810599451802,0.0,-0.1191936627873318,0.0,0.060497258517060636,0.0,1
random_2026091705,random,block_1,ssd,-0.17535964877896484,-0.329951109254846,-1.1713209220157283,-1.3573938038965172,-0.0019980630541686743,0.0,1,0.01107800982110939,0.0,-0.1105039947167874,0.0,-0.04524646012988395,0.0,1
random_2026091705,random,block_2,source,-0.1815181518151817,-1.6831683168316847,0.0,0.0,0.9350935093509349,0.0,0,-0.004125412541254647,0.0,3.4653465346534653,0.0,-2.722772277227724,0.0,1
random_2026091705,random,block_2,target,3.7499999999999987,-0.8168316831683176,0.0,0.0,4.166666666666663,0.0,1,0.0,0.0,0.0,0.0,0.0,0.0,0
random_2026091705,random,block_2,ssd,0.0,0.0,0.0,0.0,0.0,0.0,0,4.191561397519061,0.0,4.166666666666667,0.0,8.292079207920791,0.0,2
random_2026091706,random,aggregate,source,-0.4634320574914618,-0.11398014801480283,-0.1888135242095653,2.1327132713271304,-0.5708695869586955,0.22002200220021528,0,-0.12803735730716007,0.0,1.6386236837969526,0.0,-1.595159515951595,0.0,1
random_2026091706,random,aggregate,target,1.8175212220556762,-0.340441736481345,0.15024732787436249,0.01618431073877602,1.934604643265784,0.0,4,0.009444539510015485,0.0,-0.0552295530660755,0.0,0.023370887745436757,0.0,1
random_2026091706,random,aggregate,ssd,-0.08767982438948237,-0.1649755546274223,-0.5856604610078651,-0.6786969019482614,-0.0009990315270843226,0.0,1,2.101319703670087,0.0,2.0280813359749414,0.0,4.123416373895454,0.0,3
random_2026091706,random,block_1,source,-0.7486414054939335,1.4552080208020817,-0.38090275192932815,4.2654265426542635,-2.084656773948072,0.4400440044004389,0,-0.2551371208549422,0.0,-0.18809916705956423,0.0,-0.46754675467546747,0.0,0
random_2026091706,random,block_1,target,-0.11489044194895164,0.1396961558504023,0.30207483159306553,0.03407223313425245,-0.284322716270616,0.0,3,0.018197810599451802,0.0,-0.1191936627873318,0.0,0.060497258517060636,0.0,1
random_2026091706,random,block_1,ssd,-0.17535964877896484,-0.329951109254846,-1.1713209220157283,-1.3573938038965172,-0.0019980630541686743,0.0,1,0.01107800982110939,0.0,-0.1105039947167874,0.0,-0.04524646012988395,0.0,1
random_2026091706,random,block_2,source,-0.1815181518151817,-1.6831683168316847,0.0,0.0,0.9350935093509349,0.0,0,-0.004125412541254647,0.0,3.4653465346534653,0.0,-2.722772277227724,0.0,1
random_2026091706,random,block_2,target,3.7499999999999987,-0.8168316831683176,0.0,0.0,4.166666666666663,0.0,1,0.0,0.0,0.0,0.0,0.0,0.0,0
random_2026091706,random,block_2,ssd,0.0,0.0,0.0,0.0,0.0,0.0,0,4.191561397519061,0.0,4.166666666666667,0.0,8.292079207920791,0.0,2
random_2026091707,random,aggregate,source,-0.4634320574914618,-0.11398014801480283,-0.1888135242095653,2.1327132713271304,-0.5708695869586955,0.22002200220021528,0,-0.12803735730716007,0.0,1.6386236837969526,0.0,-1.595159515951595,0.0,1
random_2026091707,random,aggregate,target,1.8175212220556762,-0.340441736481345,0.15024732787436249,0.01618431073877602,1.934604643265784,0.0,4,0.009444539510015485,0.0,-0.0552295530660755,0.0,0.023370887745436757,0.0,1
random_2026091707,random,aggregate,ssd,-0.08767982438948237,-0.1649755546274223,-0.5856604610078651,-0.6786969019482614,-0.0009990315270843226,0.0,1,2.101319703670087,0.0,2.0280813359749414,0.0,4.123416373895454,0.0,3
random_2026091707,random,block_1,source,-0.7486414054939335,1.4552080208020817,-0.38090275192932815,4.2654265426542635,-2.084656773948072,0.4400440044004389,0,-0.2551371208549422,0.0,-0.18809916705956423,0.0,-0.46754675467546747,0.0,0
random_2026091707,random,block_1,target,-0.11489044194895164,0.1396961558504023,0.30207483159306553,0.03407223313425245,-0.284322716270616,0.0,3,0.018197810599451802,0.0,-0.1191936627873318,0.0,0.060497258517060636,0.0,1
random_2026091707,random,block_1,ssd,-0.17535964877896484,-0.329951109254846,-1.1713209220157283,-1.3573938038965172,-0.0019980630541686743,0.0,1,0.01107800982110939,0.0,-0.1105039947167874,0.0,-0.04524646012988395,0.0,1
random_2026091707,random,block_2,source,-0.1815181518151817,-1.6831683168316847,0.0,0.0,0.9350935093509349,0.0,0,-0.004125412541254647,0.0,3.4653465346534653,0.0,-2.722772277227724,0.0,1
random_2026091707,random,block_2,target,3.7499999999999987,-0.8168316831683176,0.0,0.0,4.166666666666663,0.0,1,0.0,0.0,0.0,0.0,0.0,0.0,0
random_2026091707,random,block_2,ssd,0.0,0.0,0.0,0.0,0.0,0.0,0,4.191561397519061,0.0,4.166666666666667,0.0,8.292079207920791,0.0,2
random_2026091708,random,aggregate,source,-0.4634320574914618,-0.11398014801480283,-0.1888135242095653,2.1327132713271304,-0.5708695869586955,0.22002200220021528,0,-0.12803735730716007,0.0,1.6386236837969526,0.0,-1.595159515951595,0.0,1
random_2026091708,random,aggregate,target,1.8175212220556762,-0.340441736481345,0.15024732787436249,0.01618431073877602,1.934604643265784,0.0,4,0.009444539510015485,0.0,-0.0552295530660755,0.0,0.023370887745436757,0.0,1
random_2026091708,random,aggregate,ssd,-0.08767982438948237,-0.1649755546274223,-0.5856604610078651,-0.6786969019482614,-0.0009990315270843226,0.0,1,2.101319703670087,0.0,2.0280813359749414,0.0,4.123416373895454,0.0,3
random_2026091708,random,block_1,source,-0.7486414054939335,1.4552080208020817,-0.38090275192932815,4.2654265426542635,-2.084656773948072,0.4400440044004389,0,-0.2551371208549422,0.0,-0.18809916705956423,0.0,-0.46754675467546747,0.0,0
random_2026091708,random,block_1,target,-0.11489044194895164,0.1396961558504023,0.30207483159306553,0.03407223313425245,-0.284322716270616,0.0,3,0.018197810599451802,0.0,-0.1191936627873318,0.0,0.060497258517060636,0.0,1
random_2026091708,random,block_1,ssd,-0.17535964877896484,-0.329951109254846,-1.1713209220157283,-1.3573938038965172,-0.0019980630541686743,0.0,1,0.01107800982110939,0.0,-0.1105039947167874,0.0,-0.04524646012988395,0.0,1
random_2026091708,random,block_2,source,-0.1815181518151817,-1.6831683168316847,0.0,0.0,0.9350935093509349,0.0,0,-0.004125412541254647,0.0,3.4653465346534653,0.0,-2.722772277227724,0.0,1
random_2026091708,random,block_2,target,3.7499999999999987,-0.8168316831683176,0.0,0.0,4.166666666666663,0.0,1,0.0,0.0,0.0,0.0,0.0,0.0,0
random_2026091708,random,block_2,ssd,0.0,0.0,0.0,0.0,0.0,0.0,0,4.191561397519061,0.0,4.166666666666667,0.0,8.292079207920791,0.0,2
random_2026091709,random,aggregate,source,-0.4634320574914618,-0.11398014801480283,-0.1888135242095653,2.1327132713271304,-0.5708695869586955,0.22002200220021528,0,-0.12803735730716007,0.0,1.6386236837969526,0.0,-1.595159515951595,0.0,1
random_2026091709,random,aggregate,target,1.8175212220556762,-0.340441736481345,0.15024732787436249,0.01618431073877602,1.934604643265784,0.0,4,0.009444539510015485,0.0,-0.0552295530660755,0.0,0.023370887745436757,0.0,1
random_2026091709,random,aggregate,ssd,-0.08767982438948237,-0.1649755546274223,-0.5856604610078651,-0.6786969019482614,-0.0009990315270843226,0.0,1,2.101319703670087,0.0,2.0280813359749414,0.0,4.123416373895454,0.0,3
random_2026091709,random,block_1,source,-0.7486414054939335,1.4552080208020817,-0.38090275192932815,4.2654265426542635,-2.084656773948072,0.4400440044004389,0,-0.2551371208549422,0.0,-0.18809916705956423,0.0,-0.46754675467546747,0.0,0
random_2026091709,random,block_1,target,-0.11489044194895164,0.1396961558504023,0.30207483159306553,0.03407223313425245,-0.284322716270616,0.0,3,0.018197810599451802,0.0,-0.1191936627873318,0.0,0.060497258517060636,0.0,1
random_2026091709,random,block_1,ssd,-0.17535964877896484,-0.329951109254846,-1.1713209220157283,-1.3573938038965172,-0.0019980630541686743,0.0,1,0.01107800982110939,0.0,-0.1105039947167874,0.0,-0.04524646012988395,0.0,1
random_2026091709,random,block_2,source,-0.1815181518151817,-1.6831683168316847,0.0,0.0,0.9350935093509349,0.0,0,-0.004125412541254647,0.0,3.4653465346534653,0.0,-2.722772277227724,0.0,1
random_2026091709,random,block_2,target,3.7499999999999987,-0.8168316831683176,0.0,0.0,4.166666666666663,0.0,1,0.0,0.0,0.0,0.0,0.0,0.0,0
random_2026091709,random,block_2,ssd,0.0,0.0,0.0,0.0,0.0,0.0,0,4.191561397519061,0.0,4.166666666666667,0.0,8.292079207920791,0.0,2
random_2026091710,random,aggregate,source,-0.4634320574914618,-0.11398014801480283,-0.1888135242095653,2.1327132713271304,-0.5708695869586955,0.22002200220021528,0,-0.12803735730716007,0.0,1.6386236837969526,0.0,-1.595159515951595,0.0,1
random_2026091710,random,aggregate,target,1.8175212220556762,-0.340441736481345,0.15024732787436249,0.01618431073877602,1.934604643265784,0.0,4,0.009444539510015485,0.0,-0.0552295530660755,0.0,0.023370887745436757,0.0,1
random_2026091710,random,aggregate,ssd,-0.08767982438948237,-0.1649755546274223,-0.5856604610078651,-0.6786969019482614,-0.0009990315270843226,0.0,1,2.101319703670087,0.0,2.0280813359749414,0.0,4.123416373895454,0.0,3
random_2026091710,random,block_1,source,-0.7486414054939335,1.4552080208020817,-0.38090275192932815,4.2654265426542635,-2.084656773948072,0.4400440044004389,0,-0.2551371208549422,0.0,-0.18809916705956423,0.0,-0.46754675467546747,0.0,0
random_2026091710,random,block_1,target,-0.11489044194895164,0.1396961558504023,0.30207483159306553,0.03407223313425245,-0.284322716270616,0.0,3,0.018197810599451802,0.0,-0.1191936627873318,0.0,0.060497258517060636,0.0,1
random_2026091710,random,block_1,ssd,-0.17535964877896484,-0.329951109254846,-1.1713209220157283,-1.3573938038965172,-0.0019980630541686743,0.0,1,0.01107800982110939,0.0,-0.1105039947167874,0.0,-0.04524646012988395,0.0,1
random_2026091710,random,block_2,source,-0.1815181518151817,-1.6831683168316847,0.0,0.0,0.9350935093509349,0.0,0,-0.004125412541254647,0.0,3.4653465346534653,0.0,-2.722772277227724,0.0,1
random_2026091710,random,block_2,target,3.7499999999999987,-0.8168316831683176,0.0,0.0,4.166666666666663,0.0,1,0.0,0.0,0.0,0.0,0.0,0.0,0
random_2026091710,random,block_2,ssd,0.0,0.0,0.0,0.0,0.0,0.0,0,4.191561397519061,0.0,4.166666666666667,0.0,8.292079207920791,0.0,2
random_2026091711,random,aggregate,source,-0.4634320574914618,-0.11398014801480283,-0.1888135242095653,2.1327132713271304,-0.5708695869586955,0.22002200220021528,0,-0.12803735730716007,0.0,1.6386236837969526,0.0,-1.595159515951595,0.0,1
random_2026091711,random,aggregate,target,1.8175212220556762,-0.340441736481345,0.15024732787436249,0.01618431073877602,1.934604643265784,0.0,4,0.009444539510015485,0.0,-0.0552295530660755,0.0,0.023370887745436757,0.0,1
random_2026091711,random,aggregate,ssd,-0.08767982438948237,-0.1649755546274223,-0.5856604610078651,-0.6786969019482614,-0.0009990315270843226,0.0,1,2.101319703670087,0.0,2.0280813359749414,0.0,4.123416373895454,0.0,3
random_2026091711,random,block_1,source,-0.7486414054939335,1.4552080208020817,-0.38090275192932815,4.2654265426542635,-2.084656773948072,0.4400440044004389,0,-0.2551371208549422,0.0,-0.18809916705956423,0.0,-0.46754675467546747,0.0,0
random_2026091711,random,block_1,target,-0.11489044194895164,0.1396961558504023,0.30207483159306553,0.03407223313425245,-0.284322716270616,0.0,3,0.018197810599451802,0.0,-0.1191936627873318,0.0,0.060497258517060636,0.0,1
random_2026091711,random,block_1,ssd,-0.17535964877896484,-0.329951109254846,-1.1713209220157283,-1.3573938038965172,-0.0019980630541686743,0.0,1,0.01107800982110939,0.0,-0.1105039947167874,0.0,-0.04524646012988395,0.0,1
random_2026091711,random,block_2,source,-0.1815181518151817,-1.6831683168316847,0.0,0.0,0.9350935093509349,0.0,0,-0.004125412541254647,0.0,3.4653465346534653,0.0,-2.722772277227724,0.0,1
random_2026091711,random,block_2,target,3.7499999999999987,-0.8168316831683176,0.0,0.0,4.166666666666663,0.0,1,0.0,0.0,0.0,0.0,0.0,0.0,0
random_2026091711,random,block_2,ssd,0.0,0.0,0.0,0.0,0.0,0.0,0,4.191561397519061,0.0,4.166666666666667,0.0,8.292079207920791,0.0,2
random_2026091712,random,aggregate,source,-0.4634320574914618,-0.11398014801480283,-0.1888135242095653,2.1327132713271304,-0.5708695869586955,0.22002200220021528,0,-0.12803735730716007,0.0,1.6386236837969526,0.0,-1.595159515951595,0.0,1
random_2026091712,random,aggregate,target,1.8175212220556762,-0.340441736481345,0.15024732787436249,0.01618431073877602,1.934604643265784,0.0,4,0.009444539510015485,0.0,-0.0552295530660755,0.0,0.023370887745436757,0.0,1
random_2026091712,random,aggregate,ssd,-0.08767982438948237,-0.1649755546274223,-0.5856604610078651,-0.6786969019482614,-0.0009990315270843226,0.0,1,2.101319703670087,0.0,2.0280813359749414,0.0,4.123416373895454,0.0,3
random_2026091712,random,block_1,source,-0.7486414054939335,1.4552080208020817,-0.38090275192932815,4.2654265426542635,-2.084656773948072,0.4400440044004389,0,-0.2551371208549422,0.0,-0.18809916705956423,0.0,-0.46754675467546747,0.0,0
random_2026091712,random,block_1,target,-0.11489044194895164,0.1396961558504023,0.30207483159306553,0.03407223313425245,-0.284322716270616,0.0,3,0.018197810599451802,0.0,-0.1191936627873318,0.0,0.060497258517060636,0.0,1
random_2026091712,random,block_1,ssd,-0.17535964877896484,-0.329951109254846,-1.1713209220157283,-1.3573938038965172,-0.0019980630541686743,0.0,1,0.01107800982110939,0.0,-0.1105039947167874,0.0,-0.04524646012988395,0.0,1
random_2026091712,random,block_2,source,-0.1815181518151817,-1.6831683168316847,0.0,0.0,0.9350935093509349,0.0,0,-0.004125412541254647,0.0,3.4653465346534653,0.0,-2.722772277227724,0.0,1
random_2026091712,random,block_2,target,3.7499999999999987,-0.8168316831683176,0.0,0.0,4.166666666666663,0.0,1,0.0,0.0,0.0,0.0,0.0,0.0,0
random_2026091712,random,block_2,ssd,0.0,0.0,0.0,0.0,0.0,0.0,0,4.191561397519061,0.0,4.166666666666667,0.0,8.292079207920791,0.0,2
random_2026091713,random,aggregate,source,-0.4634320574914618,-0.11398014801480283,-0.1888135242095653,2.1327132713271304,-0.5708695869586955,0.22002200220021528,0,-0.12803735730716007,0.0,1.6386236837969526,0.0,-1.595159515951595,0.0,1
random_2026091713,random,aggregate,target,1.8175212220556762,-0.340441736481345,0.15024732787436249,0.01618431073877602,1.934604643265784,0.0,4,0.009444539510015485,0.0,-0.0552295530660755,0.0,0.023370887745436757,0.0,1
random_2026091713,random,aggregate,ssd,-0.08767982438948237,-0.1649755546274223,-0.5856604610078651,-0.6786969019482614,-0.0009990315270843226,0.0,1,2.101319703670087,0.0,2.0280813359749414,0.0,4.123416373895454,0.0,3
random_2026091713,random,block_1,source,-0.7486414054939335,1.4552080208020817,-0.38090275192932815,4.2654265426542635,-2.084656773948072,0.4400440044004389,0,-0.2551371208549422,0.0,-0.18809916705956423,0.0,-0.46754675467546747,0.0,0
random_2026091713,random,block_1,target,-0.11489044194895164,0.1396961558504023,0.30207483159306553,0.03407223313425245,-0.284322716270616,0.0,3,0.018197810599451802,0.0,-0.1191936627873318,0.0,0.060497258517060636,0.0,1
random_2026091713,random,block_1,ssd,-0.17535964877896484,-0.329951109254846,-1.1713209220157283,-1.3573938038965172,-0.0019980630541686743,0.0,1,0.01107800982110939,0.0,-0.1105039947167874,0.0,-0.04524646012988395,0.0,1
random_2026091713,random,block_2,source,-0.1815181518151817,-1.6831683168316847,0.0,0.0,0.9350935093509349,0.0,0,-0.004125412541254647,0.0,3.4653465346534653,0.0,-2.722772277227724,0.0,1
random_2026091713,random,block_2,target,3.7499999999999987,-0.8168316831683176,0.0,0.0,4.166666666666663,0.0,1,0.0,0.0,0.0,0.0,0.0,0.0,0
random_2026091713,random,block_2,ssd,0.0,0.0,0.0,0.0,0.0,0.0,0,4.191561397519061,0.0,4.166666666666667,0.0,8.292079207920791,0.0,2
random_2026091714,random,aggregate,source,-0.4634320574914618,-0.11398014801480283,-0.1888135242095653,2.1327132713271304,-0.5708695869586955,0.22002200220021528,0,-0.12803735730716007,0.0,1.6386236837969526,0.0,-1.595159515951595,0.0,1
random_2026091714,random,aggregate,target,1.8175212220556762,-0.340441736481345,0.15024732787436249,0.01618431073877602,1.934604643265784,0.0,4,0.009444539510015485,0.0,-0.0552295530660755,0.0,0.023370887745436757,0.0,1
random_2026091714,random,aggregate,ssd,-0.08767982438948237,-0.1649755546274223,-0.5856604610078651,-0.6786969019482614,-0.0009990315270843226,0.0,1,2.101319703670087,0.0,2.0280813359749414,0.0,4.123416373895454,0.0,3
random_2026091714,random,block_1,source,-0.7486414054939335,1.4552080208020817,-0.38090275192932815,4.2654265426542635,-2.084656773948072,0.4400440044004389,0,-0.2551371208549422,0.0,-0.18809916705956423,0.0,-0.46754675467546747,0.0,0
random_2026091714,random,block_1,target,-0.11489044194895164,0.1396961558504023,0.30207483159306553,0.03407223313425245,-0.284322716270616,0.0,3,0.018197810599451802,0.0,-0.1191936627873318,0.0,0.060497258517060636,0.0,1
random_2026091714,random,block_1,ssd,-0.17535964877896484,-0.329951109254846,-1.1713209220157283,-1.3573938038965172,-0.0019980630541686743,0.0,1,0.01107800982110939,0.0,-0.1105039947167874,0.0,-0.04524646012988395,0.0,1
random_2026091714,random,block_2,source,-0.1815181518151817,-1.6831683168316847,0.0,0.0,0.9350935093509349,0.0,0,-0.004125412541254647,0.0,3.4653465346534653,0.0,-2.722772277227724,0.0,1
random_2026091714,random,block_2,target,3.7499999999999987,-0.8168316831683176,0.0,0.0,4.166666666666663,0.0,1,0.0,0.0,0.0,0.0,0.0,0.0,0
random_2026091714,random,block_2,ssd,0.0,0.0,0.0,0.0,0.0,0.0,0,4.191561397519061,0.0,4.166666666666667,0.0,8.292079207920791,0.0,2
random_2026091715,random,aggregate,source,-0.4634320574914618,-0.11398014801480283,-0.1888135242095653,2.1327132713271304,-0.5708695869586955,0.22002200220021528,0,-0.12803735730716007,0.0,1.6386236837969526,0.0,-1.595159515951595,0.0,1
random_2026091715,random,aggregate,target,1.8175212220556762,-0.340441736481345,0.15024732787436249,0.01618431073877602,1.934604643265784,0.0,4,0.009444539510015485,0.0,-0.0552295530660755,0.0,0.023370887745436757,0.0,1
random_2026091715,random,aggregate,ssd,-0.08767982438948237,-0.1649755546274223,-0.5856604610078651,-0.6786969019482614,-0.0009990315270843226,0.0,1,2.101319703670087,0.0,2.0280813359749414,0.0,4.123416373895454,0.0,3
random_2026091715,random,block_1,source,-0.7486414054939335,1.4552080208020817,-0.38090275192932815,4.2654265426542635,-2.084656773948072,0.4400440044004389,0,-0.2551371208549422,0.0,-0.18809916705956423,0.0,-0.46754675467546747,0.0,0
random_2026091715,random,block_1,target,-0.11489044194895164,0.1396961558504023,0.30207483159306553,0.03407223313425245,-0.284322716270616,0.0,3,0.018197810599451802,0.0,-0.1191936627873318,0.0,0.060497258517060636,0.0,1
random_2026091715,random,block_1,ssd,-0.17535964877896484,-0.329951109254846,-1.1713209220157283,-1.3573938038965172,-0.0019980630541686743,0.0,1,0.01107800982110939,0.0,-0.1105039947167874,0.0,-0.04524646012988395,0.0,1
random_2026091715,random,block_2,source,-0.1815181518151817,-1.6831683168316847,0.0,0.0,0.9350935093509349,0.0,0,-0.004125412541254647,0.0,3.4653465346534653,0.0,-2.722772277227724,0.0,1
random_2026091715,random,block_2,target,3.7499999999999987,-0.8168316831683176,0.0,0.0,4.166666666666663,0.0,1,0.0,0.0,0.0,0.0,0.0,0.0,0
random_2026091715,random,block_2,ssd,0.0,0.0,0.0,0.0,0.0,0.0,0,4.191561397519061,0.0,4.166666666666667,0.0,8.292079207920791,0.0,2
random_2026091716,random,aggregate,source,-0.4634320574914618,-0.11398014801480283,-0.1888135242095653,2.1327132713271304,-0.5708695869586955,0.22002200220021528,0,-0.12803735730716007,0.0,1.6386236837969526,0.0,-1.595159515951595,0.0,1
random_2026091716,random,aggregate,target,1.8175212220556762,-0.340441736481345,0.15024732787436249,0.01618431073877602,1.934604643265784,0.0,4,0.009444539510015485,0.0,-0.0552295530660755,0.0,0.023370887745436757,0.0,1
random_2026091716,random,aggregate,ssd,-0.08767982438948237,-0.1649755546274223,-0.5856604610078651,-0.6786969019482614,-0.0009990315270843226,0.0,1,2.101319703670087,0.0,2.0280813359749414,0.0,4.123416373895454,0.0,3
random_2026091716,random,block_1,source,-0.7486414054939335,1.4552080208020817,-0.38090275192932815,4.2654265426542635,-2.084656773948072,0.4400440044004389,0,-0.2551371208549422,0.0,-0.18809916705956423,0.0,-0.46754675467546747,0.0,0
random_2026091716,random,block_1,target,-0.11489044194895164,0.1396961558504023,0.30207483159306553,0.03407223313425245,-0.284322716270616,0.0,3,0.018197810599451802,0.0,-0.1191936627873318,0.0,0.060497258517060636,0.0,1
random_2026091716,random,block_1,ssd,-0.17535964877896484,-0.329951109254846,-1.1713209220157283,-1.3573938038965172,-0.0019980630541686743,0.0,1,0.01107800982110939,0.0,-0.1105039947167874,0.0,-0.04524646012988395,0.0,1
random_2026091716,random,block_2,source,-0.1815181518151817,-1.6831683168316847,0.0,0.0,0.9350935093509349,0.0,0,-0.004125412541254647,0.0,3.4653465346534653,0.0,-2.722772277227724,0.0,1
random_2026091716,random,block_2,target,3.7499999999999987,-0.8168316831683176,0.0,0.0,4.166666666666663,0.0,1,0.0,0.0,0.0,0.0,0.0,0.0,0
random_2026091716,random,block_2,ssd,0.0,0.0,0.0,0.0,0.0,0.0,0,4.191561397519061,0.0,4.166666666666667,0.0,8.292079207920791,0.0,2
random_2026091717,random,aggregate,source,-0.4634320574914618,-0.11398014801480283,-0.1888135242095653,2.1327132713271304,-0.5708695869586955,0.22002200220021528,0,-0.12803735730716007,0.0,1.6386236837969526,0.0,-1.595159515951595,0.0,1
random_2026091717,random,aggregate,target,1.8175212220556762,-0.340441736481345,0.15024732787436249,0.01618431073877602,1.934604643265784,0.0,4,0.009444539510015485,0.0,-0.0552295530660755,0.0,0.023370887745436757,0.0,1
random_2026091717,random,aggregate,ssd,-0.08767982438948237,-0.1649755546274223,-0.5856604610078651,-0.6786969019482614,-0.0009990315270843226,0.0,1,2.101319703670087,0.0,2.0280813359749414,0.0,4.123416373895454,0.0,3
random_2026091717,random,block_1,source,-0.7486414054939335,1.4552080208020817,-0.38090275192932815,4.2654265426542635,-2.084656773948072,0.4400440044004389,0,-0.2551371208549422,0.0,-0.18809916705956423,0.0,-0.46754675467546747,0.0,0
random_2026091717,random,block_1,target,-0.11489044194895164,0.1396961558504023,0.30207483159306553,0.03407223313425245,-0.284322716270616,0.0,3,0.018197810599451802,0.0,-0.1191936627873318,0.0,0.060497258517060636,0.0,1
random_2026091717,random,block_1,ssd,-0.17535964877896484,-0.329951109254846,-1.1713209220157283,-1.3573938038965172,-0.0019980630541686743,0.0,1,0.01107800982110939,0.0,-0.1105039947167874,0.0,-0.04524646012988395,0.0,1
random_2026091717,random,block_2,source,-0.1815181518151817,-1.6831683168316847,0.0,0.0,0.9350935093509349,0.0,0,-0.004125412541254647,0.0,3.4653465346534653,0.0,-2.722772277227724,0.0,1
random_2026091717,random,block_2,target,3.7499999999999987,-0.8168316831683176,0.0,0.0,4.166666666666663,0.0,1,0.0,0.0,0.0,0.0,0.0,0.0,0
random_2026091717,random,block_2,ssd,0.0,0.0,0.0,0.0,0.0,0.0,0,4.191561397519061,0.0,4.166666666666667,0.0,8.292079207920791,0.0,2
random_2026091718,random,aggregate,source,-0.4634320574914618,-0.11398014801480283,-0.1888135242095653,2.1327132713271304,-0.5708695869586955,0.22002200220021528,0,-0.12803735730716007,0.0,1.6386236837969526,0.0,-1.595159515951595,0.0,1
random_2026091718,random,aggregate,target,1.8175212220556762,-0.340441736481345,0.15024732787436249,0.01618431073877602,1.934604643265784,0.0,4,0.009444539510015485,0.0,-0.0552295530660755,0.0,0.023370887745436757,0.0,1
random_2026091718,random,aggregate,ssd,-0.08767982438948237,-0.1649755546274223,-0.5856604610078651,-0.6786969019482614,-0.0009990315270843226,0.0,1,2.101319703670087,0.0,2.0280813359749414,0.0,4.123416373895454,0.0,3
random_2026091718,random,block_1,source,-0.7486414054939335,1.4552080208020817,-0.38090275192932815,4.2654265426542635,-2.084656773948072,0.4400440044004389,0,-0.2551371208549422,0.0,-0.18809916705956423,0.0,-0.46754675467546747,0.0,0
random_2026091718,random,block_1,target,-0.11489044194895164,0.1396961558504023,0.30207483159306553,0.03407223313425245,-0.284322716270616,0.0,3,0.018197810599451802,0.0,-0.1191936627873318,0.0,0.060497258517060636,0.0,1
random_2026091718,random,block_1,ssd,-0.17535964877896484,-0.329951109254846,-1.1713209220157283,-1.3573938038965172,-0.0019980630541686743,0.0,1,0.01107800982110939,0.0,-0.1105039947167874,0.0,-0.04524646012988395,0.0,1
random_2026091718,random,block_2,source,-0.1815181518151817,-1.6831683168316847,0.0,0.0,0.9350935093509349,0.0,0,-0.004125412541254647,0.0,3.4653465346534653,0.0,-2.722772277227724,0.0,1
random_2026091718,random,block_2,target,3.7499999999999987,-0.8168316831683176,0.0,0.0,4.166666666666663,0.0,1,0.0,0.0,0.0,0.0,0.0,0.0,0
random_2026091718,random,block_2,ssd,0.0,0.0,0.0,0.0,0.0,0.0,0,4.191561397519061,0.0,4.166666666666667,0.0,8.292079207920791,0.0,2
random_2026091719,random,aggregate,source,-0.4634320574914618,-0.11398014801480283,-0.1888135242095653,2.1327132713271304,-0.5708695869586955,0.22002200220021528,0,-0.12803735730716007,0.0,1.6386236837969526,0.0,-1.595159515951595,0.0,1
random_2026091719,random,aggregate,target,1.8175212220556762,-0.340441736481345,0.15024732787436249,0.01618431073877602,1.934604643265784,0.0,4,0.009444539510015485,0.0,-0.0552295530660755,0.0,0.023370887745436757,0.0,1
random_2026091719,random,aggregate,ssd,-0.08767982438948237,-0.1649755546274223,-0.5856604610078651,-0.6786969019482614,-0.0009990315270843226,0.0,1,2.101319703670087,0.0,2.0280813359749414,0.0,4.123416373895454,0.0,3
random_2026091719,random,block_1,source,-0.7486414054939335,1.4552080208020817,-0.38090275192932815,4.2654265426542635,-2.084656773948072,0.4400440044004389,0,-0.2551371208549422,0.0,-0.18809916705956423,0.0,-0.46754675467546747,0.0,0
random_2026091719,random,block_1,target,-0.11489044194895164,0.1396961558504023,0.30207483159306553,0.03407223313425245,-0.284322716270616,0.0,3,0.018197810599451802,0.0,-0.1191936627873318,0.0,0.060497258517060636,0.0,1
random_2026091719,random,block_1,ssd,-0.17535964877896484,-0.329951109254846,-1.1713209220157283,-1.3573938038965172,-0.0019980630541686743,0.0,1,0.01107800982110939,0.0,-0.1105039947167874,0.0,-0.04524646012988395,0.0,1
random_2026091719,random,block_2,source,-0.1815181518151817,-1.6831683168316847,0.0,0.0,0.9350935093509349,0.0,0,-0.004125412541254647,0.0,3.4653465346534653,0.0,-2.722772277227724,0.0,1
random_2026091719,random,block_2,target,3.7499999999999987,-0.8168316831683176,0.0,0.0,4.166666666666663,0.0,1,0.0,0.0,0.0,0.0,0.0,0.0,0
random_2026091719,random,block_2,ssd,0.0,0.0,0.0,0.0,0.0,0.0,0,4.191561397519061,0.0,4.166666666666667,0.0,8.292079207920791,0.0,2
random_2026091720,random,aggregate,source,-0.4634320574914618,-0.11398014801480283,-0.1888135242095653,2.1327132713271304,-0.5708695869586955,0.22002200220021528,0,-0.12803735730716007,0.0,1.6386236837969526,0.0,-1.595159515951595,0.0,1
random_2026091720,random,aggregate,target,1.8175212220556762,-0.340441736481345,0.15024732787436249,0.01618431073877602,1.934604643265784,0.0,4,0.009444539510015485,0.0,-0.0552295530660755,0.0,0.023370887745436757,0.0,1
random_2026091720,random,aggregate,ssd,-0.08767982438948237,-0.1649755546274223,-0.5856604610078651,-0.6786969019482614,-0.0009990315270843226,0.0,1,2.101319703670087,0.0,2.0280813359749414,0.0,4.123416373895454,0.0,3
random_2026091720,random,block_1,source,-0.7486414054939335,1.4552080208020817,-0.38090275192932815,4.2654265426542635,-2.084656773948072,0.4400440044004389,0,-0.2551371208549422,0.0,-0.18809916705956423,0.0,-0.46754675467546747,0.0,0
random_2026091720,random,block_1,target,-0.11489044194895164,0.1396961558504023,0.30207483159306553,0.03407223313425245,-0.284322716270616,0.0,3,0.018197810599451802,0.0,-0.1191936627873318,0.0,0.060497258517060636,0.0,1
random_2026091720,random,block_1,ssd,-0.17535964877896484,-0.329951109254846,-1.1713209220157283,-1.3573938038965172,-0.0019980630541686743,0.0,1,0.01107800982110939,0.0,-0.1105039947167874,0.0,-0.04524646012988395,0.0,1
random_2026091720,random,block_2,source,-0.1815181518151817,-1.6831683168316847,0.0,0.0,0.9350935093509349,0.0,0,-0.004125412541254647,0.0,3.4653465346534653,0.0,-2.722772277227724,0.0,1
random_2026091720,random,block_2,target,3.7499999999999987,-0.8168316831683176,0.0,0.0,4.166666666666663,0.0,1,0.0,0.0,0.0,0.0,0.0,0.0,0
random_2026091720,random,block_2,ssd,0.0,0.0,0.0,0.0,0.0,0.0,0,4.191561397519061,0.0,4.166666666666667,0.0,8.292079207920791,0.0,2
random_2026091721,random,aggregate,source,-0.4634320574914618,-0.11398014801480283,-0.1888135242095653,2.1327132713271304,-0.5708695869586955,0.22002200220021528,0,-0.12803735730716007,0.0,1.6386236837969526,0.0,-1.595159515951595,0.0,1
random_2026091721,random,aggregate,target,1.8175212220556762,-0.340441736481345,0.15024732787436249,0.01618431073877602,1.934604643265784,0.0,4,0.009444539510015485,0.0,-0.0552295530660755,0.0,0.023370887745436757,0.0,1
random_2026091721,random,aggregate,ssd,-0.08767982438948237,-0.1649755546274223,-0.5856604610078651,-0.6786969019482614,-0.0009990315270843226,0.0,1,2.101319703670087,0.0,2.0280813359749414,0.0,4.123416373895454,0.0,3
random_2026091721,random,block_1,source,-0.7486414054939335,1.4552080208020817,-0.38090275192932815,4.2654265426542635,-2.084656773948072,0.4400440044004389,0,-0.2551371208549422,0.0,-0.18809916705956423,0.0,-0.46754675467546747,0.0,0
random_2026091721,random,block_1,target,-0.11489044194895164,0.1396961558504023,0.30207483159306553,0.03407223313425245,-0.284322716270616,0.0,3,0.018197810599451802,0.0,-0.1191936627873318,0.0,0.060497258517060636,0.0,1
random_2026091721,random,block_1,ssd,-0.17535964877896484,-0.329951109254846,-1.1713209220157283,-1.3573938038965172,-0.0019980630541686743,0.0,1,0.01107800982110939,0.0,-0.1105039947167874,0.0,-0.04524646012988395,0.0,1
random_2026091721,random,block_2,source,-0.1815181518151817,-1.6831683168316847,0.0,0.0,0.9350935093509349,0.0,0,-0.004125412541254647,0.0,3.4653465346534653,0.0,-2.722772277227724,0.0,1
random_2026091721,random,block_2,target,3.7499999999999987,-0.8168316831683176,0.0,0.0,4.166666666666663,0.0,1,0.0,0.0,0.0,0.0,0.0,0.0,0
random_2026091721,random,block_2,ssd,0.0,0.0,0.0,0.0,0.0,0.0,0,4.191561397519061,0.0,4.166666666666667,0.0,8.292079207920791,0.0,2
random_2026091722,random,aggregate,source,-0.4634320574914618,-0.11398014801480283,-0.1888135242095653,2.1327132713271304,-0.5708695869586955,0.22002200220021528,0,-0.12803735730716007,0.0,1.6386236837969526,0.0,-1.595159515951595,0.0,1
random_2026091722,random,aggregate,target,1.8175212220556762,-0.340441736481345,0.15024732787436249,0.01618431073877602,1.934604643265784,0.0,4,0.009444539510015485,0.0,-0.0552295530660755,0.0,0.023370887745436757,0.0,1
random_2026091722,random,aggregate,ssd,-0.08767982438948237,-0.1649755546274223,-0.5856604610078651,-0.6786969019482614,-0.0009990315270843226,0.0,1,2.101319703670087,0.0,2.0280813359749414,0.0,4.123416373895454,0.0,3
random_2026091722,random,block_1,source,-0.7486414054939335,1.4552080208020817,-0.38090275192932815,4.2654265426542635,-2.084656773948072,0.4400440044004389,0,-0.2551371208549422,0.0,-0.18809916705956423,0.0,-0.46754675467546747,0.0,0
random_2026091722,random,block_1,target,-0.11489044194895164,0.1396961558504023,0.30207483159306553,0.03407223313425245,-0.284322716270616,0.0,3,0.018197810599451802,0.0,-0.1191936627873318,0.0,0.060497258517060636,0.0,1
random_2026091722,random,block_1,ssd,-0.17535964877896484,-0.329951109254846,-1.1713209220157283,-1.3573938038965172,-0.0019980630541686743,0.0,1,0.01107800982110939,0.0,-0.1105039947167874,0.0,-0.04524646012988395,0.0,1
random_2026091722,random,block_2,source,-0.1815181518151817,-1.6831683168316847,0.0,0.0,0.9350935093509349,0.0,0,-0.004125412541254647,0.0,3.4653465346534653,0.0,-2.722772277227724,0.0,1
random_2026091722,random,block_2,target,3.7499999999999987,-0.8168316831683176,0.0,0.0,4.166666666666663,0.0,1,0.0,0.0,0.0,0.0,0.0,0.0,0
random_2026091722,random,block_2,ssd,0.0,0.0,0.0,0.0,0.0,0.0,0,4.191561397519061,0.0,4.166666666666667,0.0,8.292079207920791,0.0,2
random_2026091723,random,aggregate,source,-0.4634320574914618,-0.11398014801480283,-0.1888135242095653,2.1327132713271304,-0.5708695869586955,0.22002200220021528,0,-0.12803735730716007,0.0,1.6386236837969526,0.0,-1.595159515951595,0.0,1
random_2026091723,random,aggregate,target,1.8175212220556762,-0.340441736481345,0.15024732787436249,0.01618431073877602,1.934604643265784,0.0,4,0.009444539510015485,0.0,-0.0552295530660755,0.0,0.023370887745436757,0.0,1
random_2026091723,random,aggregate,ssd,-0.08767982438948237,-0.1649755546274223,-0.5856604610078651,-0.6786969019482614,-0.0009990315270843226,0.0,1,2.101319703670087,0.0,2.0280813359749414,0.0,4.123416373895454,0.0,3
random_2026091723,random,block_1,source,-0.7486414054939335,1.4552080208020817,-0.38090275192932815,4.2654265426542635,-2.084656773948072,0.4400440044004389,0,-0.2551371208549422,0.0,-0.18809916705956423,0.0,-0.46754675467546747,0.0,0
random_2026091723,random,block_1,target,-0.11489044194895164,0.1396961558504023,0.30207483159306553,0.03407223313425245,-0.284322716270616,0.0,3,0.018197810599451802,0.0,-0.1191936627873318,0.0,0.060497258517060636,0.0,1
random_2026091723,random,block_1,ssd,-0.17535964877896484,-0.329951109254846,-1.1713209220157283,-1.3573938038965172,-0.0019980630541686743,0.0,1,0.01107800982110939,0.0,-0.1105039947167874,0.0,-0.04524646012988395,0.0,1
random_2026091723,random,block_2,source,-0.1815181518151817,-1.6831683168316847,0.0,0.0,0.9350935093509349,0.0,0,-0.004125412541254647,0.0,3.4653465346534653,0.0,-2.722772277227724,0.0,1
random_2026091723,random,block_2,target,3.7499999999999987,-0.8168316831683176,0.0,0.0,4.166666666666663,0.0,1,0.0,0.0,0.0,0.0,0.0,0.0,0
random_2026091723,random,block_2,ssd,0.0,0.0,0.0,0.0,0.0,0.0,0,4.191561397519061,0.0,4.166666666666667,0.0,8.292079207920791,0.0,2
random_2026091724,random,aggregate,source,-0.4634320574914618,-0.11398014801480283,-0.1888135242095653,2.1327132713271304,-0.5708695869586955,0.22002200220021528,0,-0.12803735730716007,0.0,1.6386236837969526,0.0,-1.595159515951595,0.0,1
random_2026091724,random,aggregate,target,1.8175212220556762,-0.340441736481345,0.15024732787436249,0.01618431073877602,1.934604643265784,0.0,4,0.009444539510015485,0.0,-0.0552295530660755,0.0,0.023370887745436757,0.0,1
random_2026091724,random,aggregate,ssd,-0.08767982438948237,-0.1649755546274223,-0.5856604610078651,-0.6786969019482614,-0.0009990315270843226,0.0,1,2.101319703670087,0.0,2.0280813359749414,0.0,4.123416373895454,0.0,3
random_2026091724,random,block_1,source,-0.7486414054939335,1.4552080208020817,-0.38090275192932815,4.2654265426542635,-2.084656773948072,0.4400440044004389,0,-0.2551371208549422,0.0,-0.18809916705956423,0.0,-0.46754675467546747,0.0,0
random_2026091724,random,block_1,target,-0.11489044194895164,0.1396961558504023,0.30207483159306553,0.03407223313425245,-0.284322716270616,0.0,3,0.018197810599451802,0.0,-0.1191936627873318,0.0,0.060497258517060636,0.0,1
random_2026091724,random,block_1,ssd,-0.17535964877896484,-0.329951109254846,-1.1713209220157283,-1.3573938038965172,-0.0019980630541686743,0.0,1,0.01107800982110939,0.0,-0.1105039947167874,0.0,-0.04524646012988395,0.0,1
random_2026091724,random,block_2,source,-0.1815181518151817,-1.6831683168316847,0.0,0.0,0.9350935093509349,0.0,0,-0.004125412541254647,0.0,3.4653465346534653,0.0,-2.722772277227724,0.0,1
random_2026091724,random,block_2,target,3.7499999999999987,-0.8168316831683176,0.0,0.0,4.166666666666663,0.0,1,0.0,0.0,0.0,0.0,0.0,0.0,0
random_2026091724,random,block_2,ssd,0.0,0.0,0.0,0.0,0.0,0.0,0,4.191561397519061,0.0,4.166666666666667,0.0,8.292079207920791,0.0,2
random_2026091725,random,aggregate,source,-0.4634320574914618,-0.11398014801480283,-0.1888135242095653,2.1327132713271304,-0.5708695869586955,0.22002200220021528,0,-0.12803735730716007,0.0,1.6386236837969526,0.0,-1.595159515951595,0.0,1
random_2026091725,random,aggregate,target,1.8175212220556762,-0.340441736481345,0.15024732787436249,0.01618431073877602,1.934604643265784,0.0,4,0.009444539510015485,0.0,-0.0552295530660755,0.0,0.023370887745436757,0.0,1
random_2026091725,random,aggregate,ssd,-0.08767982438948237,-0.1649755546274223,-0.5856604610078651,-0.6786969019482614,-0.0009990315270843226,0.0,1,2.101319703670087,0.0,2.0280813359749414,0.0,4.123416373895454,0.0,3
random_2026091725,random,block_1,source,-0.7486414054939335,1.4552080208020817,-0.38090275192932815,4.2654265426542635,-2.084656773948072,0.4400440044004389,0,-0.2551371208549422,0.0,-0.18809916705956423,0.0,-0.46754675467546747,0.0,0
random_2026091725,random,block_1,target,-0.11489044194895164,0.1396961558504023,0.30207483159306553,0.03407223313425245,-0.284322716270616,0.0,3,0.018197810599451802,0.0,-0.1191936627873318,0.0,0.060497258517060636,0.0,1
random_2026091725,random,block_1,ssd,-0.17535964877896484,-0.329951109254846,-1.1713209220157283,-1.3573938038965172,-0.0019980630541686743,0.0,1,0.01107800982110939,0.0,-0.1105039947167874,0.0,-0.04524646012988395,0.0,1
random_2026091725,random,block_2,source,-0.1815181518151817,-1.6831683168316847,0.0,0.0,0.9350935093509349,0.0,0,-0.004125412541254647,0.0,3.4653465346534653,0.0,-2.722772277227724,0.0,1
random_2026091725,random,block_2,target,3.7499999999999987,-0.8168316831683176,0.0,0.0,4.166666666666663,0.0,1,0.0,0.0,0.0,0.0,0.0,0.0,0
random_2026091725,random,block_2,ssd,0.0,0.0,0.0,0.0,0.0,0.0,0,4.191561397519061,0.0,4.166666666666667,0.0,8.292079207920791,0.0,2
random_2026091726,random,aggregate,source,-0.4634320574914618,-0.11398014801480283,-0.1888135242095653,2.1327132713271304,-0.5708695869586955,0.22002200220021528,0,-0.12803735730716007,0.0,1.6386236837969526,0.0,-1.595159515951595,0.0,1
random_2026091726,random,aggregate,target,1.8175212220556762,-0.340441736481345,0.15024732787436249,0.01618431073877602,1.934604643265784,0.0,4,0.009444539510015485,0.0,-0.0552295530660755,0.0,0.023370887745436757,0.0,1
random_2026091726,random,aggregate,ssd,-0.08767982438948237,-0.1649755546274223,-0.5856604610078651,-0.6786969019482614,-0.0009990315270843226,0.0,1,2.101319703670087,0.0,2.0280813359749414,0.0,4.123416373895454,0.0,3
random_2026091726,random,block_1,source,-0.7486414054939335,1.4552080208020817,-0.38090275192932815,4.2654265426542635,-2.084656773948072,0.4400440044004389,0,-0.2551371208549422,0.0,-0.18809916705956423,0.0,-0.46754675467546747,0.0,0
random_2026091726,random,block_1,target,-0.11489044194895164,0.1396961558504023,0.30207483159306553,0.03407223313425245,-0.284322716270616,0.0,3,0.018197810599451802,0.0,-0.1191936627873318,0.0,0.060497258517060636,0.0,1
random_2026091726,random,block_1,ssd,-0.17535964877896484,-0.329951109254846,-1.1713209220157283,-1.3573938038965172,-0.0019980630541686743,0.0,1,0.01107800982110939,0.0,-0.1105039947167874,0.0,-0.04524646012988395,0.0,1
random_2026091726,random,block_2,source,-0.1815181518151817,-1.6831683168316847,0.0,0.0,0.9350935093509349,0.0,0,-0.004125412541254647,0.0,3.4653465346534653,0.0,-2.722772277227724,0.0,1
random_2026091726,random,block_2,target,3.7499999999999987,-0.8168316831683176,0.0,0.0,4.166666666666663,0.0,1,0.0,0.0,0.0,0.0,0.0,0.0,0
random_2026091726,random,block_2,ssd,0.0,0.0,0.0,0.0,0.0,0.0,0,4.191561397519061,0.0,4.166666666666667,0.0,8.292079207920791,0.0,2
random_2026091727,random,aggregate,source,-0.4634320574914618,-0.11398014801480283,-0.1888135242095653,2.1327132713271304,-0.5708695869586955,0.22002200220021528,0,-0.12803735730716007,0.0,1.6386236837969526,0.0,-1.595159515951595,0.0,1
random_2026091727,random,aggregate,target,1.8175212220556762,-0.340441736481345,0.15024732787436249,0.01618431073877602,1.934604643265784,0.0,4,0.009444539510015485,0.0,-0.0552295530660755,0.0,0.023370887745436757,0.0,1
random_2026091727,random,aggregate,ssd,-0.08767982438948237,-0.1649755546274223,-0.5856604610078651,-0.6786969019482614,-0.0009990315270843226,0.0,1,2.101319703670087,0.0,2.0280813359749414,0.0,4.123416373895454,0.0,3
random_2026091727,random,block_1,source,-0.7486414054939335,1.4552080208020817,-0.38090275192932815,4.2654265426542635,-2.084656773948072,0.4400440044004389,0,-0.2551371208549422,0.0,-0.18809916705956423,0.0,-0.46754675467546747,0.0,0
random_2026091727,random,block_1,target,-0.11489044194895164,0.1396961558504023,0.30207483159306553,0.03407223313425245,-0.284322716270616,0.0,3,0.018197810599451802,0.0,-0.1191936627873318,0.0,0.060497258517060636,0.0,1
random_2026091727,random,block_1,ssd,-0.17535964877896484,-0.329951109254846,-1.1713209220157283,-1.3573938038965172,-0.0019980630541686743,0.0,1,0.01107800982110939,0.0,-0.1105039947167874,0.0,-0.04524646012988395,0.0,1
random_2026091727,random,block_2,source,-0.1815181518151817,-1.6831683168316847,0.0,0.0,0.9350935093509349,0.0,0,-0.004125412541254647,0.0,3.4653465346534653,0.0,-2.722772277227724,0.0,1
random_2026091727,random,block_2,target,3.7499999999999987,-0.8168316831683176,0.0,0.0,4.166666666666663,0.0,1,0.0,0.0,0.0,0.0,0.0,0.0,0
random_2026091727,random,block_2,ssd,0.0,0.0,0.0,0.0,0.0,0.0,0,4.191561397519061,0.0,4.166666666666667,0.0,8.292079207920791,0.0,2
random_2026091728,random,aggregate,source,-0.4634320574914618,-0.11398014801480283,-0.1888135242095653,2.1327132713271304,-0.5708695869586955,0.22002200220021528,0,-0.12803735730716007,0.0,1.6386236837969526,0.0,-1.595159515951595,0.0,1
random_2026091728,random,aggregate,target,1.8175212220556762,-0.340441736481345,0.15024732787436249,0.01618431073877602,1.934604643265784,0.0,4,0.009444539510015485,0.0,-0.0552295530660755,0.0,0.023370887745436757,0.0,1
random_2026091728,random,aggregate,ssd,-0.08767982438948237,-0.1649755546274223,-0.5856604610078651,-0.6786969019482614,-0.0009990315270843226,0.0,1,2.101319703670087,0.0,2.0280813359749414,0.0,4.123416373895454,0.0,3
random_2026091728,random,block_1,source,-0.7486414054939335,1.4552080208020817,-0.38090275192932815,4.2654265426542635,-2.084656773948072,0.4400440044004389,0,-0.2551371208549422,0.0,-0.18809916705956423,0.0,-0.46754675467546747,0.0,0
random_2026091728,random,block_1,target,-0.11489044194895164,0.1396961558504023,0.30207483159306553,0.03407223313425245,-0.284322716270616,0.0,3,0.018197810599451802,0.0,-0.1191936627873318,0.0,0.060497258517060636,0.0,1
random_2026091728,random,block_1,ssd,-0.17535964877896484,-0.329951109254846,-1.1713209220157283,-1.3573938038965172,-0.0019980630541686743,0.0,1,0.01107800982110939,0.0,-0.1105039947167874,0.0,-0.04524646012988395,0.0,1
random_2026091728,random,block_2,source,-0.1815181518151817,-1.6831683168316847,0.0,0.0,0.9350935093509349,0.0,0,-0.004125412541254647,0.0,3.4653465346534653,0.0,-2.722772277227724,0.0,1
random_2026091728,random,block_2,target,3.7499999999999987,-0.8168316831683176,0.0,0.0,4.166666666666663,0.0,1,0.0,0.0,0.0,0.0,0.0,0.0,0
random_2026091728,random,block_2,ssd,0.0,0.0,0.0,0.0,0.0,0.0,0,4.191561397519061,0.0,4.166666666666667,0.0,8.292079207920791,0.0,2
random_2026091729,random,aggregate,source,-0.4634320574914618,-0.11398014801480283,-0.1888135242095653,2.1327132713271304,-0.5708695869586955,0.22002200220021528,0,-0.12803735730716007,0.0,1.6386236837969526,0.0,-1.595159515951595,0.0,1
random_2026091729,random,aggregate,target,1.8175212220556762,-0.340441736481345,0.15024732787436249,0.01618431073877602,1.934604643265784,0.0,4,0.009444539510015485,0.0,-0.0552295530660755,0.0,0.023370887745436757,0.0,1
random_2026091729,random,aggregate,ssd,-0.08767982438948237,-0.1649755546274223,-0.5856604610078651,-0.6786969019482614,-0.0009990315270843226,0.0,1,2.101319703670087,0.0,2.0280813359749414,0.0,4.123416373895454,0.0,3
random_2026091729,random,block_1,source,-0.7486414054939335,1.4552080208020817,-0.38090275192932815,4.2654265426542635,-2.084656773948072,0.4400440044004389,0,-0.2551371208549422,0.0,-0.18809916705956423,0.0,-0.46754675467546747,0.0,0
random_2026091729,random,block_1,target,-0.11489044194895164,0.1396961558504023,0.30207483159306553,0.03407223313425245,-0.284322716270616,0.0,3,0.018197810599451802,0.0,-0.1191936627873318,0.0,0.060497258517060636,0.0,1
random_2026091729,random,block_1,ssd,-0.17535964877896484,-0.329951109254846,-1.1713209220157283,-1.3573938038965172,-0.0019980630541686743,0.0,1,0.01107800982110939,0.0,-0.1105039947167874,0.0,-0.04524646012988395,0.0,1
random_2026091729,random,block_2,source,-0.1815181518151817,-1.6831683168316847,0.0,0.0,0.9350935093509349,0.0,0,-0.004125412541254647,0.0,3.4653465346534653,0.0,-2.722772277227724,0.0,1
random_2026091729,random,block_2,target,3.7499999999999987,-0.8168316831683176,0.0,0.0,4.166666666666663,0.0,1,0.0,0.0,0.0,0.0,0.0,0.0,0
random_2026091729,random,block_2,ssd,0.0,0.0,0.0,0.0,0.0,0.0,0,4.191561397519061,0.0,4.166666666666667,0.0,8.292079207920791,0.0,2
random_2026091730,random,aggregate,source,-0.4634320574914618,-0.11398014801480283,-0.1888135242095653,2.1327132713271304,-0.5708695869586955,0.22002200220021528,0,-0.12803735730716007,0.0,1.6386236837969526,0.0,-1.595159515951595,0.0,1
random_2026091730,random,aggregate,target,1.8175212220556762,-0.340441736481345,0.15024732787436249,0.01618431073877602,1.934604643265784,0.0,4,0.009444539510015485,0.0,-0.0552295530660755,0.0,0.023370887745436757,0.0,1
random_2026091730,random,aggregate,ssd,-0.08767982438948237,-0.1649755546274223,-0.5856604610078651,-0.6786969019482614,-0.0009990315270843226,0.0,1,2.101319703670087,0.0,2.0280813359749414,0.0,4.123416373895454,0.0,3
random_2026091730,random,block_1,source,-0.7486414054939335,1.4552080208020817,-0.38090275192932815,4.2654265426542635,-2.084656773948072,0.4400440044004389,0,-0.2551371208549422,0.0,-0.18809916705956423,0.0,-0.46754675467546747,0.0,0
random_2026091730,random,block_1,target,-0.11489044194895164,0.1396961558504023,0.30207483159306553,0.03407223313425245,-0.284322716270616,0.0,3,0.018197810599451802,0.0,-0.1191936627873318,0.0,0.060497258517060636,0.0,1
random_2026091730,random,block_1,ssd,-0.17535964877896484,-0.329951109254846,-1.1713209220157283,-1.3573938038965172,-0.0019980630541686743,0.0,1,0.01107800982110939,0.0,-0.1105039947167874,0.0,-0.04524646012988395,0.0,1
random_2026091730,random,block_2,source,-0.1815181518151817,-1.6831683168316847,0.0,0.0,0.9350935093509349,0.0,0,-0.004125412541254647,0.0,3.4653465346534653,0.0,-2.722772277227724,0.0,1
random_2026091730,random,block_2,target,3.7499999999999987,-0.8168316831683176,0.0,0.0,4.166666666666663,0.0,1,0.0,0.0,0.0,0.0,0.0,0.0,0
random_2026091730,random,block_2,ssd,0.0,0.0,0.0,0.0,0.0,0.0,0,4.191561397519061,0.0,4.166666666666667,0.0,8.292079207920791,0.0,2
random_2026091731,random,aggregate,source,-0.4634320574914618,-0.11398014801480283,-0.1888135242095653,2.1327132713271304,-0.5708695869586955,0.22002200220021528,0,-0.12803735730716007,0.0,1.6386236837969526,0.0,-1.595159515951595,0.0,1
random_2026091731,random,aggregate,target,1.8175212220556762,-0.340441736481345,0.15024732787436249,0.01618431073877602,1.934604643265784,0.0,4,0.009444539510015485,0.0,-0.0552295530660755,0.0,0.023370887745436757,0.0,1
random_2026091731,random,aggregate,ssd,-0.08767982438948237,-0.1649755546274223,-0.5856604610078651,-0.6786969019482614,-0.0009990315270843226,0.0,1,2.101319703670087,0.0,2.0280813359749414,0.0,4.123416373895454,0.0,3
random_2026091731,random,block_1,source,-0.7486414054939335,1.4552080208020817,-0.38090275192932815,4.2654265426542635,-2.084656773948072,0.4400440044004389,0,-0.2551371208549422,0.0,-0.18809916705956423,0.0,-0.46754675467546747,0.0,0
random_2026091731,random,block_1,target,-0.11489044194895164,0.1396961558504023,0.30207483159306553,0.03407223313425245,-0.284322716270616,0.0,3,0.018197810599451802,0.0,-0.1191936627873318,0.0,0.060497258517060636,0.0,1
random_2026091731,random,block_1,ssd,-0.17535964877896484,-0.329951109254846,-1.1713209220157283,-1.3573938038965172,-0.0019980630541686743,0.0,1,0.01107800982110939,0.0,-0.1105039947167874,0.0,-0.04524646012988395,0.0,1
random_2026091731,random,block_2,source,-0.1815181518151817,-1.6831683168316847,0.0,0.0,0.9350935093509349,0.0,0,-0.004125412541254647,0.0,3.4653465346534653,0.0,-2.722772277227724,0.0,1
random_2026091731,random,block_2,target,3.7499999999999987,-0.8168316831683176,0.0,0.0,4.166666666666663,0.0,1,0.0,0.0,0.0,0.0,0.0,0.0,0
random_2026091731,random,block_2,ssd,0.0,0.0,0.0,0.0,0.0,0.0,0,4.191561397519061,0.0,4.166666666666667,0.0,8.292079207920791,0.0,2
random_2026091732,random,aggregate,source,-0.4634320574914618,-0.11398014801480283,-0.1888135242095653,2.1327132713271304,-0.5708695869586955,0.22002200220021528,0,-0.12803735730716007,0.0,1.6386236837969526,0.0,-1.595159515951595,0.0,1
random_2026091732,random,aggregate,target,1.8175212220556762,-0.340441736481345,0.15024732787436249,0.01618431073877602,1.934604643265784,0.0,4,0.009444539510015485,0.0,-0.0552295530660755,0.0,0.023370887745436757,0.0,1
random_2026091732,random,aggregate,ssd,-0.08767982438948237,-0.1649755546274223,-0.5856604610078651,-0.6786969019482614,-0.0009990315270843226,0.0,1,2.101319703670087,0.0,2.0280813359749414,0.0,4.123416373895454,0.0,3
random_2026091732,random,block_1,source,-0.7486414054939335,1.4552080208020817,-0.38090275192932815,4.2654265426542635,-2.084656773948072,0.4400440044004389,0,-0.2551371208549422,0.0,-0.18809916705956423,0.0,-0.46754675467546747,0.0,0
random_2026091732,random,block_1,target,-0.11489044194895164,0.1396961558504023,0.30207483159306553,0.03407223313425245,-0.284322716270616,0.0,3,0.018197810599451802,0.0,-0.1191936627873318,0.0,0.060497258517060636,0.0,1
random_2026091732,random,block_1,ssd,-0.17535964877896484,-0.329951109254846,-1.1713209220157283,-1.3573938038965172,-0.0019980630541686743,0.0,1,0.01107800982110939,0.0,-0.1105039947167874,0.0,-0.04524646012988395,0.0,1
random_2026091732,random,block_2,source,-0.1815181518151817,-1.6831683168316847,0.0,0.0,0.9350935093509349,0.0,0,-0.004125412541254647,0.0,3.4653465346534653,0.0,-2.722772277227724,0.0,1
random_2026091732,random,block_2,target,3.7499999999999987,-0.8168316831683176,0.0,0.0,4.166666666666663,0.0,1,0.0,0.0,0.0,0.0,0.0,0.0,0
random_2026091732,random,block_2,ssd,0.0,0.0,0.0,0.0,0.0,0.0,0,4.191561397519061,0.0,4.166666666666667,0.0,8.292079207920791,0.0,2
random_2026091733,random,aggregate,source,-0.4634320574914618,-0.11398014801480283,-0.1888135242095653,2.1327132713271304,-0.5708695869586955,0.22002200220021528,0,-0.12803735730716007,0.0,1.6386236837969526,0.0,-1.595159515951595,0.0,1
random_2026091733,random,aggregate,target,1.8175212220556762,-0.340441736481345,0.15024732787436249,0.01618431073877602,1.934604643265784,0.0,4,0.009444539510015485,0.0,-0.0552295530660755,0.0,0.023370887745436757,0.0,1
random_2026091733,random,aggregate,ssd,-0.08767982438948237,-0.1649755546274223,-0.5856604610078651,-0.6786969019482614,-0.0009990315270843226,0.0,1,2.101319703670087,0.0,2.0280813359749414,0.0,4.123416373895454,0.0,3
random_2026091733,random,block_1,source,-0.7486414054939335,1.4552080208020817,-0.38090275192932815,4.2654265426542635,-2.084656773948072,0.4400440044004389,0,-0.2551371208549422,0.0,-0.18809916705956423,0.0,-0.46754675467546747,0.0,0
random_2026091733,random,block_1,target,-0.11489044194895164,0.1396961558504023,0.30207483159306553,0.03407223313425245,-0.284322716270616,0.0,3,0.018197810599451802,0.0,-0.1191936627873318,0.0,0.060497258517060636,0.0,1
random_2026091733,random,block_1,ssd,-0.17535964877896484,-0.329951109254846,-1.1713209220157283,-1.3573938038965172,-0.0019980630541686743,0.0,1,0.01107800982110939,0.0,-0.1105039947167874,0.0,-0.04524646012988395,0.0,1
random_2026091733,random,block_2,source,-0.1815181518151817,-1.6831683168316847,0.0,0.0,0.9350935093509349,0.0,0,-0.004125412541254647,0.0,3.4653465346534653,0.0,-2.722772277227724,0.0,1
random_2026091733,random,block_2,target,3.7499999999999987,-0.8168316831683176,0.0,0.0,4.166666666666663,0.0,1,0.0,0.0,0.0,0.0,0.0,0.0,0
random_2026091733,random,block_2,ssd,0.0,0.0,0.0,0.0,0.0,0.0,0,4.191561397519061,0.0,4.166666666666667,0.0,8.292079207920791,0.0,2
random_2026091734,random,aggregate,source,-0.4634320574914618,-0.11398014801480283,-0.1888135242095653,2.1327132713271304,-0.5708695869586955,0.22002200220021528,0,-0.12803735730716007,0.0,1.6386236837969526,0.0,-1.595159515951595,0.0,1
random_2026091734,random,aggregate,target,1.8175212220556762,-0.340441736481345,0.15024732787436249,0.01618431073877602,1.934604643265784,0.0,4,0.009444539510015485,0.0,-0.0552295530660755,0.0,0.023370887745436757,0.0,1
random_2026091734,random,aggregate,ssd,-0.08767982438948237,-0.1649755546274223,-0.5856604610078651,-0.6786969019482614,-0.0009990315270843226,0.0,1,2.101319703670087,0.0,2.0280813359749414,0.0,4.123416373895454,0.0,3
random_2026091734,random,block_1,source,-0.7486414054939335,1.4552080208020817,-0.38090275192932815,4.2654265426542635,-2.084656773948072,0.4400440044004389,0,-0.2551371208549422,0.0,-0.18809916705956423,0.0,-0.46754675467546747,0.0,0
random_2026091734,random,block_1,target,-0.11489044194895164,0.1396961558504023,0.30207483159306553,0.03407223313425245,-0.284322716270616,0.0,3,0.018197810599451802,0.0,-0.1191936627873318,0.0,0.060497258517060636,0.0,1
random_2026091734,random,block_1,ssd,-0.17535964877896484,-0.329951109254846,-1.1713209220157283,-1.3573938038965172,-0.0019980630541686743,0.0,1,0.01107800982110939,0.0,-0.1105039947167874,0.0,-0.04524646012988395,0.0,1
random_2026091734,random,block_2,source,-0.1815181518151817,-1.6831683168316847,0.0,0.0,0.9350935093509349,0.0,0,-0.004125412541254647,0.0,3.4653465346534653,0.0,-2.722772277227724,0.0,1
random_2026091734,random,block_2,target,3.7499999999999987,-0.8168316831683176,0.0,0.0,4.166666666666663,0.0,1,0.0,0.0,0.0,0.0,0.0,0.0,0
random_2026091734,random,block_2,ssd,0.0,0.0,0.0,0.0,0.0,0.0,0,4.191561397519061,0.0,4.166666666666667,0.0,8.292079207920791,0.0,2
random_2026091735,random,aggregate,source,-0.4634320574914618,-0.11398014801480283,-0.1888135242095653,2.1327132713271304,-0.5708695869586955,0.22002200220021528,0,-0.12803735730716007,0.0,1.6386236837969526,0.0,-1.595159515951595,0.0,1
random_2026091735,random,aggregate,target,1.8175212220556762,-0.340441736481345,0.15024732787436249,0.01618431073877602,1.934604643265784,0.0,4,0.009444539510015485,0.0,-0.0552295530660755,0.0,0.023370887745436757,0.0,1
random_2026091735,random,aggregate,ssd,-0.08767982438948237,-0.1649755546274223,-0.5856604610078651,-0.6786969019482614,-0.0009990315270843226,0.0,1,2.101319703670087,0.0,2.0280813359749414,0.0,4.123416373895454,0.0,3
random_2026091735,random,block_1,source,-0.7486414054939335,1.4552080208020817,-0.38090275192932815,4.2654265426542635,-2.084656773948072,0.4400440044004389,0,-0.2551371208549422,0.0,-0.18809916705956423,0.0,-0.46754675467546747,0.0,0
random_2026091735,random,block_1,target,-0.11489044194895164,0.1396961558504023,0.30207483159306553,0.03407223313425245,-0.284322716270616,0.0,3,0.018197810599451802,0.0,-0.1191936627873318,0.0,0.060497258517060636,0.0,1
random_2026091735,random,block_1,ssd,-0.17535964877896484,-0.329951109254846,-1.1713209220157283,-1.3573938038965172,-0.0019980630541686743,0.0,1,0.01107800982110939,0.0,-0.1105039947167874,0.0,-0.04524646012988395,0.0,1
random_2026091735,random,block_2,source,-0.1815181518151817,-1.6831683168316847,0.0,0.0,0.9350935093509349,0.0,0,-0.004125412541254647,0.0,3.4653465346534653,0.0,-2.722772277227724,0.0,1
random_2026091735,random,block_2,target,3.7499999999999987,-0.8168316831683176,0.0,0.0,4.166666666666663,0.0,1,0.0,0.0,0.0,0.0,0.0,0.0,0
random_2026091735,random,block_2,ssd,0.0,0.0,0.0,0.0,0.0,0.0,0,4.191561397519061,0.0,4.166666666666667,0.0,8.292079207920791,0.0,2
random_2026091736,random,aggregate,source,-0.4634320574914618,-0.11398014801480283,-0.1888135242095653,2.1327132713271304,-0.5708695869586955,0.22002200220021528,0,-0.12803735730716007,0.0,1.6386236837969526,0.0,-1.595159515951595,0.0,1
random_2026091736,random,aggregate,target,1.8175212220556762,-0.340441736481345,0.15024732787436249,0.01618431073877602,1.934604643265784,0.0,4,0.009444539510015485,0.0,-0.0552295530660755,0.0,0.023370887745436757,0.0,1
random_2026091736,random,aggregate,ssd,-0.08767982438948237,-0.1649755546274223,-0.5856604610078651,-0.6786969019482614,-0.0009990315270843226,0.0,1,2.101319703670087,0.0,2.0280813359749414,0.0,4.123416373895454,0.0,3
random_2026091736,random,block_1,source,-0.7486414054939335,1.4552080208020817,-0.38090275192932815,4.2654265426542635,-2.084656773948072,0.4400440044004389,0,-0.2551371208549422,0.0,-0.18809916705956423,0.0,-0.46754675467546747,0.0,0
random_2026091736,random,block_1,target,-0.11489044194895164,0.1396961558504023,0.30207483159306553,0.03407223313425245,-0.284322716270616,0.0,3,0.018197810599451802,0.0,-0.1191936627873318,0.0,0.060497258517060636,0.0,1
random_2026091736,random,block_1,ssd,-0.17535964877896484,-0.329951109254846,-1.1713209220157283,-1.3573938038965172,-0.0019980630541686743,0.0,1,0.01107800982110939,0.0,-0.1105039947167874,0.0,-0.04524646012988395,0.0,1
random_2026091736,random,block_2,source,-0.1815181518151817,-1.6831683168316847,0.0,0.0,0.9350935093509349,0.0,0,-0.004125412541254647,0.0,3.4653465346534653,0.0,-2.722772277227724,0.0,1
random_2026091736,random,block_2,target,3.7499999999999987,-0.8168316831683176,0.0,0.0,4.166666666666663,0.0,1,0.0,0.0,0.0,0.0,0.0,0.0,0
random_2026091736,random,block_2,ssd,0.0,0.0,0.0,0.0,0.0,0.0,0,4.191561397519061,0.0,4.166666666666667,0.0,8.292079207920791,0.0,2
random_2026091737,random,aggregate,source,-0.4634320574914618,-0.11398014801480283,-0.1888135242095653,2.1327132713271304,-0.5708695869586955,0.22002200220021528,0,-0.12803735730716007,0.0,1.6386236837969526,0.0,-1.595159515951595,0.0,1
random_2026091737,random,aggregate,target,1.8175212220556762,-0.340441736481345,0.15024732787436249,0.01618431073877602,1.934604643265784,0.0,4,0.009444539510015485,0.0,-0.0552295530660755,0.0,0.023370887745436757,0.0,1
random_2026091737,random,aggregate,ssd,-0.08767982438948237,-0.1649755546274223,-0.5856604610078651,-0.6786969019482614,-0.0009990315270843226,0.0,1,2.101319703670087,0.0,2.0280813359749414,0.0,4.123416373895454,0.0,3
random_2026091737,random,block_1,source,-0.7486414054939335,1.4552080208020817,-0.38090275192932815,4.2654265426542635,-2.084656773948072,0.4400440044004389,0,-0.2551371208549422,0.0,-0.18809916705956423,0.0,-0.46754675467546747,0.0,0
random_2026091737,random,block_1,target,-0.11489044194895164,0.1396961558504023,0.30207483159306553,0.03407223313425245,-0.284322716270616,0.0,3,0.018197810599451802,0.0,-0.1191936627873318,0.0,0.060497258517060636,0.0,1
random_2026091737,random,block_1,ssd,-0.17535964877896484,-0.329951109254846,-1.1713209220157283,-1.3573938038965172,-0.0019980630541686743,0.0,1,0.01107800982110939,0.0,-0.1105039947167874,0.0,-0.04524646012988395,0.0,1
random_2026091737,random,block_2,source,-0.1815181518151817,-1.6831683168316847,0.0,0.0,0.9350935093509349,0.0,0,-0.004125412541254647,0.0,3.4653465346534653,0.0,-2.722772277227724,0.0,1
random_2026091737,random,block_2,target,3.7499999999999987,-0.8168316831683176,0.0,0.0,4.166666666666663,0.0,1,0.0,0.0,0.0,0.0,0.0,0.0,0
random_2026091737,random,block_2,ssd,0.0,0.0,0.0,0.0,0.0,0.0,0,4.191561397519061,0.0,4.166666666666667,0.0,8.292079207920791,0.0,2
random_2026091738,random,aggregate,source,-0.4634320574914618,-0.11398014801480283,-0.1888135242095653,2.1327132713271304,-0.5708695869586955,0.22002200220021528,0,-0.12803735730716007,0.0,1.6386236837969526,0.0,-1.595159515951595,0.0,1
random_2026091738,random,aggregate,target,1.8175212220556762,-0.340441736481345,0.15024732787436249,0.01618431073877602,1.934604643265784,0.0,4,0.009444539510015485,0.0,-0.0552295530660755,0.0,0.023370887745436757,0.0,1
random_2026091738,random,aggregate,ssd,-0.08767982438948237,-0.1649755546274223,-0.5856604610078651,-0.6786969019482614,-0.0009990315270843226,0.0,1,2.101319703670087,0.0,2.0280813359749414,0.0,4.123416373895454,0.0,3
random_2026091738,random,block_1,source,-0.7486414054939335,1.4552080208020817,-0.38090275192932815,4.2654265426542635,-2.084656773948072,0.4400440044004389,0,-0.2551371208549422,0.0,-0.18809916705956423,0.0,-0.46754675467546747,0.0,0
random_2026091738,random,block_1,target,-0.11489044194895164,0.1396961558504023,0.30207483159306553,0.03407223313425245,-0.284322716270616,0.0,3,0.018197810599451802,0.0,-0.1191936627873318,0.0,0.060497258517060636,0.0,1
random_2026091738,random,block_1,ssd,-0.17535964877896484,-0.329951109254846,-1.1713209220157283,-1.3573938038965172,-0.0019980630541686743,0.0,1,0.01107800982110939,0.0,-0.1105039947167874,0.0,-0.04524646012988395,0.0,1
random_2026091738,random,block_2,source,-0.1815181518151817,-1.6831683168316847,0.0,0.0,0.9350935093509349,0.0,0,-0.004125412541254647,0.0,3.4653465346534653,0.0,-2.722772277227724,0.0,1
random_2026091738,random,block_2,target,3.7499999999999987,-0.8168316831683176,0.0,0.0,4.166666666666663,0.0,1,0.0,0.0,0.0,0.0,0.0,0.0,0
random_2026091738,random,block_2,ssd,0.0,0.0,0.0,0.0,0.0,0.0,0,4.191561397519061,0.0,4.166666666666667,0.0,8.292079207920791,0.0,2
random_2026091739,random,aggregate,source,-0.4634320574914618,-0.11398014801480283,-0.1888135242095653,2.1327132713271304,-0.5708695869586955,0.22002200220021528,0,-0.12803735730716007,0.0,1.6386236837969526,0.0,-1.595159515951595,0.0,1
random_2026091739,random,aggregate,target,1.8175212220556762,-0.340441736481345,0.15024732787436249,0.01618431073877602,1.934604643265784,0.0,4,0.009444539510015485,0.0,-0.0552295530660755,0.0,0.023370887745436757,0.0,1
random_2026091739,random,aggregate,ssd,-0.08767982438948237,-0.1649755546274223,-0.5856604610078651,-0.6786969019482614,-0.0009990315270843226,0.0,1,2.101319703670087,0.0,2.0280813359749414,0.0,4.123416373895454,0.0,3
random_2026091739,random,block_1,source,-0.7486414054939335,1.4552080208020817,-0.38090275192932815,4.2654265426542635,-2.084656773948072,0.4400440044004389,0,-0.2551371208549422,0.0,-0.18809916705956423,0.0,-0.46754675467546747,0.0,0
random_2026091739,random,block_1,target,-0.11489044194895164,0.1396961558504023,0.30207483159306553,0.03407223313425245,-0.284322716270616,0.0,3,0.018197810599451802,0.0,-0.1191936627873318,0.0,0.060497258517060636,0.0,1
random_2026091739,random,block_1,ssd,-0.17535964877896484,-0.329951109254846,-1.1713209220157283,-1.3573938038965172,-0.0019980630541686743,0.0,1,0.01107800982110939,0.0,-0.1105039947167874,0.0,-0.04524646012988395,0.0,1
random_2026091739,random,block_2,source,-0.1815181518151817,-1.6831683168316847,0.0,0.0,0.9350935093509349,0.0,0,-0.004125412541254647,0.0,3.4653465346534653,0.0,-2.722772277227724,0.0,1
random_2026091739,random,block_2,target,3.7499999999999987,-0.8168316831683176,0.0,0.0,4.166666666666663,0.0,1,0.0,0.0,0.0,0.0,0.0,0.0,0
random_2026091739,random,block_2,ssd,0.0,0.0,0.0,0.0,0.0,0.0,0,4.191561397519061,0.0,4.166666666666667,0.0,8.292079207920791,0.0,2
random_2026091740,random,aggregate,source,-0.4634320574914618,-0.11398014801480283,-0.1888135242095653,2.1327132713271304,-0.5708695869586955,0.22002200220021528,0,-0.12803735730716007,0.0,1.6386236837969526,0.0,-1.595159515951595,0.0,1
random_2026091740,random,aggregate,target,1.8175212220556762,-0.340441736481345,0.15024732787436249,0.01618431073877602,1.934604643265784,0.0,4,0.009444539510015485,0.0,-0.0552295530660755,0.0,0.023370887745436757,0.0,1
random_2026091740,random,aggregate,ssd,-0.08767982438948237,-0.1649755546274223,-0.5856604610078651,-0.6786969019482614,-0.0009990315270843226,0.0,1,2.101319703670087,0.0,2.0280813359749414,0.0,4.123416373895454,0.0,3
random_2026091740,random,block_1,source,-0.7486414054939335,1.4552080208020817,-0.38090275192932815,4.2654265426542635,-2.084656773948072,0.4400440044004389,0,-0.2551371208549422,0.0,-0.18809916705956423,0.0,-0.46754675467546747,0.0,0
random_2026091740,random,block_1,target,-0.11489044194895164,0.1396961558504023,0.30207483159306553,0.03407223313425245,-0.284322716270616,0.0,3,0.018197810599451802,0.0,-0.1191936627873318,0.0,0.060497258517060636,0.0,1
random_2026091740,random,block_1,ssd,-0.17535964877896484,-0.329951109254846,-1.1713209220157283,-1.3573938038965172,-0.0019980630541686743,0.0,1,0.01107800982110939,0.0,-0.1105039947167874,0.0,-0.04524646012988395,0.0,1
random_2026091740,random,block_2,source,-0.1815181518151817,-1.6831683168316847,0.0,0.0,0.9350935093509349,0.0,0,-0.004125412541254647,0.0,3.4653465346534653,0.0,-2.722772277227724,0.0,1
random_2026091740,random,block_2,target,3.7499999999999987,-0.8168316831683176,0.0,0.0,4.166666666666663,0.0,1,0.0,0.0,0.0,0.0,0.0,0.0,0
random_2026091740,random,block_2,ssd,0.0,0.0,0.0,0.0,0.0,0.0,0,4.191561397519061,0.0,4.166666666666667,0.0,8.292079207920791,0.0,2
random_2026091741,random,aggregate,source,-0.4634320574914618,-0.11398014801480283,-0.1888135242095653,2.1327132713271304,-0.5708695869586955,0.22002200220021528,0,-0.12803735730716007,0.0,1.6386236837969526,0.0,-1.595159515951595,0.0,1
random_2026091741,random,aggregate,target,1.8175212220556762,-0.340441736481345,0.15024732787436249,0.01618431073877602,1.934604643265784,0.0,4,0.009444539510015485,0.0,-0.0552295530660755,0.0,0.023370887745436757,0.0,1
random_2026091741,random,aggregate,ssd,-0.08767982438948237,-0.1649755546274223,-0.5856604610078651,-0.6786969019482614,-0.0009990315270843226,0.0,1,2.101319703670087,0.0,2.0280813359749414,0.0,4.123416373895454,0.0,3
random_2026091741,random,block_1,source,-0.7486414054939335,1.4552080208020817,-0.38090275192932815,4.2654265426542635,-2.084656773948072,0.4400440044004389,0,-0.2551371208549422,0.0,-0.18809916705956423,0.0,-0.46754675467546747,0.0,0
random_2026091741,random,block_1,target,-0.11489044194895164,0.1396961558504023,0.30207483159306553,0.03407223313425245,-0.284322716270616,0.0,3,0.018197810599451802,0.0,-0.1191936627873318,0.0,0.060497258517060636,0.0,1
random_2026091741,random,block_1,ssd,-0.17535964877896484,-0.329951109254846,-1.1713209220157283,-1.3573938038965172,-0.0019980630541686743,0.0,1,0.01107800982110939,0.0,-0.1105039947167874,0.0,-0.04524646012988395,0.0,1
random_2026091741,random,block_2,source,-0.1815181518151817,-1.6831683168316847,0.0,0.0,0.9350935093509349,0.0,0,-0.004125412541254647,0.0,3.4653465346534653,0.0,-2.722772277227724,0.0,1
random_2026091741,random,block_2,target,3.7499999999999987,-0.8168316831683176,0.0,0.0,4.166666666666663,0.0,1,0.0,0.0,0.0,0.0,0.0,0.0,0
random_2026091741,random,block_2,ssd,0.0,0.0,0.0,0.0,0.0,0.0,0,4.191561397519061,0.0,4.166666666666667,0.0,8.292079207920791,0.0,2
random_2026091742,random,aggregate,source,-0.4634320574914618,-0.11398014801480283,-0.1888135242095653,2.1327132713271304,-0.5708695869586955,0.22002200220021528,0,-0.12803735730716007,0.0,1.6386236837969526,0.0,-1.595159515951595,0.0,1
random_2026091742,random,aggregate,target,1.8175212220556762,-0.340441736481345,0.15024732787436249,0.01618431073877602,1.934604643265784,0.0,4,0.009444539510015485,0.0,-0.0552295530660755,0.0,0.023370887745436757,0.0,1
random_2026091742,random,aggregate,ssd,-0.08767982438948237,-0.1649755546274223,-0.5856604610078651,-0.6786969019482614,-0.0009990315270843226,0.0,1,2.101319703670087,0.0,2.0280813359749414,0.0,4.123416373895454,0.0,3
random_2026091742,random,block_1,source,-0.7486414054939335,1.4552080208020817,-0.38090275192932815,4.2654265426542635,-2.084656773948072,0.4400440044004389,0,-0.2551371208549422,0.0,-0.18809916705956423,0.0,-0.46754675467546747,0.0,0
random_2026091742,random,block_1,target,-0.11489044194895164,0.1396961558504023,0.30207483159306553,0.03407223313425245,-0.284322716270616,0.0,3,0.018197810599451802,0.0,-0.1191936627873318,0.0,0.060497258517060636,0.0,1
random_2026091742,random,block_1,ssd,-0.17535964877896484,-0.329951109254846,-1.1713209220157283,-1.3573938038965172,-0.0019980630541686743,0.0,1,0.01107800982110939,0.0,-0.1105039947167874,0.0,-0.04524646012988395,0.0,1
random_2026091742,random,block_2,source,-0.1815181518151817,-1.6831683168316847,0.0,0.0,0.9350935093509349,0.0,0,-0.004125412541254647,0.0,3.4653465346534653,0.0,-2.722772277227724,0.0,1
random_2026091742,random,block_2,target,3.7499999999999987,-0.8168316831683176,0.0,0.0,4.166666666666663,0.0,1,0.0,0.0,0.0,0.0,0.0,0.0,0
random_2026091742,random,block_2,ssd,0.0,0.0,0.0,0.0,0.0,0.0,0,4.191561397519061,0.0,4.166666666666667,0.0,8.292079207920791,0.0,2
random_2026091743,random,aggregate,source,-0.4634320574914618,-0.11398014801480283,-0.1888135242095653,2.1327132713271304,-0.5708695869586955,0.22002200220021528,0,-0.12803735730716007,0.0,1.6386236837969526,0.0,-1.595159515951595,0.0,1
random_2026091743,random,aggregate,target,1.8175212220556762,-0.340441736481345,0.15024732787436249,0.01618431073877602,1.934604643265784,0.0,4,0.009444539510015485,0.0,-0.0552295530660755,0.0,0.023370887745436757,0.0,1
random_2026091743,random,aggregate,ssd,-0.08767982438948237,-0.1649755546274223,-0.5856604610078651,-0.6786969019482614,-0.0009990315270843226,0.0,1,2.101319703670087,0.0,2.0280813359749414,0.0,4.123416373895454,0.0,3
random_2026091743,random,block_1,source,-0.7486414054939335,1.4552080208020817,-0.38090275192932815,4.2654265426542635,-2.084656773948072,0.4400440044004389,0,-0.2551371208549422,0.0,-0.18809916705956423,0.0,-0.46754675467546747,0.0,0
random_2026091743,random,block_1,target,-0.11489044194895164,0.1396961558504023,0.30207483159306553,0.03407223313425245,-0.284322716270616,0.0,3,0.018197810599451802,0.0,-0.1191936627873318,0.0,0.060497258517060636,0.0,1
random_2026091743,random,block_1,ssd,-0.17535964877896484,-0.329951109254846,-1.1713209220157283,-1.3573938038965172,-0.0019980630541686743,0.0,1,0.01107800982110939,0.0,-0.1105039947167874,0.0,-0.04524646012988395,0.0,1
random_2026091743,random,block_2,source,-0.1815181518151817,-1.6831683168316847,0.0,0.0,0.9350935093509349,0.0,0,-0.004125412541254647,0.0,3.4653465346534653,0.0,-2.722772277227724,0.0,1
random_2026091743,random,block_2,target,3.7499999999999987,-0.8168316831683176,0.0,0.0,4.166666666666663,0.0,1,0.0,0.0,0.0,0.0,0.0,0.0,0
random_2026091743,random,block_2,ssd,0.0,0.0,0.0,0.0,0.0,0.0,0,4.191561397519061,0.0,4.166666666666667,0.0,8.292079207920791,0.0,2
random_2026091744,random,aggregate,source,-0.4634320574914618,-0.11398014801480283,-0.1888135242095653,2.1327132713271304,-0.5708695869586955,0.22002200220021528,0,-0.12803735730716007,0.0,1.6386236837969526,0.0,-1.595159515951595,0.0,1
random_2026091744,random,aggregate,target,1.8175212220556762,-0.340441736481345,0.15024732787436249,0.01618431073877602,1.934604643265784,0.0,4,0.009444539510015485,0.0,-0.0552295530660755,0.0,0.023370887745436757,0.0,1
random_2026091744,random,aggregate,ssd,-0.08767982438948237,-0.1649755546274223,-0.5856604610078651,-0.6786969019482614,-0.0009990315270843226,0.0,1,2.101319703670087,0.0,2.0280813359749414,0.0,4.123416373895454,0.0,3
random_2026091744,random,block_1,source,-0.7486414054939335,1.4552080208020817,-0.38090275192932815,4.2654265426542635,-2.084656773948072,0.4400440044004389,0,-0.2551371208549422,0.0,-0.18809916705956423,0.0,-0.46754675467546747,0.0,0
random_2026091744,random,block_1,target,-0.11489044194895164,0.1396961558504023,0.30207483159306553,0.03407223313425245,-0.284322716270616,0.0,3,0.018197810599451802,0.0,-0.1191936627873318,0.0,0.060497258517060636,0.0,1
random_2026091744,random,block_1,ssd,-0.17535964877896484,-0.329951109254846,-1.1713209220157283,-1.3573938038965172,-0.0019980630541686743,0.0,1,0.01107800982110939,0.0,-0.1105039947167874,0.0,-0.04524646012988395,0.0,1
random_2026091744,random,block_2,source,-0.1815181518151817,-1.6831683168316847,0.0,0.0,0.9350935093509349,0.0,0,-0.004125412541254647,0.0,3.4653465346534653,0.0,-2.722772277227724,0.0,1
random_2026091744,random,block_2,target,3.7499999999999987,-0.8168316831683176,0.0,0.0,4.166666666666663,0.0,1,0.0,0.0,0.0,0.0,0.0,0.0,0
random_2026091744,random,block_2,ssd,0.0,0.0,0.0,0.0,0.0,0.0,0,4.191561397519061,0.0,4.166666666666667,0.0,8.292079207920791,0.0,2
random_2026091745,random,aggregate,source,-0.4634320574914618,-0.11398014801480283,-0.1888135242095653,2.1327132713271304,-0.5708695869586955,0.22002200220021528,0,-0.12803735730716007,0.0,1.6386236837969526,0.0,-1.595159515951595,0.0,1
random_2026091745,random,aggregate,target,1.8175212220556762,-0.340441736481345,0.15024732787436249,0.01618431073877602,1.934604643265784,0.0,4,0.009444539510015485,0.0,-0.0552295530660755,0.0,0.023370887745436757,0.0,1
random_2026091745,random,aggregate,ssd,-0.08767982438948237,-0.1649755546274223,-0.5856604610078651,-0.6786969019482614,-0.0009990315270843226,0.0,1,2.101319703670087,0.0,2.0280813359749414,0.0,4.123416373895454,0.0,3
random_2026091745,random,block_1,source,-0.7486414054939335,1.4552080208020817,-0.38090275192932815,4.2654265426542635,-2.084656773948072,0.4400440044004389,0,-0.2551371208549422,0.0,-0.18809916705956423,0.0,-0.46754675467546747,0.0,0
random_2026091745,random,block_1,target,-0.11489044194895164,0.1396961558504023,0.30207483159306553,0.03407223313425245,-0.284322716270616,0.0,3,0.018197810599451802,0.0,-0.1191936627873318,0.0,0.060497258517060636,0.0,1
random_2026091745,random,block_1,ssd,-0.17535964877896484,-0.329951109254846,-1.1713209220157283,-1.3573938038965172,-0.0019980630541686743,0.0,1,0.01107800982110939,0.0,-0.1105039947167874,0.0,-0.04524646012988395,0.0,1
random_2026091745,random,block_2,source,-0.1815181518151817,-1.6831683168316847,0.0,0.0,0.9350935093509349,0.0,0,-0.004125412541254647,0.0,3.4653465346534653,0.0,-2.722772277227724,0.0,1
random_2026091745,random,block_2,target,3.7499999999999987,-0.8168316831683176,0.0,0.0,4.166666666666663,0.0,1,0.0,0.0,0.0,0.0,0.0,0.0,0
random_2026091745,random,block_2,ssd,0.0,0.0,0.0,0.0,0.0,0.0,0,4.191561397519061,0.0,4.166666666666667,0.0,8.292079207920791,0.0,2
random_2026091746,random,aggregate,source,-0.4634320574914618,-0.11398014801480283,-0.1888135242095653,2.1327132713271304,-0.5708695869586955,0.22002200220021528,0,-0.12803735730716007,0.0,1.6386236837969526,0.0,-1.595159515951595,0.0,1
random_2026091746,random,aggregate,target,1.8175212220556762,-0.340441736481345,0.15024732787436249,0.01618431073877602,1.934604643265784,0.0,4,0.009444539510015485,0.0,-0.0552295530660755,0.0,0.023370887745436757,0.0,1
random_2026091746,random,aggregate,ssd,-0.08767982438948237,-0.1649755546274223,-0.5856604610078651,-0.6786969019482614,-0.0009990315270843226,0.0,1,2.101319703670087,0.0,2.0280813359749414,0.0,4.123416373895454,0.0,3
random_2026091746,random,block_1,source,-0.7486414054939335,1.4552080208020817,-0.38090275192932815,4.2654265426542635,-2.084656773948072,0.4400440044004389,0,-0.2551371208549422,0.0,-0.18809916705956423,0.0,-0.46754675467546747,0.0,0
random_2026091746,random,block_1,target,-0.11489044194895164,0.1396961558504023,0.30207483159306553,0.03407223313425245,-0.284322716270616,0.0,3,0.018197810599451802,0.0,-0.1191936627873318,0.0,0.060497258517060636,0.0,1
random_2026091746,random,block_1,ssd,-0.17535964877896484,-0.329951109254846,-1.1713209220157283,-1.3573938038965172,-0.0019980630541686743,0.0,1,0.01107800982110939,0.0,-0.1105039947167874,0.0,-0.04524646012988395,0.0,1
random_2026091746,random,block_2,source,-0.1815181518151817,-1.6831683168316847,0.0,0.0,0.9350935093509349,0.0,0,-0.004125412541254647,0.0,3.4653465346534653,0.0,-2.722772277227724,0.0,1
random_2026091746,random,block_2,target,3.7499999999999987,-0.8168316831683176,0.0,0.0,4.166666666666663,0.0,1,0.0,0.0,0.0,0.0,0.0,0.0,0
random_2026091746,random,block_2,ssd,0.0,0.0,0.0,0.0,0.0,0.0,0,4.191561397519061,0.0,4.166666666666667,0.0,8.292079207920791,0.0,2
random_2026091747,random,aggregate,source,-0.4634320574914618,-0.11398014801480283,-0.1888135242095653,2.1327132713271304,-0.5708695869586955,0.22002200220021528,0,-0.12803735730716007,0.0,1.6386236837969526,0.0,-1.595159515951595,0.0,1
random_2026091747,random,aggregate,target,1.8175212220556762,-0.340441736481345,0.15024732787436249,0.01618431073877602,1.934604643265784,0.0,4,0.009444539510015485,0.0,-0.0552295530660755,0.0,0.023370887745436757,0.0,1
random_2026091747,random,aggregate,ssd,-0.08767982438948237,-0.1649755546274223,-0.5856604610078651,-0.6786969019482614,-0.0009990315270843226,0.0,1,2.101319703670087,0.0,2.0280813359749414,0.0,4.123416373895454,0.0,3
random_2026091747,random,block_1,source,-0.7486414054939335,1.4552080208020817,-0.38090275192932815,4.2654265426542635,-2.084656773948072,0.4400440044004389,0,-0.2551371208549422,0.0,-0.18809916705956423,0.0,-0.46754675467546747,0.0,0
random_2026091747,random,block_1,target,-0.11489044194895164,0.1396961558504023,0.30207483159306553,0.03407223313425245,-0.284322716270616,0.0,3,0.018197810599451802,0.0,-0.1191936627873318,0.0,0.060497258517060636,0.0,1
random_2026091747,random,block_1,ssd,-0.17535964877896484,-0.329951109254846,-1.1713209220157283,-1.3573938038965172,-0.0019980630541686743,0.0,1,0.01107800982110939,0.0,-0.1105039947167874,0.0,-0.04524646012988395,0.0,1
random_2026091747,random,block_2,source,-0.1815181518151817,-1.6831683168316847,0.0,0.0,0.9350935093509349,0.0,0,-0.004125412541254647,0.0,3.4653465346534653,0.0,-2.722772277227724,0.0,1
random_2026091747,random,block_2,target,3.7499999999999987,-0.8168316831683176,0.0,0.0,4.166666666666663,0.0,1,0.0,0.0,0.0,0.0,0.0,0.0,0
random_2026091747,random,block_2,ssd,0.0,0.0,0.0,0.0,0.0,0.0,0,4.191561397519061,0.0,4.166666666666667,0.0,8.292079207920791,0.0,2
random_2026091748,random,aggregate,source,-0.4634320574914618,-0.11398014801480283,-0.1888135242095653,2.1327132713271304,-0.5708695869586955,0.22002200220021528,0,-0.12803735730716007,0.0,1.6386236837969526,0.0,-1.595159515951595,0.0,1
random_2026091748,random,aggregate,target,1.8175212220556762,-0.340441736481345,0.15024732787436249,0.01618431073877602,1.934604643265784,0.0,4,0.009444539510015485,0.0,-0.0552295530660755,0.0,0.023370887745436757,0.0,1
random_2026091748,random,aggregate,ssd,-0.08767982438948237,-0.1649755546274223,-0.5856604610078651,-0.6786969019482614,-0.0009990315270843226,0.0,1,2.101319703670087,0.0,2.0280813359749414,0.0,4.123416373895454,0.0,3
random_2026091748,random,block_1,source,-0.7486414054939335,1.4552080208020817,-0.38090275192932815,4.2654265426542635,-2.084656773948072,0.4400440044004389,0,-0.2551371208549422,0.0,-0.18809916705956423,0.0,-0.46754675467546747,0.0,0
random_2026091748,random,block_1,target,-0.11489044194895164,0.1396961558504023,0.30207483159306553,0.03407223313425245,-0.284322716270616,0.0,3,0.018197810599451802,0.0,-0.1191936627873318,0.0,0.060497258517060636,0.0,1
random_2026091748,random,block_1,ssd,-0.17535964877896484,-0.329951109254846,-1.1713209220157283,-1.3573938038965172,-0.0019980630541686743,0.0,1,0.01107800982110939,0.0,-0.1105039947167874,0.0,-0.04524646012988395,0.0,1
random_2026091748,random,block_2,source,-0.1815181518151817,-1.6831683168316847,0.0,0.0,0.9350935093509349,0.0,0,-0.004125412541254647,0.0,3.4653465346534653,0.0,-2.722772277227724,0.0,1
random_2026091748,random,block_2,target,3.7499999999999987,-0.8168316831683176,0.0,0.0,4.166666666666663,0.0,1,0.0,0.0,0.0,0.0,0.0,0.0,0
random_2026091748,random,block_2,ssd,0.0,0.0,0.0,0.0,0.0,0.0,0,4.191561397519061,0.0,4.166666666666667,0.0,8.292079207920791,0.0,2
random_2026091749,random,aggregate,source,-0.4634320574914618,-0.11398014801480283,-0.1888135242095653,2.1327132713271304,-0.5708695869586955,0.22002200220021528,0,-0.12803735730716007,0.0,1.6386236837969526,0.0,-1.595159515951595,0.0,1
random_2026091749,random,aggregate,target,1.8175212220556762,-0.340441736481345,0.15024732787436249,0.01618431073877602,1.934604643265784,0.0,4,0.009444539510015485,0.0,-0.0552295530660755,0.0,0.023370887745436757,0.0,1
random_2026091749,random,aggregate,ssd,-0.08767982438948237,-0.1649755546274223,-0.5856604610078651,-0.6786969019482614,-0.0009990315270843226,0.0,1,2.101319703670087,0.0,2.0280813359749414,0.0,4.123416373895454,0.0,3
random_2026091749,random,block_1,source,-0.7486414054939335,1.4552080208020817,-0.38090275192932815,4.2654265426542635,-2.084656773948072,0.4400440044004389,0,-0.2551371208549422,0.0,-0.18809916705956423,0.0,-0.46754675467546747,0.0,0
random_2026091749,random,block_1,target,-0.11489044194895164,0.1396961558504023,0.30207483159306553,0.03407223313425245,-0.284322716270616,0.0,3,0.018197810599451802,0.0,-0.1191936627873318,0.0,0.060497258517060636,0.0,1
random_2026091749,random,block_1,ssd,-0.17535964877896484,-0.329951109254846,-1.1713209220157283,-1.3573938038965172,-0.0019980630541686743,0.0,1,0.01107800982110939,0.0,-0.1105039947167874,0.0,-0.04524646012988395,0.0,1
random_2026091749,random,block_2,source,-0.1815181518151817,-1.6831683168316847,0.0,0.0,0.9350935093509349,0.0,0,-0.004125412541254647,0.0,3.4653465346534653,0.0,-2.722772277227724,0.0,1
random_2026091749,random,block_2,target,3.7499999999999987,-0.8168316831683176,0.0,0.0,4.166666666666663,0.0,1,0.0,0.0,0.0,0.0,0.0,0.0,0
random_2026091749,random,block_2,ssd,0.0,0.0,0.0,0.0,0.0,0.0,0,4.191561397519061,0.0,4.166666666666667,0.0,8.292079207920791,0.0,2
random_2026091750,random,aggregate,source,-0.4634320574914618,-0.11398014801480283,-0.1888135242095653,2.1327132713271304,-0.5708695869586955,0.22002200220021528,0,-0.12803735730716007,0.0,1.6386236837969526,0.0,-1.595159515951595,0.0,1
random_2026091750,random,aggregate,target,1.8175212220556762,-0.340441736481345,0.15024732787436249,0.01618431073877602,1.934604643265784,0.0,4,0.009444539510015485,0.0,-0.0552295530660755,0.0,0.023370887745436757,0.0,1
random_2026091750,random,aggregate,ssd,-0.08767982438948237,-0.1649755546274223,-0.5856604610078651,-0.6786969019482614,-0.0009990315270843226,0.0,1,2.101319703670087,0.0,2.0280813359749414,0.0,4.123416373895454,0.0,3
random_2026091750,random,block_1,source,-0.7486414054939335,1.4552080208020817,-0.38090275192932815,4.2654265426542635,-2.084656773948072,0.4400440044004389,0,-0.2551371208549422,0.0,-0.18809916705956423,0.0,-0.46754675467546747,0.0,0
random_2026091750,random,block_1,target,-0.11489044194895164,0.1396961558504023,0.30207483159306553,0.03407223313425245,-0.284322716270616,0.0,3,0.018197810599451802,0.0,-0.1191936627873318,0.0,0.060497258517060636,0.0,1
random_2026091750,random,block_1,ssd,-0.17535964877896484,-0.329951109254846,-1.1713209220157283,-1.3573938038965172,-0.0019980630541686743,0.0,1,0.01107800982110939,0.0,-0.1105039947167874,0.0,-0.04524646012988395,0.0,1
random_2026091750,random,block_2,source,-0.1815181518151817,-1.6831683168316847,0.0,0.0,0.9350935093509349,0.0,0,-0.004125412541254647,0.0,3.4653465346534653,0.0,-2.722772277227724,0.0,1
random_2026091750,random,block_2,target,3.7499999999999987,-0.8168316831683176,0.0,0.0,4.166666666666663,0.0,1,0.0,0.0,0.0,0.0,0.0,0.0,0
random_2026091750,random,block_2,ssd,0.0,0.0,0.0,0.0,0.0,0.0,0,4.191561397519061,0.0,4.166666666666667,0.0,8.292079207920791,0.0,2
random_2026091751,random,aggregate,source,-0.4634320574914618,-0.11398014801480283,-0.1888135242095653,2.1327132713271304,-0.5708695869586955,0.22002200220021528,0,-0.12803735730716007,0.0,1.6386236837969526,0.0,-1.595159515951595,0.0,1
random_2026091751,random,aggregate,target,1.8175212220556762,-0.340441736481345,0.15024732787436249,0.01618431073877602,1.934604643265784,0.0,4,0.009444539510015485,0.0,-0.0552295530660755,0.0,0.023370887745436757,0.0,1
random_2026091751,random,aggregate,ssd,-0.08767982438948237,-0.1649755546274223,-0.5856604610078651,-0.6786969019482614,-0.0009990315270843226,0.0,1,2.101319703670087,0.0,2.0280813359749414,0.0,4.123416373895454,0.0,3
random_2026091751,random,block_1,source,-0.7486414054939335,1.4552080208020817,-0.38090275192932815,4.2654265426542635,-2.084656773948072,0.4400440044004389,0,-0.2551371208549422,0.0,-0.18809916705956423,0.0,-0.46754675467546747,0.0,0
random_2026091751,random,block_1,target,-0.11489044194895164,0.1396961558504023,0.30207483159306553,0.03407223313425245,-0.284322716270616,0.0,3,0.018197810599451802,0.0,-0.1191936627873318,0.0,0.060497258517060636,0.0,1
random_2026091751,random,block_1,ssd,-0.17535964877896484,-0.329951109254846,-1.1713209220157283,-1.3573938038965172,-0.0019980630541686743,0.0,1,0.01107800982110939,0.0,-0.1105039947167874,0.0,-0.04524646012988395,0.0,1
random_2026091751,random,block_2,source,-0.1815181518151817,-1.6831683168316847,0.0,0.0,0.9350935093509349,0.0,0,-0.004125412541254647,0.0,3.4653465346534653,0.0,-2.722772277227724,0.0,1
random_2026091751,random,block_2,target,3.7499999999999987,-0.8168316831683176,0.0,0.0,4.166666666666663,0.0,1,0.0,0.0,0.0,0.0,0.0,0.0,0
random_2026091751,random,block_2,ssd,0.0,0.0,0.0,0.0,0.0,0.0,0,4.191561397519061,0.0,4.166666666666667,0.0,8.292079207920791,0.0,2
random_2026091752,random,aggregate,source,-0.4634320574914618,-0.11398014801480283,-0.1888135242095653,2.1327132713271304,-0.5708695869586955,0.22002200220021528,0,-0.12803735730716007,0.0,1.6386236837969526,0.0,-1.595159515951595,0.0,1
random_2026091752,random,aggregate,target,1.8175212220556762,-0.340441736481345,0.15024732787436249,0.01618431073877602,1.934604643265784,0.0,4,0.009444539510015485,0.0,-0.0552295530660755,0.0,0.023370887745436757,0.0,1
random_2026091752,random,aggregate,ssd,-0.08767982438948237,-0.1649755546274223,-0.5856604610078651,-0.6786969019482614,-0.0009990315270843226,0.0,1,2.101319703670087,0.0,2.0280813359749414,0.0,4.123416373895454,0.0,3
random_2026091752,random,block_1,source,-0.7486414054939335,1.4552080208020817,-0.38090275192932815,4.2654265426542635,-2.084656773948072,0.4400440044004389,0,-0.2551371208549422,0.0,-0.18809916705956423,0.0,-0.46754675467546747,0.0,0
random_2026091752,random,block_1,target,-0.11489044194895164,0.1396961558504023,0.30207483159306553,0.03407223313425245,-0.284322716270616,0.0,3,0.018197810599451802,0.0,-0.1191936627873318,0.0,0.060497258517060636,0.0,1
random_2026091752,random,block_1,ssd,-0.17535964877896484,-0.329951109254846,-1.1713209220157283,-1.3573938038965172,-0.0019980630541686743,0.0,1,0.01107800982110939,0.0,-0.1105039947167874,0.0,-0.04524646012988395,0.0,1
random_2026091752,random,block_2,source,-0.1815181518151817,-1.6831683168316847,0.0,0.0,0.9350935093509349,0.0,0,-0.004125412541254647,0.0,3.4653465346534653,0.0,-2.722772277227724,0.0,1
random_2026091752,random,block_2,target,3.7499999999999987,-0.8168316831683176,0.0,0.0,4.166666666666663,0.0,1,0.0,0.0,0.0,0.0,0.0,0.0,0
random_2026091752,random,block_2,ssd,0.0,0.0,0.0,0.0,0.0,0.0,0,4.191561397519061,0.0,4.166666666666667,0.0,8.292079207920791,0.0,2
random_2026091753,random,aggregate,source,-0.4634320574914618,-0.11398014801480283,-0.1888135242095653,2.1327132713271304,-0.5708695869586955,0.22002200220021528,0,-0.12803735730716007,0.0,1.6386236837969526,0.0,-1.595159515951595,0.0,1
random_2026091753,random,aggregate,target,1.8175212220556762,-0.340441736481345,0.15024732787436249,0.01618431073877602,1.934604643265784,0.0,4,0.009444539510015485,0.0,-0.0552295530660755,0.0,0.023370887745436757,0.0,1
random_2026091753,random,aggregate,ssd,-0.08767982438948237,-0.1649755546274223,-0.5856604610078651,-0.6786969019482614,-0.0009990315270843226,0.0,1,2.101319703670087,0.0,2.0280813359749414,0.0,4.123416373895454,0.0,3
random_2026091753,random,block_1,source,-0.7486414054939335,1.4552080208020817,-0.38090275192932815,4.2654265426542635,-2.084656773948072,0.4400440044004389,0,-0.2551371208549422,0.0,-0.18809916705956423,0.0,-0.46754675467546747,0.0,0
random_2026091753,random,block_1,target,-0.11489044194895164,0.1396961558504023,0.30207483159306553,0.03407223313425245,-0.284322716270616,0.0,3,0.018197810599451802,0.0,-0.1191936627873318,0.0,0.060497258517060636,0.0,1
random_2026091753,random,block_1,ssd,-0.17535964877896484,-0.329951109254846,-1.1713209220157283,-1.3573938038965172,-0.0019980630541686743,0.0,1,0.01107800982110939,0.0,-0.1105039947167874,0.0,-0.04524646012988395,0.0,1
random_2026091753,random,block_2,source,-0.1815181518151817,-1.6831683168316847,0.0,0.0,0.9350935093509349,0.0,0,-0.004125412541254647,0.0,3.4653465346534653,0.0,-2.722772277227724,0.0,1
random_2026091753,random,block_2,target,3.7499999999999987,-0.8168316831683176,0.0,0.0,4.166666666666663,0.0,1,0.0,0.0,0.0,0.0,0.0,0.0,0
random_2026091753,random,block_2,ssd,0.0,0.0,0.0,0.0,0.0,0.0,0,4.191561397519061,0.0,4.166666666666667,0.0,8.292079207920791,0.0,2
random_2026091754,random,aggregate,source,-0.4634320574914618,-0.11398014801480283,-0.1888135242095653,2.1327132713271304,-0.5708695869586955,0.22002200220021528,0,-0.12803735730716007,0.0,1.6386236837969526,0.0,-1.595159515951595,0.0,1
random_2026091754,random,aggregate,target,1.8175212220556762,-0.340441736481345,0.15024732787436249,0.01618431073877602,1.934604643265784,0.0,4,0.009444539510015485,0.0,-0.0552295530660755,0.0,0.023370887745436757,0.0,1
random_2026091754,random,aggregate,ssd,-0.08767982438948237,-0.1649755546274223,-0.5856604610078651,-0.6786969019482614,-0.0009990315270843226,0.0,1,2.101319703670087,0.0,2.0280813359749414,0.0,4.123416373895454,0.0,3
random_2026091754,random,block_1,source,-0.7486414054939335,1.4552080208020817,-0.38090275192932815,4.2654265426542635,-2.084656773948072,0.4400440044004389,0,-0.2551371208549422,0.0,-0.18809916705956423,0.0,-0.46754675467546747,0.0,0
random_2026091754,random,block_1,target,-0.11489044194895164,0.1396961558504023,0.30207483159306553,0.03407223313425245,-0.284322716270616,0.0,3,0.018197810599451802,0.0,-0.1191936627873318,0.0,0.060497258517060636,0.0,1
random_2026091754,random,block_1,ssd,-0.17535964877896484,-0.329951109254846,-1.1713209220157283,-1.3573938038965172,-0.0019980630541686743,0.0,1,0.01107800982110939,0.0,-0.1105039947167874,0.0,-0.04524646012988395,0.0,1
random_2026091754,random,block_2,source,-0.1815181518151817,-1.6831683168316847,0.0,0.0,0.9350935093509349,0.0,0,-0.004125412541254647,0.0,3.4653465346534653,0.0,-2.722772277227724,0.0,1
random_2026091754,random,block_2,target,3.7499999999999987,-0.8168316831683176,0.0,0.0,4.166666666666663,0.0,1,0.0,0.0,0.0,0.0,0.0,0.0,0
random_2026091754,random,block_2,ssd,0.0,0.0,0.0,0.0,0.0,0.0,0,4.191561397519061,0.0,4.166666666666667,0.0,8.292079207920791,0.0,2
random_2026091755,random,aggregate,source,-0.4634320574914618,-0.11398014801480283,-0.1888135242095653,2.1327132713271304,-0.5708695869586955,0.22002200220021528,0,-0.12803735730716007,0.0,1.6386236837969526,0.0,-1.595159515951595,0.0,1
random_2026091755,random,aggregate,target,1.8175212220556762,-0.340441736481345,0.15024732787436249,0.01618431073877602,1.934604643265784,0.0,4,0.009444539510015485,0.0,-0.0552295530660755,0.0,0.023370887745436757,0.0,1
random_2026091755,random,aggregate,ssd,-0.08767982438948237,-0.1649755546274223,-0.5856604610078651,-0.6786969019482614,-0.0009990315270843226,0.0,1,2.101319703670087,0.0,2.0280813359749414,0.0,4.123416373895454,0.0,3
random_2026091755,random,block_1,source,-0.7486414054939335,1.4552080208020817,-0.38090275192932815,4.2654265426542635,-2.084656773948072,0.4400440044004389,0,-0.2551371208549422,0.0,-0.18809916705956423,0.0,-0.46754675467546747,0.0,0
random_2026091755,random,block_1,target,-0.11489044194895164,0.1396961558504023,0.30207483159306553,0.03407223313425245,-0.284322716270616,0.0,3,0.018197810599451802,0.0,-0.1191936627873318,0.0,0.060497258517060636,0.0,1
random_2026091755,random,block_1,ssd,-0.17535964877896484,-0.329951109254846,-1.1713209220157283,-1.3573938038965172,-0.0019980630541686743,0.0,1,0.01107800982110939,0.0,-0.1105039947167874,0.0,-0.04524646012988395,0.0,1
random_2026091755,random,block_2,source,-0.1815181518151817,-1.6831683168316847,0.0,0.0,0.9350935093509349,0.0,0,-0.004125412541254647,0.0,3.4653465346534653,0.0,-2.722772277227724,0.0,1
random_2026091755,random,block_2,target,3.7499999999999987,-0.8168316831683176,0.0,0.0,4.166666666666663,0.0,1,0.0,0.0,0.0,0.0,0.0,0.0,0
random_2026091755,random,block_2,ssd,0.0,0.0,0.0,0.0,0.0,0.0,0,4.191561397519061,0.0,4.166666666666667,0.0,8.292079207920791,0.0,2
random_2026091756,random,aggregate,source,-0.4634320574914618,-0.11398014801480283,-0.1888135242095653,2.1327132713271304,-0.5708695869586955,0.22002200220021528,0,-0.12803735730716007,0.0,1.6386236837969526,0.0,-1.595159515951595,0.0,1
random_2026091756,random,aggregate,target,1.8175212220556762,-0.340441736481345,0.15024732787436249,0.01618431073877602,1.934604643265784,0.0,4,0.009444539510015485,0.0,-0.0552295530660755,0.0,0.023370887745436757,0.0,1
random_2026091756,random,aggregate,ssd,-0.08767982438948237,-0.1649755546274223,-0.5856604610078651,-0.6786969019482614,-0.0009990315270843226,0.0,1,2.101319703670087,0.0,2.0280813359749414,0.0,4.123416373895454,0.0,3
random_2026091756,random,block_1,source,-0.7486414054939335,1.4552080208020817,-0.38090275192932815,4.2654265426542635,-2.084656773948072,0.4400440044004389,0,-0.2551371208549422,0.0,-0.18809916705956423,0.0,-0.46754675467546747,0.0,0
random_2026091756,random,block_1,target,-0.11489044194895164,0.1396961558504023,0.30207483159306553,0.03407223313425245,-0.284322716270616,0.0,3,0.018197810599451802,0.0,-0.1191936627873318,0.0,0.060497258517060636,0.0,1
random_2026091756,random,block_1,ssd,-0.17535964877896484,-0.329951109254846,-1.1713209220157283,-1.3573938038965172,-0.0019980630541686743,0.0,1,0.01107800982110939,0.0,-0.1105039947167874,0.0,-0.04524646012988395,0.0,1
random_2026091756,random,block_2,source,-0.1815181518151817,-1.6831683168316847,0.0,0.0,0.9350935093509349,0.0,0,-0.004125412541254647,0.0,3.4653465346534653,0.0,-2.722772277227724,0.0,1
random_2026091756,random,block_2,target,3.7499999999999987,-0.8168316831683176,0.0,0.0,4.166666666666663,0.0,1,0.0,0.0,0.0,0.0,0.0,0.0,0
random_2026091756,random,block_2,ssd,0.0,0.0,0.0,0.0,0.0,0.0,0,4.191561397519061,0.0,4.166666666666667,0.0,8.292079207920791,0.0,2
random_2026091757,random,aggregate,source,-0.4634320574914618,-0.11398014801480283,-0.1888135242095653,2.1327132713271304,-0.5708695869586955,0.22002200220021528,0,-0.12803735730716007,0.0,1.6386236837969526,0.0,-1.595159515951595,0.0,1
random_2026091757,random,aggregate,target,1.8175212220556762,-0.340441736481345,0.15024732787436249,0.01618431073877602,1.934604643265784,0.0,4,0.009444539510015485,0.0,-0.0552295530660755,0.0,0.023370887745436757,0.0,1
random_2026091757,random,aggregate,ssd,-0.08767982438948237,-0.1649755546274223,-0.5856604610078651,-0.6786969019482614,-0.0009990315270843226,0.0,1,2.101319703670087,0.0,2.0280813359749414,0.0,4.123416373895454,0.0,3
random_2026091757,random,block_1,source,-0.7486414054939335,1.4552080208020817,-0.38090275192932815,4.2654265426542635,-2.084656773948072,0.4400440044004389,0,-0.2551371208549422,0.0,-0.18809916705956423,0.0,-0.46754675467546747,0.0,0
random_2026091757,random,block_1,target,-0.11489044194895164,0.1396961558504023,0.30207483159306553,0.03407223313425245,-0.284322716270616,0.0,3,0.018197810599451802,0.0,-0.1191936627873318,0.0,0.060497258517060636,0.0,1
random_2026091757,random,block_1,ssd,-0.17535964877896484,-0.329951109254846,-1.1713209220157283,-1.3573938038965172,-0.0019980630541686743,0.0,1,0.01107800982110939,0.0,-0.1105039947167874,0.0,-0.04524646012988395,0.0,1
random_2026091757,random,block_2,source,-0.1815181518151817,-1.6831683168316847,0.0,0.0,0.9350935093509349,0.0,0,-0.004125412541254647,0.0,3.4653465346534653,0.0,-2.722772277227724,0.0,1
random_2026091757,random,block_2,target,3.7499999999999987,-0.8168316831683176,0.0,0.0,4.166666666666663,0.0,1,0.0,0.0,0.0,0.0,0.0,0.0,0
random_2026091757,random,block_2,ssd,0.0,0.0,0.0,0.0,0.0,0.0,0,4.191561397519061,0.0,4.166666666666667,0.0,8.292079207920791,0.0,2
random_2026091758,random,aggregate,source,-0.4634320574914618,-0.11398014801480283,-0.1888135242095653,2.1327132713271304,-0.5708695869586955,0.22002200220021528,0,-0.12803735730716007,0.0,1.6386236837969526,0.0,-1.595159515951595,0.0,1
random_2026091758,random,aggregate,target,1.8175212220556762,-0.340441736481345,0.15024732787436249,0.01618431073877602,1.934604643265784,0.0,4,0.009444539510015485,0.0,-0.0552295530660755,0.0,0.023370887745436757,0.0,1
random_2026091758,random,aggregate,ssd,-0.08767982438948237,-0.1649755546274223,-0.5856604610078651,-0.6786969019482614,-0.0009990315270843226,0.0,1,2.101319703670087,0.0,2.0280813359749414,0.0,4.123416373895454,0.0,3
random_2026091758,random,block_1,source,-0.7486414054939335,1.4552080208020817,-0.38090275192932815,4.2654265426542635,-2.084656773948072,0.4400440044004389,0,-0.2551371208549422,0.0,-0.18809916705956423,0.0,-0.46754675467546747,0.0,0
random_2026091758,random,block_1,target,-0.11489044194895164,0.1396961558504023,0.30207483159306553,0.03407223313425245,-0.284322716270616,0.0,3,0.018197810599451802,0.0,-0.1191936627873318,0.0,0.060497258517060636,0.0,1
random_2026091758,random,block_1,ssd,-0.17535964877896484,-0.329951109254846,-1.1713209220157283,-1.3573938038965172,-0.0019980630541686743,0.0,1,0.01107800982110939,0.0,-0.1105039947167874,0.0,-0.04524646012988395,0.0,1
random_2026091758,random,block_2,source,-0.1815181518151817,-1.6831683168316847,0.0,0.0,0.9350935093509349,0.0,0,-0.004125412541254647,0.0,3.4653465346534653,0.0,-2.722772277227724,0.0,1
random_2026091758,random,block_2,target,3.7499999999999987,-0.8168316831683176,0.0,0.0,4.166666666666663,0.0,1,0.0,0.0,0.0,0.0,0.0,0.0,0
random_2026091758,random,block_2,ssd,0.0,0.0,0.0,0.0,0.0,0.0,0,4.191561397519061,0.0,4.166666666666667,0.0,8.292079207920791,0.0,2
random_2026091759,random,aggregate,source,-0.4634320574914618,-0.11398014801480283,-0.1888135242095653,2.1327132713271304,-0.5708695869586955,0.22002200220021528,0,-0.12803735730716007,0.0,1.6386236837969526,0.0,-1.595159515951595,0.0,1
random_2026091759,random,aggregate,target,1.8175212220556762,-0.340441736481345,0.15024732787436249,0.01618431073877602,1.934604643265784,0.0,4,0.009444539510015485,0.0,-0.0552295530660755,0.0,0.023370887745436757,0.0,1
random_2026091759,random,aggregate,ssd,-0.08767982438948237,-0.1649755546274223,-0.5856604610078651,-0.6786969019482614,-0.0009990315270843226,0.0,1,2.101319703670087,0.0,2.0280813359749414,0.0,4.123416373895454,0.0,3
random_2026091759,random,block_1,source,-0.7486414054939335,1.4552080208020817,-0.38090275192932815,4.2654265426542635,-2.084656773948072,0.4400440044004389,0,-0.2551371208549422,0.0,-0.18809916705956423,0.0,-0.46754675467546747,0.0,0
random_2026091759,random,block_1,target,-0.11489044194895164,0.1396961558504023,0.30207483159306553,0.03407223313425245,-0.284322716270616,0.0,3,0.018197810599451802,0.0,-0.1191936627873318,0.0,0.060497258517060636,0.0,1
random_2026091759,random,block_1,ssd,-0.17535964877896484,-0.329951109254846,-1.1713209220157283,-1.3573938038965172,-0.0019980630541686743,0.0,1,0.01107800982110939,0.0,-0.1105039947167874,0.0,-0.04524646012988395,0.0,1
random_2026091759,random,block_2,source,-0.1815181518151817,-1.6831683168316847,0.0,0.0,0.9350935093509349,0.0,0,-0.004125412541254647,0.0,3.4653465346534653,0.0,-2.722772277227724,0.0,1
random_2026091759,random,block_2,target,3.7499999999999987,-0.8168316831683176,0.0,0.0,4.166666666666663,0.0,1,0.0,0.0,0.0,0.0,0.0,0.0,0
random_2026091759,random,block_2,ssd,0.0,0.0,0.0,0.0,0.0,0.0,0,4.191561397519061,0.0,4.166666666666667,0.0,8.292079207920791,0.0,2
random_2026091760,random,aggregate,source,-0.4634320574914618,-0.11398014801480283,-0.1888135242095653,2.1327132713271304,-0.5708695869586955,0.22002200220021528,0,-0.12803735730716007,0.0,1.6386236837969526,0.0,-1.595159515951595,0.0,1
random_2026091760,random,aggregate,target,1.8175212220556762,-0.340441736481345,0.15024732787436249,0.01618431073877602,1.934604643265784,0.0,4,0.009444539510015485,0.0,-0.0552295530660755,0.0,0.023370887745436757,0.0,1
random_2026091760,random,aggregate,ssd,-0.08767982438948237,-0.1649755546274223,-0.5856604610078651,-0.6786969019482614,-0.0009990315270843226,0.0,1,2.101319703670087,0.0,2.0280813359749414,0.0,4.123416373895454,0.0,3
random_2026091760,random,block_1,source,-0.7486414054939335,1.4552080208020817,-0.38090275192932815,4.2654265426542635,-2.084656773948072,0.4400440044004389,0,-0.2551371208549422,0.0,-0.18809916705956423,0.0,-0.46754675467546747,0.0,0
random_2026091760,random,block_1,target,-0.11489044194895164,0.1396961558504023,0.30207483159306553,0.03407223313425245,-0.284322716270616,0.0,3,0.018197810599451802,0.0,-0.1191936627873318,0.0,0.060497258517060636,0.0,1
random_2026091760,random,block_1,ssd,-0.17535964877896484,-0.329951109254846,-1.1713209220157283,-1.3573938038965172,-0.0019980630541686743,0.0,1,0.01107800982110939,0.0,-0.1105039947167874,0.0,-0.04524646012988395,0.0,1
random_2026091760,random,block_2,source,-0.1815181518151817,-1.6831683168316847,0.0,0.0,0.9350935093509349,0.0,0,-0.004125412541254647,0.0,3.4653465346534653,0.0,-2.722772277227724,0.0,1
random_2026091760,random,block_2,target,3.7499999999999987,-0.8168316831683176,0.0,0.0,4.166666666666663,0.0,1,0.0,0.0,0.0,0.0,0.0,0.0,0
random_2026091760,random,block_2,ssd,0.0,0.0,0.0,0.0,0.0,0.0,0,4.191561397519061,0.0,4.166666666666667,0.0,8.292079207920791,0.0,2
random_2026091761,random,aggregate,source,-0.4634320574914618,-0.11398014801480283,-0.1888135242095653,2.1327132713271304,-0.5708695869586955,0.22002200220021528,0,-0.12803735730716007,0.0,1.6386236837969526,0.0,-1.595159515951595,0.0,1
random_2026091761,random,aggregate,target,1.8175212220556762,-0.340441736481345,0.15024732787436249,0.01618431073877602,1.934604643265784,0.0,4,0.009444539510015485,0.0,-0.0552295530660755,0.0,0.023370887745436757,0.0,1
random_2026091761,random,aggregate,ssd,-0.08767982438948237,-0.1649755546274223,-0.5856604610078651,-0.6786969019482614,-0.0009990315270843226,0.0,1,2.101319703670087,0.0,2.0280813359749414,0.0,4.123416373895454,0.0,3
random_2026091761,random,block_1,source,-0.7486414054939335,1.4552080208020817,-0.38090275192932815,4.2654265426542635,-2.084656773948072,0.4400440044004389,0,-0.2551371208549422,0.0,-0.18809916705956423,0.0,-0.46754675467546747,0.0,0
random_2026091761,random,block_1,target,-0.11489044194895164,0.1396961558504023,0.30207483159306553,0.03407223313425245,-0.284322716270616,0.0,3,0.018197810599451802,0.0,-0.1191936627873318,0.0,0.060497258517060636,0.0,1
random_2026091761,random,block_1,ssd,-0.17535964877896484,-0.329951109254846,-1.1713209220157283,-1.3573938038965172,-0.0019980630541686743,0.0,1,0.01107800982110939,0.0,-0.1105039947167874,0.0,-0.04524646012988395,0.0,1
random_2026091761,random,block_2,source,-0.1815181518151817,-1.6831683168316847,0.0,0.0,0.9350935093509349,0.0,0,-0.004125412541254647,0.0,3.4653465346534653,0.0,-2.722772277227724,0.0,1
random_2026091761,random,block_2,target,3.7499999999999987,-0.8168316831683176,0.0,0.0,4.166666666666663,0.0,1,0.0,0.0,0.0,0.0,0.0,0.0,0
random_2026091761,random,block_2,ssd,0.0,0.0,0.0,0.0,0.0,0.0,0,4.191561397519061,0.0,4.166666666666667,0.0,8.292079207920791,0.0,2
random_2026091762,random,aggregate,source,-0.4634320574914618,-0.11398014801480283,-0.1888135242095653,2.1327132713271304,-0.5708695869586955,0.22002200220021528,0,-0.12803735730716007,0.0,1.6386236837969526,0.0,-1.595159515951595,0.0,1
random_2026091762,random,aggregate,target,1.8175212220556762,-0.340441736481345,0.15024732787436249,0.01618431073877602,1.934604643265784,0.0,4,0.009444539510015485,0.0,-0.0552295530660755,0.0,0.023370887745436757,0.0,1
random_2026091762,random,aggregate,ssd,-0.08767982438948237,-0.1649755546274223,-0.5856604610078651,-0.6786969019482614,-0.0009990315270843226,0.0,1,2.101319703670087,0.0,2.0280813359749414,0.0,4.123416373895454,0.0,3
random_2026091762,random,block_1,source,-0.7486414054939335,1.4552080208020817,-0.38090275192932815,4.2654265426542635,-2.084656773948072,0.4400440044004389,0,-0.2551371208549422,0.0,-0.18809916705956423,0.0,-0.46754675467546747,0.0,0
random_2026091762,random,block_1,target,-0.11489044194895164,0.1396961558504023,0.30207483159306553,0.03407223313425245,-0.284322716270616,0.0,3,0.018197810599451802,0.0,-0.1191936627873318,0.0,0.060497258517060636,0.0,1
random_2026091762,random,block_1,ssd,-0.17535964877896484,-0.329951109254846,-1.1713209220157283,-1.3573938038965172,-0.0019980630541686743,0.0,1,0.01107800982110939,0.0,-0.1105039947167874,0.0,-0.04524646012988395,0.0,1
random_2026091762,random,block_2,source,-0.1815181518151817,-1.6831683168316847,0.0,0.0,0.9350935093509349,0.0,0,-0.004125412541254647,0.0,3.4653465346534653,0.0,-2.722772277227724,0.0,1
random_2026091762,random,block_2,target,3.7499999999999987,-0.8168316831683176,0.0,0.0,4.166666666666663,0.0,1,0.0,0.0,0.0,0.0,0.0,0.0,0
random_2026091762,random,block_2,ssd,0.0,0.0,0.0,0.0,0.0,0.0,0,4.191561397519061,0.0,4.166666666666667,0.0,8.292079207920791,0.0,2
random_2026091763,random,aggregate,source,-0.4634320574914618,-0.11398014801480283,-0.1888135242095653,2.1327132713271304,-0.5708695869586955,0.22002200220021528,0,-0.12803735730716007,0.0,1.6386236837969526,0.0,-1.595159515951595,0.0,1
random_2026091763,random,aggregate,target,1.8175212220556762,-0.340441736481345,0.15024732787436249,0.01618431073877602,1.934604643265784,0.0,4,0.009444539510015485,0.0,-0.0552295530660755,0.0,0.023370887745436757,0.0,1
random_2026091763,random,aggregate,ssd,-0.08767982438948237,-0.1649755546274223,-0.5856604610078651,-0.6786969019482614,-0.0009990315270843226,0.0,1,2.101319703670087,0.0,2.0280813359749414,0.0,4.123416373895454,0.0,3
random_2026091763,random,block_1,source,-0.7486414054939335,1.4552080208020817,-0.38090275192932815,4.2654265426542635,-2.084656773948072,0.4400440044004389,0,-0.2551371208549422,0.0,-0.18809916705956423,0.0,-0.46754675467546747,0.0,0
random_2026091763,random,block_1,target,-0.11489044194895164,0.1396961558504023,0.30207483159306553,0.03407223313425245,-0.284322716270616,0.0,3,0.018197810599451802,0.0,-0.1191936627873318,0.0,0.060497258517060636,0.0,1
random_2026091763,random,block_1,ssd,-0.17535964877896484,-0.329951109254846,-1.1713209220157283,-1.3573938038965172,-0.0019980630541686743,0.0,1,0.01107800982110939,0.0,-0.1105039947167874,0.0,-0.04524646012988395,0.0,1
random_2026091763,random,block_2,source,-0.1815181518151817,-1.6831683168316847,0.0,0.0,0.9350935093509349,0.0,0,-0.004125412541254647,0.0,3.4653465346534653,0.0,-2.722772277227724,0.0,1
random_2026091763,random,block_2,target,3.7499999999999987,-0.8168316831683176,0.0,0.0,4.166666666666663,0.0,1,0.0,0.0,0.0,0.0,0.0,0.0,0
random_2026091763,random,block_2,ssd,0.0,0.0,0.0,0.0,0.0,0.0,0,4.191561397519061,0.0,4.166666666666667,0.0,8.292079207920791,0.0,2
random_2026091764,random,aggregate,source,-0.4634320574914618,-0.11398014801480283,-0.1888135242095653,2.1327132713271304,-0.5708695869586955,0.22002200220021528,0,-0.12803735730716007,0.0,1.6386236837969526,0.0,-1.595159515951595,0.0,1
random_2026091764,random,aggregate,target,1.8175212220556762,-0.340441736481345,0.15024732787436249,0.01618431073877602,1.934604643265784,0.0,4,0.009444539510015485,0.0,-0.0552295530660755,0.0,0.023370887745436757,0.0,1
random_2026091764,random,aggregate,ssd,-0.08767982438948237,-0.1649755546274223,-0.5856604610078651,-0.6786969019482614,-0.0009990315270843226,0.0,1,2.101319703670087,0.0,2.0280813359749414,0.0,4.123416373895454,0.0,3
random_2026091764,random,block_1,source,-0.7486414054939335,1.4552080208020817,-0.38090275192932815,4.2654265426542635,-2.084656773948072,0.4400440044004389,0,-0.2551371208549422,0.0,-0.18809916705956423,0.0,-0.46754675467546747,0.0,0
random_2026091764,random,block_1,target,-0.11489044194895164,0.1396961558504023,0.30207483159306553,0.03407223313425245,-0.284322716270616,0.0,3,0.018197810599451802,0.0,-0.1191936627873318,0.0,0.060497258517060636,0.0,1
random_2026091764,random,block_1,ssd,-0.17535964877896484,-0.329951109254846,-1.1713209220157283,-1.3573938038965172,-0.0019980630541686743,0.0,1,0.01107800982110939,0.0,-0.1105039947167874,0.0,-0.04524646012988395,0.0,1
random_2026091764,random,block_2,source,-0.1815181518151817,-1.6831683168316847,0.0,0.0,0.9350935093509349,0.0,0,-0.004125412541254647,0.0,3.4653465346534653,0.0,-2.722772277227724,0.0,1
random_2026091764,random,block_2,target,3.7499999999999987,-0.8168316831683176,0.0,0.0,4.166666666666663,0.0,1,0.0,0.0,0.0,0.0,0.0,0.0,0
random_2026091764,random,block_2,ssd,0.0,0.0,0.0,0.0,0.0,0.0,0,4.191561397519061,0.0,4.166666666666667,0.0,8.292079207920791,0.0,2
random_2026091765,random,aggregate,source,-0.4634320574914618,-0.11398014801480283,-0.1888135242095653,2.1327132713271304,-0.5708695869586955,0.22002200220021528,0,-0.12803735730716007,0.0,1.6386236837969526,0.0,-1.595159515951595,0.0,1
random_2026091765,random,aggregate,target,1.8175212220556762,-0.340441736481345,0.15024732787436249,0.01618431073877602,1.934604643265784,0.0,4,0.009444539510015485,0.0,-0.0552295530660755,0.0,0.023370887745436757,0.0,1
random_2026091765,random,aggregate,ssd,-0.08767982438948237,-0.1649755546274223,-0.5856604610078651,-0.6786969019482614,-0.0009990315270843226,0.0,1,2.101319703670087,0.0,2.0280813359749414,0.0,4.123416373895454,0.0,3
random_2026091765,random,block_1,source,-0.7486414054939335,1.4552080208020817,-0.38090275192932815,4.2654265426542635,-2.084656773948072,0.4400440044004389,0,-0.2551371208549422,0.0,-0.18809916705956423,0.0,-0.46754675467546747,0.0,0
random_2026091765,random,block_1,target,-0.11489044194895164,0.1396961558504023,0.30207483159306553,0.03407223313425245,-0.284322716270616,0.0,3,0.018197810599451802,0.0,-0.1191936627873318,0.0,0.060497258517060636,0.0,1
random_2026091765,random,block_1,ssd,-0.17535964877896484,-0.329951109254846,-1.1713209220157283,-1.3573938038965172,-0.0019980630541686743,0.0,1,0.01107800982110939,0.0,-0.1105039947167874,0.0,-0.04524646012988395,0.0,1
random_2026091765,random,block_2,source,-0.1815181518151817,-1.6831683168316847,0.0,0.0,0.9350935093509349,0.0,0,-0.004125412541254647,0.0,3.4653465346534653,0.0,-2.722772277227724,0.0,1
random_2026091765,random,block_2,target,3.7499999999999987,-0.8168316831683176,0.0,0.0,4.166666666666663,0.0,1,0.0,0.0,0.0,0.0,0.0,0.0,0
random_2026091765,random,block_2,ssd,0.0,0.0,0.0,0.0,0.0,0.0,0,4.191561397519061,0.0,4.166666666666667,0.0,8.292079207920791,0.0,2
random_2026091766,random,aggregate,source,-0.4634320574914618,-0.11398014801480283,-0.1888135242095653,2.1327132713271304,-0.5708695869586955,0.22002200220021528,0,-0.12803735730716007,0.0,1.6386236837969526,0.0,-1.595159515951595,0.0,1
random_2026091766,random,aggregate,target,1.8175212220556762,-0.340441736481345,0.15024732787436249,0.01618431073877602,1.934604643265784,0.0,4,0.009444539510015485,0.0,-0.0552295530660755,0.0,0.023370887745436757,0.0,1
random_2026091766,random,aggregate,ssd,-0.08767982438948237,-0.1649755546274223,-0.5856604610078651,-0.6786969019482614,-0.0009990315270843226,0.0,1,2.101319703670087,0.0,2.0280813359749414,0.0,4.123416373895454,0.0,3
random_2026091766,random,block_1,source,-0.7486414054939335,1.4552080208020817,-0.38090275192932815,4.2654265426542635,-2.084656773948072,0.4400440044004389,0,-0.2551371208549422,0.0,-0.18809916705956423,0.0,-0.46754675467546747,0.0,0
random_2026091766,random,block_1,target,-0.11489044194895164,0.1396961558504023,0.30207483159306553,0.03407223313425245,-0.284322716270616,0.0,3,0.018197810599451802,0.0,-0.1191936627873318,0.0,0.060497258517060636,0.0,1
random_2026091766,random,block_1,ssd,-0.17535964877896484,-0.329951109254846,-1.1713209220157283,-1.3573938038965172,-0.0019980630541686743,0.0,1,0.01107800982110939,0.0,-0.1105039947167874,0.0,-0.04524646012988395,0.0,1
random_2026091766,random,block_2,source,-0.1815181518151817,-1.6831683168316847,0.0,0.0,0.9350935093509349,0.0,0,-0.004125412541254647,0.0,3.4653465346534653,0.0,-2.722772277227724,0.0,1
random_2026091766,random,block_2,target,3.7499999999999987,-0.8168316831683176,0.0,0.0,4.166666666666663,0.0,1,0.0,0.0,0.0,0.0,0.0,0.0,0
random_2026091766,random,block_2,ssd,0.0,0.0,0.0,0.0,0.0,0.0,0,4.191561397519061,0.0,4.166666666666667,0.0,8.292079207920791,0.0,2
random_2026091767,random,aggregate,source,-0.4634320574914618,-0.11398014801480283,-0.1888135242095653,2.1327132713271304,-0.5708695869586955,0.22002200220021528,0,-0.12803735730716007,0.0,1.6386236837969526,0.0,-1.595159515951595,0.0,1
random_2026091767,random,aggregate,target,1.8175212220556762,-0.340441736481345,0.15024732787436249,0.01618431073877602,1.934604643265784,0.0,4,0.009444539510015485,0.0,-0.0552295530660755,0.0,0.023370887745436757,0.0,1
random_2026091767,random,aggregate,ssd,-0.08767982438948237,-0.1649755546274223,-0.5856604610078651,-0.6786969019482614,-0.0009990315270843226,0.0,1,2.101319703670087,0.0,2.0280813359749414,0.0,4.123416373895454,0.0,3
random_2026091767,random,block_1,source,-0.7486414054939335,1.4552080208020817,-0.38090275192932815,4.2654265426542635,-2.084656773948072,0.4400440044004389,0,-0.2551371208549422,0.0,-0.18809916705956423,0.0,-0.46754675467546747,0.0,0
random_2026091767,random,block_1,target,-0.11489044194895164,0.1396961558504023,0.30207483159306553,0.03407223313425245,-0.284322716270616,0.0,3,0.018197810599451802,0.0,-0.1191936627873318,0.0,0.060497258517060636,0.0,1
random_2026091767,random,block_1,ssd,-0.17535964877896484,-0.329951109254846,-1.1713209220157283,-1.3573938038965172,-0.0019980630541686743,0.0,1,0.01107800982110939,0.0,-0.1105039947167874,0.0,-0.04524646012988395,0.0,1
random_2026091767,random,block_2,source,-0.1815181518151817,-1.6831683168316847,0.0,0.0,0.9350935093509349,0.0,0,-0.004125412541254647,0.0,3.4653465346534653,0.0,-2.722772277227724,0.0,1
random_2026091767,random,block_2,target,3.7499999999999987,-0.8168316831683176,0.0,0.0,4.166666666666663,0.0,1,0.0,0.0,0.0,0.0,0.0,0.0,0
random_2026091767,random,block_2,ssd,0.0,0.0,0.0,0.0,0.0,0.0,0,4.191561397519061,0.0,4.166666666666667,0.0,8.292079207920791,0.0,2
random_2026091768,random,aggregate,source,-0.4634320574914618,-0.11398014801480283,-0.1888135242095653,2.1327132713271304,-0.5708695869586955,0.22002200220021528,0,-0.12803735730716007,0.0,1.6386236837969526,0.0,-1.595159515951595,0.0,1
random_2026091768,random,aggregate,target,1.8175212220556762,-0.340441736481345,0.15024732787436249,0.01618431073877602,1.934604643265784,0.0,4,0.009444539510015485,0.0,-0.0552295530660755,0.0,0.023370887745436757,0.0,1
random_2026091768,random,aggregate,ssd,-0.08767982438948237,-0.1649755546274223,-0.5856604610078651,-0.6786969019482614,-0.0009990315270843226,0.0,1,2.101319703670087,0.0,2.0280813359749414,0.0,4.123416373895454,0.0,3
random_2026091768,random,block_1,source,-0.7486414054939335,1.4552080208020817,-0.38090275192932815,4.2654265426542635,-2.084656773948072,0.4400440044004389,0,-0.2551371208549422,0.0,-0.18809916705956423,0.0,-0.46754675467546747,0.0,0
random_2026091768,random,block_1,target,-0.11489044194895164,0.1396961558504023,0.30207483159306553,0.03407223313425245,-0.284322716270616,0.0,3,0.018197810599451802,0.0,-0.1191936627873318,0.0,0.060497258517060636,0.0,1
random_2026091768,random,block_1,ssd,-0.17535964877896484,-0.329951109254846,-1.1713209220157283,-1.3573938038965172,-0.0019980630541686743,0.0,1,0.01107800982110939,0.0,-0.1105039947167874,0.0,-0.04524646012988395,0.0,1
random_2026091768,random,block_2,source,-0.1815181518151817,-1.6831683168316847,0.0,0.0,0.9350935093509349,0.0,0,-0.004125412541254647,0.0,3.4653465346534653,0.0,-2.722772277227724,0.0,1
random_2026091768,random,block_2,target,3.7499999999999987,-0.8168316831683176,0.0,0.0,4.166666666666663,0.0,1,0.0,0.0,0.0,0.0,0.0,0.0,0
random_2026091768,random,block_2,ssd,0.0,0.0,0.0,0.0,0.0,0.0,0,4.191561397519061,0.0,4.166666666666667,0.0,8.292079207920791,0.0,2
random_2026091769,random,aggregate,source,-0.4634320574914618,-0.11398014801480283,-0.1888135242095653,2.1327132713271304,-0.5708695869586955,0.22002200220021528,0,-0.12803735730716007,0.0,1.6386236837969526,0.0,-1.595159515951595,0.0,1
random_2026091769,random,aggregate,target,1.8175212220556762,-0.340441736481345,0.15024732787436249,0.01618431073877602,1.934604643265784,0.0,4,0.009444539510015485,0.0,-0.0552295530660755,0.0,0.023370887745436757,0.0,1
random_2026091769,random,aggregate,ssd,-0.08767982438948237,-0.1649755546274223,-0.5856604610078651,-0.6786969019482614,-0.0009990315270843226,0.0,1,2.101319703670087,0.0,2.0280813359749414,0.0,4.123416373895454,0.0,3
random_2026091769,random,block_1,source,-0.7486414054939335,1.4552080208020817,-0.38090275192932815,4.2654265426542635,-2.084656773948072,0.4400440044004389,0,-0.2551371208549422,0.0,-0.18809916705956423,0.0,-0.46754675467546747,0.0,0
random_2026091769,random,block_1,target,-0.11489044194895164,0.1396961558504023,0.30207483159306553,0.03407223313425245,-0.284322716270616,0.0,3,0.018197810599451802,0.0,-0.1191936627873318,0.0,0.060497258517060636,0.0,1
random_2026091769,random,block_1,ssd,-0.17535964877896484,-0.329951109254846,-1.1713209220157283,-1.3573938038965172,-0.0019980630541686743,0.0,1,0.01107800982110939,0.0,-0.1105039947167874,0.0,-0.04524646012988395,0.0,1
random_2026091769,random,block_2,source,-0.1815181518151817,-1.6831683168316847,0.0,0.0,0.9350935093509349,0.0,0,-0.004125412541254647,0.0,3.4653465346534653,0.0,-2.722772277227724,0.0,1
random_2026091769,random,block_2,target,3.7499999999999987,-0.8168316831683176,0.0,0.0,4.166666666666663,0.0,1,0.0,0.0,0.0,0.0,0.0,0.0,0
random_2026091769,random,block_2,ssd,0.0,0.0,0.0,0.0,0.0,0.0,0,4.191561397519061,0.0,4.166666666666667,0.0,8.292079207920791,0.0,2
random_2026091770,random,aggregate,source,-0.4634320574914618,-0.11398014801480283,-0.1888135242095653,2.1327132713271304,-0.5708695869586955,0.22002200220021528,0,-0.12803735730716007,0.0,1.6386236837969526,0.0,-1.595159515951595,0.0,1
random_2026091770,random,aggregate,target,1.8175212220556762,-0.340441736481345,0.15024732787436249,0.01618431073877602,1.934604643265784,0.0,4,0.009444539510015485,0.0,-0.0552295530660755,0.0,0.023370887745436757,0.0,1
random_2026091770,random,aggregate,ssd,-0.08767982438948237,-0.1649755546274223,-0.5856604610078651,-0.6786969019482614,-0.0009990315270843226,0.0,1,2.101319703670087,0.0,2.0280813359749414,0.0,4.123416373895454,0.0,3
random_2026091770,random,block_1,source,-0.7486414054939335,1.4552080208020817,-0.38090275192932815,4.2654265426542635,-2.084656773948072,0.4400440044004389,0,-0.2551371208549422,0.0,-0.18809916705956423,0.0,-0.46754675467546747,0.0,0
random_2026091770,random,block_1,target,-0.11489044194895164,0.1396961558504023,0.30207483159306553,0.03407223313425245,-0.284322716270616,0.0,3,0.018197810599451802,0.0,-0.1191936627873318,0.0,0.060497258517060636,0.0,1
random_2026091770,random,block_1,ssd,-0.17535964877896484,-0.329951109254846,-1.1713209220157283,-1.3573938038965172,-0.0019980630541686743,0.0,1,0.01107800982110939,0.0,-0.1105039947167874,0.0,-0.04524646012988395,0.0,1
random_2026091770,random,block_2,source,-0.1815181518151817,-1.6831683168316847,0.0,0.0,0.9350935093509349,0.0,0,-0.004125412541254647,0.0,3.4653465346534653,0.0,-2.722772277227724,0.0,1
random_2026091770,random,block_2,target,3.7499999999999987,-0.8168316831683176,0.0,0.0,4.166666666666663,0.0,1,0.0,0.0,0.0,0.0,0.0,0.0,0
random_2026091770,random,block_2,ssd,0.0,0.0,0.0,0.0,0.0,0.0,0,4.191561397519061,0.0,4.166666666666667,0.0,8.292079207920791,0.0,2
random_2026091771,random,aggregate,source,-0.4634320574914618,-0.11398014801480283,-0.1888135242095653,2.1327132713271304,-0.5708695869586955,0.22002200220021528,0,-0.12803735730716007,0.0,1.6386236837969526,0.0,-1.595159515951595,0.0,1
random_2026091771,random,aggregate,target,1.8175212220556762,-0.340441736481345,0.15024732787436249,0.01618431073877602,1.934604643265784,0.0,4,0.009444539510015485,0.0,-0.0552295530660755,0.0,0.023370887745436757,0.0,1
random_2026091771,random,aggregate,ssd,-0.08767982438948237,-0.1649755546274223,-0.5856604610078651,-0.6786969019482614,-0.0009990315270843226,0.0,1,2.101319703670087,0.0,2.0280813359749414,0.0,4.123416373895454,0.0,3
random_2026091771,random,block_1,source,-0.7486414054939335,1.4552080208020817,-0.38090275192932815,4.2654265426542635,-2.084656773948072,0.4400440044004389,0,-0.2551371208549422,0.0,-0.18809916705956423,0.0,-0.46754675467546747,0.0,0
random_2026091771,random,block_1,target,-0.11489044194895164,0.1396961558504023,0.30207483159306553,0.03407223313425245,-0.284322716270616,0.0,3,0.018197810599451802,0.0,-0.1191936627873318,0.0,0.060497258517060636,0.0,1
random_2026091771,random,block_1,ssd,-0.17535964877896484,-0.329951109254846,-1.1713209220157283,-1.3573938038965172,-0.0019980630541686743,0.0,1,0.01107800982110939,0.0,-0.1105039947167874,0.0,-0.04524646012988395,0.0,1
random_2026091771,random,block_2,source,-0.1815181518151817,-1.6831683168316847,0.0,0.0,0.9350935093509349,0.0,0,-0.004125412541254647,0.0,3.4653465346534653,0.0,-2.722772277227724,0.0,1
random_2026091771,random,block_2,target,3.7499999999999987,-0.8168316831683176,0.0,0.0,4.166666666666663,0.0,1,0.0,0.0,0.0,0.0,0.0,0.0,0
random_2026091771,random,block_2,ssd,0.0,0.0,0.0,0.0,0.0,0.0,0,4.191561397519061,0.0,4.166666666666667,0.0,8.292079207920791,0.0,2
random_2026091772,random,aggregate,source,-0.4634320574914618,-0.11398014801480283,-0.1888135242095653,2.1327132713271304,-0.5708695869586955,0.22002200220021528,0,-0.12803735730716007,0.0,1.6386236837969526,0.0,-1.595159515951595,0.0,1
random_2026091772,random,aggregate,target,1.8175212220556762,-0.340441736481345,0.15024732787436249,0.01618431073877602,1.934604643265784,0.0,4,0.009444539510015485,0.0,-0.0552295530660755,0.0,0.023370887745436757,0.0,1
random_2026091772,random,aggregate,ssd,-0.08767982438948237,-0.1649755546274223,-0.5856604610078651,-0.6786969019482614,-0.0009990315270843226,0.0,1,2.101319703670087,0.0,2.0280813359749414,0.0,4.123416373895454,0.0,3
random_2026091772,random,block_1,source,-0.7486414054939335,1.4552080208020817,-0.38090275192932815,4.2654265426542635,-2.084656773948072,0.4400440044004389,0,-0.2551371208549422,0.0,-0.18809916705956423,0.0,-0.46754675467546747,0.0,0
random_2026091772,random,block_1,target,-0.11489044194895164,0.1396961558504023,0.30207483159306553,0.03407223313425245,-0.284322716270616,0.0,3,0.018197810599451802,0.0,-0.1191936627873318,0.0,0.060497258517060636,0.0,1
random_2026091772,random,block_1,ssd,-0.17535964877896484,-0.329951109254846,-1.1713209220157283,-1.3573938038965172,-0.0019980630541686743,0.0,1,0.01107800982110939,0.0,-0.1105039947167874,0.0,-0.04524646012988395,0.0,1
random_2026091772,random,block_2,source,-0.1815181518151817,-1.6831683168316847,0.0,0.0,0.9350935093509349,0.0,0,-0.004125412541254647,0.0,3.4653465346534653,0.0,-2.722772277227724,0.0,1
random_2026091772,random,block_2,target,3.7499999999999987,-0.8168316831683176,0.0,0.0,4.166666666666663,0.0,1,0.0,0.0,0.0,0.0,0.0,0.0,0
random_2026091772,random,block_2,ssd,0.0,0.0,0.0,0.0,0.0,0.0,0,4.191561397519061,0.0,4.166666666666667,0.0,8.292079207920791,0.0,2
random_2026091773,random,aggregate,source,-0.4634320574914618,-0.11398014801480283,-0.1888135242095653,2.1327132713271304,-0.5708695869586955,0.22002200220021528,0,-0.12803735730716007,0.0,1.6386236837969526,0.0,-1.595159515951595,0.0,1
random_2026091773,random,aggregate,target,1.8175212220556762,-0.340441736481345,0.15024732787436249,0.01618431073877602,1.934604643265784,0.0,4,0.009444539510015485,0.0,-0.0552295530660755,0.0,0.023370887745436757,0.0,1
random_2026091773,random,aggregate,ssd,-0.08767982438948237,-0.1649755546274223,-0.5856604610078651,-0.6786969019482614,-0.0009990315270843226,0.0,1,2.101319703670087,0.0,2.0280813359749414,0.0,4.123416373895454,0.0,3
random_2026091773,random,block_1,source,-0.7486414054939335,1.4552080208020817,-0.38090275192932815,4.2654265426542635,-2.084656773948072,0.4400440044004389,0,-0.2551371208549422,0.0,-0.18809916705956423,0.0,-0.46754675467546747,0.0,0
random_2026091773,random,block_1,target,-0.11489044194895164,0.1396961558504023,0.30207483159306553,0.03407223313425245,-0.284322716270616,0.0,3,0.018197810599451802,0.0,-0.1191936627873318,0.0,0.060497258517060636,0.0,1
random_2026091773,random,block_1,ssd,-0.17535964877896484,-0.329951109254846,-1.1713209220157283,-1.3573938038965172,-0.0019980630541686743,0.0,1,0.01107800982110939,0.0,-0.1105039947167874,0.0,-0.04524646012988395,0.0,1
random_2026091773,random,block_2,source,-0.1815181518151817,-1.6831683168316847,0.0,0.0,0.9350935093509349,0.0,0,-0.004125412541254647,0.0,3.4653465346534653,0.0,-2.722772277227724,0.0,1
random_2026091773,random,block_2,target,3.7499999999999987,-0.8168316831683176,0.0,0.0,4.166666666666663,0.0,1,0.0,0.0,0.0,0.0,0.0,0.0,0
random_2026091773,random,block_2,ssd,0.0,0.0,0.0,0.0,0.0,0.0,0,4.191561397519061,0.0,4.166666666666667,0.0,8.292079207920791,0.0,2
random_2026091774,random,aggregate,source,-0.4634320574914618,-0.11398014801480283,-0.1888135242095653,2.1327132713271304,-0.5708695869586955,0.22002200220021528,0,-0.12803735730716007,0.0,1.6386236837969526,0.0,-1.595159515951595,0.0,1
random_2026091774,random,aggregate,target,1.8175212220556762,-0.340441736481345,0.15024732787436249,0.01618431073877602,1.934604643265784,0.0,4,0.009444539510015485,0.0,-0.0552295530660755,0.0,0.023370887745436757,0.0,1
random_2026091774,random,aggregate,ssd,-0.08767982438948237,-0.1649755546274223,-0.5856604610078651,-0.6786969019482614,-0.0009990315270843226,0.0,1,2.101319703670087,0.0,2.0280813359749414,0.0,4.123416373895454,0.0,3
random_2026091774,random,block_1,source,-0.7486414054939335,1.4552080208020817,-0.38090275192932815,4.2654265426542635,-2.084656773948072,0.4400440044004389,0,-0.2551371208549422,0.0,-0.18809916705956423,0.0,-0.46754675467546747,0.0,0
random_2026091774,random,block_1,target,-0.11489044194895164,0.1396961558504023,0.30207483159306553,0.03407223313425245,-0.284322716270616,0.0,3,0.018197810599451802,0.0,-0.1191936627873318,0.0,0.060497258517060636,0.0,1
random_2026091774,random,block_1,ssd,-0.17535964877896484,-0.329951109254846,-1.1713209220157283,-1.3573938038965172,-0.0019980630541686743,0.0,1,0.01107800982110939,0.0,-0.1105039947167874,0.0,-0.04524646012988395,0.0,1
random_2026091774,random,block_2,source,-0.1815181518151817,-1.6831683168316847,0.0,0.0,0.9350935093509349,0.0,0,-0.004125412541254647,0.0,3.4653465346534653,0.0,-2.722772277227724,0.0,1
random_2026091774,random,block_2,target,3.7499999999999987,-0.8168316831683176,0.0,0.0,4.166666666666663,0.0,1,0.0,0.0,0.0,0.0,0.0,0.0,0
random_2026091774,random,block_2,ssd,0.0,0.0,0.0,0.0,0.0,0.0,0,4.191561397519061,0.0,4.166666666666667,0.0,8.292079207920791,0.0,2
random_2026091775,random,aggregate,source,-0.4634320574914618,-0.11398014801480283,-0.1888135242095653,2.1327132713271304,-0.5708695869586955,0.22002200220021528,0,-0.12803735730716007,0.0,1.6386236837969526,0.0,-1.595159515951595,0.0,1
random_2026091775,random,aggregate,target,1.8175212220556762,-0.340441736481345,0.15024732787436249,0.01618431073877602,1.934604643265784,0.0,4,0.009444539510015485,0.0,-0.0552295530660755,0.0,0.023370887745436757,0.0,1
random_2026091775,random,aggregate,ssd,-0.08767982438948237,-0.1649755546274223,-0.5856604610078651,-0.6786969019482614,-0.0009990315270843226,0.0,1,2.101319703670087,0.0,2.0280813359749414,0.0,4.123416373895454,0.0,3
random_2026091775,random,block_1,source,-0.7486414054939335,1.4552080208020817,-0.38090275192932815,4.2654265426542635,-2.084656773948072,0.4400440044004389,0,-0.2551371208549422,0.0,-0.18809916705956423,0.0,-0.46754675467546747,0.0,0
random_2026091775,random,block_1,target,-0.11489044194895164,0.1396961558504023,0.30207483159306553,0.03407223313425245,-0.284322716270616,0.0,3,0.018197810599451802,0.0,-0.1191936627873318,0.0,0.060497258517060636,0.0,1
random_2026091775,random,block_1,ssd,-0.17535964877896484,-0.329951109254846,-1.1713209220157283,-1.3573938038965172,-0.0019980630541686743,0.0,1,0.01107800982110939,0.0,-0.1105039947167874,0.0,-0.04524646012988395,0.0,1
random_2026091775,random,block_2,source,-0.1815181518151817,-1.6831683168316847,0.0,0.0,0.9350935093509349,0.0,0,-0.004125412541254647,0.0,3.4653465346534653,0.0,-2.722772277227724,0.0,1
random_2026091775,random,block_2,target,3.7499999999999987,-0.8168316831683176,0.0,0.0,4.166666666666663,0.0,1,0.0,0.0,0.0,0.0,0.0,0.0,0
random_2026091775,random,block_2,ssd,0.0,0.0,0.0,0.0,0.0,0.0,0,4.191561397519061,0.0,4.166666666666667,0.0,8.292079207920791,0.0,2
random_2026091776,random,aggregate,source,-0.4634320574914618,-0.11398014801480283,-0.1888135242095653,2.1327132713271304,-0.5708695869586955,0.22002200220021528,0,-0.12803735730716007,0.0,1.6386236837969526,0.0,-1.595159515951595,0.0,1
random_2026091776,random,aggregate,target,1.8175212220556762,-0.340441736481345,0.15024732787436249,0.01618431073877602,1.934604643265784,0.0,4,0.009444539510015485,0.0,-0.0552295530660755,0.0,0.023370887745436757,0.0,1
random_2026091776,random,aggregate,ssd,-0.08767982438948237,-0.1649755546274223,-0.5856604610078651,-0.6786969019482614,-0.0009990315270843226,0.0,1,2.101319703670087,0.0,2.0280813359749414,0.0,4.123416373895454,0.0,3
random_2026091776,random,block_1,source,-0.7486414054939335,1.4552080208020817,-0.38090275192932815,4.2654265426542635,-2.084656773948072,0.4400440044004389,0,-0.2551371208549422,0.0,-0.18809916705956423,0.0,-0.46754675467546747,0.0,0
random_2026091776,random,block_1,target,-0.11489044194895164,0.1396961558504023,0.30207483159306553,0.03407223313425245,-0.284322716270616,0.0,3,0.018197810599451802,0.0,-0.1191936627873318,0.0,0.060497258517060636,0.0,1
random_2026091776,random,block_1,ssd,-0.17535964877896484,-0.329951109254846,-1.1713209220157283,-1.3573938038965172,-0.0019980630541686743,0.0,1,0.01107800982110939,0.0,-0.1105039947167874,0.0,-0.04524646012988395,0.0,1
random_2026091776,random,block_2,source,-0.1815181518151817,-1.6831683168316847,0.0,0.0,0.9350935093509349,0.0,0,-0.004125412541254647,0.0,3.4653465346534653,0.0,-2.722772277227724,0.0,1
random_2026091776,random,block_2,target,3.7499999999999987,-0.8168316831683176,0.0,0.0,4.166666666666663,0.0,1,0.0,0.0,0.0,0.0,0.0,0.0,0
random_2026091776,random,block_2,ssd,0.0,0.0,0.0,0.0,0.0,0.0,0,4.191561397519061,0.0,4.166666666666667,0.0,8.292079207920791,0.0,2
random_2026091777,random,aggregate,source,-0.4634320574914618,-0.11398014801480283,-0.1888135242095653,2.1327132713271304,-0.5708695869586955,0.22002200220021528,0,-0.12803735730716007,0.0,1.6386236837969526,0.0,-1.595159515951595,0.0,1
random_2026091777,random,aggregate,target,1.8175212220556762,-0.340441736481345,0.15024732787436249,0.01618431073877602,1.934604643265784,0.0,4,0.009444539510015485,0.0,-0.0552295530660755,0.0,0.023370887745436757,0.0,1
random_2026091777,random,aggregate,ssd,-0.08767982438948237,-0.1649755546274223,-0.5856604610078651,-0.6786969019482614,-0.0009990315270843226,0.0,1,2.101319703670087,0.0,2.0280813359749414,0.0,4.123416373895454,0.0,3
random_2026091777,random,block_1,source,-0.7486414054939335,1.4552080208020817,-0.38090275192932815,4.2654265426542635,-2.084656773948072,0.4400440044004389,0,-0.2551371208549422,0.0,-0.18809916705956423,0.0,-0.46754675467546747,0.0,0
random_2026091777,random,block_1,target,-0.11489044194895164,0.1396961558504023,0.30207483159306553,0.03407223313425245,-0.284322716270616,0.0,3,0.018197810599451802,0.0,-0.1191936627873318,0.0,0.060497258517060636,0.0,1
random_2026091777,random,block_1,ssd,-0.17535964877896484,-0.329951109254846,-1.1713209220157283,-1.3573938038965172,-0.0019980630541686743,0.0,1,0.01107800982110939,0.0,-0.1105039947167874,0.0,-0.04524646012988395,0.0,1
random_2026091777,random,block_2,source,-0.1815181518151817,-1.6831683168316847,0.0,0.0,0.9350935093509349,0.0,0,-0.004125412541254647,0.0,3.4653465346534653,0.0,-2.722772277227724,0.0,1
random_2026091777,random,block_2,target,3.7499999999999987,-0.8168316831683176,0.0,0.0,4.166666666666663,0.0,1,0.0,0.0,0.0,0.0,0.0,0.0,0
random_2026091777,random,block_2,ssd,0.0,0.0,0.0,0.0,0.0,0.0,0,4.191561397519061,0.0,4.166666666666667,0.0,8.292079207920791,0.0,2
random_2026091778,random,aggregate,source,-0.4634320574914618,-0.11398014801480283,-0.1888135242095653,2.1327132713271304,-0.5708695869586955,0.22002200220021528,0,-0.12803735730716007,0.0,1.6386236837969526,0.0,-1.595159515951595,0.0,1
random_2026091778,random,aggregate,target,1.8175212220556762,-0.340441736481345,0.15024732787436249,0.01618431073877602,1.934604643265784,0.0,4,0.009444539510015485,0.0,-0.0552295530660755,0.0,0.023370887745436757,0.0,1
random_2026091778,random,aggregate,ssd,-0.08767982438948237,-0.1649755546274223,-0.5856604610078651,-0.6786969019482614,-0.0009990315270843226,0.0,1,2.101319703670087,0.0,2.0280813359749414,0.0,4.123416373895454,0.0,3
random_2026091778,random,block_1,source,-0.7486414054939335,1.4552080208020817,-0.38090275192932815,4.2654265426542635,-2.084656773948072,0.4400440044004389,0,-0.2551371208549422,0.0,-0.18809916705956423,0.0,-0.46754675467546747,0.0,0
random_2026091778,random,block_1,target,-0.11489044194895164,0.1396961558504023,0.30207483159306553,0.03407223313425245,-0.284322716270616,0.0,3,0.018197810599451802,0.0,-0.1191936627873318,0.0,0.060497258517060636,0.0,1
random_2026091778,random,block_1,ssd,-0.17535964877896484,-0.329951109254846,-1.1713209220157283,-1.3573938038965172,-0.0019980630541686743,0.0,1,0.01107800982110939,0.0,-0.1105039947167874,0.0,-0.04524646012988395,0.0,1
random_2026091778,random,block_2,source,-0.1815181518151817,-1.6831683168316847,0.0,0.0,0.9350935093509349,0.0,0,-0.004125412541254647,0.0,3.4653465346534653,0.0,-2.722772277227724,0.0,1
random_2026091778,random,block_2,target,3.7499999999999987,-0.8168316831683176,0.0,0.0,4.166666666666663,0.0,1,0.0,0.0,0.0,0.0,0.0,0.0,0
random_2026091778,random,block_2,ssd,0.0,0.0,0.0,0.0,0.0,0.0,0,4.191561397519061,0.0,4.166666666666667,0.0,8.292079207920791,0.0,2
random_2026091779,random,aggregate,source,-0.4634320574914618,-0.11398014801480283,-0.1888135242095653,2.1327132713271304,-0.5708695869586955,0.22002200220021528,0,-0.12803735730716007,0.0,1.6386236837969526,0.0,-1.595159515951595,0.0,1
random_2026091779,random,aggregate,target,1.8175212220556762,-0.340441736481345,0.15024732787436249,0.01618431073877602,1.934604643265784,0.0,4,0.009444539510015485,0.0,-0.0552295530660755,0.0,0.023370887745436757,0.0,1
random_2026091779,random,aggregate,ssd,-0.08767982438948237,-0.1649755546274223,-0.5856604610078651,-0.6786969019482614,-0.0009990315270843226,0.0,1,2.101319703670087,0.0,2.0280813359749414,0.0,4.123416373895454,0.0,3
random_2026091779,random,block_1,source,-0.7486414054939335,1.4552080208020817,-0.38090275192932815,4.2654265426542635,-2.084656773948072,0.4400440044004389,0,-0.2551371208549422,0.0,-0.18809916705956423,0.0,-0.46754675467546747,0.0,0
random_2026091779,random,block_1,target,-0.11489044194895164,0.1396961558504023,0.30207483159306553,0.03407223313425245,-0.284322716270616,0.0,3,0.018197810599451802,0.0,-0.1191936627873318,0.0,0.060497258517060636,0.0,1
random_2026091779,random,block_1,ssd,-0.17535964877896484,-0.329951109254846,-1.1713209220157283,-1.3573938038965172,-0.0019980630541686743,0.0,1,0.01107800982110939,0.0,-0.1105039947167874,0.0,-0.04524646012988395,0.0,1
random_2026091779,random,block_2,source,-0.1815181518151817,-1.6831683168316847,0.0,0.0,0.9350935093509349,0.0,0,-0.004125412541254647,0.0,3.4653465346534653,0.0,-2.722772277227724,0.0,1
random_2026091779,random,block_2,target,3.7499999999999987,-0.8168316831683176,0.0,0.0,4.166666666666663,0.0,1,0.0,0.0,0.0,0.0,0.0,0.0,0
random_2026091779,random,block_2,ssd,0.0,0.0,0.0,0.0,0.0,0.0,0,4.191561397519061,0.0,4.166666666666667,0.0,8.292079207920791,0.0,2
random_2026091780,random,aggregate,source,-0.4634320574914618,-0.11398014801480283,-0.1888135242095653,2.1327132713271304,-0.5708695869586955,0.22002200220021528,0,-0.12803735730716007,0.0,1.6386236837969526,0.0,-1.595159515951595,0.0,1
random_2026091780,random,aggregate,target,1.8175212220556762,-0.340441736481345,0.15024732787436249,0.01618431073877602,1.934604643265784,0.0,4,0.009444539510015485,0.0,-0.0552295530660755,0.0,0.023370887745436757,0.0,1
random_2026091780,random,aggregate,ssd,-0.08767982438948237,-0.1649755546274223,-0.5856604610078651,-0.6786969019482614,-0.0009990315270843226,0.0,1,2.101319703670087,0.0,2.0280813359749414,0.0,4.123416373895454,0.0,3
random_2026091780,random,block_1,source,-0.7486414054939335,1.4552080208020817,-0.38090275192932815,4.2654265426542635,-2.084656773948072,0.4400440044004389,0,-0.2551371208549422,0.0,-0.18809916705956423,0.0,-0.46754675467546747,0.0,0
random_2026091780,random,block_1,target,-0.11489044194895164,0.1396961558504023,0.30207483159306553,0.03407223313425245,-0.284322716270616,0.0,3,0.018197810599451802,0.0,-0.1191936627873318,0.0,0.060497258517060636,0.0,1
random_2026091780,random,block_1,ssd,-0.17535964877896484,-0.329951109254846,-1.1713209220157283,-1.3573938038965172,-0.0019980630541686743,0.0,1,0.01107800982110939,0.0,-0.1105039947167874,0.0,-0.04524646012988395,0.0,1
random_2026091780,random,block_2,source,-0.1815181518151817,-1.6831683168316847,0.0,0.0,0.9350935093509349,0.0,0,-0.004125412541254647,0.0,3.4653465346534653,0.0,-2.722772277227724,0.0,1
random_2026091780,random,block_2,target,3.7499999999999987,-0.8168316831683176,0.0,0.0,4.166666666666663,0.0,1,0.0,0.0,0.0,0.0,0.0,0.0,0
random_2026091780,random,block_2,ssd,0.0,0.0,0.0,0.0,0.0,0.0,0,4.191561397519061,0.0,4.166666666666667,0.0,8.292079207920791,0.0,2
random_2026091781,random,aggregate,source,-0.4634320574914618,-0.11398014801480283,-0.1888135242095653,2.1327132713271304,-0.5708695869586955,0.22002200220021528,0,-0.12803735730716007,0.0,1.6386236837969526,0.0,-1.595159515951595,0.0,1
random_2026091781,random,aggregate,target,1.8175212220556762,-0.340441736481345,0.15024732787436249,0.01618431073877602,1.934604643265784,0.0,4,0.009444539510015485,0.0,-0.0552295530660755,0.0,0.023370887745436757,0.0,1
random_2026091781,random,aggregate,ssd,-0.08767982438948237,-0.1649755546274223,-0.5856604610078651,-0.6786969019482614,-0.0009990315270843226,0.0,1,2.101319703670087,0.0,2.0280813359749414,0.0,4.123416373895454,0.0,3
random_2026091781,random,block_1,source,-0.7486414054939335,1.4552080208020817,-0.38090275192932815,4.2654265426542635,-2.084656773948072,0.4400440044004389,0,-0.2551371208549422,0.0,-0.18809916705956423,0.0,-0.46754675467546747,0.0,0
random_2026091781,random,block_1,target,-0.11489044194895164,0.1396961558504023,0.30207483159306553,0.03407223313425245,-0.284322716270616,0.0,3,0.018197810599451802,0.0,-0.1191936627873318,0.0,0.060497258517060636,0.0,1
random_2026091781,random,block_1,ssd,-0.17535964877896484,-0.329951109254846,-1.1713209220157283,-1.3573938038965172,-0.0019980630541686743,0.0,1,0.01107800982110939,0.0,-0.1105039947167874,0.0,-0.04524646012988395,0.0,1
random_2026091781,random,block_2,source,-0.1815181518151817,-1.6831683168316847,0.0,0.0,0.9350935093509349,0.0,0,-0.004125412541254647,0.0,3.4653465346534653,0.0,-2.722772277227724,0.0,1
random_2026091781,random,block_2,target,3.7499999999999987,-0.8168316831683176,0.0,0.0,4.166666666666663,0.0,1,0.0,0.0,0.0,0.0,0.0,0.0,0
random_2026091781,random,block_2,ssd,0.0,0.0,0.0,0.0,0.0,0.0,0,4.191561397519061,0.0,4.166666666666667,0.0,8.292079207920791,0.0,2
random_2026091782,random,aggregate,source,-0.4634320574914618,-0.11398014801480283,-0.1888135242095653,2.1327132713271304,-0.5708695869586955,0.22002200220021528,0,-0.12803735730716007,0.0,1.6386236837969526,0.0,-1.595159515951595,0.0,1
random_2026091782,random,aggregate,target,1.8175212220556762,-0.340441736481345,0.15024732787436249,0.01618431073877602,1.934604643265784,0.0,4,0.009444539510015485,0.0,-0.0552295530660755,0.0,0.023370887745436757,0.0,1
random_2026091782,random,aggregate,ssd,-0.08767982438948237,-0.1649755546274223,-0.5856604610078651,-0.6786969019482614,-0.0009990315270843226,0.0,1,2.101319703670087,0.0,2.0280813359749414,0.0,4.123416373895454,0.0,3
random_2026091782,random,block_1,source,-0.7486414054939335,1.4552080208020817,-0.38090275192932815,4.2654265426542635,-2.084656773948072,0.4400440044004389,0,-0.2551371208549422,0.0,-0.18809916705956423,0.0,-0.46754675467546747,0.0,0
random_2026091782,random,block_1,target,-0.11489044194895164,0.1396961558504023,0.30207483159306553,0.03407223313425245,-0.284322716270616,0.0,3,0.018197810599451802,0.0,-0.1191936627873318,0.0,0.060497258517060636,0.0,1
random_2026091782,random,block_1,ssd,-0.17535964877896484,-0.329951109254846,-1.1713209220157283,-1.3573938038965172,-0.0019980630541686743,0.0,1,0.01107800982110939,0.0,-0.1105039947167874,0.0,-0.04524646012988395,0.0,1
random_2026091782,random,block_2,source,-0.1815181518151817,-1.6831683168316847,0.0,0.0,0.9350935093509349,0.0,0,-0.004125412541254647,0.0,3.4653465346534653,0.0,-2.722772277227724,0.0,1
random_2026091782,random,block_2,target,3.7499999999999987,-0.8168316831683176,0.0,0.0,4.166666666666663,0.0,1,0.0,0.0,0.0,0.0,0.0,0.0,0
random_2026091782,random,block_2,ssd,0.0,0.0,0.0,0.0,0.0,0.0,0,4.191561397519061,0.0,4.166666666666667,0.0,8.292079207920791,0.0,2
random_2026091783,random,aggregate,source,-0.4634320574914618,-0.11398014801480283,-0.1888135242095653,2.1327132713271304,-0.5708695869586955,0.22002200220021528,0,-0.12803735730716007,0.0,1.6386236837969526,0.0,-1.595159515951595,0.0,1
random_2026091783,random,aggregate,target,1.8175212220556762,-0.340441736481345,0.15024732787436249,0.01618431073877602,1.934604643265784,0.0,4,0.009444539510015485,0.0,-0.0552295530660755,0.0,0.023370887745436757,0.0,1
random_2026091783,random,aggregate,ssd,-0.08767982438948237,-0.1649755546274223,-0.5856604610078651,-0.6786969019482614,-0.0009990315270843226,0.0,1,2.101319703670087,0.0,2.0280813359749414,0.0,4.123416373895454,0.0,3
random_2026091783,random,block_1,source,-0.7486414054939335,1.4552080208020817,-0.38090275192932815,4.2654265426542635,-2.084656773948072,0.4400440044004389,0,-0.2551371208549422,0.0,-0.18809916705956423,0.0,-0.46754675467546747,0.0,0
random_2026091783,random,block_1,target,-0.11489044194895164,0.1396961558504023,0.30207483159306553,0.03407223313425245,-0.284322716270616,0.0,3,0.018197810599451802,0.0,-0.1191936627873318,0.0,0.060497258517060636,0.0,1
random_2026091783,random,block_1,ssd,-0.17535964877896484,-0.329951109254846,-1.1713209220157283,-1.3573938038965172,-0.0019980630541686743,0.0,1,0.01107800982110939,0.0,-0.1105039947167874,0.0,-0.04524646012988395,0.0,1
random_2026091783,random,block_2,source,-0.1815181518151817,-1.6831683168316847,0.0,0.0,0.9350935093509349,0.0,0,-0.004125412541254647,0.0,3.4653465346534653,0.0,-2.722772277227724,0.0,1
random_2026091783,random,block_2,target,3.7499999999999987,-0.8168316831683176,0.0,0.0,4.166666666666663,0.0,1,0.0,0.0,0.0,0.0,0.0,0.0,0
random_2026091783,random,block_2,ssd,0.0,0.0,0.0,0.0,0.0,0.0,0,4.191561397519061,0.0,4.166666666666667,0.0,8.292079207920791,0.0,2
random_2026091784,random,aggregate,source,-0.4634320574914618,-0.11398014801480283,-0.1888135242095653,2.1327132713271304,-0.5708695869586955,0.22002200220021528,0,-0.12803735730716007,0.0,1.6386236837969526,0.0,-1.595159515951595,0.0,1
random_2026091784,random,aggregate,target,1.8175212220556762,-0.340441736481345,0.15024732787436249,0.01618431073877602,1.934604643265784,0.0,4,0.009444539510015485,0.0,-0.0552295530660755,0.0,0.023370887745436757,0.0,1
random_2026091784,random,aggregate,ssd,-0.08767982438948237,-0.1649755546274223,-0.5856604610078651,-0.6786969019482614,-0.0009990315270843226,0.0,1,2.101319703670087,0.0,2.0280813359749414,0.0,4.123416373895454,0.0,3
random_2026091784,random,block_1,source,-0.7486414054939335,1.4552080208020817,-0.38090275192932815,4.2654265426542635,-2.084656773948072,0.4400440044004389,0,-0.2551371208549422,0.0,-0.18809916705956423,0.0,-0.46754675467546747,0.0,0
random_2026091784,random,block_1,target,-0.11489044194895164,0.1396961558504023,0.30207483159306553,0.03407223313425245,-0.284322716270616,0.0,3,0.018197810599451802,0.0,-0.1191936627873318,0.0,0.060497258517060636,0.0,1
random_2026091784,random,block_1,ssd,-0.17535964877896484,-0.329951109254846,-1.1713209220157283,-1.3573938038965172,-0.0019980630541686743,0.0,1,0.01107800982110939,0.0,-0.1105039947167874,0.0,-0.04524646012988395,0.0,1
random_2026091784,random,block_2,source,-0.1815181518151817,-1.6831683168316847,0.0,0.0,0.9350935093509349,0.0,0,-0.004125412541254647,0.0,3.4653465346534653,0.0,-2.722772277227724,0.0,1
random_2026091784,random,block_2,target,3.7499999999999987,-0.8168316831683176,0.0,0.0,4.166666666666663,0.0,1,0.0,0.0,0.0,0.0,0.0,0.0,0
random_2026091784,random,block_2,ssd,0.0,0.0,0.0,0.0,0.0,0.0,0,4.191561397519061,0.0,4.166666666666667,0.0,8.292079207920791,0.0,2
random_2026091785,random,aggregate,source,-0.4634320574914618,-0.11398014801480283,-0.1888135242095653,2.1327132713271304,-0.5708695869586955,0.22002200220021528,0,-0.12803735730716007,0.0,1.6386236837969526,0.0,-1.595159515951595,0.0,1
random_2026091785,random,aggregate,target,1.8175212220556762,-0.340441736481345,0.15024732787436249,0.01618431073877602,1.934604643265784,0.0,4,0.009444539510015485,0.0,-0.0552295530660755,0.0,0.023370887745436757,0.0,1
random_2026091785,random,aggregate,ssd,-0.08767982438948237,-0.1649755546274223,-0.5856604610078651,-0.6786969019482614,-0.0009990315270843226,0.0,1,2.101319703670087,0.0,2.0280813359749414,0.0,4.123416373895454,0.0,3
random_2026091785,random,block_1,source,-0.7486414054939335,1.4552080208020817,-0.38090275192932815,4.2654265426542635,-2.084656773948072,0.4400440044004389,0,-0.2551371208549422,0.0,-0.18809916705956423,0.0,-0.46754675467546747,0.0,0
random_2026091785,random,block_1,target,-0.11489044194895164,0.1396961558504023,0.30207483159306553,0.03407223313425245,-0.284322716270616,0.0,3,0.018197810599451802,0.0,-0.1191936627873318,0.0,0.060497258517060636,0.0,1
random_2026091785,random,block_1,ssd,-0.17535964877896484,-0.329951109254846,-1.1713209220157283,-1.3573938038965172,-0.0019980630541686743,0.0,1,0.01107800982110939,0.0,-0.1105039947167874,0.0,-0.04524646012988395,0.0,1
random_2026091785,random,block_2,source,-0.1815181518151817,-1.6831683168316847,0.0,0.0,0.9350935093509349,0.0,0,-0.004125412541254647,0.0,3.4653465346534653,0.0,-2.722772277227724,0.0,1
random_2026091785,random,block_2,target,3.7499999999999987,-0.8168316831683176,0.0,0.0,4.166666666666663,0.0,1,0.0,0.0,0.0,0.0,0.0,0.0,0
random_2026091785,random,block_2,ssd,0.0,0.0,0.0,0.0,0.0,0.0,0,4.191561397519061,0.0,4.166666666666667,0.0,8.292079207920791,0.0,2
random_2026091786,random,aggregate,source,-0.4634320574914618,-0.11398014801480283,-0.1888135242095653,2.1327132713271304,-0.5708695869586955,0.22002200220021528,0,-0.12803735730716007,0.0,1.6386236837969526,0.0,-1.595159515951595,0.0,1
random_2026091786,random,aggregate,target,1.8175212220556762,-0.340441736481345,0.15024732787436249,0.01618431073877602,1.934604643265784,0.0,4,0.009444539510015485,0.0,-0.0552295530660755,0.0,0.023370887745436757,0.0,1
random_2026091786,random,aggregate,ssd,-0.08767982438948237,-0.1649755546274223,-0.5856604610078651,-0.6786969019482614,-0.0009990315270843226,0.0,1,2.101319703670087,0.0,2.0280813359749414,0.0,4.123416373895454,0.0,3
random_2026091786,random,block_1,source,-0.7486414054939335,1.4552080208020817,-0.38090275192932815,4.2654265426542635,-2.084656773948072,0.4400440044004389,0,-0.2551371208549422,0.0,-0.18809916705956423,0.0,-0.46754675467546747,0.0,0
random_2026091786,random,block_1,target,-0.11489044194895164,0.1396961558504023,0.30207483159306553,0.03407223313425245,-0.284322716270616,0.0,3,0.018197810599451802,0.0,-0.1191936627873318,0.0,0.060497258517060636,0.0,1
random_2026091786,random,block_1,ssd,-0.17535964877896484,-0.329951109254846,-1.1713209220157283,-1.3573938038965172,-0.0019980630541686743,0.0,1,0.01107800982110939,0.0,-0.1105039947167874,0.0,-0.04524646012988395,0.0,1
random_2026091786,random,block_2,source,-0.1815181518151817,-1.6831683168316847,0.0,0.0,0.9350935093509349,0.0,0,-0.004125412541254647,0.0,3.4653465346534653,0.0,-2.722772277227724,0.0,1
random_2026091786,random,block_2,target,3.7499999999999987,-0.8168316831683176,0.0,0.0,4.166666666666663,0.0,1,0.0,0.0,0.0,0.0,0.0,0.0,0
random_2026091786,random,block_2,ssd,0.0,0.0,0.0,0.0,0.0,0.0,0,4.191561397519061,0.0,4.166666666666667,0.0,8.292079207920791,0.0,2
random_2026091787,random,aggregate,source,-0.4634320574914618,-0.11398014801480283,-0.1888135242095653,2.1327132713271304,-0.5708695869586955,0.22002200220021528,0,-0.12803735730716007,0.0,1.6386236837969526,0.0,-1.595159515951595,0.0,1
random_2026091787,random,aggregate,target,1.8175212220556762,-0.340441736481345,0.15024732787436249,0.01618431073877602,1.934604643265784,0.0,4,0.009444539510015485,0.0,-0.0552295530660755,0.0,0.023370887745436757,0.0,1
random_2026091787,random,aggregate,ssd,-0.08767982438948237,-0.1649755546274223,-0.5856604610078651,-0.6786969019482614,-0.0009990315270843226,0.0,1,2.101319703670087,0.0,2.0280813359749414,0.0,4.123416373895454,0.0,3
random_2026091787,random,block_1,source,-0.7486414054939335,1.4552080208020817,-0.38090275192932815,4.2654265426542635,-2.084656773948072,0.4400440044004389,0,-0.2551371208549422,0.0,-0.18809916705956423,0.0,-0.46754675467546747,0.0,0
random_2026091787,random,block_1,target,-0.11489044194895164,0.1396961558504023,0.30207483159306553,0.03407223313425245,-0.284322716270616,0.0,3,0.018197810599451802,0.0,-0.1191936627873318,0.0,0.060497258517060636,0.0,1
random_2026091787,random,block_1,ssd,-0.17535964877896484,-0.329951109254846,-1.1713209220157283,-1.3573938038965172,-0.0019980630541686743,0.0,1,0.01107800982110939,0.0,-0.1105039947167874,0.0,-0.04524646012988395,0.0,1
random_2026091787,random,block_2,source,-0.1815181518151817,-1.6831683168316847,0.0,0.0,0.9350935093509349,0.0,0,-0.004125412541254647,0.0,3.4653465346534653,0.0,-2.722772277227724,0.0,1
random_2026091787,random,block_2,target,3.7499999999999987,-0.8168316831683176,0.0,0.0,4.166666666666663,0.0,1,0.0,0.0,0.0,0.0,0.0,0.0,0
random_2026091787,random,block_2,ssd,0.0,0.0,0.0,0.0,0.0,0.0,0,4.191561397519061,0.0,4.166666666666667,0.0,8.292079207920791,0.0,2
random_2026091788,random,aggregate,source,-0.4634320574914618,-0.11398014801480283,-0.1888135242095653,2.1327132713271304,-0.5708695869586955,0.22002200220021528,0,-0.12803735730716007,0.0,1.6386236837969526,0.0,-1.595159515951595,0.0,1
random_2026091788,random,aggregate,target,1.8175212220556762,-0.340441736481345,0.15024732787436249,0.01618431073877602,1.934604643265784,0.0,4,0.009444539510015485,0.0,-0.0552295530660755,0.0,0.023370887745436757,0.0,1
random_2026091788,random,aggregate,ssd,-0.08767982438948237,-0.1649755546274223,-0.5856604610078651,-0.6786969019482614,-0.0009990315270843226,0.0,1,2.101319703670087,0.0,2.0280813359749414,0.0,4.123416373895454,0.0,3
random_2026091788,random,block_1,source,-0.7486414054939335,1.4552080208020817,-0.38090275192932815,4.2654265426542635,-2.084656773948072,0.4400440044004389,0,-0.2551371208549422,0.0,-0.18809916705956423,0.0,-0.46754675467546747,0.0,0
random_2026091788,random,block_1,target,-0.11489044194895164,0.1396961558504023,0.30207483159306553,0.03407223313425245,-0.284322716270616,0.0,3,0.018197810599451802,0.0,-0.1191936627873318,0.0,0.060497258517060636,0.0,1
random_2026091788,random,block_1,ssd,-0.17535964877896484,-0.329951109254846,-1.1713209220157283,-1.3573938038965172,-0.0019980630541686743,0.0,1,0.01107800982110939,0.0,-0.1105039947167874,0.0,-0.04524646012988395,0.0,1
random_2026091788,random,block_2,source,-0.1815181518151817,-1.6831683168316847,0.0,0.0,0.9350935093509349,0.0,0,-0.004125412541254647,0.0,3.4653465346534653,0.0,-2.722772277227724,0.0,1
random_2026091788,random,block_2,target,3.7499999999999987,-0.8168316831683176,0.0,0.0,4.166666666666663,0.0,1,0.0,0.0,0.0,0.0,0.0,0.0,0
random_2026091788,random,block_2,ssd,0.0,0.0,0.0,0.0,0.0,0.0,0,4.191561397519061,0.0,4.166666666666667,0.0,8.292079207920791,0.0,2
random_2026091789,random,aggregate,source,-0.4634320574914618,-0.11398014801480283,-0.1888135242095653,2.1327132713271304,-0.5708695869586955,0.22002200220021528,0,-0.12803735730716007,0.0,1.6386236837969526,0.0,-1.595159515951595,0.0,1
random_2026091789,random,aggregate,target,1.8175212220556762,-0.340441736481345,0.15024732787436249,0.01618431073877602,1.934604643265784,0.0,4,0.009444539510015485,0.0,-0.0552295530660755,0.0,0.023370887745436757,0.0,1
random_2026091789,random,aggregate,ssd,-0.08767982438948237,-0.1649755546274223,-0.5856604610078651,-0.6786969019482614,-0.0009990315270843226,0.0,1,2.101319703670087,0.0,2.0280813359749414,0.0,4.123416373895454,0.0,3
random_2026091789,random,block_1,source,-0.7486414054939335,1.4552080208020817,-0.38090275192932815,4.2654265426542635,-2.084656773948072,0.4400440044004389,0,-0.2551371208549422,0.0,-0.18809916705956423,0.0,-0.46754675467546747,0.0,0
random_2026091789,random,block_1,target,-0.11489044194895164,0.1396961558504023,0.30207483159306553,0.03407223313425245,-0.284322716270616,0.0,3,0.018197810599451802,0.0,-0.1191936627873318,0.0,0.060497258517060636,0.0,1
random_2026091789,random,block_1,ssd,-0.17535964877896484,-0.329951109254846,-1.1713209220157283,-1.3573938038965172,-0.0019980630541686743,0.0,1,0.01107800982110939,0.0,-0.1105039947167874,0.0,-0.04524646012988395,0.0,1
random_2026091789,random,block_2,source,-0.1815181518151817,-1.6831683168316847,0.0,0.0,0.9350935093509349,0.0,0,-0.004125412541254647,0.0,3.4653465346534653,0.0,-2.722772277227724,0.0,1
random_2026091789,random,block_2,target,3.7499999999999987,-0.8168316831683176,0.0,0.0,4.166666666666663,0.0,1,0.0,0.0,0.0,0.0,0.0,0.0,0
random_2026091789,random,block_2,ssd,0.0,0.0,0.0,0.0,0.0,0.0,0,4.191561397519061,0.0,4.166666666666667,0.0,8.292079207920791,0.0,2
random_2026091790,random,aggregate,source,-0.4634320574914618,-0.11398014801480283,-0.1888135242095653,2.1327132713271304,-0.5708695869586955,0.22002200220021528,0,-0.12803735730716007,0.0,1.6386236837969526,0.0,-1.595159515951595,0.0,1
random_2026091790,random,aggregate,target,1.8175212220556762,-0.340441736481345,0.15024732787436249,0.01618431073877602,1.934604643265784,0.0,4,0.009444539510015485,0.0,-0.0552295530660755,0.0,0.023370887745436757,0.0,1
random_2026091790,random,aggregate,ssd,-0.08767982438948237,-0.1649755546274223,-0.5856604610078651,-0.6786969019482614,-0.0009990315270843226,0.0,1,2.101319703670087,0.0,2.0280813359749414,0.0,4.123416373895454,0.0,3
random_2026091790,random,block_1,source,-0.7486414054939335,1.4552080208020817,-0.38090275192932815,4.2654265426542635,-2.084656773948072,0.4400440044004389,0,-0.2551371208549422,0.0,-0.18809916705956423,0.0,-0.46754675467546747,0.0,0
random_2026091790,random,block_1,target,-0.11489044194895164,0.1396961558504023,0.30207483159306553,0.03407223313425245,-0.284322716270616,0.0,3,0.018197810599451802,0.0,-0.1191936627873318,0.0,0.060497258517060636,0.0,1
random_2026091790,random,block_1,ssd,-0.17535964877896484,-0.329951109254846,-1.1713209220157283,-1.3573938038965172,-0.0019980630541686743,0.0,1,0.01107800982110939,0.0,-0.1105039947167874,0.0,-0.04524646012988395,0.0,1
random_2026091790,random,block_2,source,-0.1815181518151817,-1.6831683168316847,0.0,0.0,0.9350935093509349,0.0,0,-0.004125412541254647,0.0,3.4653465346534653,0.0,-2.722772277227724,0.0,1
random_2026091790,random,block_2,target,3.7499999999999987,-0.8168316831683176,0.0,0.0,4.166666666666663,0.0,1,0.0,0.0,0.0,0.0,0.0,0.0,0
random_2026091790,random,block_2,ssd,0.0,0.0,0.0,0.0,0.0,0.0,0,4.191561397519061,0.0,4.166666666666667,0.0,8.292079207920791,0.0,2
random_2026091791,random,aggregate,source,-0.4634320574914618,-0.11398014801480283,-0.1888135242095653,2.1327132713271304,-0.5708695869586955,0.22002200220021528,0,-0.12803735730716007,0.0,1.6386236837969526,0.0,-1.595159515951595,0.0,1
random_2026091791,random,aggregate,target,1.8175212220556762,-0.340441736481345,0.15024732787436249,0.01618431073877602,1.934604643265784,0.0,4,0.009444539510015485,0.0,-0.0552295530660755,0.0,0.023370887745436757,0.0,1
random_2026091791,random,aggregate,ssd,-0.08767982438948237,-0.1649755546274223,-0.5856604610078651,-0.6786969019482614,-0.0009990315270843226,0.0,1,2.101319703670087,0.0,2.0280813359749414,0.0,4.123416373895454,0.0,3
random_2026091791,random,block_1,source,-0.7486414054939335,1.4552080208020817,-0.38090275192932815,4.2654265426542635,-2.084656773948072,0.4400440044004389,0,-0.2551371208549422,0.0,-0.18809916705956423,0.0,-0.46754675467546747,0.0,0
random_2026091791,random,block_1,target,-0.11489044194895164,0.1396961558504023,0.30207483159306553,0.03407223313425245,-0.284322716270616,0.0,3,0.018197810599451802,0.0,-0.1191936627873318,0.0,0.060497258517060636,0.0,1
random_2026091791,random,block_1,ssd,-0.17535964877896484,-0.329951109254846,-1.1713209220157283,-1.3573938038965172,-0.0019980630541686743,0.0,1,0.01107800982110939,0.0,-0.1105039947167874,0.0,-0.04524646012988395,0.0,1
random_2026091791,random,block_2,source,-0.1815181518151817,-1.6831683168316847,0.0,0.0,0.9350935093509349,0.0,0,-0.004125412541254647,0.0,3.4653465346534653,0.0,-2.722772277227724,0.0,1
random_2026091791,random,block_2,target,3.7499999999999987,-0.8168316831683176,0.0,0.0,4.166666666666663,0.0,1,0.0,0.0,0.0,0.0,0.0,0.0,0
random_2026091791,random,block_2,ssd,0.0,0.0,0.0,0.0,0.0,0.0,0,4.191561397519061,0.0,4.166666666666667,0.0,8.292079207920791,0.0,2
random_2026091792,random,aggregate,source,-0.4634320574914618,-0.11398014801480283,-0.1888135242095653,2.1327132713271304,-0.5708695869586955,0.22002200220021528,0,-0.12803735730716007,0.0,1.6386236837969526,0.0,-1.595159515951595,0.0,1
random_2026091792,random,aggregate,target,1.8175212220556762,-0.340441736481345,0.15024732787436249,0.01618431073877602,1.934604643265784,0.0,4,0.009444539510015485,0.0,-0.0552295530660755,0.0,0.023370887745436757,0.0,1
random_2026091792,random,aggregate,ssd,-0.08767982438948237,-0.1649755546274223,-0.5856604610078651,-0.6786969019482614,-0.0009990315270843226,0.0,1,2.101319703670087,0.0,2.0280813359749414,0.0,4.123416373895454,0.0,3
random_2026091792,random,block_1,source,-0.7486414054939335,1.4552080208020817,-0.38090275192932815,4.2654265426542635,-2.084656773948072,0.4400440044004389,0,-0.2551371208549422,0.0,-0.18809916705956423,0.0,-0.46754675467546747,0.0,0
random_2026091792,random,block_1,target,-0.11489044194895164,0.1396961558504023,0.30207483159306553,0.03407223313425245,-0.284322716270616,0.0,3,0.018197810599451802,0.0,-0.1191936627873318,0.0,0.060497258517060636,0.0,1
random_2026091792,random,block_1,ssd,-0.17535964877896484,-0.329951109254846,-1.1713209220157283,-1.3573938038965172,-0.0019980630541686743,0.0,1,0.01107800982110939,0.0,-0.1105039947167874,0.0,-0.04524646012988395,0.0,1
random_2026091792,random,block_2,source,-0.1815181518151817,-1.6831683168316847,0.0,0.0,0.9350935093509349,0.0,0,-0.004125412541254647,0.0,3.4653465346534653,0.0,-2.722772277227724,0.0,1
random_2026091792,random,block_2,target,3.7499999999999987,-0.8168316831683176,0.0,0.0,4.166666666666663,0.0,1,0.0,0.0,0.0,0.0,0.0,0.0,0
random_2026091792,random,block_2,ssd,0.0,0.0,0.0,0.0,0.0,0.0,0,4.191561397519061,0.0,4.166666666666667,0.0,8.292079207920791,0.0,2
random_2026091793,random,aggregate,source,-0.4634320574914618,-0.11398014801480283,-0.1888135242095653,2.1327132713271304,-0.5708695869586955,0.22002200220021528,0,-0.12803735730716007,0.0,1.6386236837969526,0.0,-1.595159515951595,0.0,1
random_2026091793,random,aggregate,target,1.8175212220556762,-0.340441736481345,0.15024732787436249,0.01618431073877602,1.934604643265784,0.0,4,0.009444539510015485,0.0,-0.0552295530660755,0.0,0.023370887745436757,0.0,1
random_2026091793,random,aggregate,ssd,-0.08767982438948237,-0.1649755546274223,-0.5856604610078651,-0.6786969019482614,-0.0009990315270843226,0.0,1,2.101319703670087,0.0,2.0280813359749414,0.0,4.123416373895454,0.0,3
random_2026091793,random,block_1,source,-0.7486414054939335,1.4552080208020817,-0.38090275192932815,4.2654265426542635,-2.084656773948072,0.4400440044004389,0,-0.2551371208549422,0.0,-0.18809916705956423,0.0,-0.46754675467546747,0.0,0
random_2026091793,random,block_1,target,-0.11489044194895164,0.1396961558504023,0.30207483159306553,0.03407223313425245,-0.284322716270616,0.0,3,0.018197810599451802,0.0,-0.1191936627873318,0.0,0.060497258517060636,0.0,1
random_2026091793,random,block_1,ssd,-0.17535964877896484,-0.329951109254846,-1.1713209220157283,-1.3573938038965172,-0.0019980630541686743,0.0,1,0.01107800982110939,0.0,-0.1105039947167874,0.0,-0.04524646012988395,0.0,1
random_2026091793,random,block_2,source,-0.1815181518151817,-1.6831683168316847,0.0,0.0,0.9350935093509349,0.0,0,-0.004125412541254647,0.0,3.4653465346534653,0.0,-2.722772277227724,0.0,1
random_2026091793,random,block_2,target,3.7499999999999987,-0.8168316831683176,0.0,0.0,4.166666666666663,0.0,1,0.0,0.0,0.0,0.0,0.0,0.0,0
random_2026091793,random,block_2,ssd,0.0,0.0,0.0,0.0,0.0,0.0,0,4.191561397519061,0.0,4.166666666666667,0.0,8.292079207920791,0.0,2
random_2026091794,random,aggregate,source,-0.4634320574914618,-0.11398014801480283,-0.1888135242095653,2.1327132713271304,-0.5708695869586955,0.22002200220021528,0,-0.12803735730716007,0.0,1.6386236837969526,0.0,-1.595159515951595,0.0,1
random_2026091794,random,aggregate,target,1.8175212220556762,-0.340441736481345,0.15024732787436249,0.01618431073877602,1.934604643265784,0.0,4,0.009444539510015485,0.0,-0.0552295530660755,0.0,0.023370887745436757,0.0,1
random_2026091794,random,aggregate,ssd,-0.08767982438948237,-0.1649755546274223,-0.5856604610078651,-0.6786969019482614,-0.0009990315270843226,0.0,1,2.101319703670087,0.0,2.0280813359749414,0.0,4.123416373895454,0.0,3
random_2026091794,random,block_1,source,-0.7486414054939335,1.4552080208020817,-0.38090275192932815,4.2654265426542635,-2.084656773948072,0.4400440044004389,0,-0.2551371208549422,0.0,-0.18809916705956423,0.0,-0.46754675467546747,0.0,0
random_2026091794,random,block_1,target,-0.11489044194895164,0.1396961558504023,0.30207483159306553,0.03407223313425245,-0.284322716270616,0.0,3,0.018197810599451802,0.0,-0.1191936627873318,0.0,0.060497258517060636,0.0,1
random_2026091794,random,block_1,ssd,-0.17535964877896484,-0.329951109254846,-1.1713209220157283,-1.3573938038965172,-0.0019980630541686743,0.0,1,0.01107800982110939,0.0,-0.1105039947167874,0.0,-0.04524646012988395,0.0,1
random_2026091794,random,block_2,source,-0.1815181518151817,-1.6831683168316847,0.0,0.0,0.9350935093509349,0.0,0,-0.004125412541254647,0.0,3.4653465346534653,0.0,-2.722772277227724,0.0,1
random_2026091794,random,block_2,target,3.7499999999999987,-0.8168316831683176,0.0,0.0,4.166666666666663,0.0,1,0.0,0.0,0.0,0.0,0.0,0.0,0
random_2026091794,random,block_2,ssd,0.0,0.0,0.0,0.0,0.0,0.0,0,4.191561397519061,0.0,4.166666666666667,0.0,8.292079207920791,0.0,2
random_2026091795,random,aggregate,source,-0.4634320574914618,-0.11398014801480283,-0.1888135242095653,2.1327132713271304,-0.5708695869586955,0.22002200220021528,0,-0.12803735730716007,0.0,1.6386236837969526,0.0,-1.595159515951595,0.0,1
random_2026091795,random,aggregate,target,1.8175212220556762,-0.340441736481345,0.15024732787436249,0.01618431073877602,1.934604643265784,0.0,4,0.009444539510015485,0.0,-0.0552295530660755,0.0,0.023370887745436757,0.0,1
random_2026091795,random,aggregate,ssd,-0.08767982438948237,-0.1649755546274223,-0.5856604610078651,-0.6786969019482614,-0.0009990315270843226,0.0,1,2.101319703670087,0.0,2.0280813359749414,0.0,4.123416373895454,0.0,3
random_2026091795,random,block_1,source,-0.7486414054939335,1.4552080208020817,-0.38090275192932815,4.2654265426542635,-2.084656773948072,0.4400440044004389,0,-0.2551371208549422,0.0,-0.18809916705956423,0.0,-0.46754675467546747,0.0,0
random_2026091795,random,block_1,target,-0.11489044194895164,0.1396961558504023,0.30207483159306553,0.03407223313425245,-0.284322716270616,0.0,3,0.018197810599451802,0.0,-0.1191936627873318,0.0,0.060497258517060636,0.0,1
random_2026091795,random,block_1,ssd,-0.17535964877896484,-0.329951109254846,-1.1713209220157283,-1.3573938038965172,-0.0019980630541686743,0.0,1,0.01107800982110939,0.0,-0.1105039947167874,0.0,-0.04524646012988395,0.0,1
random_2026091795,random,block_2,source,-0.1815181518151817,-1.6831683168316847,0.0,0.0,0.9350935093509349,0.0,0,-0.004125412541254647,0.0,3.4653465346534653,0.0,-2.722772277227724,0.0,1
random_2026091795,random,block_2,target,3.7499999999999987,-0.8168316831683176,0.0,0.0,4.166666666666663,0.0,1,0.0,0.0,0.0,0.0,0.0,0.0,0
random_2026091795,random,block_2,ssd,0.0,0.0,0.0,0.0,0.0,0.0,0,4.191561397519061,0.0,4.166666666666667,0.0,8.292079207920791,0.0,2
random_2026091796,random,aggregate,source,-0.4634320574914618,-0.11398014801480283,-0.1888135242095653,2.1327132713271304,-0.5708695869586955,0.22002200220021528,0,-0.12803735730716007,0.0,1.6386236837969526,0.0,-1.595159515951595,0.0,1
random_2026091796,random,aggregate,target,1.8175212220556762,-0.340441736481345,0.15024732787436249,0.01618431073877602,1.934604643265784,0.0,4,0.009444539510015485,0.0,-0.0552295530660755,0.0,0.023370887745436757,0.0,1
random_2026091796,random,aggregate,ssd,-0.08767982438948237,-0.1649755546274223,-0.5856604610078651,-0.6786969019482614,-0.0009990315270843226,0.0,1,2.101319703670087,0.0,2.0280813359749414,0.0,4.123416373895454,0.0,3
random_2026091796,random,block_1,source,-0.7486414054939335,1.4552080208020817,-0.38090275192932815,4.2654265426542635,-2.084656773948072,0.4400440044004389,0,-0.2551371208549422,0.0,-0.18809916705956423,0.0,-0.46754675467546747,0.0,0
random_2026091796,random,block_1,target,-0.11489044194895164,0.1396961558504023,0.30207483159306553,0.03407223313425245,-0.284322716270616,0.0,3,0.018197810599451802,0.0,-0.1191936627873318,0.0,0.060497258517060636,0.0,1
random_2026091796,random,block_1,ssd,-0.17535964877896484,-0.329951109254846,-1.1713209220157283,-1.3573938038965172,-0.0019980630541686743,0.0,1,0.01107800982110939,0.0,-0.1105039947167874,0.0,-0.04524646012988395,0.0,1
random_2026091796,random,block_2,source,-0.1815181518151817,-1.6831683168316847,0.0,0.0,0.9350935093509349,0.0,0,-0.004125412541254647,0.0,3.4653465346534653,0.0,-2.722772277227724,0.0,1
random_2026091796,random,block_2,target,3.7499999999999987,-0.8168316831683176,0.0,0.0,4.166666666666663,0.0,1,0.0,0.0,0.0,0.0,0.0,0.0,0
random_2026091796,random,block_2,ssd,0.0,0.0,0.0,0.0,0.0,0.0,0,4.191561397519061,0.0,4.166666666666667,0.0,8.292079207920791,0.0,2
random_2026091797,random,aggregate,source,-0.4634320574914618,-0.11398014801480283,-0.1888135242095653,2.1327132713271304,-0.5708695869586955,0.22002200220021528,0,-0.12803735730716007,0.0,1.6386236837969526,0.0,-1.595159515951595,0.0,1
random_2026091797,random,aggregate,target,1.8175212220556762,-0.340441736481345,0.15024732787436249,0.01618431073877602,1.934604643265784,0.0,4,0.009444539510015485,0.0,-0.0552295530660755,0.0,0.023370887745436757,0.0,1
random_2026091797,random,aggregate,ssd,-0.08767982438948237,-0.1649755546274223,-0.5856604610078651,-0.6786969019482614,-0.0009990315270843226,0.0,1,2.101319703670087,0.0,2.0280813359749414,0.0,4.123416373895454,0.0,3
random_2026091797,random,block_1,source,-0.7486414054939335,1.4552080208020817,-0.38090275192932815,4.2654265426542635,-2.084656773948072,0.4400440044004389,0,-0.2551371208549422,0.0,-0.18809916705956423,0.0,-0.46754675467546747,0.0,0
random_2026091797,random,block_1,target,-0.11489044194895164,0.1396961558504023,0.30207483159306553,0.03407223313425245,-0.284322716270616,0.0,3,0.018197810599451802,0.0,-0.1191936627873318,0.0,0.060497258517060636,0.0,1
random_2026091797,random,block_1,ssd,-0.17535964877896484,-0.329951109254846,-1.1713209220157283,-1.3573938038965172,-0.0019980630541686743,0.0,1,0.01107800982110939,0.0,-0.1105039947167874,0.0,-0.04524646012988395,0.0,1
random_2026091797,random,block_2,source,-0.1815181518151817,-1.6831683168316847,0.0,0.0,0.9350935093509349,0.0,0,-0.004125412541254647,0.0,3.4653465346534653,0.0,-2.722772277227724,0.0,1
random_2026091797,random,block_2,target,3.7499999999999987,-0.8168316831683176,0.0,0.0,4.166666666666663,0.0,1,0.0,0.0,0.0,0.0,0.0,0.0,0
random_2026091797,random,block_2,ssd,0.0,0.0,0.0,0.0,0.0,0.0,0,4.191561397519061,0.0,4.166666666666667,0.0,8.292079207920791,0.0,2
random_2026091798,random,aggregate,source,-0.4634320574914618,-0.11398014801480283,-0.1888135242095653,2.1327132713271304,-0.5708695869586955,0.22002200220021528,0,-0.12803735730716007,0.0,1.6386236837969526,0.0,-1.595159515951595,0.0,1
random_2026091798,random,aggregate,target,1.8175212220556762,-0.340441736481345,0.15024732787436249,0.01618431073877602,1.934604643265784,0.0,4,0.009444539510015485,0.0,-0.0552295530660755,0.0,0.023370887745436757,0.0,1
random_2026091798,random,aggregate,ssd,-0.08767982438948237,-0.1649755546274223,-0.5856604610078651,-0.6786969019482614,-0.0009990315270843226,0.0,1,2.101319703670087,0.0,2.0280813359749414,0.0,4.123416373895454,0.0,3
random_2026091798,random,block_1,source,-0.7486414054939335,1.4552080208020817,-0.38090275192932815,4.2654265426542635,-2.084656773948072,0.4400440044004389,0,-0.2551371208549422,0.0,-0.18809916705956423,0.0,-0.46754675467546747,0.0,0
random_2026091798,random,block_1,target,-0.11489044194895164,0.1396961558504023,0.30207483159306553,0.03407223313425245,-0.284322716270616,0.0,3,0.018197810599451802,0.0,-0.1191936627873318,0.0,0.060497258517060636,0.0,1
random_2026091798,random,block_1,ssd,-0.17535964877896484,-0.329951109254846,-1.1713209220157283,-1.3573938038965172,-0.0019980630541686743,0.0,1,0.01107800982110939,0.0,-0.1105039947167874,0.0,-0.04524646012988395,0.0,1
random_2026091798,random,block_2,source,-0.1815181518151817,-1.6831683168316847,0.0,0.0,0.9350935093509349,0.0,0,-0.004125412541254647,0.0,3.4653465346534653,0.0,-2.722772277227724,0.0,1
random_2026091798,random,block_2,target,3.7499999999999987,-0.8168316831683176,0.0,0.0,4.166666666666663,0.0,1,0.0,0.0,0.0,0.0,0.0,0.0,0
random_2026091798,random,block_2,ssd,0.0,0.0,0.0,0.0,0.0,0.0,0,4.191561397519061,0.0,4.166666666666667,0.0,8.292079207920791,0.0,2
random_2026091799,random,aggregate,source,-0.4634320574914618,-0.11398014801480283,-0.1888135242095653,2.1327132713271304,-0.5708695869586955,0.22002200220021528,0,-0.12803735730716007,0.0,1.6386236837969526,0.0,-1.595159515951595,0.0,1
random_2026091799,random,aggregate,target,1.8175212220556762,-0.340441736481345,0.15024732787436249,0.01618431073877602,1.934604643265784,0.0,4,0.009444539510015485,0.0,-0.0552295530660755,0.0,0.023370887745436757,0.0,1
random_2026091799,random,aggregate,ssd,-0.08767982438948237,-0.1649755546274223,-0.5856604610078651,-0.6786969019482614,-0.0009990315270843226,0.0,1,2.101319703670087,0.0,2.0280813359749414,0.0,4.123416373895454,0.0,3
random_2026091799,random,block_1,source,-0.7486414054939335,1.4552080208020817,-0.38090275192932815,4.2654265426542635,-2.084656773948072,0.4400440044004389,0,-0.2551371208549422,0.0,-0.18809916705956423,0.0,-0.46754675467546747,0.0,0
random_2026091799,random,block_1,target,-0.11489044194895164,0.1396961558504023,0.30207483159306553,0.03407223313425245,-0.284322716270616,0.0,3,0.018197810599451802,0.0,-0.1191936627873318,0.0,0.060497258517060636,0.0,1
random_2026091799,random,block_1,ssd,-0.17535964877896484,-0.329951109254846,-1.1713209220157283,-1.3573938038965172,-0.0019980630541686743,0.0,1,0.01107800982110939,0.0,-0.1105039947167874,0.0,-0.04524646012988395,0.0,1
random_2026091799,random,block_2,source,-0.1815181518151817,-1.6831683168316847,0.0,0.0,0.9350935093509349,0.0,0,-0.004125412541254647,0.0,3.4653465346534653,0.0,-2.722772277227724,0.0,1
random_2026091799,random,block_2,target,3.7499999999999987,-0.8168316831683176,0.0,0.0,4.166666666666663,0.0,1,0.0,0.0,0.0,0.0,0.0,0.0,0
random_2026091799,random,block_2,ssd,0.0,0.0,0.0,0.0,0.0,0.0,0,4.191561397519061,0.0,4.166666666666667,0.0,8.292079207920791,0.0,2
