image_id,family,severity,gradient_cosine,det_loss_delta_sem1,g_sem_norm,g_det_norm
23034,gamma,1,0.751699686050415,0.010533511638641357,0.0742558091878891,0.0788281261920929
23034,gamma,2,0.870314359664917,0.008142739534378052,0.05958392098546028,0.15219691395759583
23034,contrast,1,0.31557896733283997,0.01562824845314026,0.05619239807128906,0.267337441444397
23034,contrast,2,0.45578184723854065,-0.017474591732025146,0.08788074553012848,0.6110944747924805
23034,color_cast,1,0.8222735524177551,0.007504254579544067,0.0511002279818058,0.22039377689361572
23034,color_cast,2,0.5877912640571594,-0.013753741979598999,0.04608665406703949,0.22073297202587128
23272,gamma,1,-0.779032289981842,0.030381739139556885,0.06956435739994049,0.5733962655067444
23272,gamma,2,-0.8159440159797668,0.030865252017974854,0.051869843155145645,0.4404045045375824
23272,contrast,1,-0.4265996813774109,-0.004210233688354492,0.09823422878980637,0.16033807396888733
23272,contrast,2,-0.22859832644462585,0.0047420114278793335,0.25175049901008606,0.3840215504169464
23272,color_cast,1,0.09502805769443512,-0.006570965051651001,0.12372569739818573,0.2975841760635376
23272,color_cast,2,-0.5666314959526062,-0.0037994682788848877,0.17330345511436462,0.17175859212875366
25181,gamma,1,0.03567466139793396,0.04309439659118652,0.3206627070903778,5.500534534454346
25181,gamma,2,0.15914107859134674,0.02277541160583496,0.353976845741272,5.429950714111328
25181,contrast,1,0.13971689343452454,0.00038611888885498047,0.05014672502875328,5.188577175140381
25181,contrast,2,-0.7567645311355591,0.03595840930938721,0.17270207405090332,4.286137104034424
25181,color_cast,1,-0.07442446053028107,0.0036971569061279297,0.027388552203774452,5.614429473876953
25181,color_cast,2,-0.3086792826652527,0.008221626281738281,0.02357526682317257,2.900747299194336
25228,gamma,1,0.08800370246171951,0.022105678915977478,0.05460216477513313,0.09180697798728943
25228,gamma,2,-0.8468177318572998,-0.05611950159072876,0.1095116063952446,0.2617878317832947
25228,contrast,1,0.5281222462654114,0.004729971289634705,0.06513213366270065,0.04354015365242958
25228,contrast,2,-0.7698264122009277,0.018772006034851074,0.06316427141427994,0.24029488861560822
25228,color_cast,1,-0.577856719493866,0.006169110536575317,0.039592817425727844,0.08051229268312454
25228,color_cast,2,-0.48326054215431213,0.027959704399108887,0.06629270315170288,0.08627455681562424
25394,gamma,1,0.6939548850059509,0.043965697288513184,0.1387246549129486,0.37221992015838623
25394,gamma,2,-0.08764588832855225,0.08084762096405029,0.09853466600179672,0.7079716324806213
25394,contrast,1,0.6130478382110596,-0.03040635585784912,0.05668081343173981,0.4748549163341522
25394,contrast,2,-0.22500905394554138,-0.005864858627319336,0.038863714784383774,1.8418349027633667
25394,color_cast,1,0.656300961971283,-0.0494462251663208,0.05845038965344429,0.08427722752094269
25394,color_cast,2,0.5099053978919983,0.04313540458679199,0.03809436038136482,0.12443381547927856
25560,gamma,1,-0.8990617394447327,0.0316523015499115,0.09706293791532516,0.17192628979682922
25560,gamma,2,-0.7272379398345947,0.004155606031417847,0.06459175795316696,0.20314927399158478
25560,contrast,1,0.8319795727729797,-0.009076148271560669,0.06791725009679794,0.12494000047445297
25560,contrast,2,0.7698755860328674,0.022847920656204224,0.4680742621421814,0.2876531183719635
25560,color_cast,1,0.7296597361564636,0.0014411509037017822,0.04884932190179825,0.1168556660413742
25560,color_cast,2,0.5238282680511475,-0.00331994891166687,0.0907442718744278,0.15408802032470703
33221,gamma,1,0.27527058124542236,-0.059729576110839844,0.21009668707847595,0.22545112669467926
33221,gamma,2,0.5899745225906372,0.06221359968185425,0.18458734452724457,0.2198035717010498
33221,contrast,1,0.2861943542957306,-0.05553501844406128,0.08963306993246078,0.198417529463768
33221,contrast,2,0.871799647808075,-0.06343770027160645,0.155133917927742,0.2492222636938095
33221,color_cast,1,0.27520981431007385,-0.07513177394866943,0.12577509880065918,0.15464884042739868
33221,color_cast,2,0.49393540620803833,-0.0056906938552856445,0.10392827540636063,0.13467030227184296
33368,gamma,1,-0.9760839939117432,0.0157335102558136,0.17070013284683228,0.5237736105918884
33368,gamma,2,-0.5904165506362915,0.0133439302444458,0.15075311064720154,0.34516090154647827
33368,contrast,1,-0.7022578120231628,0.0531790554523468,0.07350540906190872,1.1863645315170288
33368,contrast,2,-0.7844170928001404,0.022823244333267212,0.07223835587501526,0.6123775243759155
33368,color_cast,1,0.7142683267593384,0.03217214345932007,0.1480441391468048,0.9633826017379761
33368,color_cast,2,0.5673403739929199,-0.004682034254074097,0.06398580223321915,0.42702415585517883
39405,gamma,1,0.7211185693740845,-0.007620811462402344,0.1655699610710144,0.47054147720336914
39405,gamma,2,-0.609476625919342,0.5383930206298828,0.30001452565193176,2.13566255569458
39405,contrast,1,-0.00017738256428856403,0.036490678787231445,0.09427764266729355,1.232429027557373
39405,contrast,2,0.20502133667469025,0.06245684623718262,0.19339236617088318,1.5425469875335693
39405,color_cast,1,0.3853122591972351,0.02174389362335205,0.10907462984323502,0.276014506816864
39405,color_cast,2,0.035174112766981125,0.027419686317443848,0.09149597585201263,0.4137739837169647
40036,gamma,1,0.25257229804992676,0.01885700225830078,0.061281900852918625,0.35664111375808716
40036,gamma,2,-0.3503662347793579,-0.029956668615341187,0.08806698024272919,0.4295211136341095
40036,contrast,1,0.34579843282699585,0.0017290711402893066,0.053495198488235474,0.5733587145805359
40036,contrast,2,0.16724784672260284,-0.002394735813140869,0.02093016728758812,0.7530984282493591
40036,color_cast,1,0.8163480162620544,-0.0005294084548950195,0.06730204820632935,0.7649239301681519
40036,color_cast,2,0.16339409351348877,-0.025012075901031494,0.08368658274412155,0.21808688342571259
42070,gamma,1,0.3813196122646332,-0.023686707019805908,0.0686526969075203,0.1131439357995987
42070,gamma,2,0.4076978266239166,0.010188698768615723,0.06848721951246262,0.10667934268712997
42070,contrast,1,0.2318112552165985,-0.009465336799621582,0.11050913482904434,0.9101245999336243
42070,contrast,2,-0.695092499256134,-0.0024073421955108643,0.28281906247138977,1.0022876262664795
42070,color_cast,1,-0.39432457089424133,-0.007915884256362915,0.06405526399612427,0.037246108055114746
42070,color_cast,2,0.05570966750383377,0.008587241172790527,0.2060568630695343,0.071329265832901
44260,gamma,1,-0.5270623564720154,-0.038829684257507324,0.10400073975324631,0.9794310331344604
44260,gamma,2,-0.5293879508972168,-0.006069481372833252,0.08729998767375946,0.8859312534332275
44260,contrast,1,-0.0940786749124527,0.0013428926467895508,0.0703652873635292,1.5832563638687134
44260,contrast,2,0.2713460326194763,-0.016878962516784668,0.26152119040489197,1.333747148513794
44260,color_cast,1,-0.7251778841018677,0.010555744171142578,0.06718502193689346,0.6333371996879578
44260,color_cast,2,-0.18500187993049622,-0.005427718162536621,0.09481369704008102,0.5303710103034973
46872,gamma,1,0.8353984951972961,0.010782003402709961,0.08445349335670471,0.15403962135314941
46872,gamma,2,0.8182896971702576,0.04767727851867676,0.0840485617518425,0.12991496920585632
46872,contrast,1,0.8820809721946716,0.047555387020111084,0.1778973937034607,0.21408462524414062
46872,contrast,2,-0.00851188600063324,-0.01692056655883789,0.07882384955883026,0.11736033111810684
46872,color_cast,1,-0.028149835765361786,-0.0029891133308410645,0.07710421085357666,0.14473506808280945
46872,color_cast,2,-0.3193338215351105,0.037724316120147705,0.13145732879638672,0.13383734226226807
50145,gamma,1,-0.1663661003112793,-0.017401933670043945,1.2975285053253174,0.7015913724899292
50145,gamma,2,0.22314780950546265,-0.048075318336486816,1.116858959197998,0.8734359741210938
50145,contrast,1,0.8852080702781677,-7.355213165283203e-05,0.13919948041439056,0.7414706349372864
50145,contrast,2,0.898897647857666,0.004115939140319824,0.05824483186006546,0.8613756895065308
50145,color_cast,1,0.874956488609314,0.026481151580810547,0.07984746247529984,1.4757548570632935
50145,color_cast,2,0.8866497278213501,-0.007473111152648926,0.03285302221775055,0.5870047211647034
51598,gamma,1,-0.05418844148516655,-0.0013905167579650879,0.066336490213871,0.1473499983549118
51598,gamma,2,-0.5953879952430725,0.01193949580192566,0.08147811144590378,0.2226318120956421
51598,contrast,1,0.026854105293750763,-0.007555067539215088,0.06514490395784378,0.1178634837269783
51598,contrast,2,-0.8918039798736572,0.0021791160106658936,0.05471519008278847,0.6104904413223267
51598,color_cast,1,-0.6942164897918701,0.028009533882141113,0.21372079849243164,0.2935461103916168
51598,color_cast,2,-0.7001802921295166,0.017067819833755493,0.1445508450269699,0.7132623195648193
54593,gamma,1,0.8252475261688232,0.03767150640487671,0.16906790435314178,0.2975947856903076
54593,gamma,2,0.19700887799263,-0.0006732940673828125,0.1817324161529541,0.3494442403316498
54593,contrast,1,-0.16600793600082397,-0.1199178695678711,0.2659139037132263,0.2906050980091095
54593,contrast,2,-0.6299189329147339,0.00313568115234375,0.04738939553499222,0.8831343650817871
54593,color_cast,1,0.12949690222740173,-0.14929169416427612,0.04930376261472702,0.5264841914176941
54593,color_cast,2,0.0786614939570427,-0.009981989860534668,0.05759438872337341,0.3500208258628845
57725,gamma,1,-0.5267748832702637,0.008680541068315506,0.18240270018577576,0.023227397352457047
57725,gamma,2,-0.7440229654312134,-0.00038054585456848145,0.16166971623897552,0.023202072829008102
57725,contrast,1,0.11486585438251495,-0.004552045837044716,0.0889798104763031,0.030036617070436478
57725,contrast,2,-0.9095673561096191,0.0006874147802591324,0.07847212255001068,0.0256055761128664
57725,color_cast,1,0.37706515192985535,-0.004664013162255287,0.07342591881752014,0.02459772117435932
57725,color_cast,2,-0.5175365805625916,0.0045440346002578735,0.08665068447589874,0.024228544905781746
57760,gamma,1,-0.27785739302635193,0.04409390687942505,0.08400477468967438,0.08194011449813843
57760,gamma,2,0.541183352470398,-0.016260147094726562,0.051707811653614044,0.3855709731578827
57760,contrast,1,0.6758639216423035,0.018249094486236572,0.07871025800704956,0.17276541888713837
57760,contrast,2,0.9506967067718506,-0.05848515033721924,0.15503528714179993,1.4698238372802734
57760,color_cast,1,0.7772195339202881,-0.0013625025749206543,0.06417447328567505,0.16643956303596497
57760,color_cast,2,0.3438205420970917,0.009846031665802002,0.08518877625465393,0.1646120548248291
58655,gamma,1,-0.2001749873161316,-0.005483776330947876,0.17807723581790924,0.08791661262512207
58655,gamma,2,-0.8698936700820923,-0.0030455216765403748,0.17100684344768524,0.04594631865620613
58655,contrast,1,-0.5772935748100281,0.03363954275846481,0.1909475028514862,0.0805438905954361
58655,contrast,2,-0.9699532985687256,0.003753580152988434,0.10476887971162796,0.03552977368235588
58655,color_cast,1,-0.10105594247579575,-0.007842227816581726,0.1008845716714859,0.08573903888463974
58655,color_cast,2,-0.789286196231842,-0.005570702254772186,0.09177844226360321,0.08193644136190414
60090,gamma,1,0.20594635605812073,0.004021108150482178,0.06655073910951614,0.1832449585199356
60090,gamma,2,0.31457769870758057,0.014651894569396973,0.09682194888591766,0.1732538789510727
60090,contrast,1,-0.4447268545627594,-0.07256388664245605,0.23836465179920197,0.1766505390405655
60090,contrast,2,0.9756594896316528,0.004382193088531494,0.13248366117477417,0.34714239835739136
60090,color_cast,1,-0.6778060793876648,0.013216614723205566,0.07293414324522018,0.2860281467437744
60090,color_cast,2,-0.47153133153915405,-0.02222156524658203,0.07893091440200806,0.2334764003753662
61268,gamma,1,-0.3899083137512207,0.007699131965637207,0.2827318608760834,0.5746808052062988
61268,gamma,2,-0.3467472195625305,0.04680216312408447,0.37356775999069214,1.8466861248016357
61268,contrast,1,0.680441677570343,0.014325439929962158,0.2255202680826187,0.6092237234115601
61268,contrast,2,-0.2854127883911133,0.06917417049407959,0.3003937005996704,0.8662300109863281
61268,color_cast,1,0.05401710048317909,0.02635633945465088,0.13593029975891113,0.32245463132858276
61268,color_cast,2,-0.1444622427225113,0.031020045280456543,0.1492973119020462,0.20494508743286133
63047,gamma,1,0.7210631370544434,0.027747690677642822,0.14053910970687866,0.3951977789402008
63047,gamma,2,0.34745222330093384,-0.007566392421722412,0.15573647618293762,0.2776751220226288
63047,contrast,1,0.3274585008621216,-0.05829340219497681,0.06313081085681915,0.37382981181144714
63047,contrast,2,-0.9399757385253906,0.04207122325897217,0.14788638055324554,0.4214167296886444
63047,color_cast,1,0.9215975999832153,0.019112765789031982,0.05268378555774689,0.5155138969421387
63047,color_cast,2,0.5426508784294128,0.03348582983016968,0.03441032022237778,0.46853041648864746
63154,gamma,1,0.8659184575080872,0.006815075874328613,0.12730622291564941,0.43830418586730957
63154,gamma,2,0.7713934779167175,0.004194825887680054,0.12337241321802139,0.3708212077617645
63154,contrast,1,0.3952263295650482,-0.033361971378326416,0.042759593576192856,0.3825213611125946
63154,contrast,2,0.3863459825515747,0.014090403914451599,0.03836601972579956,0.13262160122394562
63154,color_cast,1,0.46774226427078247,0.007570326328277588,0.05350756645202637,0.08896224945783615
63154,color_cast,2,-0.2975114583969116,-0.010302603244781494,0.061752308160066605,0.07532169669866562
65074,gamma,1,0.20541486144065857,-0.0020181238651275635,0.1047649160027504,0.06360775977373123
65074,gamma,2,0.4896262288093567,-0.003634810447692871,0.41731998324394226,0.07345902919769287
65074,contrast,1,-0.9250101447105408,0.000261455774307251,0.17356258630752563,0.11501353979110718
65074,contrast,2,-0.38423261046409607,-0.012861371040344238,0.13662835955619812,0.3503590226173401
65074,color_cast,1,0.4173319339752197,0.0021570920944213867,0.13726171851158142,0.19988839328289032
65074,color_cast,2,0.4667993485927582,-0.014698714017868042,0.24237705767154694,0.12221390753984451
65288,gamma,1,0.21966059505939484,0.012547612190246582,0.1416846215724945,0.49644240736961365
65288,gamma,2,-0.24829337000846863,-0.037442684173583984,0.13556979596614838,0.9284372329711914
65288,contrast,1,0.14496876299381256,-0.00022852420806884766,0.1553320288658142,0.2725772261619568
65288,contrast,2,-0.7085285782814026,0.08076000213623047,0.10791736096143723,0.8438187837600708
65288,color_cast,1,-0.7195267677307129,0.06291556358337402,0.04642297327518463,0.21742461621761322
65288,color_cast,2,0.4899933636188507,-0.02821063995361328,0.0762326642870903,0.25456348061561584
70229,gamma,1,-0.9281520247459412,-0.03552144765853882,0.17926770448684692,1.125113844871521
70229,gamma,2,-0.03737296909093857,-0.007746219635009766,0.05110824108123779,0.8992635011672974
70229,contrast,1,0.22777420282363892,0.011346101760864258,0.04683307930827141,1.1280711889266968
70229,contrast,2,-0.212152898311615,-0.025121212005615234,0.18058370053768158,0.549893319606781
70229,color_cast,1,-0.9299655556678772,0.0001544952392578125,0.06426896154880524,0.298347145318985
70229,color_cast,2,-0.4519456624984741,-0.0312807559967041,0.08379414677619934,0.3085537254810333
71451,gamma,1,-0.6277921199798584,-0.009230896830558777,0.35875728726387024,0.04037852957844734
71451,gamma,2,-0.3198901414871216,-0.00042563676834106445,0.16087307035923004,0.034974049776792526
71451,contrast,1,-0.25693419575691223,-0.005967184901237488,0.13593654334545135,0.023247387260198593
71451,contrast,2,0.2986997067928314,-0.001148417592048645,0.06198107451200485,0.016533875837922096
71451,color_cast,1,-0.3436395823955536,-0.004700273275375366,0.03461424261331558,0.024132754653692245
71451,color_cast,2,-0.236782506108284,0.0004105120897293091,0.06186937540769577,0.013852332718670368
73702,gamma,1,0.0405409075319767,0.019988954067230225,0.06922376900911331,0.22793467342853546
73702,gamma,2,-0.07472743093967438,0.006551027297973633,0.08372444659471512,0.12387877702713013
73702,contrast,1,-0.13945916295051575,0.010130167007446289,0.09382610023021698,0.2704136371612549
73702,contrast,2,0.6675859689712524,-0.03138941526412964,0.38464173674583435,0.35562610626220703
73702,color_cast,1,-0.02679714933037758,-0.011287868022918701,0.10156574845314026,0.20249396562576294
73702,color_cast,2,-0.2414741963148117,0.01195603609085083,0.11172529309988022,0.22010448575019836
75393,gamma,1,-0.6342567205429077,0.00418245792388916,0.24978405237197876,0.23843829333782196
75393,gamma,2,-0.6103488206863403,0.02295476198196411,0.14004360139369965,0.29106929898262024
75393,contrast,1,0.6877406239509583,-0.012587308883666992,0.07861186563968658,0.2658085227012634
75393,contrast,2,0.6175171136856079,-0.004869997501373291,0.10299430787563324,0.41380950808525085
75393,color_cast,1,-0.7528392672538757,0.0024853944778442383,0.07111766934394836,0.8909600377082825
75393,color_cast,2,-0.9255731105804443,-0.0314372181892395,0.10325446724891663,1.0598278045654297
78404,gamma,1,-0.1254839450120926,0.007384657859802246,0.14511629939079285,0.5587643980979919
78404,gamma,2,-0.5483881831169128,0.09724807739257812,0.21976874768733978,0.44155383110046387
78404,contrast,1,0.922778844833374,-0.04256272315979004,0.38276657462120056,0.486470490694046
78404,contrast,2,0.0695827528834343,0.10402488708496094,0.3158349096775055,0.7343940138816833
78404,color_cast,1,-0.0033214918803423643,-0.019983410835266113,0.10391754657030106,0.7943545579910278
78404,color_cast,2,0.34159940481185913,-0.01653766632080078,0.08202814310789108,0.46181219816207886
78959,gamma,1,-0.1864684671163559,-0.0022733211517333984,0.14611542224884033,0.38442790508270264
78959,gamma,2,0.02005525305867195,0.03966569900512695,0.2498830258846283,0.20782846212387085
78959,contrast,1,-0.5904800295829773,0.07193684577941895,0.38876187801361084,1.3974939584732056
78959,contrast,2,0.8613132834434509,-0.07242918014526367,0.24237021803855896,4.638373374938965
78959,color_cast,1,-0.29653725028038025,0.014034748077392578,0.11697714775800705,0.6879284381866455
78959,color_cast,2,-0.4039074182510376,-0.06275558471679688,0.14419661462306976,1.2886719703674316
79565,gamma,1,0.4188511073589325,-0.002495940774679184,0.0415584072470665,0.058843571692705154
79565,gamma,2,-0.13683269917964935,0.0038071870803833008,0.02306213602423668,0.06751684099435806
79565,contrast,1,0.046501319855451584,0.0031343400478363037,0.04895506054162979,0.036032166332006454
79565,contrast,2,-0.22107498347759247,0.001964312046766281,0.19448450207710266,0.026758279651403427
79565,color_cast,1,-0.6768998503684998,-0.0008980557322502136,0.08818335086107254,0.023122945800423622
79565,color_cast,2,0.2099076211452484,0.0031138136982917786,0.06906245648860931,0.015475018881261349
82812,gamma,1,-0.5443654656410217,-0.0340040922164917,0.39699262380599976,0.2439957708120346
82812,gamma,2,-0.02724878303706646,0.022341370582580566,0.4367055892944336,0.37175002694129944
82812,contrast,1,0.28039947152137756,-0.0002231001853942871,0.9049768447875977,0.1449064016342163
82812,contrast,2,0.10491155087947845,-0.019058585166931152,0.5545879602432251,0.42145979404449463
82812,color_cast,1,-0.25051915645599365,0.08036637306213379,0.09338126331567764,0.18624843657016754
82812,color_cast,2,-0.3024570345878601,-0.019215822219848633,0.023440301418304443,0.16273804008960724
83172,gamma,1,-0.5825756192207336,-0.0008037090301513672,0.07731082290410995,0.06809797137975693
83172,gamma,2,-0.1602431982755661,0.00262373685836792,0.0817614272236824,0.17700423300266266
83172,contrast,1,-0.05850987881422043,0.002938568592071533,0.11232548207044601,0.06688148528337479
83172,contrast,2,-0.09379927814006805,0.008183687925338745,0.047843217849731445,0.2327742874622345
83172,color_cast,1,-0.5998178124427795,0.00762486457824707,0.09234663844108582,0.20033706724643707
83172,color_cast,2,-0.42450687289237976,-0.007124990224838257,0.055985573679208755,0.26680585741996765
86755,gamma,1,-0.6108818650245667,0.0011677742004394531,0.0964992567896843,0.221993550658226
86755,gamma,2,-0.41790205240249634,-0.011499881744384766,0.10145688056945801,0.3463990390300751
86755,contrast,1,-0.17872023582458496,-0.022641777992248535,0.3672611713409424,0.08260806649923325
86755,contrast,2,0.05758284404873848,0.01185905933380127,0.04355399310588837,0.1528073102235794
86755,color_cast,1,-0.6927222609519958,-0.00030797719955444336,0.034167367964982986,0.0712757259607315
86755,color_cast,2,-0.8197757005691528,-0.0026404857635498047,0.16511447727680206,0.17350949347019196
88218,gamma,1,0.5297471284866333,-0.02206578105688095,0.07531385868787766,0.04488476738333702
88218,gamma,2,-0.867754340171814,0.007623501121997833,0.06148765608668327,0.03867166116833687
88218,contrast,1,-0.6334608793258667,-0.0013850703835487366,0.03265755623579025,0.04134979099035263
88218,contrast,2,0.4124150574207306,0.0054742321372032166,0.039847176522016525,0.041701555252075195
88218,color_cast,1,-0.5593181848526001,0.004552319645881653,0.08829383552074432,0.06754662096500397
88218,color_cast,2,-0.690584659576416,-0.01145365834236145,0.07745378464460373,0.03710394725203514
89556,gamma,1,0.08409635722637177,0.028758645057678223,0.27280381321907043,0.5110956430435181
89556,gamma,2,0.1935880333185196,0.022909462451934814,0.21472947299480438,0.4145008623600006
89556,contrast,1,-0.08483505249023438,-0.040151357650756836,0.37641972303390503,0.41949817538261414
89556,contrast,2,0.4672529399394989,-0.026343822479248047,0.23274734616279602,0.48411473631858826
89556,color_cast,1,0.7584320902824402,0.05146360397338867,0.09053487330675125,0.6163573265075684
89556,color_cast,2,0.12430519610643387,-0.017473459243774414,0.06127685680985451,0.42532873153686523
99054,gamma,1,0.23296001553535461,0.008031964302062988,0.2226838320493698,0.11078256368637085
99054,gamma,2,0.31749531626701355,-0.008842945098876953,0.17821146547794342,0.11809907108545303
99054,contrast,1,0.7492269277572632,-0.027274250984191895,0.2935294806957245,0.12364450097084045
99054,contrast,2,0.5678158402442932,-0.0043492913246154785,0.20980527997016907,0.1352064311504364
99054,color_cast,1,0.17663736641407013,0.021123051643371582,0.1671900600194931,0.09756933152675629
99054,color_cast,2,-0.03953937441110611,0.0139617919921875,0.0395437553524971,0.15188613533973694
101420,gamma,1,0.2623429298400879,-0.0003662407398223877,0.054950546473264694,0.10264712572097778
101420,gamma,2,0.36147335171699524,-0.0007060617208480835,0.0728166401386261,0.1217217743396759
101420,contrast,1,0.02993801422417164,-0.0065515488386154175,0.036265626549720764,0.5197914838790894
101420,contrast,2,-0.3573916554450989,0.004086047410964966,0.03760342299938202,0.4161217212677002
101420,color_cast,1,0.12350578606128693,-0.004162132740020752,0.05313326418399811,0.1378626823425293
101420,color_cast,2,0.6043781638145447,0.002901807427406311,0.06263002008199692,0.1709509938955307
102331,gamma,1,-0.09553001075983047,0.007946491241455078,0.041490063071250916,0.12423931062221527
102331,gamma,2,0.6752421259880066,0.008222028613090515,0.06337477266788483,0.06785456091165543
102331,contrast,1,-0.7989273071289062,0.007515236735343933,0.19529497623443604,0.28423207998275757
102331,contrast,2,-0.602940559387207,0.007254511117935181,0.11930041015148163,0.164310023188591
102331,color_cast,1,0.002470879815518856,-0.014187917113304138,0.08816136419773102,0.29992762207984924
102331,color_cast,2,-0.4660435616970062,0.007768586277961731,0.13465893268585205,0.20392972230911255
102356,gamma,1,0.21830064058303833,-0.004616886377334595,0.13319198787212372,0.048498690128326416
102356,gamma,2,0.8519744277000427,0.008340239524841309,0.2508763372898102,0.08326639980077744
102356,contrast,1,-0.2550661265850067,-0.003174424171447754,0.022982832044363022,0.0638638511300087
102356,contrast,2,0.09403499960899353,0.004373401403427124,0.11499001830816269,0.1734699308872223
102356,color_cast,1,-0.0016756420955061913,-0.015306830406188965,0.05481383204460144,0.05646449699997902
102356,color_cast,2,-0.6700444221496582,-0.00912792980670929,0.1320723295211792,0.0580144003033638
102805,gamma,1,0.20279276371002197,0.03751170635223389,0.1312178075313568,0.10348081588745117
102805,gamma,2,-0.3222852349281311,0.03223872184753418,0.1359628140926361,0.7615129351615906
102805,contrast,1,-0.23856118321418762,-0.02342700958251953,0.08088874816894531,1.1445354223251343
102805,contrast,2,0.23608417809009552,-0.0110245943069458,0.11577252298593521,0.6892157196998596
102805,color_cast,1,0.5694991946220398,-0.06411945819854736,0.06476934999227524,0.41809380054473877
102805,color_cast,2,-0.5259348750114441,0.009239554405212402,0.038204375654459,0.10279737412929535
105335,gamma,1,0.062056947499513626,0.009863018989562988,0.16774068772792816,0.5860001444816589
105335,gamma,2,-0.40228819847106934,0.023647308349609375,0.15641139447689056,0.868630588054657
105335,contrast,1,-0.21081991493701935,-0.022247910499572754,0.178908571600914,0.48168158531188965
105335,contrast,2,0.800434947013855,-0.07144200801849365,0.14705899357795715,2.670621871948242
105335,color_cast,1,0.765507161617279,0.015941381454467773,0.07698539644479752,0.4984161853790283
105335,color_cast,2,0.5886731743812561,-0.02950417995452881,0.06342966854572296,0.4488764703273773
115946,gamma,1,0.2426513433456421,0.02003037929534912,0.07890366017818451,0.5421924591064453
115946,gamma,2,0.00636627059429884,0.03538656234741211,0.06804469972848892,0.567276120185852
115946,contrast,1,0.25822365283966064,0.07249367237091064,0.08864688128232956,0.6653419733047485
115946,contrast,2,-0.5736805200576782,0.022130250930786133,0.05773045867681503,1.181424617767334
115946,color_cast,1,-0.5571262240409851,0.011201798915863037,0.09102971851825714,0.27038952708244324
115946,color_cast,2,-0.757551372051239,-0.04137307405471802,0.11906173080205917,0.4126061499118805
116479,gamma,1,-0.6530043482780457,-0.0004315674304962158,0.16391479969024658,0.3190712332725525
116479,gamma,2,-0.6460903286933899,0.02148902416229248,0.12335889786481857,0.3770677149295807
116479,contrast,1,-0.3635678291320801,0.01171809434890747,0.0702793151140213,0.24429094791412354
116479,contrast,2,0.5707404613494873,0.008433520793914795,0.10474046319723129,0.2772535979747772
116479,color_cast,1,-0.7309505939483643,-0.004615575075149536,0.16973042488098145,0.22296717762947083
116479,color_cast,2,0.11932738125324249,0.011882901191711426,0.12356001138687134,0.1965571641921997
124798,gamma,1,0.16574813425540924,0.04999136924743652,0.07282335311174393,0.08590467274188995
124798,gamma,2,-0.03381747007369995,0.029656052589416504,0.08440937846899033,0.16943831741809845
124798,contrast,1,0.8059587478637695,-0.06499719619750977,0.14369040727615356,0.0703519955277443
124798,contrast,2,0.7205716371536255,-0.004205226898193359,0.02585301175713539,0.3056204915046692
124798,color_cast,1,0.39475423097610474,-0.04102367162704468,0.07870041579008102,0.11144232749938965
124798,color_cast,2,0.509722888469696,0.042144715785980225,0.06283529847860336,0.15273544192314148
125778,gamma,1,0.8742051124572754,-0.038149237632751465,0.05429176241159439,0.40320244431495667
125778,gamma,2,0.9790019989013672,0.13482904434204102,0.09503654390573502,0.4441750943660736
125778,contrast,1,0.24105529487133026,0.02624678611755371,0.16770018637180328,0.6176019906997681
125778,contrast,2,-0.9686600565910339,0.04828524589538574,0.27445507049560547,1.1056129932403564
125778,color_cast,1,-0.491420179605484,-0.012442708015441895,0.06690831482410431,0.5699766874313354
125778,color_cast,2,-0.6672526597976685,-0.007950305938720703,0.07766290754079819,0.49596479535102844
130386,gamma,1,0.0048166243359446526,0.008629381656646729,0.06610693037509918,0.3253836929798126
130386,gamma,2,0.08055615425109863,0.01870417594909668,0.06037689372897148,0.6997175812721252
130386,contrast,1,-0.7521651983261108,-0.024709880352020264,0.04629566892981529,0.31761643290519714
130386,contrast,2,-0.4028671979904175,0.048477888107299805,0.12242071330547333,0.8411828279495239
130386,color_cast,1,-0.2725178897380829,0.012281596660614014,0.06802020221948624,0.29748111963272095
130386,color_cast,2,0.5864486694335938,-0.0028082728385925293,0.0428217276930809,0.45627227425575256
132329,gamma,1,-0.5303307771682739,-0.008880287408828735,0.13453863561153412,0.286109060049057
132329,gamma,2,-0.6133185625076294,0.007998168468475342,0.13096000254154205,0.23566488921642303
132329,contrast,1,0.3279869854450226,0.006154954433441162,0.0500744953751564,0.15882183611392975
132329,contrast,2,-0.3105153739452362,0.014065414667129517,0.04433654993772507,0.36061108112335205
132329,color_cast,1,0.010900432243943214,0.013160884380340576,0.08346595615148544,0.13073597848415375
132329,color_cast,2,-0.36493515968322754,0.013448894023895264,0.04226880148053169,0.1537822186946869
132703,gamma,1,0.3018070459365845,-0.0016887113451957703,0.18636731803417206,0.09247777611017227
132703,gamma,2,0.7961233854293823,0.003119528293609619,0.1728845238685608,0.08871942013502121
132703,contrast,1,-0.03629842400550842,-0.0008591189980506897,0.17383575439453125,0.09554882347583771
132703,contrast,2,-0.5757322907447815,0.005173981189727783,0.22088944911956787,0.20416218042373657
132703,color_cast,1,0.5511283874511719,-0.005679488182067871,0.07500684261322021,0.05113695189356804
132703,color_cast,2,0.8923054337501526,-0.005147486925125122,0.06045176461338997,0.06344635039567947
134886,gamma,1,-0.1390092521905899,-0.003112316131591797,0.07053413987159729,1.0373215675354004
134886,gamma,2,-0.43277713656425476,-0.015573859214782715,0.14539703726768494,0.7085819840431213
134886,contrast,1,0.3615874648094177,-0.03770267963409424,0.076621875166893,0.4193646311759949
134886,contrast,2,-0.14000627398490906,0.004993319511413574,0.18659552931785583,0.6460295915603638
134886,color_cast,1,0.21895739436149597,0.02043282985687256,0.09691545367240906,0.7595121264457703
134886,color_cast,2,-0.40980494022369385,0.01630270481109619,0.2397635579109192,0.3442930281162262
136466,gamma,1,-0.838222324848175,-0.015076369047164917,0.13691972196102142,0.12880240380764008
136466,gamma,2,-0.8645471334457397,-0.0025702714920043945,0.08655957132577896,0.12036058306694031
136466,contrast,1,0.3814348876476288,0.03650844097137451,0.12686274945735931,0.07228285074234009
136466,contrast,2,0.5983778238296509,-0.001280277967453003,0.07194209843873978,0.11997081339359283
136466,color_cast,1,0.2579134702682495,-0.004640489816665649,0.07177245616912842,0.11326896399259567
136466,color_cast,2,0.6859825253486633,0.00428752601146698,0.041460275650024414,0.14131078124046326
144932,gamma,1,0.06579889357089996,0.006031155586242676,0.10834697633981705,0.2833941876888275
144932,gamma,2,-0.38619133830070496,-0.0027909278869628906,0.0687926635146141,0.5824133157730103
144932,contrast,1,-0.9493473768234253,0.0007745027542114258,0.2029632180929184,0.7803133726119995
144932,contrast,2,-0.484921395778656,0.012058019638061523,0.12611514329910278,2.061225175857544
144932,color_cast,1,-0.7277042865753174,0.0019723176956176758,0.06649141013622284,0.9688687324523926
144932,color_cast,2,-0.18430234491825104,-0.001255631446838379,0.0872354581952095,0.8376541137695312
145665,gamma,1,0.04784107953310013,-0.01867997646331787,0.059501346200704575,0.04247024655342102
145665,gamma,2,0.14279213547706604,-0.0026110559701919556,0.12401030957698822,0.013242766261100769
145665,contrast,1,-0.32599684596061707,0.0034328848123550415,0.11198164522647858,0.03892422839999199
145665,contrast,2,0.5812613368034363,-0.01937808096408844,0.05933596193790436,0.07537759840488434
145665,color_cast,1,0.6537044644355774,-0.01862873136997223,0.06528481841087341,0.06114989146590233
145665,color_cast,2,0.016943413764238358,-0.00609549880027771,0.05065299943089485,0.07965520024299622
147223,gamma,1,-0.3190452754497528,-0.019909143447875977,0.21332146227359772,0.28911909461021423
147223,gamma,2,0.15196287631988525,-0.015229225158691406,0.2560352683067322,0.11523415148258209
147223,contrast,1,0.8785427212715149,-0.009405851364135742,0.1316205859184265,0.8948304057121277
147223,contrast,2,0.9867247939109802,-0.011128485202789307,0.12237680703401566,0.8285619616508484
147223,color_cast,1,0.36116525530815125,-0.009198307991027832,0.06629062443971634,0.2701849341392517
147223,color_cast,2,0.6229206919670105,0.017716586589813232,0.015442870557308197,0.2821905016899109
153632,gamma,1,-0.23528419435024261,0.007887154817581177,0.08939438313245773,0.2169511467218399
153632,gamma,2,0.34066644310951233,0.005241870880126953,0.08629818260669708,0.38549208641052246
153632,contrast,1,0.8181679248809814,0.0019192695617675781,0.09366552531719208,0.22600574791431427
153632,contrast,2,0.8600485920906067,-0.022135794162750244,0.1337672770023346,1.0867738723754883
153632,color_cast,1,-0.007827190682291985,0.0025836825370788574,0.08716777712106705,0.23420391976833344
153632,color_cast,2,0.8235765099525452,-0.00016182661056518555,0.053685083985328674,0.17205068469047546
155443,gamma,1,0.5625007748603821,0.00123518705368042,0.17054302990436554,0.3650446832180023
155443,gamma,2,0.5366548895835876,-0.07363772392272949,0.24230633676052094,1.7583309412002563
155443,contrast,1,0.6566765904426575,-0.008885443210601807,0.2731306254863739,1.0481421947479248
155443,contrast,2,0.7897661924362183,-0.057605743408203125,0.17132826149463654,3.3399569988250732
155443,color_cast,1,-0.46626609563827515,0.006388247013092041,0.029476124793291092,0.572540819644928
155443,color_cast,2,-0.8167772889137268,0.014998763799667358,0.07691682130098343,0.49659237265586853
159458,gamma,1,-0.7758126258850098,-0.01657208800315857,0.029239067807793617,0.2126079946756363
159458,gamma,2,-0.5385997891426086,-0.02906128764152527,0.03784746304154396,0.3170858323574066
159458,contrast,1,0.7380849123001099,-0.011023789644241333,0.12434663623571396,0.4908949136734009
159458,contrast,2,0.5778661370277405,-0.011856824159622192,0.13205170631408691,0.42109519243240356
159458,color_cast,1,0.3047967255115509,0.0005654692649841309,0.03440159559249878,0.20638157427310944
159458,color_cast,2,0.9359654784202576,-0.01849430799484253,0.06446674466133118,0.41306912899017334
160556,gamma,1,0.12801368534564972,0.08741295337677002,0.15188081562519073,0.5214787125587463
160556,gamma,2,-0.42528754472732544,0.09623277187347412,0.0717882439494133,1.4200106859207153
160556,contrast,1,0.6281411647796631,-0.006389260292053223,0.07326028496026993,0.28862085938453674
160556,contrast,2,0.4764776825904846,-0.04175233840942383,0.11793138086795807,0.718193769454956
160556,color_cast,1,0.11675667017698288,-0.022895634174346924,0.08922586590051651,0.7985556125640869
160556,color_cast,2,-0.08772245794534683,0.001735091209411621,0.10985046625137329,0.7191169857978821
163155,gamma,1,0.9343500733375549,0.010407134890556335,0.13050901889801025,0.06793725490570068
163155,gamma,2,-0.1865665465593338,-0.008734196424484253,0.1633860021829605,0.08533167093992233
163155,contrast,1,0.599471390247345,0.0019094794988632202,0.048190876841545105,0.07262074947357178
163155,contrast,2,-0.6634932160377502,-0.009463824331760406,0.16519027948379517,0.0595618337392807
163155,color_cast,1,0.4369193911552429,0.0024365782737731934,0.12355994433164597,0.031866542994976044
163155,color_cast,2,-0.7950515747070312,0.0007943212985992432,0.2040255069732666,0.028542490676045418
163611,gamma,1,-0.5110949277877808,-0.003921866416931152,0.13242925703525543,0.48058122396469116
163611,gamma,2,-0.15828335285186768,0.0012028217315673828,0.1608424037694931,0.2937025725841522
163611,contrast,1,-0.8136218190193176,0.0008256733417510986,0.21450430154800415,0.12537768483161926
163611,contrast,2,0.013603802770376205,0.015104293823242188,0.10349159687757492,0.2700580954551697
163611,color_cast,1,0.22285397350788116,0.02324160933494568,0.14679525792598724,0.1223481073975563
163611,color_cast,2,0.8054786324501038,-0.02215436100959778,0.11270803213119507,0.2590644955635071
163682,gamma,1,-0.18469513952732086,0.030537158250808716,0.09300510585308075,0.07523241639137268
163682,gamma,2,0.07738112658262253,-0.012542665004730225,0.06243249773979187,0.2316504865884781
163682,contrast,1,0.6697155237197876,-0.01895579695701599,0.12272314727306366,0.1524340659379959
163682,contrast,2,0.23616193234920502,0.0018974244594573975,0.08232336491346359,0.3522012233734131
163682,color_cast,1,-0.32961705327033997,-0.002455472946166992,0.04761141166090965,0.13517186045646667
163682,color_cast,2,0.13368792831897736,2.568960189819336e-05,0.04852617532014847,0.12659253180027008
165336,gamma,1,0.983020544052124,0.0011746808886528015,0.14781144261360168,0.14877092838287354
165336,gamma,2,0.9120287299156189,-0.013164982199668884,0.1473817378282547,0.11794726550579071
165336,contrast,1,0.9650468230247498,-0.0209517702460289,0.16410739719867706,0.14706867933273315
165336,contrast,2,-0.8897038698196411,-0.01563374698162079,0.12718191742897034,0.14529713988304138
165336,color_cast,1,0.5352297425270081,0.007733136415481567,0.023348428308963776,0.10068289935588837
165336,color_cast,2,0.4718363285064697,-0.006590522825717926,0.04709034413099289,0.09523427486419678
166259,gamma,1,0.1413949429988861,0.009123742580413818,0.30297747254371643,0.23807066679000854
166259,gamma,2,0.048230089247226715,0.04201027750968933,0.33337390422821045,0.12105725705623627
166259,contrast,1,0.6387503743171692,-0.0008082985877990723,0.2239387482404709,0.13196296989917755
166259,contrast,2,-0.9011300206184387,-0.002025395631790161,0.16701218485832214,0.2535059452056885
166259,color_cast,1,-0.3176710605621338,-0.003154844045639038,0.06157764792442322,0.33219245076179504
166259,color_cast,2,-0.7527213096618652,0.0063886940479278564,0.0715494230389595,0.24465370178222656
170670,gamma,1,-0.2038779854774475,-0.002905726432800293,0.0864650309085846,0.3378731608390808
170670,gamma,2,-0.46551576256752014,0.013980388641357422,0.10513265430927277,0.324063777923584
170670,contrast,1,-0.9423218369483948,0.03722202777862549,0.10088518261909485,0.3166939318180084
170670,contrast,2,0.18379051983356476,-0.049541592597961426,0.0542454719543457,0.7650617361068726
170670,color_cast,1,-0.18447564542293549,0.026946842670440674,0.12051175534725189,0.23605209589004517
170670,color_cast,2,-0.48041990399360657,0.0194394588470459,0.13232764601707458,0.26428115367889404
180751,gamma,1,0.17172779142856598,0.05158805847167969,0.07471323013305664,0.4379218518733978
180751,gamma,2,0.46678638458251953,-0.0017180442810058594,0.11140628904104233,0.342718243598938
180751,contrast,1,0.36212119460105896,-0.0176277756690979,0.05594553425908089,0.1585988700389862
180751,contrast,2,-0.8097800016403198,0.038276076316833496,0.14768286049365997,0.419936865568161
180751,color_cast,1,0.3638289272785187,-0.005202293395996094,0.08533202111721039,0.12336309254169464
180751,color_cast,2,0.5474287867546082,0.019642531871795654,0.05965213105082512,0.14496836066246033
181859,gamma,1,0.05398280918598175,-0.001602962613105774,0.07619509845972061,0.05875638499855995
181859,gamma,2,-0.12205508351325989,-0.002015039324760437,0.07678907364606857,0.04559280350804329
181859,contrast,1,0.14019262790679932,0.003801211714744568,0.08782144635915756,0.09810550510883331
181859,contrast,2,-0.6683229804039001,-0.004285603761672974,0.060300473123788834,0.07085748016834259
181859,color_cast,1,0.8397462368011475,-0.01313510537147522,0.05748555064201355,0.08252321183681488
181859,color_cast,2,0.9764626026153564,0.009419411420822144,0.09912995249032974,0.2071722149848938
182923,gamma,1,0.3315129280090332,-0.0066977739334106445,0.054574158042669296,0.06551369279623032
182923,gamma,2,-0.2520691156387329,0.01863187551498413,0.1295444816350937,0.1274414211511612
182923,contrast,1,-0.5358144044876099,-0.013420164585113525,0.058579813688993454,0.1426655501127243
182923,contrast,2,-0.15660342574119568,-0.04673302173614502,0.060638174414634705,0.265839546918869
182923,color_cast,1,0.3880249261856079,0.012133419513702393,0.0493399053812027,0.24804696440696716
182923,color_cast,2,0.8551702499389648,0.009373188018798828,0.0809440165758133,0.1022101566195488
183246,gamma,1,0.6931686401367188,0.026920080184936523,0.15883900225162506,1.152478814125061
183246,gamma,2,-0.6207088232040405,0.11823177337646484,0.309516578912735,0.9387153387069702
183246,contrast,1,0.3711857795715332,-0.04168045520782471,0.2818537652492523,0.7745693922042847
183246,contrast,2,-0.743068277835846,0.03301680088043213,0.16408368945121765,1.3514100313186646
183246,color_cast,1,-0.9549413919448853,-0.0014529228210449219,0.4008493721485138,1.073543667793274
183246,color_cast,2,-0.6316041350364685,0.023683547973632812,0.17323100566864014,0.7688646912574768
183675,gamma,1,-0.261350154876709,-0.008826658129692078,0.05533755198121071,0.033553704619407654
183675,gamma,2,0.38065069913864136,-0.030606791377067566,0.06870190054178238,0.05526174232363701
183675,contrast,1,0.2642321288585663,-0.013975903391838074,0.07878973335027695,0.05237063020467758
183675,contrast,2,0.32825592160224915,0.004749119281768799,0.07901748269796371,0.12922805547714233
183675,color_cast,1,0.9423058032989502,-0.004063531756401062,0.032911889255046844,0.032202184200286865
183675,color_cast,2,0.5626271963119507,-0.00018496811389923096,0.050171125680208206,0.02069028839468956
186980,gamma,1,0.7751154899597168,0.049488067626953125,0.14486072957515717,1.0006035566329956
186980,gamma,2,0.7118989825248718,0.004273772239685059,0.15382860600948334,0.8084976077079773
186980,contrast,1,0.7642558813095093,0.016381263732910156,0.07013207674026489,1.477467656135559
186980,contrast,2,-0.31445661187171936,0.04581952095031738,0.12371128797531128,1.5806925296783447
186980,color_cast,1,0.07010756433010101,0.0014749765396118164,0.07663551717996597,0.4550207257270813
186980,color_cast,2,-0.8468965291976929,0.009456872940063477,0.0744432657957077,0.40884217619895935
193884,gamma,1,-0.73638916015625,-0.0016929805278778076,0.0591549426317215,0.03945261985063553
193884,gamma,2,-0.7439973950386047,0.004040095955133438,0.06743133813142776,0.02660306915640831
193884,contrast,1,-0.9744430184364319,-0.00025307387113571167,0.09906233102083206,0.008009077981114388
193884,contrast,2,-0.1601753830909729,0.003221588209271431,0.0933324471116066,0.008115735836327076
193884,color_cast,1,0.555054247379303,0.0013098977506160736,0.07219742238521576,0.023591723293066025
193884,color_cast,2,0.6101988554000854,-0.00011370889842510223,0.0544138140976429,0.015623601153492928
193926,gamma,1,-0.3004119396209717,-0.04047966003417969,0.08505921065807343,0.3662586212158203
193926,gamma,2,0.29366856813430786,0.011905193328857422,0.06532710790634155,0.6609472632408142
193926,contrast,1,0.43815842270851135,0.016490459442138672,0.0632355809211731,0.4216427803039551
193926,contrast,2,-0.5752492547035217,-0.006153225898742676,0.10987883061170578,1.6086208820343018
193926,color_cast,1,-0.6898764371871948,0.025414228439331055,0.027925992384552956,0.28925466537475586
193926,color_cast,2,-0.4257795810699463,0.027959346771240234,0.04716116935014725,0.18034322559833527
196009,gamma,1,-0.7145562767982483,-0.0010769367218017578,0.11191090196371078,0.044909026473760605
196009,gamma,2,-0.45504701137542725,0.01788190007209778,0.10534411668777466,0.07576743513345718
196009,contrast,1,-0.4099630117416382,0.007918566465377808,0.101993627846241,0.5196722745895386
196009,contrast,2,-0.38105592131614685,-0.019694864749908447,0.05701689422130585,1.7430908679962158
196009,color_cast,1,-0.673909068107605,-0.008523538708686829,0.050506673753261566,0.020875530317425728
196009,color_cast,2,0.6280198693275452,-0.0037043094635009766,0.09446871280670166,0.04109015688300133
197796,gamma,1,0.4050598740577698,0.0020155906677246094,0.06497292220592499,0.13118445873260498
197796,gamma,2,0.01683427020907402,-0.01146012544631958,0.12529835104942322,0.2731192409992218
197796,contrast,1,-0.49525097012519836,0.006302535533905029,0.1840086728334427,0.18808342516422272
197796,contrast,2,-0.7800140380859375,0.01931130886077881,0.18591515719890594,1.1015267372131348
197796,color_cast,1,0.24915654957294464,-0.033464670181274414,0.13662463426589966,0.14307236671447754
197796,color_cast,2,0.7993172407150269,0.00404202938079834,0.02516218088567257,0.20155389606952667
200667,gamma,1,0.1717163473367691,-0.007396623492240906,0.160608172416687,0.08358979970216751
200667,gamma,2,0.39097657799720764,-0.005271457135677338,0.12100990116596222,0.04324784129858017
200667,contrast,1,0.7185077667236328,0.001512080430984497,0.08977096527814865,0.16921816766262054
200667,contrast,2,0.3222738802433014,0.0003266632556915283,0.13094915449619293,0.11905783414840698
200667,color_cast,1,0.35209494829177856,-0.0044851154088974,0.05064504221081734,0.040133602917194366
200667,color_cast,2,0.1678697019815445,-0.0015971660614013672,0.043735992163419724,0.044927097856998444
200961,gamma,1,-0.5771439671516418,0.0004190206527709961,0.06190687417984009,0.9237759113311768
200961,gamma,2,-0.46554479002952576,-0.006489872932434082,0.0736904889345169,0.7351534962654114
200961,contrast,1,0.967119574546814,-0.04731982946395874,0.10804596543312073,0.6037978529930115
200961,contrast,2,0.9722567796707153,-0.02521061897277832,0.07765040546655655,1.761287808418274
200961,color_cast,1,0.6994541883468628,-0.024711251258850098,0.0246746763586998,3.0555684566497803
200961,color_cast,2,0.7390294671058655,0.028026342391967773,0.040281206369400024,1.216313362121582
201418,gamma,1,0.13307075202465057,-0.047562360763549805,0.034932754933834076,1.0662386417388916
201418,gamma,2,0.5557680130004883,0.020410537719726562,0.09523674100637436,1.7139915227890015
201418,contrast,1,0.05517801642417908,0.059505343437194824,0.06204155832529068,1.2615959644317627
201418,contrast,2,-0.3752651810646057,0.034497976303100586,0.07648070156574249,2.560255527496338
201418,color_cast,1,-0.6808153986930847,0.034329771995544434,0.03652836009860039,1.0034140348434448
201418,color_cast,2,-0.49476683139801025,0.011386871337890625,0.02872929722070694,0.7424222826957703
201775,gamma,1,0.021065380424261093,0.0010747909545898438,0.03806021809577942,0.10018769651651382
201775,gamma,2,0.13663983345031738,0.0009640902280807495,0.04702134430408478,0.0801539272069931
201775,contrast,1,0.8135238885879517,-0.001258760690689087,0.06568336486816406,0.060555800795555115
201775,contrast,2,0.11264107376337051,0.015323728322982788,0.03772072494029999,0.09844871610403061
201775,color_cast,1,0.5476821064949036,-0.0003784596920013428,0.047525063157081604,0.023360325023531914
201775,color_cast,2,0.3534795641899109,-0.006681755185127258,0.061571504920721054,0.12707510590553284
203095,gamma,1,0.7706552147865295,0.020606935024261475,0.06063907966017723,0.2946053743362427
203095,gamma,2,0.9167022109031677,0.008387088775634766,0.06574904173612595,0.1998588889837265
203095,contrast,1,-0.11049477756023407,-0.012379676103591919,0.16871249675750732,0.29281336069107056
203095,contrast,2,0.03462414816021919,0.0035684704780578613,0.05340348929166794,0.9186556935310364
203095,color_cast,1,0.648702085018158,-0.001713871955871582,0.05359005928039551,0.30082693696022034
203095,color_cast,2,-0.19063587486743927,0.011120051145553589,0.12103845179080963,0.16410906612873077
210855,gamma,1,0.38860082626342773,-0.009037792682647705,0.07256072014570236,0.1430576890707016
210855,gamma,2,0.3887822926044464,-0.0007677972316741943,0.05851701647043228,0.22113056480884552
210855,contrast,1,0.8834642171859741,0.004065006971359253,0.04601437970995903,0.10934228450059891
210855,contrast,2,-0.011084267869591713,0.0075547099113464355,0.0490640290081501,0.31089428067207336
210855,color_cast,1,0.6747109293937683,-0.00794917345046997,0.08626395463943481,0.1505572348833084
210855,color_cast,2,0.994266927242279,0.0029434263706207275,0.14276154339313507,0.3449438214302063
213605,gamma,1,0.5243807435035706,0.027803361415863037,0.06181493401527405,0.2109633982181549
213605,gamma,2,-0.5619110465049744,-0.021351724863052368,0.07777208834886551,0.12202350795269012
213605,contrast,1,0.8826941251754761,0.0010351836681365967,0.09386714547872543,0.27311789989471436
213605,contrast,2,0.7577800750732422,-0.011761307716369629,0.12022222578525543,0.591249942779541
213605,color_cast,1,0.8141850233078003,0.022453248500823975,0.17156119644641876,0.4442921280860901
213605,color_cast,2,-0.31726428866386414,-0.011987149715423584,0.10399952530860901,0.12856532633304596
214703,gamma,1,0.2618544101715088,0.005162239074707031,0.05815757066011429,0.09223250299692154
214703,gamma,2,0.6372758746147156,0.019076526165008545,0.07410839945077896,1.0885447263717651
214703,contrast,1,-0.4730456471443176,-0.015649378299713135,0.10304151475429535,1.3212730884552002
214703,contrast,2,-0.41363903880119324,0.009520173072814941,0.0986650213599205,0.9981062412261963
214703,color_cast,1,-0.2704187035560608,-0.0004127025604248047,0.03696862608194351,0.3222646415233612
214703,color_cast,2,-0.3684658706188202,-0.019892990589141846,0.07537934184074402,0.376278281211853
217060,gamma,1,0.6545240879058838,0.0018437542021274567,0.04174681380391121,0.025110146030783653
217060,gamma,2,0.6805846095085144,0.0009436272084712982,0.02624247968196869,0.014073438942432404
217060,contrast,1,-0.8351826667785645,0.0031572282314300537,0.059508539736270905,0.006884633097797632
217060,contrast,2,-0.24442337453365326,0.0006369743496179581,0.15986691415309906,0.02005688287317753
217060,color_cast,1,0.1586364209651947,0.00018024630844593048,0.05098991096019745,0.05073557049036026
217060,color_cast,2,0.38103368878364563,-0.008513715118169785,0.2191004604101181,0.020226975902915
217425,gamma,1,-0.013122672215104103,-0.0003440454602241516,0.07000406831502914,0.025165829807519913
217425,gamma,2,0.7142188549041748,0.005423225462436676,0.08978725969791412,0.039513926953077316
217425,contrast,1,0.6154573559761047,-0.009133651852607727,0.0710848867893219,0.037945907562971115
217425,contrast,2,-0.7971879839897156,-0.001290585845708847,0.10813234746456146,0.0512898713350296
217425,color_cast,1,-0.821677029132843,0.001491885632276535,0.05799727141857147,0.020911436527967453
217425,color_cast,2,-0.535807192325592,0.008657906204462051,0.05724871903657913,0.028403405100107193
218997,gamma,1,-0.196694478392601,0.012570619583129883,0.047244466841220856,2.145700693130493
218997,gamma,2,-0.10328330844640732,-0.00617218017578125,0.08556944131851196,1.1961982250213623
218997,contrast,1,-0.24546052515506744,-0.0007071495056152344,0.08440228551626205,3.720561981201172
218997,contrast,2,-0.6793771386146545,0.09794425964355469,0.10010740906000137,3.862468719482422
218997,color_cast,1,0.05935608968138695,-0.010764360427856445,0.06903409212827682,5.082603931427002
218997,color_cast,2,-0.811699390411377,0.013267993927001953,0.06768155843019485,3.6508445739746094
220584,gamma,1,0.7811222076416016,-0.0040182918310165405,0.13267189264297485,0.06745685636997223
220584,gamma,2,0.9409439563751221,0.0034837424755096436,0.16027846932411194,0.07026676833629608
220584,contrast,1,-0.6265261769294739,-0.0032216832041740417,0.0734185129404068,0.1300477534532547
220584,contrast,2,-0.1732175648212433,0.0019195228815078735,0.060623716562986374,0.18081432580947876
220584,color_cast,1,-0.052415281534194946,0.0022688135504722595,0.08426598459482193,0.10842873156070709
220584,color_cast,2,-0.670194149017334,-0.00797385722398758,0.05494367331266403,0.29483872652053833
228981,gamma,1,-0.6843875050544739,-0.013933181762695312,0.10802634060382843,0.016123885288834572
228981,gamma,2,0.14275948703289032,0.01591646671295166,0.07139716297388077,0.011914524249732494
228981,contrast,1,-0.8341159820556641,0.0065041109919548035,0.10223034024238586,0.012746662832796574
228981,contrast,2,-0.41731736063957214,0.004933342337608337,0.18045148253440857,0.11147428303956985
228981,color_cast,1,-0.38173407316207886,0.005514286458492279,0.12368517369031906,0.0255311019718647
228981,color_cast,2,-0.7022535800933838,0.0009554177522659302,0.05822425335645676,0.028957944363355637
229553,gamma,1,-0.6392807364463806,-0.004014953970909119,0.06600812077522278,0.08153825998306274
229553,gamma,2,-0.9201791882514954,0.005562342703342438,0.10026780515909195,0.021159730851650238
229553,contrast,1,-0.24053490161895752,-0.0022553279995918274,0.20294301211833954,0.037688881158828735
229553,contrast,2,0.7670590877532959,-0.0037190020084381104,0.09759994596242905,0.10324949026107788
229553,color_cast,1,-0.5308607220649719,0.0074257999658584595,0.06622122973203659,0.030523279681801796
229553,color_cast,2,-0.2972017526626587,0.0018637999892234802,0.051050152629613876,0.07120513170957565
229601,gamma,1,-0.6177302002906799,-0.012659549713134766,0.1121111661195755,0.19183467328548431
229601,gamma,2,-0.16626185178756714,-0.01031041145324707,0.14008402824401855,0.20341874659061432
229601,contrast,1,-0.37648069858551025,-0.011969983577728271,0.07829200476408005,0.1605147421360016
229601,contrast,2,0.6268988251686096,-0.01168811321258545,0.045452263206243515,0.26188138127326965
229601,color_cast,1,-0.17939706146717072,0.006511092185974121,0.041034214198589325,0.36542659997940063
229601,color_cast,2,-0.20490330457687378,0.002937912940979004,0.04387512058019638,0.44076988101005554
232348,gamma,1,-0.6057289242744446,0.021771639585494995,0.19215188920497894,0.12194093316793442
232348,gamma,2,-0.35435572266578674,-0.0078524649143219,0.15113823115825653,0.07423138618469238
232348,contrast,1,0.4454745352268219,-0.003568887710571289,0.16802199184894562,0.16661414504051208
232348,contrast,2,-0.008353733457624912,-0.006634145975112915,0.19902746379375458,0.09579313546419144
232348,color_cast,1,-0.08229941874742508,0.001438334584236145,0.0707816556096077,0.050261564552783966
232348,color_cast,2,-0.40582892298698425,-0.0010906755924224854,0.09323430061340332,0.0501314178109169
235778,gamma,1,-0.9308202266693115,0.026545286178588867,0.22076857089996338,1.6735846996307373
235778,gamma,2,-0.8832704424858093,-0.031442880630493164,0.10579676926136017,1.6273927688598633
235778,contrast,1,-0.8072324991226196,0.022659897804260254,0.1000695526599884,1.5500739812850952
235778,contrast,2,-0.3521287739276886,0.08371639251708984,0.03960340842604637,4.18584680557251
235778,color_cast,1,-0.530245304107666,0.0011622905731201172,0.14039601385593414,0.9310036897659302
235778,color_cast,2,-0.4668276011943817,0.06194424629211426,0.22457444667816162,1.0204112529754639
237316,gamma,1,0.6507187485694885,-0.0007978454232215881,0.17872370779514313,0.10383279621601105
237316,gamma,2,-0.7134953737258911,-0.0100727379322052,0.07954201102256775,0.09471055865287781
237316,contrast,1,-0.9112571477890015,0.010577872395515442,0.2935999929904938,0.07299332320690155
237316,contrast,2,-0.9308230876922607,0.0063597336411476135,0.14962439239025116,0.044937580823898315
237316,color_cast,1,-0.9352655410766602,-0.00962529331445694,0.1962355077266693,0.05140518397092819
237316,color_cast,2,-0.6965760588645935,0.01512676477432251,0.4560733437538147,0.0722484365105629
249219,gamma,1,-0.2612084448337555,0.0004610717296600342,0.1450585126876831,0.03221313655376434
249219,gamma,2,-0.2656938135623932,-0.010149210691452026,0.22149573266506195,0.050786249339580536
249219,contrast,1,0.721256673336029,0.008391313254833221,0.12613368034362793,0.09190405905246735
249219,contrast,2,0.6684113144874573,-0.02264353632926941,0.12946109473705292,0.07039251923561096
249219,color_cast,1,-0.39525553584098816,0.009258776903152466,0.05623328313231468,0.11834392696619034
249219,color_cast,2,-0.8718419671058655,0.012959316372871399,0.07843489944934845,0.08526244759559631
250766,gamma,1,-0.8159070014953613,0.08053901791572571,0.10124563425779343,0.15779152512550354
250766,gamma,2,0.3337242603302002,0.00041472911834716797,0.09884224086999893,0.26621443033218384
250766,contrast,1,0.3188192546367645,-0.01695030927658081,0.0628422275185585,0.29947951436042786
250766,contrast,2,-0.6022859811782837,0.029452383518218994,0.3192198872566223,0.7115059494972229
250766,color_cast,1,-0.4628424346446991,-0.04214736819267273,0.1692514270544052,0.08271963894367218
250766,color_cast,2,0.7580892443656921,0.03197580575942993,0.11547726392745972,0.6016663312911987
253819,gamma,1,-0.3542121648788452,0.02474743127822876,1.2400176525115967,0.04873054102063179
253819,gamma,2,-0.45100653171539307,0.00378253310918808,1.384629487991333,0.07886593043804169
253819,contrast,1,0.599696934223175,-0.0067042335867881775,0.2723211348056793,0.03594054654240608
253819,contrast,2,0.9492460489273071,-0.010375678539276123,0.34180355072021484,0.06808707118034363
253819,color_cast,1,0.11407428234815598,-0.0003975033760070801,0.14276963472366333,0.03277316689491272
253819,color_cast,2,-0.7399621605873108,-0.006085500121116638,0.11559750884771347,0.026539858430624008
255165,gamma,1,-0.9369531273841858,0.013049006462097168,0.06364953517913818,0.3955588638782501
255165,gamma,2,0.18816062808036804,0.04555058479309082,0.0403178371489048,0.36402827501296997
255165,contrast,1,-0.5266693234443665,-0.027570247650146484,0.03738407790660858,0.34683892130851746
255165,contrast,2,-0.7785367965698242,0.02930307388305664,0.04272459074854851,2.201772928237915
255165,color_cast,1,0.4519922137260437,0.00953817367553711,0.052289508283138275,0.22986185550689697
255165,color_cast,2,-0.6823546886444092,-0.04605567455291748,0.07284042239189148,0.6071265935897827
259597,gamma,1,-0.4120948016643524,-0.004522264003753662,0.10459265857934952,0.25960707664489746
259597,gamma,2,-0.8601638078689575,0.05629301071166992,0.12706230580806732,0.25755763053894043
259597,contrast,1,0.15421943366527557,0.0042182207107543945,0.06412038207054138,0.211533784866333
259597,contrast,2,0.18770238757133484,0.07017970085144043,0.047898415476083755,0.4234272241592407
259597,color_cast,1,-0.8726009130477905,0.046468257904052734,0.08125994354486465,0.17009855806827545
259597,color_cast,2,0.29221656918525696,0.059133708477020264,0.07623115926980972,0.2530197501182556
260105,gamma,1,-0.5932630896568298,-0.0072062015533447266,0.07792694121599197,0.23045875132083893
260105,gamma,2,-0.5484799146652222,-0.011251509189605713,0.11912714689970016,0.4706856310367584
260105,contrast,1,-0.662712037563324,-0.007764041423797607,0.08779863268136978,0.6654527187347412
260105,contrast,2,-0.130841463804245,0.003703594207763672,0.045463819056749344,1.3687880039215088
260105,color_cast,1,-0.2236197590827942,-0.010460376739501953,0.043453898280858994,0.17321661114692688
260105,color_cast,2,0.7858237624168396,-0.030841946601867676,0.04201233759522438,0.251428484916687
267670,gamma,1,-0.08040333539247513,0.00625290721654892,0.07530654966831207,0.026139242574572563
267670,gamma,2,-0.1799805909395218,0.008007846772670746,0.07024707645177841,0.05630839243531227
267670,contrast,1,0.2645152807235718,0.004746437072753906,0.0692446231842041,0.06802507489919662
267670,contrast,2,-0.07854773849248886,-0.0019005686044692993,0.20713278651237488,0.06963720172643661
267670,color_cast,1,-0.5996676683425903,-0.0013252198696136475,0.03883366286754608,0.1267717480659485
267670,color_cast,2,0.6677702069282532,-0.0015831738710403442,0.05797215551137924,0.10111023485660553
268729,gamma,1,0.12580934166908264,0.005010545253753662,0.06218002364039421,0.28700900077819824
268729,gamma,2,-0.11744224280118942,0.03461861610412598,0.0557427853345871,0.2123723179101944
268729,contrast,1,0.5511195063591003,-0.007137656211853027,0.1197318360209465,1.9790314435958862
268729,contrast,2,-0.8984009623527527,-0.0162966251373291,0.1169346421957016,3.0439107418060303
268729,color_cast,1,0.9093894958496094,0.07182043790817261,0.11271747201681137,1.6598528623580933
268729,color_cast,2,0.7498177289962769,0.010843038558959961,0.0601961687207222,0.8430594801902771
271471,gamma,1,0.19905993342399597,0.005289435386657715,0.18195560574531555,0.059871040284633636
271471,gamma,2,-0.30589473247528076,-0.007080972194671631,0.1788717359304428,0.14404471218585968
271471,contrast,1,0.34284088015556335,-0.009809434413909912,0.04645666107535362,0.1350586861371994
271471,contrast,2,-0.5007238388061523,-0.009183764457702637,0.06709328293800354,1.7427858114242554
271471,color_cast,1,0.16873261332511902,0.004649162292480469,0.03997620940208435,0.16508010029792786
271471,color_cast,2,0.8541046380996704,0.023875772953033447,0.04519227147102356,0.2926652431488037
273551,gamma,1,0.7808855175971985,-0.0008864551782608032,0.13130828738212585,0.21304620802402496
273551,gamma,2,0.13753052055835724,0.0010825544595718384,0.1624889373779297,0.16918636858463287
273551,contrast,1,0.7400907874107361,0.0041493624448776245,0.07920122146606445,0.1103975921869278
273551,contrast,2,0.4456089437007904,-0.0045760273933410645,0.04185492917895317,0.10724162310361862
273551,color_cast,1,0.5687742829322815,0.0014768093824386597,0.10993760824203491,0.1114611104130745
273551,color_cast,2,0.7619832754135132,0.015493303537368774,0.09224005788564682,0.12645362317562103
273711,gamma,1,-0.2652278244495392,-0.04875004291534424,0.10494201630353928,0.6597486734390259
273711,gamma,2,0.023727603256702423,-0.10573172569274902,0.11480268090963364,0.686095654964447
273711,contrast,1,0.5435665845870972,-0.06783342361450195,0.14024198055267334,0.40480929613113403
273711,contrast,2,0.42584720253944397,-0.20400094985961914,0.18075117468833923,1.9225304126739502
273711,color_cast,1,-0.44830963015556335,-0.021454215049743652,0.05149293318390846,0.483818918466568
273711,color_cast,2,-0.5150855779647827,-0.040080904960632324,0.054874222725629807,0.4428855776786804
275727,gamma,1,0.3156685531139374,0.007262915372848511,0.27294641733169556,0.06616897135972977
275727,gamma,2,0.10525257885456085,0.007537811994552612,0.23555442690849304,0.10877297073602676
275727,contrast,1,0.35268962383270264,-0.0035049021244049072,0.12110411375761032,0.17178049683570862
275727,contrast,2,-0.2390012890100479,0.004037752747535706,0.09389281272888184,0.13142262399196625
275727,color_cast,1,0.19390958547592163,-0.005955152213573456,0.10163860768079758,0.06199682131409645
275727,color_cast,2,-0.2397770881652832,0.0008042007684707642,0.13573680818080902,0.06526879221200943
280779,gamma,1,-0.14075177907943726,0.0016903579235076904,0.2256782054901123,0.15487495064735413
280779,gamma,2,0.19642961025238037,-0.006151854991912842,0.2625572383403778,0.4136444628238678
280779,contrast,1,0.8669806718826294,-0.0028079450130462646,0.19699858129024506,0.11948767304420471
280779,contrast,2,0.7786519527435303,0.0009637773036956787,0.0936325341463089,0.29441896080970764
280779,color_cast,1,-0.423838347196579,0.009850025177001953,0.11622793972492218,0.20474806427955627
280779,color_cast,2,0.49546191096305847,-0.004840284585952759,0.07242242246866226,0.10041952133178711
282037,gamma,1,0.3822771906852722,0.046961069107055664,0.08686471730470657,1.3407113552093506
282037,gamma,2,0.36807557940483093,0.039511919021606445,0.1589624136686325,0.6002410650253296
282037,contrast,1,0.508240818977356,-0.03659677505493164,0.07378808408975601,5.157248020172119
282037,contrast,2,0.26977071166038513,0.021450519561767578,0.07842979580163956,6.516804218292236
282037,color_cast,1,0.34310171008110046,-0.01726841926574707,0.07441836595535278,4.015045166015625
282037,color_cast,2,-0.11783057451248169,-0.04169058799743652,0.10835478454828262,3.1700849533081055
283268,gamma,1,0.25120609998703003,0.0158500075340271,0.2129036784172058,0.3526327908039093
283268,gamma,2,-0.8213341236114502,0.006608426570892334,0.17201866209506989,0.3595082759857178
283268,contrast,1,0.28830865025520325,0.0026636719703674316,0.05677898973226547,0.1597379893064499
283268,contrast,2,-0.0031359069980680943,-0.017532527446746826,0.028643207624554634,0.6674090027809143
283268,color_cast,1,0.6339331269264221,-0.01932424306869507,0.2772693336009979,0.3118298053741455
283268,color_cast,2,0.6838337182998657,0.0031716227531433105,0.29432734847068787,0.25455522537231445
284279,gamma,1,0.730412483215332,-0.0007211938500404358,0.05594021454453468,0.050364185124635696
284279,gamma,2,0.037173669785261154,-0.014458723366260529,0.038688257336616516,0.04824681580066681
284279,contrast,1,0.8257336020469666,0.006423071026802063,0.0599466897547245,0.1304222196340561
284279,contrast,2,0.19685383141040802,0.006829958409070969,0.028893006965517998,0.08774542808532715
284279,color_cast,1,-0.2983958423137665,-0.0015274956822395325,0.08265036344528198,0.06390992552042007
284279,color_cast,2,-0.4363313317298889,0.0006644055247306824,0.10887318849563599,0.09061365574598312
286849,gamma,1,-0.45960575342178345,-0.0029937326908111572,0.16125746071338654,0.16912320256233215
286849,gamma,2,0.2087971270084381,0.005794256925582886,0.18219298124313354,0.3941018879413605
286849,contrast,1,-0.9785440564155579,0.025196492671966553,0.2582591474056244,0.3177296221256256
286849,contrast,2,0.87712162733078,0.02672475576400757,0.0732126459479332,1.04630446434021
286849,color_cast,1,0.14356108009815216,-0.005623489618301392,0.03430072218179703,0.22272805869579315
286849,color_cast,2,-0.31952229142189026,0.0155256986618042,0.1326775699853897,1.1293079853057861
289415,gamma,1,-0.6514586806297302,-0.0019131898880004883,0.10288237780332565,0.7304021120071411
289415,gamma,2,-0.0315580889582634,0.024904966354370117,0.0845462754368782,0.9257888793945312
289415,contrast,1,-0.5601961612701416,0.0018391609191894531,0.07143517583608627,0.20998474955558777
289415,contrast,2,0.8422919511795044,0.009884953498840332,0.05543744936585426,1.130990982055664
289415,color_cast,1,-0.5492448806762695,-0.011794328689575195,0.14173102378845215,0.5322813987731934
289415,color_cast,2,-0.2830895185470581,-0.07443106174468994,0.14214052259922028,0.36794087290763855
292155,gamma,1,-0.6527944207191467,0.020787358283996582,0.21808253228664398,0.4647531509399414
292155,gamma,2,-0.7266887426376343,-0.012383818626403809,0.200648233294487,0.5982393622398376
292155,contrast,1,0.08675586432218552,-0.0034444332122802734,0.07658781856298447,0.5198966264724731
292155,contrast,2,0.660171389579773,0.026232153177261353,0.09595874696969986,0.3855002820491791
292155,color_cast,1,-0.9589748978614807,0.013046547770500183,0.1451575607061386,0.3048664927482605
292155,color_cast,2,-0.3531170189380646,0.007558852434158325,0.13980482518672943,0.1471918523311615
295420,gamma,1,0.7391626834869385,-0.01870107650756836,0.07074874639511108,0.5519195199012756
295420,gamma,2,0.40628454089164734,0.03309065103530884,0.10806149989366531,1.630825161933899
295420,contrast,1,-0.16613085567951202,-0.0006175339221954346,0.06400977820158005,0.1725529134273529
295420,contrast,2,-0.49483755230903625,0.015266895294189453,0.27369576692581177,0.20455074310302734
295420,color_cast,1,-0.013218321837484837,0.015087336301803589,0.06300072371959686,0.19072364270687103
295420,color_cast,2,-0.09067914634943008,-0.00244179368019104,0.13266313076019287,0.12310230731964111
297681,gamma,1,-0.7280479669570923,0.010723181068897247,0.0658082365989685,0.07752373069524765
297681,gamma,2,0.36144331097602844,0.021143034100532532,0.05709576979279518,0.13065694272518158
297681,contrast,1,0.6631169319152832,0.006614565849304199,0.07379045337438583,0.02590862102806568
297681,contrast,2,-0.7764099836349487,0.004287362098693848,0.20250999927520752,0.02769544906914234
297681,color_cast,1,0.1129927933216095,0.009059414267539978,0.05520941689610481,0.05028170719742775
297681,color_cast,2,0.6289440989494324,0.009486198425292969,0.0580325610935688,0.06193513795733452
301376,gamma,1,-0.4196828305721283,-0.007846474647521973,0.4522762894630432,0.2827732264995575
301376,gamma,2,-0.0807875320315361,0.02541661262512207,0.10423234850168228,0.23450222611427307
301376,contrast,1,-0.0578029528260231,-0.04079413414001465,0.14822357892990112,0.29303252696990967
301376,contrast,2,-0.3634631037712097,-0.05131053924560547,0.460500568151474,0.27571722865104675
301376,color_cast,1,0.052307918667793274,0.02665269374847412,0.12585113942623138,0.19079716503620148
301376,color_cast,2,0.80293869972229,-0.05055403709411621,0.03805841878056526,0.32283347845077515
302760,gamma,1,-0.3627355396747589,0.009303160011768341,0.07181569933891296,0.06688689440488815
302760,gamma,2,-0.7843503952026367,0.008612111210823059,0.04123697802424431,0.09286530315876007
302760,contrast,1,0.7460982203483582,-0.008952125906944275,0.08947133272886276,0.06570687144994736
302760,contrast,2,0.7701623439788818,0.000547267496585846,0.11601902544498444,0.08949607610702515
302760,color_cast,1,0.8784893155097961,-0.006133429706096649,0.08094961941242218,0.04945467785000801
302760,color_cast,2,0.38753318786621094,0.0018056854605674744,0.04569510743021965,0.0652012899518013
308793,gamma,1,-0.7210368514060974,0.008250772953033447,0.08193084597587585,0.43083348870277405
308793,gamma,2,-0.438616007566452,0.027095675468444824,0.1195966824889183,0.4500063359737396
308793,contrast,1,-0.3547528386116028,0.010251641273498535,0.12326526641845703,1.030011773109436
308793,contrast,2,-0.4760950803756714,-0.014641642570495605,0.21656858921051025,1.196907639503479
308793,color_cast,1,0.10598117858171463,0.008206784725189209,0.05438774451613426,0.3951084017753601
308793,color_cast,2,0.39954355359077454,0.01136857271194458,0.05579962208867073,0.5275000333786011
309964,gamma,1,0.8909429311752319,0.01629948616027832,0.3053992986679077,0.1380690187215805
309964,gamma,2,0.40587133169174194,0.05393075942993164,0.23530980944633484,0.11156441271305084
309964,contrast,1,-0.4445433020591736,-0.008732765913009644,0.15108880400657654,0.09474803507328033
309964,contrast,2,0.2251468002796173,0.00864836573600769,0.027559630572795868,0.23026512563228607
309964,color_cast,1,-0.631164014339447,-0.011078715324401855,0.0842164158821106,0.2095525711774826
309964,color_cast,2,-0.41865074634552,0.009823590517044067,0.04692857712507248,0.3411012887954712
311950,gamma,1,-0.7510973811149597,0.0034539997577667236,0.2502143979072571,0.5580563545227051
311950,gamma,2,-0.8386765122413635,-0.019880205392837524,0.9731853604316711,0.4141789972782135
311950,contrast,1,-0.614910364151001,0.024218901991844177,0.12396256625652313,0.5796189308166504
311950,contrast,2,-0.7959386706352234,0.007622271776199341,0.16701655089855194,0.42435458302497864
311950,color_cast,1,-0.3447592854499817,0.018216103315353394,0.12309351563453674,0.356743723154068
311950,color_cast,2,-0.42543190717697144,0.005596384406089783,0.04694215953350067,0.25775817036628723
314294,gamma,1,0.764819860458374,0.0018030256032943726,0.04077206924557686,0.4587700664997101
314294,gamma,2,0.19039024412631989,-0.005952924489974976,0.05450934171676636,0.533805787563324
314294,contrast,1,0.7584596276283264,0.007057443261146545,0.07198221236467361,0.33625301718711853
314294,contrast,2,0.8327916264533997,-0.007420331239700317,0.10293079167604446,0.6996018886566162
314294,color_cast,1,0.7945052981376648,0.007956378161907196,0.11549617350101471,0.02479250356554985
314294,color_cast,2,-0.11909010261297226,0.008236795663833618,0.057344019412994385,0.10133833438158035
317024,gamma,1,0.2861911654472351,-0.0005236342549324036,0.08425141870975494,0.02891559898853302
317024,gamma,2,0.5520018339157104,0.0002472400665283203,0.1070278212428093,0.0598481185734272
317024,contrast,1,0.4702267050743103,0.0010362528264522552,0.05340494588017464,0.023414773866534233
317024,contrast,2,-0.2927605211734772,0.0007092542946338654,0.04553450644016266,0.015129242092370987
317024,color_cast,1,-0.2750301659107208,0.00039343535900115967,0.06234438344836235,0.014086034148931503
317024,color_cast,2,0.3080262243747711,-0.00034269317984580994,0.10964639484882355,0.012501899152994156
321333,gamma,1,0.18731991946697235,0.008707195520401001,0.09197551757097244,0.11563022434711456
321333,gamma,2,-0.4145145118236542,-0.008985847234725952,0.11162736266851425,0.08909628540277481
321333,contrast,1,0.736212968826294,0.0013488233089447021,0.04819243773818016,0.08517470210790634
321333,contrast,2,-0.7461188435554504,0.013111889362335205,0.0842166319489479,0.5787893533706665
321333,color_cast,1,-0.06425020843744278,0.004612147808074951,0.10909771919250488,0.199173241853714
321333,color_cast,2,-0.20171698927879333,0.013495594263076782,0.07029946148395538,0.16115407645702362
336587,gamma,1,0.45355165004730225,0.002342432737350464,0.07950340211391449,0.35268333554267883
336587,gamma,2,0.5339475870132446,0.004675924777984619,0.10161228477954865,0.21991997957229614
336587,contrast,1,0.10846474021673203,0.004935115575790405,0.3267008066177368,0.7291987538337708
336587,contrast,2,0.7546516060829163,0.00154075026512146,0.10412139445543289,0.30122220516204834
336587,color_cast,1,-0.005876736715435982,0.007021844387054443,0.053427960723638535,0.6826658248901367
336587,color_cast,2,0.563956618309021,-0.014958322048187256,0.05519000440835953,0.4964851140975952
343706,gamma,1,-0.3126171827316284,0.013989835977554321,0.0914136990904808,0.5053684711456299
343706,gamma,2,-0.30600258708000183,0.003473222255706787,0.05621297284960747,0.4218059778213501
343706,contrast,1,0.16383366286754608,-0.01615452766418457,0.11648128181695938,0.32342880964279175
343706,contrast,2,-0.6459982395172119,0.003397136926651001,0.05401896312832832,0.1450911909341812
343706,color_cast,1,0.2384885847568512,0.007206052541732788,0.059616394340991974,0.2961578071117401
343706,color_cast,2,-0.023987844586372375,0.010944098234176636,0.17064571380615234,0.256802499294281
345252,gamma,1,-0.11532416939735413,-0.004603952169418335,0.0915394052863121,0.15848787128925323
345252,gamma,2,0.058353062719106674,0.021522819995880127,0.0750695988535881,0.1718897521495819
345252,contrast,1,-0.03605968505144119,-0.006754934787750244,0.06798476725816727,0.24970577657222748
345252,contrast,2,-0.4779239296913147,-0.013048112392425537,0.11797139048576355,0.6468759179115295
345252,color_cast,1,-0.2726609408855438,-0.006907761096954346,0.07391750067472458,0.18278560042381287
345252,color_cast,2,-0.5001119375228882,0.02688455581665039,0.07813183218240738,0.058704305440187454
348481,gamma,1,0.3454858362674713,0.015918195247650146,0.06788020581007004,0.2395251840353012
348481,gamma,2,-0.19653695821762085,-0.019759714603424072,0.06362223625183105,0.2601029574871063
348481,contrast,1,-0.002362208440899849,0.017683804035186768,0.1269248127937317,0.53886479139328
348481,contrast,2,-0.33052876591682434,0.0500255823135376,0.0727631226181984,0.7220483422279358
348481,color_cast,1,-0.8243346810340881,-0.012220323085784912,0.09160154312849045,0.35655561089515686
348481,color_cast,2,-0.7039908170700073,5.424022674560547e-06,0.08905988186597824,0.316847026348114
351810,gamma,1,0.3268875479698181,-0.08274233341217041,0.128776416182518,0.5310091972351074
351810,gamma,2,-0.4725181758403778,0.07133948802947998,0.1634112298488617,1.0252388715744019
351810,contrast,1,0.5298386216163635,-0.1302032470703125,0.10260821878910065,0.716401994228363
351810,contrast,2,-0.26784536242485046,-0.01413869857788086,0.06025318801403046,1.1497761011123657
351810,color_cast,1,0.2669878602027893,0.02397632598876953,0.04472203552722931,0.6628444790840149
351810,color_cast,2,-0.38937070965766907,0.06085360050201416,0.0492229126393795,0.43621519207954407
352900,gamma,1,0.9308168292045593,0.036602795124053955,0.15008987486362457,0.18638475239276886
352900,gamma,2,0.06636208295822144,-0.005103707313537598,0.21547187864780426,0.16554497182369232
352900,contrast,1,-0.9623794555664062,0.03787738084793091,0.2240917980670929,0.5854933261871338
352900,contrast,2,-0.6697275638580322,0.001311957836151123,0.12632998824119568,0.2182043343782425
352900,color_cast,1,-0.086711086332798,-0.006072282791137695,0.043146636337041855,0.20138628780841827
352900,color_cast,2,0.8624897003173828,-0.008177518844604492,0.10852034389972687,0.7918455600738525
355817,gamma,1,0.35436251759529114,-0.003534764051437378,0.08437756448984146,0.2892003357410431
355817,gamma,2,0.5709925889968872,0.03334248065948486,0.11578679084777832,0.14496652781963348
355817,contrast,1,0.26409029960632324,-0.03379896283149719,0.09394118934869766,0.2754862308502197
355817,contrast,2,-0.16450545191764832,0.01529693603515625,0.2747560143470764,0.11469418555498123
355817,color_cast,1,0.18037760257720947,-0.018506675958633423,0.1013605073094368,0.13872618973255157
355817,color_cast,2,0.07253849506378174,-0.03650972247123718,0.06869900971651077,0.07946261018514633
359219,gamma,1,0.3822849690914154,-0.009434640407562256,0.03958972543478012,0.3568999469280243
359219,gamma,2,0.6952579021453857,0.033158719539642334,0.022369788959622383,0.274860143661499
359219,contrast,1,0.09738198667764664,0.005378007888793945,0.04830126836895943,0.38435789942741394
359219,contrast,2,0.583591639995575,-0.0075827836990356445,0.17499010264873505,0.7278527021408081
359219,color_cast,1,-0.06836296617984772,0.011820971965789795,0.01414576917886734,0.13768567144870758
359219,color_cast,2,0.05354113504290581,-0.001835167407989502,0.026787038892507553,0.16997040808200836
360097,gamma,1,0.45333296060562134,0.02026212215423584,0.6717885136604309,1.0932494401931763
360097,gamma,2,0.09925422072410583,0.03847646713256836,0.2912934422492981,1.7140648365020752
360097,contrast,1,-0.8348793983459473,-0.04907500743865967,0.258555144071579,0.8492878079414368
360097,contrast,2,0.7964563369750977,-0.038010239601135254,0.19121024012565613,1.4135187864303589
360097,color_cast,1,0.06213795021176338,-0.006908535957336426,0.04781331121921539,0.7989304065704346
360097,color_cast,2,-0.3352663218975067,0.006890296936035156,0.04163304343819618,0.8707742691040039
361551,gamma,1,0.39256829023361206,-0.08406698703765869,0.07556567341089249,0.20390303432941437
361551,gamma,2,0.2379768341779709,0.00042623281478881836,0.07852938771247864,0.29333925247192383
361551,contrast,1,-0.6864562630653381,-0.05287986993789673,0.07995646446943283,0.5353824496269226
361551,contrast,2,-0.11003106087446213,0.02618718147277832,0.054921943694353104,0.6181966066360474
361551,color_cast,1,0.14046163856983185,0.04002314805984497,0.05819571390748024,0.192412868142128
361551,color_cast,2,0.6789403557777405,0.019357502460479736,0.06751943379640579,0.17654013633728027
361586,gamma,1,-0.02403835766017437,0.024631857872009277,0.20564843714237213,0.6863899827003479
361586,gamma,2,-0.12811800837516785,0.08780503273010254,0.24862352013587952,0.8331406116485596
361586,contrast,1,0.9722945690155029,-0.002005338668823242,0.3890710771083832,0.45713406801223755
361586,contrast,2,0.4663841724395752,-0.08892881870269775,0.32031863927841187,0.6607881784439087
361586,color_cast,1,0.12353203445672989,0.018216848373413086,0.15855363011360168,0.275566041469574
361586,color_cast,2,0.1073828935623169,-0.02533853054046631,0.11323966085910797,0.3933834433555603
365208,gamma,1,0.6897075176239014,-0.043490052223205566,0.45887520909309387,0.21800430119037628
365208,gamma,2,0.9065894484519958,-0.04062843322753906,0.5219162106513977,0.11695046722888947
365208,contrast,1,-0.2643433213233948,0.0043444037437438965,0.3704555630683899,0.5815234184265137
365208,contrast,2,0.0015559515450149775,-0.05581235885620117,0.20556248724460602,0.2107292115688324
365208,color_cast,1,0.8711541891098022,0.006097316741943359,0.21920107305049896,0.2928105890750885
365208,color_cast,2,-0.06553620100021362,-0.007563948631286621,0.1722673624753952,0.1602701097726822
365886,gamma,1,0.676030158996582,0.012121036648750305,0.289663165807724,0.06678309291601181
365886,gamma,2,0.9129620790481567,0.01136849820613861,0.3112078011035919,0.11016939580440521
365886,contrast,1,0.8302556276321411,-0.021472051739692688,0.264447420835495,0.1572728157043457
365886,contrast,2,0.016749242320656776,-0.0022479891777038574,0.03622998669743538,0.44022104144096375
365886,color_cast,1,0.8286473751068115,-0.00306093692779541,0.11611659824848175,0.1607058048248291
365886,color_cast,2,-0.22562016546726227,0.004687517881393433,0.06418635696172714,0.20863083004951477
369323,gamma,1,-0.1666862964630127,-0.0019577741622924805,0.024065861478447914,1.0790756940841675
369323,gamma,2,-0.024884609505534172,-0.002838611602783203,0.020698314532637596,1.2819479703903198
369323,contrast,1,0.27627450227737427,-0.0034935474395751953,0.22658543288707733,1.7626776695251465
369323,contrast,2,-0.5320510268211365,0.045847415924072266,0.13190175592899323,3.0023787021636963
369323,color_cast,1,0.1369142234325409,-0.013654232025146484,0.024439340457320213,1.587465524673462
369323,color_cast,2,-0.3477920591831207,-0.007186174392700195,0.050745487213134766,1.7951711416244507
369442,gamma,1,0.94804447889328,0.04733991622924805,0.06345304846763611,0.20535479485988617
369442,gamma,2,0.6212201714515686,-0.014273285865783691,0.10140500962734222,0.07851780951023102
369442,contrast,1,-0.4357759952545166,-0.024950623512268066,0.11844971776008606,0.10856881737709045
369442,contrast,2,-0.7104744911193848,0.06928789615631104,0.08692696690559387,0.5374696254730225
369442,color_cast,1,-0.10322918742895126,0.050972819328308105,0.04831133782863617,0.30321699380874634
369442,color_cast,2,0.337613582611084,-0.031842172145843506,0.07939335703849792,0.2054133117198944
378244,gamma,1,0.7126607298851013,-0.007378831505775452,0.44840461015701294,0.10460345447063446
378244,gamma,2,0.9220958352088928,0.0170411616563797,0.37099775671958923,0.13450221717357635
378244,contrast,1,-0.15311706066131592,0.010398179292678833,0.11030011624097824,0.048513494431972504
378244,contrast,2,0.047068703919649124,0.006139799952507019,0.027600904926657677,0.0832449421286583
378244,color_cast,1,-0.17576515674591064,-0.0011259615421295166,0.056278277188539505,0.14704188704490662
378244,color_cast,2,0.9634811878204346,-0.02002963423728943,0.1770491600036621,0.2123199850320816
382088,gamma,1,0.3836387097835541,-0.005708333104848862,0.07437583804130554,0.016739076003432274
382088,gamma,2,0.15973128378391266,-0.0019073151051998138,0.07079870253801346,0.016217654570937157
382088,contrast,1,0.2108994871377945,-0.004895392805337906,0.21514901518821716,0.026291195303201675
382088,contrast,2,0.862072765827179,-0.006835125386714935,0.07985419780015945,0.08594021201133728
382088,color_cast,1,0.35798415541648865,-0.004135433584451675,0.0800735279917717,0.01867486909031868
382088,color_cast,2,0.26694828271865845,-0.00014701485633850098,0.06909815222024918,0.010397550649940968
389804,gamma,1,-0.11536543071269989,0.01993723213672638,0.18953059613704681,0.3109617829322815
389804,gamma,2,0.4925200939178467,-0.01353105902671814,0.09268209338188171,0.21824172139167786
389804,contrast,1,0.13358855247497559,0.0032297223806381226,0.10443791002035141,0.15379838645458221
389804,contrast,2,0.24699625372886658,-0.0085735023021698,0.10448329150676727,0.44355684518814087
389804,color_cast,1,0.1913733333349228,-0.009267523884773254,0.18300952017307281,0.07034555077552795
389804,color_cast,2,0.2504538595676422,-0.0012009590864181519,0.20918302237987518,0.05534346401691437
396580,gamma,1,0.23433415591716766,0.0004194527864456177,0.07926414161920547,0.08739902824163437
396580,gamma,2,-0.3185082674026489,0.0027821213006973267,0.10156669467687607,0.028836175799369812
396580,contrast,1,0.7898056507110596,-0.003049105405807495,0.10768486559391022,0.24234025180339813
396580,contrast,2,0.8609896302223206,-0.011165082454681396,0.1447124183177948,1.1455703973770142
396580,color_cast,1,-0.12622031569480896,0.00414663553237915,0.06548452377319336,0.048911046236753464
396580,color_cast,2,-0.10547414422035217,-0.003119230270385742,0.08010195940732956,0.09152133017778397
398438,gamma,1,0.7953017354011536,0.015712201595306396,0.3463338613510132,0.19145511090755463
398438,gamma,2,0.7774055004119873,0.0060172975063323975,0.2796825170516968,0.19460299611091614
398438,contrast,1,0.95010906457901,-0.0007450580596923828,0.1445775181055069,0.18133702874183655
398438,contrast,2,0.9083734750747681,-0.007581084966659546,0.19351238012313843,0.2911739647388458
398438,color_cast,1,0.5902175903320312,0.013254106044769287,0.12317640334367752,0.10114181786775589
398438,color_cast,2,-0.6066644191741943,-0.005175352096557617,0.1517832726240158,0.14125609397888184
403122,gamma,1,-0.04158172011375427,-0.01918613910675049,0.09247929602861404,0.06525932997465134
403122,gamma,2,-0.8468977212905884,-0.029527008533477783,0.20110264420509338,0.13992297649383545
403122,contrast,1,-0.3052530586719513,0.04922527074813843,0.12222809344530106,0.2108050286769867
403122,contrast,2,0.787238597869873,-0.029277145862579346,0.10189298540353775,0.16309916973114014
403122,color_cast,1,0.6338706612586975,-0.020966649055480957,0.05334901437163353,0.2851558327674866
403122,color_cast,2,0.05930770933628082,-0.015008091926574707,0.0791618749499321,0.1925072818994522
403817,gamma,1,0.7664403319358826,-0.006003886461257935,0.13628067076206207,0.12057192623615265
403817,gamma,2,0.4945884644985199,0.00346451997756958,0.11213254928588867,0.13823102414608002
403817,contrast,1,-0.7170807719230652,0.0020627975463867188,0.06400631368160248,0.17396748065948486
403817,contrast,2,0.841182291507721,0.023665934801101685,0.11893431842327118,0.20084117352962494
403817,color_cast,1,0.8683463931083679,-0.001577526330947876,0.0773896723985672,0.16604037582874298
403817,color_cast,2,0.7287238836288452,-0.018658041954040527,0.11529945582151413,0.19305162131786346
409268,gamma,1,0.06871876120567322,-0.006378330290317535,0.0927739217877388,0.18737758696079254
409268,gamma,2,0.17387092113494873,0.0019627809524536133,0.10603111237287521,0.06152051314711571
409268,contrast,1,0.8271217942237854,0.00031673163175582886,0.24944910407066345,0.19819006323814392
409268,contrast,2,0.857388973236084,0.0002683475613594055,0.24093422293663025,0.04267382621765137
409268,color_cast,1,-0.09977839887142181,0.0029458999633789062,0.05458875000476837,0.03012342005968094
409268,color_cast,2,0.5463401079177856,-0.00574956089258194,0.05993489921092987,0.029901117086410522
409475,gamma,1,-0.2937556803226471,0.006810247898101807,0.06690724194049835,0.08700485527515411
409475,gamma,2,0.09342741966247559,0.015452869236469269,0.068819560110569,0.06767131388187408
409475,contrast,1,0.7377070784568787,0.0006061121821403503,0.23380924761295319,0.06553053110837936
409475,contrast,2,0.03339780494570732,-0.004167862236499786,0.020272132009267807,0.07886342704296112
409475,color_cast,1,0.4419185221195221,0.0025330185890197754,0.06429043412208557,0.19848580658435822
409475,color_cast,2,0.6809759736061096,0.0064758434891700745,0.03653651475906372,0.13888821005821228
411665,gamma,1,0.07625259459018707,7.230043411254883e-05,0.49790966510772705,0.11148475110530853
411665,gamma,2,-0.007111280225217342,0.004708528518676758,0.10035260021686554,0.17559701204299927
411665,contrast,1,0.13352073729038239,0.024265706539154053,0.5313993096351624,0.10432442277669907
411665,contrast,2,0.9397921562194824,-0.010052233934402466,0.5852898955345154,0.2904489040374756
411665,color_cast,1,0.7031128406524658,-0.007534593343734741,0.12430131435394287,0.16643527150154114
411665,color_cast,2,0.6049615144729614,-0.0025371313095092773,0.11078184098005295,0.3889959454536438
416534,gamma,1,0.11663472652435303,-0.029327869415283203,0.07651469856500626,0.0934438407421112
416534,gamma,2,0.26102909445762634,0.01803821325302124,0.09692560136318207,0.3900201618671417
416534,contrast,1,-0.3656589984893799,0.019782841205596924,0.11189164966344833,0.3631642162799835
416534,contrast,2,-0.8311067819595337,0.03609025478363037,0.15912143886089325,0.5949500203132629
416534,color_cast,1,-0.6422011256217957,-0.00903010368347168,0.047842904925346375,0.31281858682632446
416534,color_cast,2,-0.4900122284889221,0.020211398601531982,0.12296173721551895,0.20807023346424103
416758,gamma,1,0.3676132261753082,0.01846817135810852,0.07029199600219727,0.7309309244155884
416758,gamma,2,-0.11900933086872101,-9.119510650634766e-05,0.12414722144603729,0.60561603307724
416758,contrast,1,0.7830642461776733,0.002532064914703369,0.305324912071228,0.6951186656951904
416758,contrast,2,0.6829356551170349,0.015736520290374756,0.2266591191291809,0.41153666377067566
416758,color_cast,1,0.7904170155525208,-0.019915521144866943,0.09713603556156158,0.166488915681839
416758,color_cast,2,0.4605236351490021,0.018439888954162598,0.031561147421598434,0.3377550542354584
417465,gamma,1,-0.8765854835510254,-0.005713760852813721,0.12634842097759247,0.08525687456130981
417465,gamma,2,-0.5872871279716492,-0.01525627076625824,0.10179851949214935,0.06370578706264496
417465,contrast,1,0.6650525331497192,0.00013419240713119507,0.10439357906579971,0.021032318472862244
417465,contrast,2,0.9335867166519165,-0.0004914700984954834,0.29139748215675354,0.164944589138031
417465,color_cast,1,-0.01716398447751999,-0.005626969039440155,0.08051726967096329,0.048416297882795334
417465,color_cast,2,-0.011408714577555656,0.0035861507058143616,0.06798933446407318,0.0477757453918457
419882,gamma,1,0.46611839532852173,-0.00022345781326293945,0.05780115723609924,0.17956224083900452
419882,gamma,2,0.14552371203899384,-0.01005631685256958,0.0460561104118824,0.1591842919588089
419882,contrast,1,0.1368119716644287,0.02403157949447632,0.06653884053230286,0.9941108226776123
419882,contrast,2,-0.34778252243995667,-0.0302121639251709,0.043916258960962296,2.1767685413360596
419882,color_cast,1,0.7363534569740295,-0.043865859508514404,0.12220238149166107,0.38462719321250916
419882,color_cast,2,-0.698695957660675,0.01091688871383667,0.10827279090881348,0.6529631018638611
424721,gamma,1,0.6483289003372192,-0.019510209560394287,0.07379355281591415,0.18242190778255463
424721,gamma,2,0.8014001846313477,-0.028874099254608154,0.13883277773857117,0.21390873193740845
424721,contrast,1,0.3917945921421051,0.007892906665802002,0.0798882395029068,0.18065917491912842
424721,contrast,2,0.7771043181419373,-0.043614864349365234,0.12224700301885605,0.7498159408569336
424721,color_cast,1,0.7362719178199768,-0.005949437618255615,0.04110579565167427,0.10517963021993637
424721,color_cast,2,0.5725792646408081,0.0008060932159423828,0.09259358048439026,0.3716218173503876
425226,gamma,1,-0.6835381388664246,4.649162292480469e-06,0.10346579551696777,1.2705892324447632
425226,gamma,2,-0.5037376880645752,-0.027577996253967285,0.09182754904031754,1.3801590204238892
425226,contrast,1,-0.1741838902235031,0.017123103141784668,0.10754137486219406,0.5762469172477722
425226,contrast,2,-0.7379035949707031,0.038362979888916016,0.0892106294631958,1.3853291273117065
425226,color_cast,1,0.060505062341690063,0.033228397369384766,0.05853016674518585,0.4665813744068146
425226,color_cast,2,-0.5434232950210571,-0.01207888126373291,0.07684240490198135,0.3720494508743286
426376,gamma,1,0.829096794128418,-0.002516701817512512,0.13238637149333954,0.08856137841939926
426376,gamma,2,0.16232149302959442,-0.010061860084533691,0.10624892264604568,0.23922419548034668
426376,contrast,1,0.6029059290885925,0.004276484251022339,0.11471347510814667,0.08595572412014008
426376,contrast,2,-0.18611189723014832,0.0026658177375793457,0.25285813212394714,0.11325932294130325
426376,color_cast,1,0.23380707204341888,0.017243236303329468,0.11724547296762466,0.0993756651878357
426376,color_cast,2,0.11534658819437027,-0.00813359022140503,0.0604441836476326,0.2209669053554535
429109,gamma,1,-0.3966279923915863,-0.009106636047363281,0.04732854664325714,0.27280765771865845
429109,gamma,2,-0.21061210334300995,-0.00561755895614624,0.06995166838169098,0.27184101939201355
429109,contrast,1,0.2629503607749939,0.037864744663238525,0.09948450326919556,0.2529575228691101
429109,contrast,2,-0.09825558215379715,-0.01396787166595459,0.04911363497376442,0.42237088084220886
429109,color_cast,1,0.5479769706726074,-0.004702746868133545,0.06342481076717377,0.13823311030864716
429109,color_cast,2,0.48782941699028015,-0.016520380973815918,0.04992522671818733,0.17782963812351227
429623,gamma,1,-0.3003546893596649,-0.01092529296875,0.06332606822252274,0.11710230261087418
429623,gamma,2,-0.631389856338501,0.009217262268066406,0.09311206638813019,0.1662028729915619
429623,contrast,1,-0.5191540718078613,0.006392717361450195,0.06087690219283104,0.3431161940097809
429623,contrast,2,-0.3584330677986145,0.005121052265167236,0.1789415329694748,0.550702691078186
429623,color_cast,1,-0.5750834345817566,-0.003336876630783081,0.06541623175144196,0.14642181992530823
429623,color_cast,2,0.17881213128566742,0.0057943761348724365,0.06454497575759888,0.11521369218826294
438304,gamma,1,0.16438893973827362,0.009467095136642456,0.04060779884457588,0.2837911546230316
438304,gamma,2,0.05450161173939705,0.005131125450134277,0.05644761025905609,0.6953592896461487
438304,contrast,1,0.8751066327095032,0.013423770666122437,0.06473104655742645,0.25653076171875
438304,contrast,2,0.2715327739715576,-0.017411410808563232,0.1433097869157791,0.3907175064086914
438304,color_cast,1,0.7765206694602966,-0.00591510534286499,0.04657943919301033,0.586245059967041
438304,color_cast,2,-0.1637028008699417,-0.031743645668029785,0.06015275791287422,0.45005345344543457
439773,gamma,1,0.22082749009132385,0.014773666858673096,0.1505252569913864,0.1501704603433609
439773,gamma,2,-0.22782783210277557,-0.005408376455307007,0.217474564909935,0.25186219811439514
439773,contrast,1,-0.31090620160102844,-0.01853889226913452,0.08267690986394882,0.1269843429327011
439773,contrast,2,-0.7650148868560791,0.010429173707962036,0.1470004767179489,0.2846945822238922
439773,color_cast,1,-0.11992572247982025,-0.01010751724243164,0.10239524394273758,0.3093593120574951
439773,color_cast,2,0.7982604503631592,0.0034846365451812744,0.0800575241446495,0.11112415045499802
447200,gamma,1,-0.7769436240196228,-0.01110754907131195,0.09849182516336441,0.09820222109556198
447200,gamma,2,-0.7163673043251038,-0.004192858934402466,0.09392055869102478,0.13679996132850647
447200,contrast,1,0.746426522731781,0.0021091699600219727,0.14588098227977753,0.04728096351027489
447200,contrast,2,0.3107268810272217,0.01480141282081604,0.14537088572978973,0.024108724668622017
447200,color_cast,1,0.023599773645401,0.02415478229522705,0.08738139271736145,0.059357233345508575
447200,color_cast,2,-0.3507973253726959,0.001888871192932129,0.024078652262687683,0.059230346232652664
451090,gamma,1,-0.331358402967453,-0.001551993191242218,0.13250942528247833,0.01771078258752823
451090,gamma,2,-0.0755901038646698,0.0023109987378120422,0.0862046554684639,0.09426464140415192
451090,contrast,1,-0.5334641337394714,0.007616057991981506,0.1913173496723175,0.04520265385508537
451090,contrast,2,0.463049054145813,-0.002617083489894867,0.25065717101097107,0.037917882204055786
451090,color_cast,1,0.4738609194755554,0.007534436881542206,0.15320824086666107,0.039942000061273575
451090,color_cast,2,0.24500490725040436,0.007312580943107605,0.08896877616643906,0.07203149050474167
451155,gamma,1,-0.5856591463088989,0.0005379021167755127,0.16790015995502472,0.29115408658981323
451155,gamma,2,-0.740780770778656,-0.01056644320487976,0.17357029020786285,0.47911641001701355
451155,contrast,1,-0.73283451795578,-0.02256801724433899,0.14285844564437866,0.43663689494132996
451155,contrast,2,-0.5982412099838257,0.005865335464477539,0.11572636663913727,0.4144600033760071
451155,color_cast,1,-0.9386930465698242,0.00843513011932373,0.07060141116380692,0.06943477690219879
451155,color_cast,2,-0.830938994884491,0.027171164751052856,0.11763439327478409,0.1384991556406021
451714,gamma,1,0.38786742091178894,-0.012522995471954346,0.2557426989078522,0.15791736543178558
451714,gamma,2,-0.19955362379550934,0.024206697940826416,0.17985109984874725,0.09791652113199234
451714,contrast,1,0.253865122795105,-0.02191871404647827,0.38318315148353577,0.3014110326766968
451714,contrast,2,-0.1950835883617401,0.03015071153640747,0.14972670376300812,0.4980226159095764
451714,color_cast,1,-0.501136302947998,0.016733407974243164,0.06175829842686653,0.3050704300403595
451714,color_cast,2,-0.4146212339401245,0.006233870983123779,0.07736142724752426,0.41751527786254883
455301,gamma,1,-0.35065197944641113,0.011246860027313232,0.06496280431747437,0.2045743763446808
455301,gamma,2,0.3418908417224884,0.00037235021591186523,0.05901697278022766,0.19825084507465363
455301,contrast,1,0.9382961392402649,0.030405282974243164,0.13744321465492249,0.18303830921649933
455301,contrast,2,0.21484671533107758,0.04055100679397583,0.1950669139623642,0.1397141069173813
455301,color_cast,1,0.2643046975135803,0.015184581279754639,0.1529112160205841,0.32231664657592773
455301,color_cast,2,0.8252928256988525,0.01527029275894165,0.1459558755159378,0.106887586414814
460841,gamma,1,0.8028157949447632,0.0074765682220458984,0.1851579248905182,0.9961398839950562
460841,gamma,2,0.7031508684158325,-0.017751097679138184,0.14024214446544647,0.7860735654830933
460841,contrast,1,0.7822730541229248,0.013403654098510742,0.10478924214839935,0.6516020894050598
460841,contrast,2,0.0860067680478096,-0.003868579864501953,0.2679930627346039,1.804426908493042
460841,color_cast,1,-0.684178352355957,0.037433743476867676,0.1061655730009079,0.7589333653450012
460841,color_cast,2,0.5448024868965149,-0.011215448379516602,0.12016498297452927,0.7975736856460571
462031,gamma,1,-0.16626542806625366,-0.022751986980438232,0.32023802399635315,0.8100651502609253
462031,gamma,2,-0.4650125503540039,-0.04808738827705383,0.17715492844581604,0.5778524279594421
462031,contrast,1,-0.25140810012817383,0.07157844305038452,0.17984570562839508,0.6598429679870605
462031,contrast,2,0.32842180132865906,-0.002439737319946289,0.18382659554481506,0.4376331567764282
462031,color_cast,1,0.5538792610168457,-0.017904579639434814,0.2825152277946472,0.41094762086868286
462031,color_cast,2,0.9161134958267212,-0.043708473443984985,0.28595733642578125,0.6099089980125427
463802,gamma,1,0.32062435150146484,-0.05118808150291443,0.06730974465608597,0.27454057335853577
463802,gamma,2,-0.12278159707784653,-0.016480714082717896,0.09858321398496628,0.3469204306602478
463802,contrast,1,0.7762325406074524,-0.020865261554718018,0.1619652658700943,0.5852027535438538
463802,contrast,2,0.6357525587081909,-0.00872337818145752,0.05202300474047661,0.4767303764820099
463802,color_cast,1,-0.29489317536354065,0.008609116077423096,0.050893634557724,0.2075732797384262
463802,color_cast,2,-0.11660844087600708,0.02363237738609314,0.09620345383882523,0.17441771924495697
466156,gamma,1,-0.5000200271606445,0.00152549147605896,0.09525387734174728,0.2670983672142029
466156,gamma,2,0.029885048046708107,-0.0011931657791137695,0.11192671209573746,0.46403607726097107
466156,contrast,1,0.5856608748435974,0.010856419801712036,0.3465985953807831,0.22490333020687103
466156,contrast,2,0.912230372428894,-0.016206979751586914,0.2281024307012558,0.5930806994438171
466156,color_cast,1,0.32593801617622375,-0.002261817455291748,0.10058259218931198,0.493411123752594
466156,color_cast,2,0.8341549634933472,-0.047594547271728516,0.12120484560728073,0.4478643834590912
471567,gamma,1,-0.1260363906621933,0.033262550830841064,0.07864169031381607,1.7474336624145508
471567,gamma,2,-0.3599812686443329,0.05092644691467285,0.10869460552930832,0.8300076723098755
471567,contrast,1,0.24240057170391083,-0.0009461641311645508,0.10081619769334793,2.3871467113494873
471567,contrast,2,-0.516418993473053,0.08962512016296387,0.09781049191951752,1.3982802629470825
471567,color_cast,1,0.5172222256660461,-0.024805784225463867,0.09371335804462433,1.431050419807434
471567,color_cast,2,0.6562333703041077,-0.04396653175354004,0.0776747539639473,4.383972644805908
474170,gamma,1,-0.1739637553691864,0.011258929967880249,0.09212026745080948,0.11875045299530029
474170,gamma,2,0.6420110464096069,0.0030810534954071045,0.048548296093940735,0.16655327379703522
474170,contrast,1,0.26324838399887085,-0.021864846348762512,0.048690248280763626,0.11652860045433044
474170,contrast,2,-0.7814493775367737,0.00033473968505859375,0.10411550104618073,0.32395216822624207
474170,color_cast,1,0.3721570372581482,0.008978188037872314,0.03275837004184723,0.0635533481836319
474170,color_cast,2,0.17384526133537292,-0.004833847284317017,0.05574660003185272,0.03889409080147743
474452,gamma,1,0.4675024449825287,-0.023090600967407227,0.0351557731628418,0.3882523775100708
474452,gamma,2,0.525438129901886,0.0024080276489257812,0.0369189977645874,0.5079749226570129
474452,contrast,1,0.7305641770362854,-0.000315248966217041,0.07169933617115021,0.3016127645969391
474452,contrast,2,0.21982045471668243,0.01721334457397461,0.06459714472293854,0.5473169088363647
474452,color_cast,1,0.829969584941864,-0.006640613079071045,0.10510735213756561,0.20784491300582886
474452,color_cast,2,0.5504080653190613,-0.0015842914581298828,0.07712976634502411,0.17295153439044952
475365,gamma,1,0.4684023857116699,0.008532717823982239,0.23689152300357819,0.04399487376213074
475365,gamma,2,0.442921906709671,0.0012386292219161987,0.16203632950782776,0.07748033106327057
475365,contrast,1,0.5498061180114746,-0.006019175052642822,0.10891927778720856,0.10846367478370667
475365,contrast,2,-0.3329427242279053,-0.0010036379098892212,0.08940145373344421,0.16739588975906372
475365,color_cast,1,0.44849687814712524,0.008845344185829163,0.08428254723548889,0.05764050781726837
475365,color_cast,2,-0.38049083948135376,0.0004209578037261963,0.1165487989783287,0.047663889825344086
477623,gamma,1,0.7979204058647156,0.024619296193122864,0.12358714640140533,0.0634484738111496
477623,gamma,2,0.018371298909187317,-0.005467593669891357,0.07569104433059692,0.028263572603464127
477623,contrast,1,0.7046189308166504,-0.04422402381896973,0.18109136819839478,0.1275152862071991
477623,contrast,2,0.007314223796129227,0.008859187364578247,0.08887755870819092,0.0298256017267704
477623,color_cast,1,-0.027606060728430748,-0.03563205152750015,0.17306095361709595,0.07261115312576294
477623,color_cast,2,0.6764941215515137,0.0016841068863868713,0.11867894977331161,0.019751939922571182
482100,gamma,1,0.78126460313797,-0.022902965545654297,0.1939765363931656,1.2882275581359863
482100,gamma,2,0.8436555862426758,-0.04010218381881714,0.19340674579143524,1.15585458278656
482100,contrast,1,0.9206827878952026,-0.02230900526046753,0.06221618130803108,1.4358280897140503
482100,contrast,2,-0.5108468532562256,-0.020578622817993164,0.03565258905291557,1.1075412034988403
482100,color_cast,1,-0.6850420236587524,0.02371513843536377,0.06783663481473923,0.9683886766433716
482100,color_cast,2,0.28885018825531006,0.000756382942199707,0.0392652302980423,0.8782532215118408
489091,gamma,1,0.24505667388439178,0.023525536060333252,0.14987514913082123,0.04336926341056824
489091,gamma,2,0.04751782864332199,0.012889817357063293,0.059322696179151535,0.030850932002067566
489091,contrast,1,-0.42156335711479187,0.0024649351835250854,0.054324474185705185,0.1302003264427185
489091,contrast,2,-0.5746291875839233,0.02005210518836975,0.2898637354373932,0.4788472652435303
489091,color_cast,1,-0.0644785463809967,0.006427302956581116,0.14649023115634918,0.044415321201086044
489091,color_cast,2,0.4522930085659027,0.006490379571914673,0.08215062320232391,0.03261573240160942
499266,gamma,1,-0.4717230796813965,-0.03471270203590393,0.4186658561229706,0.11207600682973862
499266,gamma,2,-0.3637903034687042,0.017620205879211426,0.40894055366516113,0.17580196261405945
499266,contrast,1,0.32814449071884155,-0.03793132305145264,0.11411835998296738,0.516014814376831
499266,contrast,2,-0.39379292726516724,0.0027410387992858887,0.16067707538604736,0.6135554909706116
499266,color_cast,1,-0.029352279379963875,0.0013282299041748047,0.2077201008796692,0.2639184296131134
499266,color_cast,2,-0.011043875478208065,0.006878197193145752,0.05797687545418739,0.2538772523403168
499313,gamma,1,-0.2668839693069458,-0.006899833679199219,0.05329437926411629,0.3612026572227478
499313,gamma,2,0.444280743598938,0.01057499647140503,0.08502925932407379,0.33927932381629944
499313,contrast,1,0.6202170848846436,0.002655208110809326,0.018253423273563385,0.6498671174049377
499313,contrast,2,0.777481198310852,0.0005280375480651855,0.02935613878071308,1.497012734413147
499313,color_cast,1,0.2750384211540222,0.008154511451721191,0.056364160031080246,0.3845296800136566
499313,color_cast,2,0.7424460649490356,6.562471389770508e-05,0.03452093154191971,0.32922834157943726
502737,gamma,1,-0.501804769039154,-0.004483222961425781,0.10069553554058075,0.44898250699043274
502737,gamma,2,-0.3352021276950836,-0.01596921682357788,0.12390501797199249,0.39187899231910706
502737,contrast,1,0.5709357261657715,-0.07126748561859131,0.13017871975898743,0.354626327753067
502737,contrast,2,-0.8564424514770508,0.02501809597015381,0.3691484034061432,0.6241401433944702
502737,color_cast,1,-0.7523556351661682,0.000713050365447998,0.10161350667476654,0.22997090220451355
502737,color_cast,2,0.232827290892601,0.018171608448028564,0.07141498476266861,0.26957520842552185
506310,gamma,1,0.36845090985298157,0.008449375629425049,0.15794537961483002,0.26318442821502686
506310,gamma,2,0.3039567768573761,0.028787195682525635,0.07615694403648376,0.13637395203113556
506310,contrast,1,0.6135246157646179,-8.845329284667969e-05,0.0598541758954525,0.09741458296775818
506310,contrast,2,0.7860066890716553,0.0007333159446716309,0.07952800393104553,0.2892806828022003
506310,color_cast,1,0.6153498291969299,-0.025890648365020752,0.19472762942314148,0.5300964117050171
506310,color_cast,2,0.47126784920692444,-0.01809448003768921,0.20371176302433014,0.5775869488716125
507042,gamma,1,0.26041120290756226,0.03355515003204346,0.15059728920459747,0.06488704681396484
507042,gamma,2,0.3018675744533539,0.007827937602996826,0.11228116601705551,0.10413376241922379
507042,contrast,1,-0.3196125030517578,-0.009311646223068237,0.10985185950994492,0.1393544226884842
507042,contrast,2,-0.7215512990951538,-0.0003877878189086914,0.029091641306877136,0.23620253801345825
507042,color_cast,1,-0.7073729634284973,0.002231299877166748,0.23534679412841797,0.13340039551258087
507042,color_cast,2,-0.658862292766571,-0.014525413513183594,0.25908195972442627,0.055519867688417435
509258,gamma,1,0.23721419274806976,-0.01804530620574951,0.14950020611286163,0.08224517852067947
509258,gamma,2,0.34758245944976807,-0.005816049873828888,0.11812883615493774,0.06001492589712143
509258,contrast,1,0.42972633242607117,-0.013728231191635132,0.1697932630777359,0.1004294902086258
509258,contrast,2,0.702243983745575,-0.0038830935955047607,0.034271858632564545,0.19289299845695496
509258,color_cast,1,-0.4939328134059906,-0.0008229911327362061,0.14261898398399353,0.0741768553853035
509258,color_cast,2,0.8646349310874939,0.0034942626953125,0.07812139391899109,0.11627164483070374
511760,gamma,1,0.7619569301605225,-0.028507649898529053,0.362958163022995,0.26415568590164185
511760,gamma,2,0.5360791683197021,0.006679326295852661,0.1709185689687729,0.2680257260799408
511760,contrast,1,0.27340924739837646,-0.01791396737098694,0.1756015568971634,0.14613747596740723
511760,contrast,2,0.43096020817756653,-0.009984105825424194,0.31426432728767395,0.5423917770385742
511760,color_cast,1,-0.011842290870845318,-0.0071405768394470215,0.17518217861652374,0.6454923152923584
511760,color_cast,2,0.560027003288269,0.009036242961883545,0.11408161371946335,1.2539632320404053
514979,gamma,1,-0.42259612679481506,-0.004829853773117065,0.12344147264957428,0.09397232532501221
514979,gamma,2,-0.34484294056892395,-0.011654764413833618,0.11985363066196442,0.1944412887096405
514979,contrast,1,0.3228488564491272,0.003191828727722168,0.05879876762628555,0.20896483957767487
514979,contrast,2,0.9132112264633179,0.009233251214027405,0.07785554975271225,0.19145235419273376
514979,color_cast,1,0.7784760594367981,-0.0019038617610931396,0.11315777152776718,0.07831092178821564
514979,color_cast,2,0.8809524178504944,-0.007831364870071411,0.1257769614458084,0.17079082131385803
523782,gamma,1,-0.9010282158851624,-0.006699115037918091,0.17356184124946594,0.09306556731462479
523782,gamma,2,-0.8162925839424133,-0.02679315209388733,0.1737450659275055,0.062107279896736145
523782,contrast,1,-0.13895614445209503,0.006617844104766846,0.3653106093406677,0.09876012057065964
523782,contrast,2,0.7078623175621033,-0.011748552322387695,0.1555444449186325,0.2707284688949585
523782,color_cast,1,-0.4997694194316864,0.00934329628944397,0.054006535559892654,0.18649771809577942
523782,color_cast,2,-0.7132790684700012,-0.011423587799072266,0.07841194421052933,0.3746786415576935
532058,gamma,1,-0.8217775225639343,-0.006740391254425049,0.3855820894241333,0.3067207932472229
532058,gamma,2,-0.44252997636795044,0.007208406925201416,0.31332969665527344,0.27301323413848877
532058,contrast,1,-0.262239009141922,0.017505258321762085,0.3539447486400604,0.17916809022426605
532058,contrast,2,-0.18523451685905457,0.000899970531463623,0.10429109632968903,1.862107276916504
532058,color_cast,1,0.15998168289661407,-0.0036238133907318115,0.07945942878723145,0.20256495475769043
532058,color_cast,2,0.20511537790298462,-0.0063880980014801025,0.04925535246729851,0.11747266352176666
535523,gamma,1,0.1036519706249237,0.02571260929107666,0.10986874252557755,1.1011874675750732
535523,gamma,2,-0.32522717118263245,-0.019968390464782715,0.11708357185125351,1.060449481010437
535523,contrast,1,0.03406381234526634,0.0013670921325683594,0.06873991340398788,2.376129388809204
535523,contrast,2,-0.12380173057317734,0.029491424560546875,0.07574763894081116,1.929316759109497
535523,color_cast,1,0.08362489193677902,0.0007654428482055664,0.12861138582229614,1.770917534828186
535523,color_cast,2,-0.2817208170890808,0.019558191299438477,0.048135463148355484,1.1062350273132324
535578,gamma,1,0.49934691190719604,0.014962911605834961,0.111648328602314,0.06151429936289787
535578,gamma,2,0.1952221542596817,-0.001232147216796875,0.08687696605920792,0.0816471204161644
535578,contrast,1,0.7687758803367615,-0.03173065185546875,0.06800572574138641,0.8274756073951721
535578,contrast,2,-0.21399670839309692,-0.017582476139068604,0.10468543320894241,0.6222018003463745
535578,color_cast,1,0.7232249975204468,0.030199766159057617,0.0964951440691948,0.1156284287571907
535578,color_cast,2,0.6121816635131836,-0.02497464418411255,0.097921222448349,2.270673990249634
536038,gamma,1,-0.1594337373971939,0.0029572248458862305,0.0801016315817833,0.40336358547210693
536038,gamma,2,-0.6800575256347656,0.11832302808761597,0.15838448703289032,0.9247753024101257
536038,contrast,1,-0.8052734732627869,0.02345883846282959,0.06748054176568985,1.2914366722106934
536038,contrast,2,0.6392484903335571,-0.034721434116363525,0.07725226134061813,1.48544180393219
536038,color_cast,1,-0.49865931272506714,-0.009679138660430908,0.056350406259298325,0.1445263922214508
536038,color_cast,2,0.31758639216423035,0.01794588565826416,0.10797891020774841,0.21503770351409912
546219,gamma,1,-0.06769638508558273,-0.06377077102661133,0.20578916370868683,0.31817200779914856
546219,gamma,2,-0.2084285020828247,0.019219636917114258,0.22037532925605774,0.3425818085670471
546219,contrast,1,-0.26297926902770996,0.10757327079772949,0.20898829400539398,0.40531760454177856
546219,contrast,2,-0.6127291321754456,0.015384197235107422,0.2055496871471405,0.6397354006767273
546219,color_cast,1,-0.3677663803100586,0.02784419059753418,0.024375246837735176,0.2580051124095917
546219,color_cast,2,0.31017637252807617,0.06728553771972656,0.05954907462000847,0.4029681980609894
546626,gamma,1,0.4817372262477875,0.003195136785507202,0.09424929320812225,0.11927474290132523
546626,gamma,2,-0.14096401631832123,-0.005549967288970947,0.10940913110971451,0.20975248515605927
546626,contrast,1,0.0682232603430748,0.007541626691818237,0.07597284764051437,0.2435208261013031
546626,contrast,2,0.8635210394859314,-0.0015613138675689697,0.03789859265089035,0.10182325541973114
546626,color_cast,1,0.40340089797973633,-0.009874969720840454,0.1306476891040802,0.0554744191467762
546626,color_cast,2,0.4934537410736084,-0.00013071298599243164,0.14409366250038147,0.06933145970106125
546826,gamma,1,0.5349553823471069,0.006883278489112854,0.1247730553150177,0.17755241692066193
546826,gamma,2,0.24209392070770264,-0.02185089886188507,0.3536660373210907,0.17254209518432617
546826,contrast,1,-0.32215410470962524,0.04014921188354492,0.572447657585144,0.03658366575837135
546826,contrast,2,0.3453380763530731,-0.002944663166999817,0.25435253977775574,0.12356255948543549
546826,color_cast,1,0.07302942872047424,-0.0023735612630844116,0.2814801335334778,0.03943192958831787
546826,color_cast,2,-0.3535269796848297,0.0011805891990661621,0.1312914937734604,0.0829411968588829
549167,gamma,1,-0.6976455450057983,0.023882269859313965,0.16951946914196014,0.6564741730690002
549167,gamma,2,-0.6675873398780823,0.005164682865142822,0.2853117883205414,0.7078257203102112
549167,contrast,1,-0.7418325543403625,-0.024377942085266113,0.1458176225423813,1.2893409729003906
549167,contrast,2,-0.8240161538124084,0.06161975860595703,0.05618191510438919,2.6540186405181885
549167,color_cast,1,0.8466361165046692,0.0007842183113098145,0.11490584164857864,1.014701247215271
549167,color_cast,2,0.5434607863426208,-0.02909088134765625,0.07323057949542999,1.7717576026916504
555012,gamma,1,0.485268771648407,-0.0015839971601963043,0.11516834795475006,0.04138927534222603
555012,gamma,2,0.6850840449333191,-0.000438448041677475,0.10878966748714447,0.03830745816230774
555012,contrast,1,0.21916283667087555,0.007218591868877411,0.05518101528286934,0.053244367241859436
555012,contrast,2,0.3048626482486725,0.0026529058814048767,0.045819442719221115,0.09492901712656021
555012,color_cast,1,-0.806035041809082,-0.003376394510269165,0.07862882316112518,0.08598311990499496
555012,color_cast,2,0.8553003072738647,0.0054768770933151245,0.13507473468780518,0.0866238996386528
556193,gamma,1,-0.45090219378471375,0.00027060508728027344,0.1425582319498062,0.8569539785385132
556193,gamma,2,-0.5911751389503479,0.048624515533447266,0.11560475826263428,1.3274515867233276
556193,contrast,1,-0.2559884190559387,0.029514312744140625,0.09957324713468552,0.5910364985466003
556193,contrast,2,-0.6439422965049744,0.004516959190368652,0.0395071804523468,1.0945030450820923
556193,color_cast,1,0.12837982177734375,-0.006475925445556641,0.012363087385892868,1.053481936454773
556193,color_cast,2,0.8411733508110046,0.0373913049697876,0.0623132660984993,0.5171980857849121
558213,gamma,1,0.5428579449653625,-0.005813300609588623,0.02105383202433586,0.40738633275032043
558213,gamma,2,0.005905941594392061,0.001323401927947998,0.033771812915802,0.39887237548828125
558213,contrast,1,-0.5485658645629883,-0.003310978412628174,0.02871488779783249,1.3697758913040161
558213,contrast,2,0.38975510001182556,-0.010899782180786133,0.018673643469810486,0.7420592904090881
558213,color_cast,1,-0.36998018622398376,0.0014296770095825195,0.04498620331287384,0.571690022945404
558213,color_cast,2,-0.2546504735946655,-0.003093421459197998,0.021391944959759712,0.26360633969306946
562207,gamma,1,-0.9350103735923767,-0.006386607885360718,0.0888783410191536,0.16830338537693024
562207,gamma,2,0.8551547527313232,-0.005608230829238892,0.08266901969909668,0.07154978811740875
562207,contrast,1,-0.3638826608657837,0.004730641841888428,0.1182967945933342,0.10593810677528381
562207,contrast,2,-0.49475330114364624,0.007883548736572266,0.15908567607402802,0.1611689031124115
562207,color_cast,1,0.407865971326828,0.0008714497089385986,0.08679044991731644,0.23957489430904388
562207,color_cast,2,-0.28067389130592346,-0.021179676055908203,0.05746907740831375,0.25154873728752136
564336,gamma,1,0.7262406349182129,0.1070396900177002,0.17095190286636353,0.6621190905570984
564336,gamma,2,0.46472427248954773,0.026089191436767578,0.3726890981197357,0.9654091596603394
564336,contrast,1,0.43627944588661194,-0.00024330615997314453,0.20457446575164795,1.1006138324737549
564336,contrast,2,-0.6562700271606445,-0.04429638385772705,0.1403898149728775,0.6943906545639038
564336,color_cast,1,-0.6183207631111145,-0.018158316612243652,0.0952603816986084,0.8725942373275757
564336,color_cast,2,-0.7768236994743347,-0.05890977382659912,0.0663934051990509,0.6538626551628113
565989,gamma,1,0.8183066844940186,-0.0288468599319458,0.42650797963142395,0.546010434627533
565989,gamma,2,0.3066112995147705,-0.00400051474571228,0.3572930693626404,0.5696739554405212
565989,contrast,1,-0.46529293060302734,-0.021116018295288086,0.1095798909664154,0.27651065587997437
565989,contrast,2,0.7324150800704956,0.0014376640319824219,0.10426130145788193,0.1516706943511963
565989,color_cast,1,-0.35787588357925415,0.010185539722442627,0.058297351002693176,0.14616921544075012
565989,color_cast,2,-0.5761204957962036,-0.014191985130310059,0.09872251749038696,0.17712457478046417
567197,gamma,1,0.06283919513225555,0.009345769882202148,0.1853584498167038,0.3716317415237427
567197,gamma,2,-0.19906482100486755,-0.0034128427505493164,0.09105624258518219,0.26144707202911377
567197,contrast,1,0.28774094581604004,0.013425707817077637,0.19618834555149078,0.6186290383338928
567197,contrast,2,0.9404075145721436,0.015280723571777344,0.18796028196811676,0.6180826425552368
567197,color_cast,1,0.28847694396972656,-0.012295961380004883,0.06090864539146423,1.0949347019195557
567197,color_cast,2,0.017432862892746925,0.008124709129333496,0.05962076783180237,0.8400464057922363
570448,gamma,1,0.5942665338516235,-0.006428241729736328,0.12704998254776,2.858849287033081
570448,gamma,2,0.27603790163993835,-0.017953872680664062,0.13656704127788544,2.7863478660583496
570448,contrast,1,-0.2702348530292511,0.04534912109375,0.16192081570625305,3.0874295234680176
570448,contrast,2,-0.4745589792728424,0.022934913635253906,0.05696998909115791,2.486804246902466
570448,color_cast,1,-0.1510547399520874,-0.007684230804443359,0.06480630487203598,3.902409553527832
570448,color_cast,2,-0.7706394791603088,0.04927968978881836,0.1103535145521164,4.553053379058838
570736,gamma,1,-0.4708789587020874,0.0006054341793060303,0.07133843749761581,0.13183170557022095
570736,gamma,2,-0.2719547152519226,0.009274780750274658,0.06543567031621933,0.13948595523834229
570736,contrast,1,-0.7166668176651001,-0.039480119943618774,0.11748392879962921,0.08682110905647278
570736,contrast,2,0.6553236842155457,-0.0029608160257339478,0.08354096859693527,0.1347668319940567
570736,color_cast,1,0.7015455961227417,-0.005460858345031738,0.0697719007730484,0.07173394411802292
570736,color_cast,2,0.16960032284259796,0.019286900758743286,0.08402833342552185,0.04444471001625061
