group,detector,variant,case,AP,AP50,AP75,AP_delta_no_adapt,AP50_delta_no_adapt,AP75_delta_no_adapt,AP_delta_global_generic,AP50_delta_global_generic,AP75_delta_global_generic,AP_delta_det_pseudo,AP50_delta_det_pseudo,AP75_delta_det_pseudo
aggregate,source,no_adapt,gamma_s1,36.89313250897423,58.45976369009905,40.20299341446007,0.0,0.0,0.0,0.16093201414872915,0.3305722134968603,0.25806409540438113,-0.12788237169493732,0.025674774562334246,-0.07786819918847998
aggregate,source,no_adapt,gamma_s2,35.29640495926713,56.23940572343311,37.034281480713936,0.0,0.0,0.0,0.41551210199452515,0.3477874032314143,0.49969732442711745,0.09789755075675366,0.25232946422594216,-1.1075585374119568
aggregate,source,no_adapt,contrast_s1,36.010448247016846,57.101974580571515,38.896678856219324,0.0,0.0,0.0,-0.0955279821324928,-0.030029488949001593,-0.0653088135584734,0.08842772723418602,0.1824096498015071,0.1802463986181002
aggregate,source,no_adapt,contrast_s2,31.14807324638586,50.38569025984197,32.8715351819676,0.0,0.0,0.0,0.11954762776535954,0.07305249229659916,0.09993189947054004,-0.015807241408521966,-0.0651853806661773,-0.05432545774985975
aggregate,source,no_adapt,color_cast_s1,36.533427662095406,58.20825233849129,39.99014949553724,0.0,0.0,0.0,-0.11412057981131096,0.037983842135902446,0.14016739941579703,-0.1336045280801501,0.20465951140351546,0.09478030686499994
aggregate,source,no_adapt,color_cast_s2,35.657998610988784,56.84824611506449,37.998965498300116,0.0,0.0,0.0,-0.019327727404461204,0.026725698916396645,-0.05369251691553778,0.6480817174817244,0.8986319992721148,0.8741120308801975
aggregate,source,no_adapt,clean_s0,37.57784341727398,59.43137286572653,40.281906676511234,0.0,0.0,0.0,0.07564989888891316,0.13828476706364556,-0.0033904148833141523,0.24905875260261556,0.4283476001242903,0.20114087785808032
aggregate,source,global_generic,gamma_s1,36.7322004948255,58.129191476602195,39.94492931905568,-0.16093201414872915,-0.3305722134968603,-0.25806409540438113,0.0,0.0,0.0,-0.2888143858436665,-0.30489743893452603,-0.3359322945928611
aggregate,source,global_generic,gamma_s2,34.880892857272606,55.891618320201694,36.53458415628682,-0.41551210199452515,-0.3477874032314143,-0.49969732442711745,0.0,0.0,0.0,-0.3176145512377715,-0.09545793900547217,-1.6072558618390742
aggregate,source,global_generic,contrast_s1,36.10597622914934,57.13200406952051,38.9619876697778,0.0955279821324928,0.030029488949001593,0.0653088135584734,0.0,0.0,0.0,0.18395570936667882,0.21243913875050868,0.2455552121765736
aggregate,source,global_generic,contrast_s2,31.0285256186205,50.312637767545375,32.77160328249706,-0.11954762776535954,-0.07305249229659916,-0.09993189947054004,0.0,0.0,0.0,-0.1353548691738815,-0.13823787296277645,-0.1542573572203998
aggregate,source,global_generic,color_cast_s1,36.64754824190672,58.17026849635539,39.849982096121444,0.11412057981131096,-0.037983842135902446,-0.14016739941579703,0.0,0.0,0.0,-0.019483948268839146,0.166675669267613,-0.04538709255079709
aggregate,source,global_generic,color_cast_s2,35.67732633839324,56.8215204161481,38.052658015215655,0.019327727404461204,-0.026725698916396645,0.05369251691553778,0.0,0.0,0.0,0.6674094448861856,0.8719063003557181,0.9278045477957353
aggregate,source,global_generic,clean_s0,37.50219351838507,59.293088098662885,40.28529709139455,-0.07564989888891316,-0.13828476706364556,0.0033904148833141523,0.0,0.0,0.0,0.1734088537137024,0.29006283306064473,0.20453129274139448
aggregate,source,det_pseudo,gamma_s1,37.02101488066917,58.43408891553672,40.28086161364855,0.12788237169493732,-0.025674774562334246,0.07786819918847998,0.2888143858436665,0.30489743893452603,0.3359322945928611,0.0,0.0,0.0
aggregate,source,det_pseudo,gamma_s2,35.19850740851037,55.98707625920717,38.1418400181259,-0.09789755075675366,-0.25232946422594216,1.1075585374119568,0.3176145512377715,0.09545793900547217,1.6072558618390742,0.0,0.0,0.0
aggregate,source,det_pseudo,contrast_s1,35.92202051978266,56.91956493077001,38.71643245760122,-0.08842772723418602,-0.1824096498015071,-0.1802463986181002,-0.18395570936667882,-0.21243913875050868,-0.2455552121765736,0.0,0.0,0.0
aggregate,source,det_pseudo,contrast_s2,31.163880487794383,50.45087564050815,32.925860639717456,0.015807241408521966,0.0651853806661773,0.05432545774985975,0.1353548691738815,0.13823787296277645,0.1542573572203998,0.0,0.0,0.0
aggregate,source,det_pseudo,color_cast_s1,36.66703219017556,58.00359282708778,39.89536918867224,0.1336045280801501,-0.20465951140351546,-0.09478030686499994,0.019483948268839146,-0.166675669267613,0.04538709255079709,0.0,0.0,0.0
aggregate,source,det_pseudo,color_cast_s2,35.00991689350706,55.94961411579238,37.124853467419925,-0.6480817174817244,-0.8986319992721148,-0.8741120308801975,-0.6674094448861856,-0.8719063003557181,-0.9278045477957353,0.0,0.0,0.0
aggregate,source,det_pseudo,clean_s0,37.32878466467137,59.00302526560224,40.080765798653154,-0.24905875260261556,-0.4283476001242903,-0.20114087785808032,-0.1734088537137024,-0.29006283306064473,-0.20453129274139448,0.0,0.0,0.0
aggregate,source,det_pseudo_clip_radius,gamma_s1,37.117889545923525,58.64126090007862,40.384838448356064,0.22475703694929683,0.1814972099795642,0.18184503389599982,0.385689051098026,0.5120694234764245,0.43990912930038095,0.0968746652543595,0.20717198454189845,0.10397683470751984
aggregate,source,det_pseudo_clip_radius,gamma_s2,35.27810228880815,56.18294246634142,37.92843189922061,-0.018302670458980597,-0.05646325709168787,0.8941504185066784,0.39720943153554455,0.29132414613972646,1.3938477429337959,0.07959488029777306,0.1958662071342543,-0.21340811890527833
aggregate,source,det_pseudo_clip_radius,contrast_s1,35.97819552769268,57.167889312997374,38.96042989467244,-0.03225271932416618,0.06591473242586465,0.0637510384531137,-0.12778070145665898,0.03588524347686306,-0.0015577751053597044,0.056175007910019836,0.24832438222737174,0.2439974370712139
aggregate,source,det_pseudo_clip_radius,contrast_s2,31.261037817225674,50.64543902680284,33.157620776369555,0.11296457083981304,0.2597487669608656,0.286085594401958,0.23251219860517258,0.33280125925746473,0.38601749387249806,0.09715732943129107,0.19456338629468828,0.23176013665209827
aggregate,source,det_pseudo_clip_radius,color_cast_s1,36.56080361240621,58.271418281786616,39.75012214498763,0.027375950310803976,0.063165943295318,-0.24002735054960977,-0.08674462950050699,0.10114978543122044,-0.09985995113381274,-0.10622857776934613,0.26782545469883345,-0.14524704368460983
aggregate,source,det_pseudo_clip_radius,color_cast_s2,35.74654956049893,56.97666733038904,38.17768226785834,0.08855094951014664,0.12842121532454787,0.17871676955821814,0.06922322210568543,0.1551469142409445,0.12502425264268036,0.736632666991871,1.0270532145966627,1.0528288004384156
aggregate,source,det_pseudo_clip_radius,clean_s0,37.55993271241495,59.32994165657648,40.2220724923316,-0.017910704859031013,-0.1014312091500491,-0.05983418417963016,0.057739194029882146,0.03685355791359646,-0.06322459906294431,0.23114804774358455,0.3269163909742412,0.14130669367845017
aggregate,target,no_adapt,gamma_s1,38.19271478359937,57.48869166857514,39.48443689466523,0.0,0.0,0.0,0.07692292891907648,0.10124661814995273,0.11917580159808705,0.015622972149442749,-0.24381711588871147,0.2937707154740621
aggregate,target,no_adapt,gamma_s2,36.5540975421435,55.33695633803395,37.67061955969205,0.0,0.0,0.0,0.37386126561423927,0.34203802952852413,0.36041459708552326,0.23828959653670045,0.1782129407911559,0.46530444634090284
aggregate,target,no_adapt,contrast_s1,37.612096240386975,56.51031864726084,38.419792188867106,0.0,0.0,0.0,0.03047108286848288,0.052129475490902966,-0.11541455990702332,-0.1107666732939605,0.047340154418229474,-0.18274993855137978
aggregate,target,no_adapt,contrast_s2,33.100939938529656,50.16808257707651,33.594524028610145,0.0,0.0,0.0,-0.02474628038854343,0.1144121278249366,-0.26257362568775644,-0.12951169268030638,-0.12411381453548698,-0.23605331915140804
aggregate,target,no_adapt,color_cast_s1,38.15204260897872,57.13586062471988,40.4166214062572,0.0,0.0,0.0,-0.03729227616459663,-0.07957228025954333,0.05706287573564728,-0.03870391699767883,-0.08498335134869972,0.0834385197398757
aggregate,target,no_adapt,color_cast_s2,36.87347295866096,55.31322729159021,38.92313037963233,0.0,0.0,0.0,-0.05768890222938028,-0.07589390734636936,-0.02333096069125351,0.13865812832930535,0.08029168208932846,0.05879519958715829
aggregate,target,no_adapt,clean_s0,39.31558777940498,58.770939829219515,41.72499973438719,0.0,0.0,0.0,0.02190808246207432,0.023468055225084328,0.14059223371061802,0.10760974154490066,0.3105262755929594,-0.059207504870567584
aggregate,target,global_generic,gamma_s1,38.11579185468029,57.38744505042519,39.36526109306715,-0.07692292891907648,-0.10124661814995273,-0.11917580159808705,0.0,0.0,0.0,-0.061299956769633734,-0.3450637340386642,0.17459491387597503
aggregate,target,global_generic,gamma_s2,36.18023627652926,54.994918308505426,37.31020496260653,-0.37386126561423927,-0.34203802952852413,-0.36041459708552326,0.0,0.0,0.0,-0.13557166907753881,-0.16382508873736823,0.10488984925537959
aggregate,target,global_generic,contrast_s1,37.581625157518495,56.45818917176994,38.53520674877413,-0.03047108286848288,-0.052129475490902966,0.11541455990702332,0.0,0.0,0.0,-0.14123775616244338,-0.004789321072673491,-0.06733537864435646
aggregate,target,global_generic,contrast_s2,33.1256862189182,50.05367044925158,33.8570976542979,0.02474628038854343,-0.1144121278249366,0.26257362568775644,0.0,0.0,0.0,-0.10476541229176295,-0.23852594236042357,0.026520306536348404
aggregate,target,global_generic,color_cast_s1,38.18933488514332,57.21543290497942,40.359558530521554,0.03729227616459663,0.07957228025954333,-0.05706287573564728,0.0,0.0,0.0,-0.0014116408330822061,-0.005411071089156394,0.026375644004228427
aggregate,target,global_generic,color_cast_s2,36.93116186089034,55.38912119893658,38.94646134032359,0.05768890222938028,0.07589390734636936,0.02333096069125351,0.0,0.0,0.0,0.19634703055868563,0.15618558943569782,0.0821261602784118
aggregate,target,global_generic,clean_s0,39.29367969694291,58.747471773994434,41.584407500676576,-0.02190808246207432,-0.023468055225084328,-0.14059223371061802,0.0,0.0,0.0,0.08570165908282634,0.2870582203678751,-0.1997997385811856
aggregate,target,det_pseudo,gamma_s1,38.17709181144993,57.73250878446385,39.19066617919117,-0.015622972149442749,0.24381711588871147,-0.2937707154740621,0.061299956769633734,0.3450637340386642,-0.17459491387597503,0.0,0.0,0.0
aggregate,target,det_pseudo,gamma_s2,36.3158079456068,55.158743397242795,37.20531511335115,-0.23828959653670045,-0.1782129407911559,-0.46530444634090284,0.13557166907753881,0.16382508873736823,-0.10488984925537959,0.0,0.0,0.0
aggregate,target,det_pseudo,contrast_s1,37.722862913680935,56.46297849284261,38.60254212741849,0.1107666732939605,-0.047340154418229474,0.18274993855137978,0.14123775616244338,0.004789321072673491,0.06733537864435646,0.0,0.0,0.0
aggregate,target,det_pseudo,contrast_s2,33.23045163120996,50.292196391611995,33.830577347761555,0.12951169268030638,0.12411381453548698,0.23605331915140804,0.10476541229176295,0.23852594236042357,-0.026520306536348404,0.0,0.0,0.0
aggregate,target,det_pseudo,color_cast_s1,38.1907465259764,57.22084397606858,40.33318288651733,0.03870391699767883,0.08498335134869972,-0.0834385197398757,0.0014116408330822061,0.005411071089156394,-0.026375644004228427,0.0,0.0,0.0
aggregate,target,det_pseudo,color_cast_s2,36.73481483033166,55.23293560950088,38.864335180045174,-0.13865812832930535,-0.08029168208932846,-0.05879519958715829,-0.19634703055868563,-0.15618558943569782,-0.0821261602784118,0.0,0.0,0.0
aggregate,target,det_pseudo,clean_s0,39.20797803786008,58.46041355362656,41.78420723925776,-0.10760974154490066,-0.3105262755929594,0.059207504870567584,-0.08570165908282634,-0.2870582203678751,0.1997997385811856,0.0,0.0,0.0
aggregate,target,det_pseudo_clip_radius,gamma_s1,38.28265847422105,57.54842729720442,39.52552954208801,0.0899436906216855,0.05973562862927606,0.04109264742278018,0.16686661954076198,0.1609822467792288,0.16026844902086723,0.10556666277112825,-0.1840814872594354,0.33486336289684226
aggregate,target,det_pseudo_clip_radius,gamma_s2,36.44873706875518,55.36721435866939,37.41981520476304,-0.10536047338832177,0.030258020635443028,-0.2508043549290073,0.2685007922259175,0.37229605016396716,0.10961024215651594,0.13292912314837868,0.20847096142659893,0.21450009141189552
aggregate,target,det_pseudo_clip_radius,contrast_s1,37.730386812666275,56.506051038707525,38.70842860840214,0.1182905722793004,-0.004267608553309987,0.28863641953503216,0.14876165514778328,0.04786186693759298,0.17322185962800885,0.007523898985339894,0.04307254586491949,0.10588648098365239
aggregate,target,det_pseudo_clip_radius,contrast_s2,33.29616645310452,50.40094403041496,33.97040771789904,0.1952265145748644,0.23286145333845099,0.37588368928889726,0.17048023418632097,0.3472735811633876,0.11331006360114082,0.06571482189455802,0.10874763880296401,0.13983037013748922
aggregate,target,det_pseudo_clip_radius,color_cast_s1,38.18544120143648,57.2192625510161,40.32566776495499,0.03339859245776178,0.08340192629622267,-0.09095364130221051,-0.0038936837068348495,0.003829646036679346,-0.03389076556656323,-0.005305324539917056,-0.001581425052477048,-0.007515121562334803
aggregate,target,det_pseudo_clip_radius,color_cast_s2,36.96360370396883,55.38092076891024,39.040142174221394,0.0901307453078648,0.06769347732002995,0.11701179458906141,0.03244184307848452,-0.008200430026339411,0.0936808338978079,0.22878887363717015,0.1479851594093584,0.1758069941762197
aggregate,target,det_pseudo_clip_radius,clean_s0,39.37653510014052,58.81099614756838,41.97242475676938,0.06094732073553821,0.04005631834886891,0.2474250223821861,0.08285540319761253,0.06352437357395324,0.38801725609280413,0.16855706228043887,0.35058259394182834,0.18821751751161853
aggregate,ssd,no_adapt,gamma_s1,24.17844063048107,40.36430895874107,25.065528286024392,0.0,0.0,0.0,0.06930261816671113,0.10048121117861575,-0.13021891691454845,0.026854614263888132,-0.24839004189440295,-0.01948223197970056
aggregate,ssd,no_adapt,gamma_s2,23.25772945613843,39.14208673570995,23.839267413856497,0.0,0.0,0.0,-0.07114202272613945,-0.19006725488273646,-0.049132357676084926,-0.19182725151147273,-0.20313506074275955,-0.14076036275361137
aggregate,ssd,no_adapt,contrast_s1,24.673338631769106,41.40370083478237,25.243633579849728,0.0,0.0,0.0,0.01814296983188024,0.017268130157743755,0.1540483737064724,0.011865317907724937,-0.026755145456447416,-0.0058227718731596045
aggregate,ssd,no_adapt,contrast_s2,22.892204322122936,38.827303963852756,22.6434970584459,0.0,0.0,0.0,-0.04846410593286887,-0.021301805252726957,-0.22822585763133396,0.16247014813460525,0.5185273586429007,-0.21688178354358212
aggregate,ssd,no_adapt,color_cast_s1,24.238628144488754,40.69254273513056,24.561929137098552,0.0,0.0,0.0,-0.024197390579511202,-0.008219971730538678,0.032975530673842735,-0.03577221978663392,-0.06971792107912655,-0.029710321639556114
aggregate,ssd,no_adapt,color_cast_s2,23.66790709277057,39.686193768235576,24.03849507801076,0.0,0.0,0.0,0.03748483924708168,0.0026829599404309956,0.0757105942263081,0.03195090390112898,-0.07349114834481751,0.1221030907963494
aggregate,ssd,no_adapt,clean_s0,24.835929299621945,41.58052032476828,25.588730275751203,0.0,0.0,0.0,-0.015129364127886014,0.09351140504409439,-0.09023660236335274,0.023944604506156986,-0.040257333541049434,-0.019037935410687323
aggregate,ssd,global_generic,gamma_s1,24.10913801231436,40.26382774756245,25.19574720293894,-0.06930261816671113,-0.10048121117861575,0.13021891691454845,0.0,0.0,0.0,-0.042448003902822995,-0.3488712530730187,0.1107366849348479
aggregate,ssd,global_generic,gamma_s2,23.32887147886457,39.33215399059269,23.88839977153258,0.07114202272613945,0.19006725488273646,0.049132357676084926,0.0,0.0,0.0,-0.12068522878533328,-0.013067805860023096,-0.09162800507752644
aggregate,ssd,global_generic,contrast_s1,24.655195661937224,41.386432704624625,25.089585206143255,-0.01814296983188024,-0.017268130157743755,-0.1540483737064724,0.0,0.0,0.0,-0.006277651924155303,-0.04402327561419117,-0.159871145579632
aggregate,ssd,global_generic,contrast_s2,22.940668428055805,38.84860576910548,22.871722916077232,0.04846410593286887,0.021301805252726957,0.22822585763133396,0.0,0.0,0.0,0.21093425406747413,0.5398291638956276,0.011344074087751843
aggregate,ssd,global_generic,color_cast_s1,24.262825535068263,40.7007627068611,24.528953606424707,0.024197390579511202,0.008219971730538678,-0.032975530673842735,0.0,0.0,0.0,-0.011574829207122717,-0.06149794934858788,-0.06268585231339885
aggregate,ssd,global_generic,color_cast_s2,23.630422253523488,39.683510808295146,23.962784483784453,-0.03748483924708168,-0.0026829599404309956,-0.0757105942263081,0.0,0.0,0.0,-0.005533935345952701,-0.07617410828524851,0.0463924965700413
aggregate,ssd,global_generic,clean_s0,24.851058663749832,41.48700891972418,25.678966878114558,0.015129364127886014,-0.09351140504409439,0.09023660236335274,0.0,0.0,0.0,0.039073968634043,-0.13376873858514382,0.07119866695266541
aggregate,ssd,det_pseudo,gamma_s1,24.151586016217184,40.61269900063547,25.08501051800409,-0.026854614263888132,0.24839004189440295,0.01948223197970056,0.042448003902822995,0.3488712530730187,-0.1107366849348479,0.0,0.0,0.0
aggregate,ssd,det_pseudo,gamma_s2,23.449556707649904,39.34522179645271,23.980027776610108,0.19182725151147273,0.20313506074275955,0.14076036275361137,0.12068522878533328,0.013067805860023096,0.09162800507752644,0.0,0.0,0.0
aggregate,ssd,det_pseudo,contrast_s1,24.66147331386138,41.43045598023882,25.249456351722888,-0.011865317907724937,0.026755145456447416,0.0058227718731596045,0.006277651924155303,0.04402327561419117,0.159871145579632,0.0,0.0,0.0
aggregate,ssd,det_pseudo,contrast_s2,22.72973417398833,38.30877660520986,22.86037884198948,-0.16247014813460525,-0.5185273586429007,0.21688178354358212,-0.21093425406747413,-0.5398291638956276,-0.011344074087751843,0.0,0.0,0.0
aggregate,ssd,det_pseudo,color_cast_s1,24.274400364275387,40.76226065620968,24.591639458738108,0.03577221978663392,0.06971792107912655,0.029710321639556114,0.011574829207122717,0.06149794934858788,0.06268585231339885,0.0,0.0,0.0
aggregate,ssd,det_pseudo,color_cast_s2,23.63595618886944,39.7596849165804,23.916391987214414,-0.03195090390112898,0.07349114834481751,-0.1221030907963494,0.005533935345952701,0.07617410828524851,-0.0463924965700413,0.0,0.0,0.0
aggregate,ssd,det_pseudo,clean_s0,24.81198469511579,41.62077765830933,25.60776821116189,-0.023944604506156986,0.040257333541049434,0.019037935410687323,-0.039073968634043,0.13376873858514382,-0.07119866695266541,0.0,0.0,0.0
aggregate,ssd,det_pseudo_clip_radius,gamma_s1,24.179556921386027,40.4469034177643,25.123534343688313,0.001116290904956685,0.08259445902322748,0.05800605766392297,0.07041890907166781,0.18307567020184323,-0.07221285925062548,0.027970905168844817,-0.16579558287117546,0.03852382568422241
aggregate,ssd,det_pseudo_clip_radius,gamma_s2,23.375990165595848,39.36024106424016,23.778811395693896,0.11826070945741562,0.21815432853020678,-0.0604560181625996,0.04711868673127617,0.028087073647470318,-0.10958837583868453,-0.0735665420540571,0.015019267787447221,-0.20121638091621097
aggregate,ssd,det_pseudo_clip_radius,contrast_s1,24.72187060326377,41.46257199944698,25.23984819002372,0.048531971494666926,0.058871164664608955,-0.003785389826005403,0.06667494132654717,0.07613929482235271,0.150262983880467,0.06039728940239186,0.03211601920816154,-0.009608161699165008
aggregate,ssd,det_pseudo_clip_radius,contrast_s2,22.916221816831136,38.938919645721256,22.397690695141435,0.024017494708200582,0.1116156818684988,-0.2458063633044627,-0.02444661122466829,0.09031387661577184,-0.47403222093579667,0.18648764284280583,0.6301430405113995,-0.4626881468480448
aggregate,ssd,det_pseudo_clip_radius,color_cast_s1,24.28675107858532,40.72585814676267,24.61586313595656,0.04812293409656443,0.033315411632106606,0.05393399885800787,0.023925543517053227,0.02509543990156793,0.0869095295318506,0.01235071430993051,-0.03640250944701995,0.024223677218451756
aggregate,ssd,det_pseudo_clip_radius,color_cast_s2,23.620822064930145,39.65471310009648,23.951894181988763,-0.04708502784042112,-0.0314806681391,-0.08660089602199883,-0.009600188593339443,-0.028797708198669003,-0.010890301795690727,-0.015134123939292143,-0.10497181648391751,0.03550219477435057
aggregate,ssd,det_pseudo_clip_radius,clean_s0,24.831807965942613,41.529133101616765,25.581796488598652,-0.0041213336793327615,-0.05138722315151112,-0.006933787152552107,-0.019250697807218775,0.04212418189258327,-0.09717038951590484,0.019823270826824224,-0.09164455669256055,-0.02597172256323943
block_1,source,no_adapt,gamma_s1,40.98375269103997,60.61821855066768,46.1439261816473,0.0,0.0,0.0,0.2732398970397343,0.220336746168881,0.557075410136787,0.28517996164524884,0.40661680601143946,-0.05122523488527708
block_1,source,no_adapt,gamma_s2,39.68731313343296,59.54391120485696,43.65894853803165,0.0,0.0,0.0,0.2330803942178883,0.5501018972048466,0.14580004607053776,0.33665496318096566,0.5432003919910944,-0.05252180863803968
block_1,source,no_adapt,contrast_s1,39.62406250020558,59.29553138746755,42.658384002481434,0.0,0.0,0.0,-0.4064147519688699,-0.15816663038185075,-0.6469230201276377,-0.010341723192341945,-0.21383869125604082,-0.12790663061303942
block_1,source,no_adapt,contrast_s2,35.34920961290893,52.907336402890046,39.05197573878446,0.0,0.0,0.0,0.13607606878888734,0.450880149715871,0.30771056686152987,-0.37422589648645754,-0.31522769973337805,0.34468816424978455
block_1,source,no_adapt,color_cast_s1,40.52881908344665,59.54574516543496,45.49432015054775,0.0,0.0,0.0,-0.123879007405725,-0.01890519653282574,-0.08525774352163284,-0.15897278948658888,0.3225199508802068,0.3244704981836377
block_1,source,no_adapt,color_cast_s2,39.32028627496528,58.34491443145842,43.880968546512946,0.0,0.0,0.0,0.13874101646676462,0.15329012717584245,0.13644636017586254,0.4006407074926388,0.654297454394559,1.4401695559966177
block_1,source,no_adapt,clean_s0,41.270946441428066,61.68156834517152,44.467276467980795,0.0,0.0,0.0,-0.05409659524954202,0.36204298859665585,-0.26688462822319625,0.20710029205911473,0.5458047363978813,-0.548282727585464
block_1,source,global_generic,gamma_s1,40.71051279400023,60.3978818044988,45.58685077151051,-0.2732398970397343,-0.220336746168881,-0.557075410136787,0.0,0.0,0.0,0.011940064605514555,0.18628005984255847,-0.608300645022064
block_1,source,global_generic,gamma_s2,39.454232739215065,58.993809307652114,43.51314849196111,-0.2330803942178883,-0.5501018972048466,-0.14580004607053776,0.0,0.0,0.0,0.10357456896307737,-0.006901505213752213,-0.19832185470857744
block_1,source,global_generic,contrast_s1,40.03047725217445,59.4536980178494,43.30530702260907,0.4064147519688699,0.15816663038185075,0.6469230201276377,0.0,0.0,0.0,0.39607302877652795,-0.05567206087419008,0.5190163895145983
block_1,source,global_generic,contrast_s2,35.21313354412004,52.456456253174174,38.74426517192293,-0.13607606878888734,-0.450880149715871,-0.30771056686152987,0.0,0.0,0.0,-0.5103019652753449,-0.766107849449249,0.03697759738825468
block_1,source,global_generic,color_cast_s1,40.652698090852375,59.564650361967786,45.57957789406938,0.123879007405725,0.01890519653282574,0.08525774352163284,0.0,0.0,0.0,-0.03509378208086389,0.34142514741303254,0.40972824170527056
block_1,source,global_generic,color_cast_s2,39.18154525849851,58.19162430428258,43.744522186337086,-0.13874101646676462,-0.15329012717584245,-0.13644636017586254,0.0,0.0,0.0,0.2618996910258742,0.5010073272187165,1.3037231958207551
block_1,source,global_generic,clean_s0,41.325043036677606,61.319525356574864,44.73416109620399,0.05409659524954202,-0.36204298859665585,0.26688462822319625,0.0,0.0,0.0,0.26119688730865676,0.18376174780122545,-0.2813980993622678
block_1,source,det_pseudo,gamma_s1,40.69857272939472,60.21160174465624,46.195151416532575,-0.28517996164524884,-0.40661680601143946,0.05122523488527708,-0.011940064605514555,-0.18628005984255847,0.608300645022064,0.0,0.0,0.0
block_1,source,det_pseudo,gamma_s2,39.35065817025199,59.00071081286586,43.71147034666969,-0.33665496318096566,-0.5432003919910944,0.05252180863803968,-0.10357456896307737,0.006901505213752213,0.19832185470857744,0.0,0.0,0.0
block_1,source,det_pseudo,contrast_s1,39.63440422339792,59.50937007872359,42.78629063309447,0.010341723192341945,0.21383869125604082,0.12790663061303942,-0.39607302877652795,0.05567206087419008,-0.5190163895145983,0.0,0.0,0.0
block_1,source,det_pseudo,contrast_s2,35.72343550939539,53.22256410262342,38.707287574534675,0.37422589648645754,0.31522769973337805,-0.34468816424978455,0.5103019652753449,0.766107849449249,-0.03697759738825468,0.0,0.0,0.0
block_1,source,det_pseudo,color_cast_s1,40.68779187293324,59.22322521455475,45.169849652364114,0.15897278948658888,-0.3225199508802068,-0.3244704981836377,0.03509378208086389,-0.34142514741303254,-0.40972824170527056,0.0,0.0,0.0
block_1,source,det_pseudo,color_cast_s2,38.919645567472635,57.690616977063854,42.440798990516335,-0.4006407074926388,-0.654297454394559,-1.4401695559966177,-0.2618996910258742,-0.5010073272187165,-1.3037231958207551,0.0,0.0,0.0
block_1,source,det_pseudo,clean_s0,41.06384614936895,61.135763608773644,45.015559195566254,-0.20710029205911473,-0.5458047363978813,0.548282727585464,-0.26119688730865676,-0.18376174780122545,0.2813980993622678,0.0,0.0,0.0
block_1,source,det_pseudo_clip_radius,gamma_s1,40.667337952233154,60.53183425209133,45.79242071093321,-0.31641473880680837,-0.08638429857634744,-0.3515054707140919,-0.04317484176707409,0.13395244759253355,0.20556993942269508,-0.031234777161559535,0.320232507435092,-0.40273070559936897
block_1,source,det_pseudo_clip_radius,gamma_s2,39.51116185367452,59.3287251237311,43.071087577484505,-0.17615127975843525,-0.21518608112586213,-0.587860960547143,0.056929114459453034,0.33491581607898446,-0.4420609144766052,0.1605036834225304,0.32801431086523225,-0.6403827691851827
block_1,source,det_pseudo_clip_radius,contrast_s1,39.57989918955564,59.5233014955181,43.048699534141576,-0.04416331064994172,0.2277701080505512,0.3903155316601459,-0.4505780626188116,0.06960347766870045,-0.2566074884674918,-0.05450503384228367,0.013931416794510376,0.26240890104710646
block_1,source,det_pseudo_clip_radius,contrast_s2,35.34188406981913,53.07003143360204,38.42037427716841,-0.007325543089797826,0.1626950307119901,-0.6316014616160492,0.1287505256990895,0.6135751804278611,-0.3238908947545194,-0.38155143957625537,-0.15253266902138796,-0.2869132973662647
block_1,source,det_pseudo_clip_radius,color_cast_s1,40.81195553521407,59.75501110176668,45.43396416908663,0.2831364517674184,0.20926593633171509,-0.06035598146112431,0.15925744436169342,0.19036073979888934,-0.14561372498275715,0.12416366228082953,0.5317858872119219,0.2641145167225134
block_1,source,det_pseudo_clip_radius,color_cast_s2,39.255283778854135,58.12325497923767,43.26309116300436,-0.06500249611114395,-0.221659452220746,-0.617877383508586,0.07373852035562067,-0.06836932504490356,-0.4814310233327235,0.33563821138149486,0.432638002173813,0.8222921724880317
block_1,source,det_pseudo_clip_radius,clean_s0,41.0772245898305,61.43931803105688,44.58926844982412,-0.1937218515975614,-0.24225031411464482,0.12199198184332238,-0.2478184468471034,0.11979267448201103,-0.14489264637987387,0.013378440461553343,0.3035544222832365,-0.42629074574214165
block_1,target,no_adapt,gamma_s1,42.65484259706997,59.56379932185762,46.16980025819385,0.0,0.0,0.0,0.1833166604483183,0.2314063942281286,0.3471671777351637,0.5931942927636324,0.7149626481095406,1.0393322785103853
block_1,target,no_adapt,gamma_s2,40.883697368912664,57.9695906627674,43.997020609276554,0.0,0.0,0.0,0.22258291588846957,0.2002293211215811,0.2610135498827937,-0.18580038074553218,0.08148636264168063,0.5907838369488938
block_1,target,no_adapt,contrast_s1,41.42677135187027,58.00046750573308,43.78070901872806,0.0,0.0,0.0,-0.29390965892820975,-0.33038809520115064,-0.461837746110888,-0.663507613938985,-0.7212299174477521,-0.4392544074620641
block_1,target,no_adapt,contrast_s2,36.99934149950788,51.99013816741086,39.148319716438216,0.0,0.0,0.0,0.014076133844020955,0.12489627133738246,-0.039859582256684956,-0.9626489976320984,-1.2266372777919643,-1.3827056272534721
block_1,target,no_adapt,color_cast_s1,42.51084418595082,59.30378308269192,44.72865443048014,0.0,0.0,0.0,0.04230329650120046,0.07238248466489017,-0.2736304074463347,0.17710043466684366,0.16532046125682376,0.4794218137779638
block_1,target,no_adapt,color_cast_s2,40.61898322023672,57.315519805140156,42.241692035153555,0.0,0.0,0.0,-0.14167768311520446,-0.10938773731596907,0.12810509052804675,0.19364043818145826,0.05872279245963119,-0.5961665870195532
block_1,target,no_adapt,clean_s0,43.32958702135748,60.71405139484083,46.235260171369355,0.0,0.0,0.0,0.05682517281263566,-0.16099422978945732,0.38684688598600303,0.09570982749880774,0.5448437956688479,-0.8114906428254742
block_1,target,global_generic,gamma_s1,42.47152593662166,59.3323929276295,45.82263308045869,-0.1833166604483183,-0.2314063942281286,-0.3471671777351637,0.0,0.0,0.0,0.40987763231531416,0.483556253881412,0.6921651007752216
block_1,target,global_generic,gamma_s2,40.6611144530242,57.76936134164582,43.73600705939376,-0.22258291588846957,-0.2002293211215811,-0.2610135498827937,0.0,0.0,0.0,-0.40838329663400175,-0.11874295847990046,0.3297702870661001
block_1,target,global_generic,contrast_s1,41.72068101079848,58.33085560093423,44.24254676483895,0.29390965892820975,0.33038809520115064,0.461837746110888,0.0,0.0,0.0,-0.3695979550107753,-0.39084182224660147,0.022583338648823892
block_1,target,global_generic,contrast_s2,36.98526536566386,51.86524189607348,39.188179298694905,-0.014076133844020955,-0.12489627133738246,0.039859582256684956,0.0,0.0,0.0,-0.9767251314761194,-1.3515335491293468,-1.3428460449967872
block_1,target,global_generic,color_cast_s1,42.46854088944963,59.23140059802703,45.002284837926474,-0.04230329650120046,-0.07238248466489017,0.2736304074463347,0.0,0.0,0.0,0.1347971381656432,0.09293797659193359,0.7530522212242985
block_1,target,global_generic,color_cast_s2,40.760660903351926,57.424907542456125,42.11358694462551,0.14167768311520446,0.10938773731596907,-0.12810509052804675,0.0,0.0,0.0,0.3353181212966627,0.16811052977560026,-0.7242716775475999
block_1,target,global_generic,clean_s0,43.272761848544846,60.87504562463029,45.84841328538335,-0.05682517281263566,0.16099422978945732,-0.38684688598600303,0.0,0.0,0.0,0.03888465468617208,0.7058380254583052,-1.1983375288114773
block_1,target,det_pseudo,gamma_s1,42.061648304306345,58.84883667374808,45.130467979683466,-0.5931942927636324,-0.7149626481095406,-1.0393322785103853,-0.40987763231531416,-0.483556253881412,-0.6921651007752216,0.0,0.0,0.0
block_1,target,det_pseudo,gamma_s2,41.0694977496582,57.88810430012572,43.40623677232766,0.18580038074553218,-0.08148636264168063,-0.5907838369488938,0.40838329663400175,0.11874295847990046,-0.3297702870661001,0.0,0.0,0.0
block_1,target,det_pseudo,contrast_s1,42.09027896580926,58.72169742318083,44.21996342619012,0.663507613938985,0.7212299174477521,0.4392544074620641,0.3695979550107753,0.39084182224660147,-0.022583338648823892,0.0,0.0,0.0
block_1,target,det_pseudo,contrast_s2,37.96199049713997,53.21677544520283,40.53102534369169,0.9626489976320984,1.2266372777919643,1.3827056272534721,0.9767251314761194,1.3515335491293468,1.3428460449967872,0.0,0.0,0.0
block_1,target,det_pseudo,color_cast_s1,42.33374375128398,59.138462621435096,44.24923261670218,-0.17710043466684366,-0.16532046125682376,-0.4794218137779638,-0.1347971381656432,-0.09293797659193359,-0.7530522212242985,0.0,0.0,0.0
block_1,target,det_pseudo,color_cast_s2,40.42534278205526,57.25679701268053,42.83785862217311,-0.19364043818145826,-0.05872279245963119,0.5961665870195532,-0.3353181212966627,-0.16811052977560026,0.7242716775475999,0.0,0.0,0.0
block_1,target,det_pseudo,clean_s0,43.233877193858675,60.16920759917198,47.04675081419483,-0.09570982749880774,-0.5448437956688479,0.8114906428254742,-0.03888465468617208,-0.7058380254583052,1.1983375288114773,0.0,0.0,0.0
block_1,target,det_pseudo_clip_radius,gamma_s1,42.30064756403472,59.1219967960058,45.662797578641865,-0.3541950330352539,-0.4418025258518199,-0.5070026795519877,-0.1708783725869356,-0.2103961316236913,-0.15983550181682404,0.23899925972837854,0.2731601222577207,0.5323295989583976
block_1,target,det_pseudo_clip_radius,gamma_s2,40.766648091857,57.971179768758496,43.61033989135433,-0.11704927705566415,0.0015891059910955185,-0.3866807179222276,0.10553363883280542,0.2018184271126766,-0.1256671680394339,-0.3028496578011963,0.08307546863277615,0.20410311902666622
block_1,target,det_pseudo_clip_radius,contrast_s1,41.89968526837782,58.435381172371294,44.33813628028124,0.4729139165075502,0.43491366663821474,0.5574272615531783,0.17900425757934046,0.10452557143706409,0.09558951544229033,-0.19059369743143484,-0.2863162508095374,0.11817285409111422
block_1,target,det_pseudo_clip_radius,contrast_s2,37.48005265376524,52.574664189177746,39.382716549800165,0.4807111542573683,0.5845260217668846,0.23439683336194395,0.4947872881013893,0.7094222931042671,0.194537251105259,-0.4819378433747301,-0.6421112560250797,-1.1483087938915282
block_1,target,det_pseudo_clip_radius,color_cast_s1,42.59630299432207,59.40730635938463,44.529411312327206,0.08545880837124709,0.10352327669270744,-0.19924311815293638,0.12776210487244755,0.1759057613575976,-0.4728735255992711,0.26255924303809075,0.2688437379495312,0.2801786956250274
block_1,target,det_pseudo_clip_radius,color_cast_s2,40.61236630653748,57.42917547887812,42.1061521941045,-0.006616913699236671,0.11365567373796681,-0.1355398410490538,-0.14829459681444113,0.004267936421997742,-0.007434750521007061,0.1870235244822216,0.172378466197598,-0.731706428068607
block_1,target,det_pseudo_clip_radius,clean_s0,43.39722363008264,60.67176488114618,46.712120543355766,0.06763660872516342,-0.04228651369464487,0.4768603719864095,0.12446178153779908,-0.2032807434841022,0.8637072579724125,0.16334643622397116,0.502557281974203,-0.3346302708390647
block_1,ssd,no_adapt,gamma_s1,29.04826955208401,45.74015034574336,30.836771814526465,0.0,0.0,0.0,0.058744763441326286,0.40491433432688906,-0.25317964050999286,-0.07823636472022999,-0.39247204204594377,-0.3473559215552702
block_1,ssd,no_adapt,gamma_s2,28.294966309444092,44.39428871762954,29.04647872027246,0.0,0.0,0.0,0.06513016540560801,0.2718214183790091,-0.421464968218771,-0.5139543014761216,-0.572397769533084,-1.003815741871683
block_1,ssd,no_adapt,contrast_s1,29.22917682530705,46.15621415693643,30.29332042866156,0.0,0.0,0.0,-0.26241887231471805,-0.39169096501103784,-0.0827408707101962,-0.13345847259682575,-0.5504197052054627,-0.7542051627407453
block_1,ssd,no_adapt,contrast_s2,27.59435531592188,43.50901367793845,27.644122463865678,0.0,0.0,0.0,0.008528304832522426,-0.030856431299064457,0.0045455996547039135,-0.024989021249743892,0.3168889749598003,-0.2947702455867285
block_1,ssd,no_adapt,color_cast_s1,28.67375138267746,45.84971449795165,29.905844635811096,0.0,0.0,0.0,-0.006791423393120999,0.015214992001211236,-0.025538405716218904,0.048796179185178756,0.2634122901332303,-0.13930635856060913
block_1,ssd,no_adapt,color_cast_s2,27.744439202050774,43.74296451930726,28.82367383892405,0.0,0.0,0.0,0.01792788419626712,-0.1108079201366019,0.13608623967317213,-0.04485672861694878,-0.7655321154059203,0.20122026205598442
block_1,ssd,no_adapt,clean_s0,29.532766419260977,46.41470324833915,30.877613937101405,0.0,0.0,0.0,-0.027685189472037575,0.1201250534731857,-0.18831505499356527,0.11218096451960924,-0.6649347449472043,0.1604724659995449
block_1,ssd,global_generic,gamma_s1,28.989524788642683,45.33523601141647,31.089951455036456,-0.058744763441326286,-0.40491433432688906,0.25317964050999286,0.0,0.0,0.0,-0.13698112816155628,-0.7973863763728328,-0.09417628104527731
block_1,ssd,global_generic,gamma_s2,28.229836144038483,44.12246729925053,29.467943688491232,-0.06513016540560801,-0.2718214183790091,0.421464968218771,0.0,0.0,0.0,-0.5790844668817297,-0.844219187912093,-0.5823507736529121
block_1,ssd,global_generic,contrast_s1,29.49159569762177,46.547905121947466,30.376061299371752,0.26241887231471805,0.39169096501103784,0.0827408707101962,0.0,0.0,0.0,0.1289603997178923,-0.15872874019442484,-0.6714642920305491
block_1,ssd,global_generic,contrast_s2,27.585827011089357,43.53987010923751,27.639576864210973,-0.008528304832522426,0.030856431299064457,-0.0045455996547039135,0.0,0.0,0.0,-0.03351732608226632,0.34774540625886474,-0.2993158452414324
block_1,ssd,global_generic,color_cast_s1,28.68054280607058,45.83449950595044,29.931383041527315,0.006791423393120999,-0.015214992001211236,0.025538405716218904,0.0,0.0,0.0,0.055587602578299755,0.24819729813201907,-0.11376795284439023
block_1,ssd,global_generic,color_cast_s2,27.72651131785451,43.85377243944386,28.68758759925088,-0.01792788419626712,0.1108079201366019,-0.13608623967317213,0.0,0.0,0.0,-0.0627846128132159,-0.6547241952693184,0.0651340223828123
block_1,ssd,global_generic,clean_s0,29.56045160873301,46.29457819486596,31.06592899209497,0.027685189472037575,-0.1201250534731857,0.18831505499356527,0.0,0.0,0.0,0.1398661539916468,-0.78505979842039,0.34878752099311017
block_1,ssd,det_pseudo,gamma_s1,29.12650591680424,46.132622387789304,31.184127736081734,0.07823636472022999,0.39247204204594377,0.3473559215552702,0.13698112816155628,0.7973863763728328,0.09417628104527731,0.0,0.0,0.0
block_1,ssd,det_pseudo,gamma_s2,28.808920610920215,44.966686487162626,30.050294462144144,0.5139543014761216,0.572397769533084,1.003815741871683,0.5790844668817297,0.844219187912093,0.5823507736529121,0.0,0.0,0.0
block_1,ssd,det_pseudo,contrast_s1,29.36263529790388,46.706633862141885,31.0475255914023,0.13345847259682575,0.5504197052054627,0.7542051627407453,-0.1289603997178923,0.15872874019442484,0.6714642920305491,0.0,0.0,0.0
block_1,ssd,det_pseudo,contrast_s2,27.619344337171626,43.192124702978646,27.938892709452407,0.024989021249743892,-0.3168889749598003,0.2947702455867285,0.03351732608226632,-0.34774540625886474,0.2993158452414324,0.0,0.0,0.0
block_1,ssd,det_pseudo,color_cast_s1,28.62495520349228,45.58630220781842,30.045150994371706,-0.048796179185178756,-0.2634122901332303,0.13930635856060913,-0.055587602578299755,-0.24819729813201907,0.11376795284439023,0.0,0.0,0.0
block_1,ssd,det_pseudo,color_cast_s2,27.789295930667723,44.50849663471318,28.622453576868068,0.04485672861694878,0.7655321154059203,-0.20122026205598442,0.0627846128132159,0.6547241952693184,-0.0651340223828123,0.0,0.0,0.0
block_1,ssd,det_pseudo,clean_s0,29.420585454741367,47.079637993286354,30.71714147110186,-0.11218096451960924,0.6649347449472043,-0.1604724659995449,-0.1398661539916468,0.78505979842039,-0.34878752099311017,0.0,0.0,0.0
block_1,ssd,det_pseudo_clip_radius,gamma_s1,29.072542620194223,45.719979000487584,31.060027204009454,0.024273068110214346,-0.02017134525577613,0.22325538948299029,0.08301783155154063,0.38474298907111293,-0.02992425102700258,-0.05396329661001564,-0.4126433873017199,-0.12410053207227989
block_1,ssd,det_pseudo_clip_radius,gamma_s2,28.238688563177185,44.50690767742473,29.2901968611372,-0.0562777462669084,0.11261895979518544,0.24371814086474042,0.008852419138699608,0.3844403781741945,-0.17774682735403058,-0.57023204774303,-0.45977880973789853,-0.7600976010069427
block_1,ssd,det_pseudo_clip_radius,contrast_s1,29.193329103678025,46.49201442043344,30.27522597005975,-0.03584772162902872,0.33580026349701586,-0.01809445860180836,-0.29826659394374677,-0.05589070151402198,-0.10083532931200456,-0.16930619422585447,-0.21461944170844682,-0.7722996213425537
block_1,ssd,det_pseudo_clip_radius,contrast_s2,27.716240096995687,43.88845090513564,27.67340372853566,0.12188478107380551,0.3794372271971991,0.029281264669983598,0.13041308590632794,0.3485807958981346,0.03382686432468751,0.09689575982406162,0.6963262021569994,-0.2654889809167449
block_1,ssd,det_pseudo_clip_radius,color_cast_s1,28.660290447045806,45.6924420334799,30.02840792196608,-0.013460935631653959,-0.1572724644717527,0.12256328615498635,-0.020252359024774957,-0.14205747247054146,0.09702488043876745,0.0353352435535248,0.10613982566147762,-0.016743072405622783
block_1,ssd,det_pseudo_clip_radius,color_cast_s2,27.676407534345376,43.733946469741404,28.706642560384545,-0.06803166770539826,-0.0090180495658565,-0.1170312785395089,-0.05010378350913114,-0.1198259697024584,0.01905496113366323,-0.11288839632234704,-0.7745501649717768,0.08418898351647552
block_1,ssd,det_pseudo_clip_radius,clean_s0,29.530479153308054,46.358111371447336,30.911100747861987,-0.0022872659529216133,-0.056591876891814996,0.03348681076058013,-0.029972455424959188,0.0635331765813707,-0.15482824423298513,0.10989369856668763,-0.7215266218390193,0.19395927676012503
block_2,source,no_adapt,gamma_s1,42.50553509832757,64.30590694883522,46.43357866494156,0.0,0.0,0.0,0.2441519386464419,0.4377662032575613,-0.7274884092222822,0.2430599191983518,0.25818000303167166,0.5344693947505252
block_2,source,no_adapt,gamma_s2,40.680480349237456,61.4874012936635,44.820376431539714,0.0,0.0,0.0,0.3909750215168206,0.18668382913017423,0.8101846541041902,0.062048044618628895,0.58490728155558,0.9092791085263119
block_2,source,no_adapt,contrast_s1,41.385685663932854,61.95856510848555,45.677700205908614,0.0,0.0,0.0,-0.17354120112536564,-0.3964656575593861,-0.06379196898820272,-0.4334395892190368,-0.023603566279450927,-0.5816238355896564
block_2,source,no_adapt,contrast_s2,35.96133952014057,56.7667223239138,36.71234152681508,0.0,0.0,0.0,0.16601492445054156,0.2610248843941565,-0.1568138070520697,0.3789613876160447,0.1668327879879028,-0.8232975859549629
block_2,source,no_adapt,color_cast_s1,42.27999828704391,64.59308971550247,47.54715494095079,0.0,0.0,0.0,-0.20648636044441893,-0.6896632218037158,0.2601905645828906,-0.40236484879528356,0.5352948577778349,-0.7552251163144619
block_2,source,no_adapt,color_cast_s2,41.59484882936111,63.058742608437754,45.195325249288715,0.0,0.0,0.0,0.19337179535104387,0.10855845015687038,0.37153109113690075,0.27481248788767676,0.1471613183984033,0.09003510374312462
block_2,source,no_adapt,clean_s0,43.872274751725335,65.52992331811241,48.189975879465294,0.0,0.0,0.0,0.21343201028803382,0.43831205886222246,0.12264622905055478,0.49906170766580993,0.4061391464837971,0.4562049379866817
block_2,source,global_generic,gamma_s1,42.261383159681124,63.86814074557765,47.16106707416384,-0.2441519386464419,-0.4377662032575613,0.7274884092222822,0.0,0.0,0.0,-0.0010920194480901202,-0.17958620022588967,1.2619578039728074
block_2,source,global_generic,gamma_s2,40.28950532772064,61.30071746453333,44.01019177743552,-0.3909750215168206,-0.18668382913017423,-0.8101846541041902,0.0,0.0,0.0,-0.3289269768981917,0.3982234524254058,0.09909445442212172
block_2,source,global_generic,contrast_s1,41.55922686505822,62.35503076604494,45.74149217489682,0.17354120112536564,0.3964656575593861,0.06379196898820272,0.0,0.0,0.0,-0.25989838809367116,0.3728620912799352,-0.5178318666014536
block_2,source,global_generic,contrast_s2,35.795324595690026,56.50569743951964,36.869155333867155,-0.16601492445054156,-0.2610248843941565,0.1568138070520697,0.0,0.0,0.0,0.21294646316550314,-0.0941920964062537,-0.6664837789028932
block_2,source,global_generic,color_cast_s1,42.48648464748833,65.28275293730619,47.2869643763679,0.20648636044441893,0.6896632218037158,-0.2601905645828906,0.0,0.0,0.0,-0.19587848835086463,1.2249580795815507,-1.0154156808973525
block_2,source,global_generic,color_cast_s2,41.40147703401007,62.950184158280884,44.82379415815181,-0.19337179535104387,-0.10855845015687038,-0.37153109113690075,0.0,0.0,0.0,0.08144069253663289,0.03860286824153292,-0.2814959873937761
block_2,source,global_generic,clean_s0,43.658842741437304,65.09161125925019,48.067329650414734,-0.21343201028803382,-0.43831205886222246,-0.12264622905055478,0.0,0.0,0.0,0.2856296973777761,-0.032172912378425345,0.33355870893612694
block_2,source,det_pseudo,gamma_s1,42.26247517912922,64.04772694580355,45.89910927019103,-0.2430599191983518,-0.25818000303167166,-0.5344693947505252,0.0010920194480901202,0.17958620022588967,-1.2619578039728074,0.0,0.0,0.0
block_2,source,det_pseudo,gamma_s2,40.61843230461883,60.90249401210792,43.9110973230134,-0.062048044618628895,-0.58490728155558,-0.9092791085263119,0.3289269768981917,-0.3982234524254058,-0.09909445442212172,0.0,0.0,0.0
block_2,source,det_pseudo,contrast_s1,41.81912525315189,61.982168674765006,46.259324041498274,0.4334395892190368,0.023603566279450927,0.5816238355896564,0.25989838809367116,-0.3728620912799352,0.5178318666014536,0.0,0.0,0.0
block_2,source,det_pseudo,contrast_s2,35.582378132524525,56.5998895359259,37.53563911277005,-0.3789613876160447,-0.1668327879879028,0.8232975859549629,-0.21294646316550314,0.0941920964062537,0.6664837789028932,0.0,0.0,0.0
block_2,source,det_pseudo,color_cast_s1,42.682363135839196,64.05779485772463,48.302380057265246,0.40236484879528356,-0.5352948577778349,0.7552251163144619,0.19587848835086463,-1.2249580795815507,1.0154156808973525,0.0,0.0,0.0
block_2,source,det_pseudo,color_cast_s2,41.32003634147344,62.91158129003935,45.10529014554559,-0.27481248788767676,-0.1471613183984033,-0.09003510374312462,-0.08144069253663289,-0.03860286824153292,0.2814959873937761,0.0,0.0,0.0
block_2,source,det_pseudo,clean_s0,43.373213044059526,65.12378417162861,47.73377094147861,-0.49906170766580993,-0.4061391464837971,-0.4562049379866817,-0.2856296973777761,0.032172912378425345,-0.33355870893612694,0.0,0.0,0.0
block_2,source,det_pseudo_clip_radius,gamma_s1,42.706188809713666,64.26067283834448,46.637440972958125,0.2006537113860951,-0.04523411049073278,0.2038623080165669,0.444805650032537,0.39253209276682854,-0.5236261012057153,0.4437136305844469,0.21294589254093887,0.7383317027670921
block_2,source,det_pseudo_clip_radius,gamma_s2,40.8000032919072,61.45351488416524,45.132261590222406,0.1195229426697475,-0.033886409498262715,0.31188515868268984,0.5104979641865681,0.1527974196319115,1.12206981278688,0.1815709872883764,0.5510208720573173,1.2211642672090017
block_2,source,det_pseudo_clip_radius,contrast_s1,41.5739666725353,62.01187602139964,45.83856502427734,0.18828100860244779,0.053310912914084074,0.16086481836872224,0.014739807477082145,-0.34315474464530205,0.09707284938051952,-0.24515858061658902,0.029707346634633147,-0.4207590172209341
block_2,source,det_pseudo_clip_radius,contrast_s2,36.09281600502574,56.84130662819483,38.023377973857656,0.1314764848851735,0.07458430428103346,1.3110364470425684,0.29749140933571505,0.33560918867518996,1.1542226399904987,0.5104378725012182,0.24141709226893626,0.48773886108760545
block_2,source,det_pseudo_clip_radius,color_cast_s1,42.51416774911508,64.25295739745286,47.550417053498265,0.2341694620711654,-0.34013231804961297,0.0032621125474752155,0.027683101626746476,-1.0297955398533287,0.2634526771303658,-0.16819538672411816,0.19516253972822195,-0.7519630037669867
block_2,source,det_pseudo_clip_radius,color_cast_s2,41.19023569427357,62.523687823349285,44.748120421236216,-0.4046131350875448,-0.5350547850884735,-0.44720482805249984,-0.21124133973650094,-0.4264963349316031,-0.07567373691559909,-0.12980064719986806,-0.3878934666900702,-0.3571697243093752
block_2,source,det_pseudo_clip_radius,clean_s0,43.53437623830323,65.34036632692532,47.82776714521315,-0.33789851342210797,-0.1895569911871009,-0.3622087342521396,-0.12446650313407415,0.24875506767512157,-0.23956250520158484,0.16116319424370196,0.21658215529669622,0.0939962037345421
block_2,target,no_adapt,gamma_s1,44.50883329916612,63.43732582503072,48.616589130070416,0.0,0.0,0.0,0.2242539258885623,0.14054944383570245,0.5574305072786723,0.15878463908667317,0.2716808303048879,0.5054647218237451
block_2,target,no_adapt,gamma_s2,42.87518336863443,61.57489650555724,46.61343637085021,0.0,0.0,0.0,0.4483840543771822,0.49569654437251476,0.6494022967183488,0.1337703191477413,0.06103051825642192,0.5216803897057809
block_2,target,no_adapt,contrast_s1,44.73692383353705,63.047222371230035,48.65817132561364,0.0,0.0,0.0,0.049656326536345885,0.016716876881928133,0.12747565275995076,-0.20679507930854713,-0.5136869240332298,-0.04983944872693491
block_2,target,no_adapt,contrast_s2,38.847485661793904,56.0103679124056,41.81148648236288,0.0,0.0,0.0,-0.7390130719737487,-0.9259050797280954,-0.7662807204443733,-0.10260359067235658,-0.39787478036378277,0.8039961484250457
block_2,target,no_adapt,color_cast_s1,43.77163859362941,62.129287544559844,47.19745683978282,0.0,0.0,0.0,-0.18159667020228865,-0.14008088243600003,0.14730310472782504,0.10903692396222464,0.11516187046621829,-0.06650245545870015
block_2,target,no_adapt,color_cast_s2,42.37720331324278,62.1098918387181,45.722912579916766,0.0,0.0,0.0,-0.123938217699332,-0.247911481897245,-0.0004888978500594554,-0.11701967928698931,1.0967099212805809,-0.008609466217351924
block_2,target,no_adapt,clean_s0,45.60547119638635,63.88395003079425,49.13102693912477,0.0,0.0,0.0,0.19138142616923481,0.4272205871434176,-0.07050982335105593,0.27592359536374733,0.41037321900747603,0.6759416447087219
block_2,target,global_generic,gamma_s1,44.28457937327755,63.296776381195016,48.05915862279174,-0.2242539258885623,-0.14054944383570245,-0.5574305072786723,0.0,0.0,0.0,-0.06546928680188913,0.13113138646918543,-0.05196578545492714
block_2,target,global_generic,gamma_s2,42.42679931425725,61.07919996118473,45.96403407413186,-0.4483840543771822,-0.49569654437251476,-0.6494022967183488,0.0,0.0,0.0,-0.3146137352294409,-0.43466602611609284,-0.12772190701256791
block_2,target,global_generic,contrast_s1,44.687267507000705,63.03050549434811,48.53069567285368,-0.049656326536345885,-0.016716876881928133,-0.12747565275995076,0.0,0.0,0.0,-0.256451405844893,-0.5304038009151579,-0.17731510148688567
block_2,target,global_generic,contrast_s2,39.58649873376765,56.936272992133695,42.57776720280725,0.7390130719737487,0.9259050797280954,0.7662807204443733,0.0,0.0,0.0,0.6364094813013921,0.5280302993643127,1.570276868869419
block_2,target,global_generic,color_cast_s1,43.953235263831694,62.26936842699584,47.05015373505499,0.18159667020228865,0.14008088243600003,-0.14730310472782504,0.0,0.0,0.0,0.2906335941645133,0.2552427529022183,-0.2138055601865252
block_2,target,global_generic,color_cast_s2,42.501141530942114,62.357803320615346,45.72340147776682,0.123938217699332,0.247911481897245,0.0004888978500594554,0.0,0.0,0.0,0.00691853841234269,1.3446214031778259,-0.008120568367292469
block_2,target,global_generic,clean_s0,45.41408977021712,63.456729443650836,49.201536762475826,-0.19138142616923481,-0.4272205871434176,0.07050982335105593,0.0,0.0,0.0,0.08454216919451252,-0.016847368135941565,0.7464514680597778
block_2,target,det_pseudo,gamma_s1,44.350048660079445,63.16564499472583,48.11112440824667,-0.15878463908667317,-0.2716808303048879,-0.5054647218237451,0.06546928680188913,-0.13113138646918543,0.05196578545492714,0.0,0.0,0.0
block_2,target,det_pseudo,gamma_s2,42.741413049486695,61.51386598730082,46.09175598114443,-0.1337703191477413,-0.06103051825642192,-0.5216803897057809,0.3146137352294409,0.43466602611609284,0.12772190701256791,0.0,0.0,0.0
block_2,target,det_pseudo,contrast_s1,44.9437189128456,63.560909295263265,48.70801077434057,0.20679507930854713,0.5136869240332298,0.04983944872693491,0.256451405844893,0.5304038009151579,0.17731510148688567,0.0,0.0,0.0
block_2,target,det_pseudo,contrast_s2,38.950089252466256,56.408242692769385,41.00749033393784,0.10260359067235658,0.39787478036378277,-0.8039961484250457,-0.6364094813013921,-0.5280302993643127,-1.570276868869419,0.0,0.0,0.0
block_2,target,det_pseudo,color_cast_s1,43.66260166966718,62.01412567409362,47.26395929524151,-0.10903692396222464,-0.11516187046621829,0.06650245545870015,-0.2906335941645133,-0.2552427529022183,0.2138055601865252,0.0,0.0,0.0
block_2,target,det_pseudo,color_cast_s2,42.49422299252977,61.01318191743752,45.73152204613412,0.11701967928698931,-1.0967099212805809,0.008609466217351924,-0.00691853841234269,-1.3446214031778259,0.008120568367292469,0.0,0.0,0.0
block_2,target,det_pseudo,clean_s0,45.329547601022604,63.47357681178678,48.45508529441605,-0.27592359536374733,-0.41037321900747603,-0.6759416447087219,-0.08454216919451252,0.016847368135941565,-0.7464514680597778,0.0,0.0,0.0
block_2,target,det_pseudo_clip_radius,gamma_s1,44.75597327616711,63.47997350936689,48.95728481613224,0.247139977000993,0.042647684336172276,0.34069568606182044,0.4713939028895553,0.18319712817187472,0.8981261933404927,0.40592461608766617,0.31432851464106015,0.8461604078855656
block_2,target,det_pseudo_clip_radius,gamma_s2,42.75883335545457,61.36276152212492,46.358474445366056,-0.11635001317986116,-0.21213498343232162,-0.254961925484154,0.33203404119732105,0.28356156094019314,0.39444037123419484,0.017420305967880134,-0.1511044651758997,0.2667184642216269
block_2,target,det_pseudo_clip_radius,contrast_s1,44.56879973696359,63.04288543705467,48.58704838508833,-0.16812409657345762,-0.004336934175364071,-0.07112294052530888,-0.11846777003711173,0.012379942706564062,0.05635271223464189,-0.37491917588200474,-0.5180238582085939,-0.12096238925224378
block_2,target,det_pseudo_clip_radius,contrast_s2,39.74251699086796,57.20919999449524,42.622803093670655,0.8950313290740586,1.1988320820896403,0.8113166113077774,0.15601825710030992,0.2729270023615449,0.04503589086340409,0.792427738401702,0.8009573017258576,1.6153127597328232
block_2,target,det_pseudo_clip_radius,color_cast_s1,43.80696504934471,62.108760155248724,46.92266197697161,0.03532645571530657,-0.020527389311120192,-0.27479486281120624,-0.14627021448698208,-0.16060827174712022,-0.1274917580833812,0.1443633796775312,0.0946344811550981,-0.3412973182699064
block_2,target,det_pseudo_clip_radius,color_cast_s2,42.456491735730665,62.222789012400995,45.65853578842818,0.07928842248788315,0.11289717368289098,-0.06437679148857955,-0.04464979521144885,-0.135014308214354,-0.06486568933863901,-0.03773125679910616,1.2096070949634719,-0.07298625770593148
block_2,target,det_pseudo_clip_radius,clean_s0,45.4204371801547,63.58824994195187,48.954618848934885,-0.18503401623164994,-0.29570008884238774,-0.176408090189889,0.006347409937584869,0.13152049830102985,-0.24691791354094494,0.09088957913209739,0.11467313016508829,0.49953355451883286
block_2,ssd,no_adapt,gamma_s1,29.033130231140813,47.68622589364696,30.805208179225225,0.0,0.0,0.0,-0.17128349293255574,-0.13694561233509317,-0.5911048711826017,-0.17711627210476033,-0.04825393503644082,-0.17022839000226941
block_2,ssd,no_adapt,gamma_s2,27.82969246934433,46.5715632916848,29.49978667190747,0.0,0.0,0.0,0.08040599405289561,0.1581768095536007,-0.21297987791392692,-0.22620038412061727,-0.3354346756658244,-0.9988301615103834
block_2,ssd,no_adapt,contrast_s1,29.46023879469937,48.290592806622996,30.883318589612113,0.0,0.0,0.0,0.11525678881761925,0.3339521404788437,0.3175344716833617,-0.06296314804892233,0.06125231610284998,0.12432175914717236
block_2,ssd,no_adapt,contrast_s2,27.646631573200796,46.21443678632341,28.505675056239077,0.0,0.0,0.0,-0.01564333367931603,-0.015623292336308658,-0.3402035930916536,-0.2830033472216109,-0.39977319359935093,-0.8357058795060879
block_2,ssd,no_adapt,color_cast_s1,29.406695811575624,47.81068315922398,30.394029141933853,0.0,0.0,0.0,-0.028793612911515165,0.25561644493984903,-0.011789028738740104,-0.22871798449272118,-0.0967583166410102,-0.1941158861831549
block_2,ssd,no_adapt,color_cast_s2,29.162562969883183,47.772394337788924,30.641732561174194,0.0,0.0,0.0,-0.03692045636264352,-0.04737806322379079,-0.026049229652935768,-0.17012025753767035,-0.10236928955164593,-0.5924408441795315
block_2,ssd,no_adapt,clean_s0,29.9510521371218,48.71580737439599,31.920318640767633,0.0,0.0,0.0,0.024640459963720662,0.010965383015304475,0.3074518111689073,-0.00031805587458189066,0.13375082569601626,0.25422043619798274
block_2,ssd,global_generic,gamma_s1,29.20441372407337,47.82317150598206,31.396313050407826,0.17128349293255574,0.13694561233509317,0.5911048711826017,0.0,0.0,0.0,-0.005832779172204594,0.08869167729865235,0.4208764811803323
block_2,ssd,global_generic,gamma_s2,27.749286475291434,46.413386482131195,29.712766549821396,-0.08040599405289561,-0.1581768095536007,0.21297987791392692,0.0,0.0,0.0,-0.3066063781735129,-0.4936114852194251,-0.7858502835964565
block_2,ssd,global_generic,contrast_s1,29.344982005881754,47.95664066614415,30.56578411792875,-0.11525678881761925,-0.3339521404788437,-0.3175344716833617,0.0,0.0,0.0,-0.17821993686654158,-0.2726998243759937,-0.19321271253618932
block_2,ssd,global_generic,contrast_s2,27.662274906880114,46.23006007865972,28.845878649330732,0.01564333367931603,0.015623292336308658,0.3402035930916536,0.0,0.0,0.0,-0.2673600135422949,-0.38414990126304227,-0.4955022864144343
block_2,ssd,global_generic,color_cast_s1,29.435489424487137,47.55506671428413,30.405818170672593,0.028793612911515165,-0.25561644493984903,0.011789028738740104,0.0,0.0,0.0,-0.19992437158120602,-0.35237476158085923,-0.1823268574444148
block_2,ssd,global_generic,color_cast_s2,29.199483426245827,47.81977240101271,30.66778179082713,0.03692045636264352,0.04737806322379079,0.026049229652935768,0.0,0.0,0.0,-0.13319980117502683,-0.054991226327855136,-0.5663916145265957
block_2,ssd,global_generic,clean_s0,29.926411677158075,48.70484199138069,31.612866829598723,-0.024640459963720662,-0.010965383015304475,-0.3074518111689073,0.0,0.0,0.0,-0.024958515838302553,0.12278544268071179,-0.05323137497092456
block_2,ssd,det_pseudo,gamma_s1,29.210246503245575,47.734479828683405,30.975436569227494,0.17711627210476033,0.04825393503644082,0.17022839000226941,0.005832779172204594,-0.08869167729865235,-0.4208764811803323,0.0,0.0,0.0
block_2,ssd,det_pseudo,gamma_s2,28.055892853464947,46.90699796735062,30.498616833417852,0.22620038412061727,0.3354346756658244,0.9988301615103834,0.3066063781735129,0.4936114852194251,0.7858502835964565,0.0,0.0,0.0
block_2,ssd,det_pseudo,contrast_s1,29.523201942748294,48.229340490520144,30.75899683046494,0.06296314804892233,-0.06125231610284998,-0.12432175914717236,0.17821993686654158,0.2726998243759937,0.19321271253618932,0.0,0.0,0.0
block_2,ssd,det_pseudo,contrast_s2,27.92963492042241,46.61420997992276,29.341380935745164,0.2830033472216109,0.39977319359935093,0.8357058795060879,0.2673600135422949,0.38414990126304227,0.4955022864144343,0.0,0.0,0.0
block_2,ssd,det_pseudo,color_cast_s1,29.635413796068345,47.907441475864985,30.588145028117008,0.22871798449272118,0.0967583166410102,0.1941158861831549,0.19992437158120602,0.35237476158085923,0.1823268574444148,0.0,0.0,0.0
block_2,ssd,det_pseudo,color_cast_s2,29.33268322742085,47.87476362734057,31.234173405353726,0.17012025753767035,0.10236928955164593,0.5924408441795315,0.13319980117502683,0.054991226327855136,0.5663916145265957,0.0,0.0,0.0
block_2,ssd,det_pseudo,clean_s0,29.95137019299638,48.582056548699974,31.66609820456965,0.00031805587458189066,-0.13375082569601626,-0.25422043619798274,0.024958515838302553,-0.12278544268071179,0.05323137497092456,0.0,0.0,0.0
block_2,ssd,det_pseudo_clip_radius,gamma_s1,29.231553070589868,47.84371573375941,31.409742130901225,0.1984228394490528,0.15748984011244027,0.6045339516760007,0.027139346516497076,0.0205442277773471,0.01342908049339897,0.021306567344292482,0.10923590507599945,0.43430556167373124
block_2,ssd,det_pseudo_clip_radius,gamma_s2,27.783278587086606,46.37357252872019,29.36577811821716,-0.04641388225772314,-0.19799076296460605,-0.13400855369030684,0.033992111795172475,-0.039813953411005354,-0.34698843160423376,-0.2726142663783404,-0.5334254386304305,-1.1328387152006902
block_2,ssd,det_pseudo_clip_radius,contrast_s1,29.423010935053878,48.116851969580836,30.847753303092198,-0.037227859645494465,-0.17374083704215781,-0.035565286519917416,0.07802892917212478,0.16021130343668588,0.28196918516344427,-0.1001910076944168,-0.11248852093930783,0.08875647262725495
block_2,ssd,det_pseudo_clip_radius,contrast_s2,27.65508619379481,46.0446722195089,28.204006774034262,0.008454620594011697,-0.16976456681451202,-0.30166828220481445,-0.007188713085304332,-0.18538785915082068,-0.641871875296468,-0.2745487266275992,-0.569537760413863,-1.1373741617109023
block_2,ssd,det_pseudo_clip_radius,color_cast_s1,29.58445067948291,47.863302163296204,30.42402086564496,0.17775486790728712,0.052619004072229636,0.02999172371110359,0.14896125499577195,0.30823544901207867,0.018202694972363487,-0.050963116585434065,-0.044139312568780564,-0.1641241624720513
block_2,ssd,det_pseudo_clip_radius,color_cast_s2,29.193805931826233,47.90806537253451,30.65085867093287,0.031242961943050984,0.1356710347455825,0.009126109758672563,-0.0056774944195925325,0.08829297152179172,-0.016923119894263206,-0.13887729559461937,0.03330174519393658,-0.5833147344208589
block_2,ssd,det_pseudo_clip_radius,clean_s0,29.934846570896717,48.72742104567504,31.77814056445748,-0.016205566225080403,0.011613671279048221,-0.142178076310151,0.008434893738640259,0.022579054294352696,0.1652737348587563,-0.016523622099662294,0.14536449697506448,0.11204235988783173
block_3,source,no_adapt,gamma_s1,39.26748786160879,60.42284812065126,42.822008952466604,0.0,0.0,0.0,0.22924802748885975,0.32304421388401616,0.9011868195886674,-1.0714692523358382,-1.748508228548462,-0.8854280852362173
block_3,source,no_adapt,gamma_s2,37.659664285024036,58.411220217096314,41.52349909960055,0.0,0.0,0.0,0.23725755958444728,0.3414189654535438,1.0593369744412773,0.3978705987628839,0.456220337520985,1.5306711556310748
block_3,source,no_adapt,contrast_s1,39.59805303885287,60.24251080603955,43.73938310483677,0.0,0.0,0.0,0.1537798114645217,0.5911529126431558,0.3710479099664432,0.6402720051715882,0.5650949160297625,1.4033658080099487
block_3,source,no_adapt,contrast_s2,32.63798212519664,52.60953046459208,34.025904546716106,0.0,0.0,0.0,-0.05623802272830547,0.07310198275687352,-0.4624196744455633,-0.48615272221064765,0.6907762693144304,0.014292469537596775
block_3,source,no_adapt,color_cast_s1,40.47335584729419,62.52956972236955,44.2674211324688,0.0,0.0,0.0,0.1485871437723829,-0.05549795678596592,0.7965405804286008,0.19329459326836718,0.3986140863241894,2.3123437347382705
block_3,source,no_adapt,color_cast_s2,39.410697650867434,61.63568590233663,41.110064553998306,0.0,0.0,0.0,0.11009542773703362,0.43303517435997474,-0.08119738422441847,0.5200492552822455,0.8875017007421881,-0.7780162876947161
block_3,source,no_adapt,clean_s0,41.690890880503105,63.46115952343454,45.02034482973673,0.0,0.0,0.0,0.24489397903676435,0.3922858186019118,0.5743312823352442,0.5684455878811279,0.06263672851436475,0.5250481860970824
block_3,source,global_generic,gamma_s1,39.03823983411993,60.09980390676725,41.92082213287793,-0.22924802748885975,-0.32304421388401616,-0.9011868195886674,0.0,0.0,0.0,-1.300717279824698,-2.0715524424324783,-1.7866149048248847
block_3,source,global_generic,gamma_s2,37.422406725439586,58.06980125164277,40.46416212515928,-0.23725755958444728,-0.3414189654535438,-1.0593369744412773,0.0,0.0,0.0,0.1606130391784366,0.11480137206744123,0.47133418118979753
block_3,source,global_generic,contrast_s1,39.444273227388344,59.651357893396394,43.36833519487032,-0.1537798114645217,-0.5911529126431558,-0.3710479099664432,0.0,0.0,0.0,0.48649219370706653,-0.026057996613393364,1.0323178980435055
block_3,source,global_generic,contrast_s2,32.694220147924945,52.53642848183521,34.48832422116167,0.05623802272830547,-0.07310198275687352,0.4624196744455633,0.0,0.0,0.0,-0.4299146994823422,0.6176742865575569,0.4767121439831601
block_3,source,global_generic,color_cast_s1,40.324768703521805,62.585067679155514,43.4708805520402,-0.1485871437723829,0.05549795678596592,-0.7965405804286008,0.0,0.0,0.0,0.044707449495984264,0.4541120431101553,1.5158031543096695
block_3,source,global_generic,color_cast_s2,39.3006022231304,61.20265072797666,41.19126193822272,-0.11009542773703362,-0.43303517435997474,0.08119738422441847,0.0,0.0,0.0,0.4099538275452119,0.4544665263822134,-0.6968189034702976
block_3,source,global_generic,clean_s0,41.445996901466344,63.068873704832626,44.446013547401485,-0.24489397903676435,-0.3922858186019118,-0.5743312823352442,0.0,0.0,0.0,0.3235516088443635,-0.32964909008754706,-0.04928309623816185
block_3,source,det_pseudo,gamma_s1,40.33895711394463,62.171356349199726,43.70743703770282,1.0714692523358382,1.748508228548462,0.8854280852362173,1.300717279824698,2.0715524424324783,1.7866149048248847,0.0,0.0,0.0
block_3,source,det_pseudo,gamma_s2,37.26179368626115,57.95499987957533,39.99282794396948,-0.3978705987628839,-0.456220337520985,-1.5306711556310748,-0.1606130391784366,-0.11480137206744123,-0.47133418118979753,0.0,0.0,0.0
block_3,source,det_pseudo,contrast_s1,38.95778103368128,59.67741589000979,42.33601729682682,-0.6402720051715882,-0.5650949160297625,-1.4033658080099487,-0.48649219370706653,0.026057996613393364,-1.0323178980435055,0.0,0.0,0.0
block_3,source,det_pseudo,contrast_s2,33.12413484740729,51.91875419527765,34.01161207717851,0.48615272221064765,-0.6907762693144304,-0.014292469537596775,0.4299146994823422,-0.6176742865575569,-0.4767121439831601,0.0,0.0,0.0
block_3,source,det_pseudo,color_cast_s1,40.28006125402582,62.13095563604536,41.95507739773053,-0.19329459326836718,-0.3986140863241894,-2.3123437347382705,-0.044707449495984264,-0.4541120431101553,-1.5158031543096695,0.0,0.0,0.0
block_3,source,det_pseudo,color_cast_s2,38.89064839558519,60.74818420159445,41.88808084169302,-0.5200492552822455,-0.8875017007421881,0.7780162876947161,-0.4099538275452119,-0.4544665263822134,0.6968189034702976,0.0,0.0,0.0
block_3,source,det_pseudo,clean_s0,41.122445292621975,63.398522794920176,44.49529664363965,-0.5684455878811279,-0.06263672851436475,-0.5250481860970824,-0.3235516088443635,0.32964909008754706,0.04928309623816185,0.0,0.0,0.0
block_3,source,det_pseudo_clip_radius,gamma_s1,39.624176002939706,61.2243070632843,43.24767811504388,0.3566881413309131,0.8014589426330376,0.42566916257728016,0.5859361688197728,1.1245031565170538,1.3268559821659476,-0.7147811110049251,-0.9470492859154245,-0.45975892265893714
block_3,source,det_pseudo_clip_radius,gamma_s2,37.26889566547898,57.895732386478336,39.616374630806725,-0.3907686195450566,-0.5154878306179778,-1.9071244687938305,-0.15351105996060932,-0.17406886516443398,-0.8477874943525532,0.007101979217827292,-0.05926749309699275,-0.37645331316275565
block_3,source,det_pseudo_clip_radius,contrast_s1,39.29953885538721,60.23033659460172,43.14417620997186,-0.2985141834656535,-0.012174211437832039,-0.5952068948649025,-0.14473437200113182,0.5789787012053238,-0.2241589848984593,0.3417578217059347,0.5529207045919304,0.8081589131450462
block_3,source,det_pseudo_clip_radius,contrast_s2,33.105320177368505,52.97242756509496,35.10508755789923,0.4673380521718673,0.36289710050287916,1.0791830111831269,0.41110002944356183,0.4359990832597527,0.6167633367375636,-0.018814670038780346,1.0536733698173095,1.0934754807207236
block_3,source,det_pseudo_clip_radius,color_cast_s1,40.35637464914339,62.583743012743156,43.138194014794834,-0.11698119815079511,0.05417329037360474,-1.1292271176739643,0.031605945621587805,-0.001324666412361175,-0.33268653724536357,0.07631339511757207,0.4527873766977941,1.183116617064306
block_3,source,det_pseudo_clip_radius,color_cast_s2,39.49148948305741,61.24180689727131,41.68268684614112,0.08079183218997477,-0.3938790050653229,0.5726222921428104,0.1908872599270084,0.03915616929465182,0.4914249079183919,0.6008410874722203,0.49362269567686523,-0.20539399555190574
block_3,source,det_pseudo_clip_radius,clean_s0,41.740937544383385,63.412307165401,44.80648517904987,0.050046663880282116,-0.04885235803353538,-0.21385965068685953,0.29494064291704647,0.3434334605683764,0.3604716316483847,0.61849225176141,0.013784370480829367,0.31118853541022284
block_3,target,no_adapt,gamma_s1,41.30564860192176,60.14983482124472,44.197064797947725,0.0,0.0,0.0,-0.12093003206827824,-0.12926419930360256,-0.2948802273190443,0.3698507688809194,-0.3247554340279901,1.6669115698881465
block_3,target,no_adapt,gamma_s2,40.10624982496713,58.604034710943424,42.48872380049704,0.0,0.0,0.0,0.16706931141671766,0.19806137922591116,0.19746810191088038,0.1365945195444862,0.39400893584200514,0.6729702620074496
block_3,target,no_adapt,contrast_s1,40.68793569515682,58.65684527801025,43.66381410673521,0.0,0.0,0.0,0.06040872358939464,0.07689887346900015,-0.08940055715086492,-0.18664047711903775,-0.00359379570086249,0.24006066518843516
block_3,target,no_adapt,contrast_s2,35.65929358997255,51.727864492082496,36.92580622570615,0.0,0.0,0.0,0.006159642044456515,0.04705865988834379,-0.23453795860857718,-0.4083342969220194,-0.35814427728952936,-1.2907287746056428
block_3,target,no_adapt,color_cast_s1,42.31336255390221,61.12665014459486,45.150210216264114,0.0,0.0,0.0,0.0009758284949312745,-0.09195894861480092,0.3174318090356787,0.28353696455037936,-0.40413804201560044,0.6558205820082985
block_3,target,no_adapt,color_cast_s2,41.15140433858926,59.83549760489948,43.28567588023456,0.0,0.0,0.0,-0.20308516089552753,-0.2280144114170768,-0.5431146722368274,0.123606378473895,0.2147355696181963,-0.09351314826687718
block_3,target,no_adapt,clean_s0,42.91070677767302,62.03953454948834,44.802447727499334,0.0,0.0,0.0,-0.11036436687744122,-0.12554013581250745,-0.2955536893685218,0.41332967178197566,0.36979338021589925,-0.10476459137324645
block_3,target,global_generic,gamma_s1,41.42657863399003,60.27909902054832,44.491945025266766,0.12093003206827824,0.12926419930360256,0.2948802273190443,0.0,0.0,0.0,0.4907808009491976,-0.19549123472438756,1.9617917972071908
block_3,target,global_generic,gamma_s2,39.93918051355041,58.40597333171751,42.29125569858616,-0.16706931141671766,-0.19806137922591116,-0.19746810191088038,0.0,0.0,0.0,-0.030474791872231455,0.19594755661609398,0.4755021600965692
block_3,target,global_generic,contrast_s1,40.62752697156743,58.579946404541246,43.75321466388608,-0.06040872358939464,-0.07689887346900015,0.08940055715086492,0.0,0.0,0.0,-0.2470492007084324,-0.08049266916986264,0.3294612223393001
block_3,target,global_generic,contrast_s2,35.6531339479281,51.68080583219415,37.160344184314724,-0.006159642044456515,-0.04705865988834379,0.23453795860857718,0.0,0.0,0.0,-0.4144939389664759,-0.40520293717787315,-1.0561908159970657
block_3,target,global_generic,color_cast_s1,42.31238672540728,61.218609093209665,44.83277840722843,-0.0009758284949312745,0.09195894861480092,-0.3174318090356787,0.0,0.0,0.0,0.2825611360554481,-0.3121790934007995,0.3383887729726198
block_3,target,global_generic,color_cast_s2,41.354489499484785,60.06351201631656,43.82879055247139,0.20308516089552753,0.2280144114170768,0.5431146722368274,0.0,0.0,0.0,0.3266915393694225,0.4427499810352731,0.44960152396995023
block_3,target,global_generic,clean_s0,43.02107114455046,62.165074685300844,45.09800141686785,0.11036436687744122,0.12554013581250745,0.2955536893685218,0.0,0.0,0.0,0.5236940386594169,0.4953335160284067,0.19078909799527533
block_3,target,det_pseudo,gamma_s1,40.93579783304084,60.47459025527271,42.530153228059575,-0.3698507688809194,0.3247554340279901,-1.6669115698881465,-0.4907808009491976,0.19549123472438756,-1.9617917972071908,0.0,0.0,0.0
block_3,target,det_pseudo,gamma_s2,39.96965530542264,58.210025775101414,41.815753538489595,-0.1365945195444862,-0.39400893584200514,-0.6729702620074496,0.030474791872231455,-0.19594755661609398,-0.4755021600965692,0.0,0.0,0.0
block_3,target,det_pseudo,contrast_s1,40.87457617227586,58.66043907371111,43.42375344154677,0.18664047711903775,0.00359379570086249,-0.24006066518843516,0.2470492007084324,0.08049266916986264,-0.3294612223393001,0.0,0.0,0.0
block_3,target,det_pseudo,contrast_s2,36.06762788689457,52.08600876937203,38.216535000311794,0.4083342969220194,0.35814427728952936,1.2907287746056428,0.4144939389664759,0.40520293717787315,1.0561908159970657,0.0,0.0,0.0
block_3,target,det_pseudo,color_cast_s1,42.02982558935183,61.530788186610465,44.49438963425582,-0.28353696455037936,0.40413804201560044,-0.6558205820082985,-0.2825611360554481,0.3121790934007995,-0.3383887729726198,0.0,0.0,0.0
block_3,target,det_pseudo,color_cast_s2,41.027797960115365,59.62076203528128,43.379189028501436,-0.123606378473895,-0.2147355696181963,0.09351314826687718,-0.3266915393694225,-0.4427499810352731,-0.44960152396995023,0.0,0.0,0.0
block_3,target,det_pseudo,clean_s0,42.49737710589104,61.66974116927244,44.90721231887258,-0.41332967178197566,-0.36979338021589925,0.10476459137324645,-0.5236940386594169,-0.4953335160284067,-0.19078909799527533,0.0,0.0,0.0
block_3,target,det_pseudo_clip_radius,gamma_s1,41.01360517639474,59.94779674495738,43.762957522298755,-0.29204342552701656,-0.2020380762873364,-0.434107275648965,-0.4129734575952948,-0.33130227559093894,-0.7289875029680093,0.07780734335390282,-0.5267935103153265,1.2328042942391815
block_3,target,det_pseudo_clip_radius,gamma_s2,39.99613097238593,58.479102443973616,42.16074883287211,-0.11011885258120357,-0.12493226696980164,-0.3279749676249333,0.056950458835514084,0.07312911225610952,-0.1305068657140529,0.02647566696328263,0.2690766688722035,0.3449952943825163
block_3,target,det_pseudo_clip_radius,contrast_s1,40.71372710488122,58.212924776500586,43.813501214405214,0.025791409724401637,-0.4439205015096648,0.1496871076700046,0.08620013331379628,-0.3670216280406646,0.06028655051913967,-0.1608490673946361,-0.44751429721052727,0.38974777285843976
block_3,target,det_pseudo_clip_radius,contrast_s2,35.7071932130936,51.785335095170296,37.48991116250011,0.04789962312105045,0.057470603087794725,0.5641049367939577,0.054059265165506964,0.10452926297613852,0.3295669781853805,-0.36043467380096894,-0.30067367420173463,-0.7266238378116852
block_3,target,det_pseudo_clip_radius,color_cast_s1,42.12259590970958,61.86433513121343,45.06882778065911,-0.19076664419263034,0.7376849866185697,-0.08138243560500413,-0.18979081569769907,0.6457260380037688,0.23604937343067456,0.09277032035774901,0.3335469446029693,0.5744381464032944
block_3,target,det_pseudo_clip_radius,color_cast_s2,41.36557004472643,59.88427808443301,43.509435085610306,0.214165706137176,0.04878047953352782,0.22375920537574534,0.011080545241648476,-0.17923393188354897,-0.31935546686108207,0.337772084611071,0.2635160491517241,0.13024605710886816
block_3,target,det_pseudo_clip_radius,clean_s0,42.81172292514249,62.15660484429916,45.618331704188556,-0.09898385253052644,0.1170702948108171,0.815883976689219,-0.20934821940796766,-0.008469841001690348,0.5203302873206972,0.3143458192514492,0.48686367502671635,0.7111193853159725
block_3,ssd,no_adapt,gamma_s1,28.18750259920367,44.98667254420631,29.89866086203487,0.0,0.0,0.0,-0.0215550150688526,-0.08099590882933438,-0.05733987669880869,0.4567702839825327,0.28025377127918194,0.008426240836140186
block_3,ssd,no_adapt,gamma_s2,27.208263915243723,43.38780246997846,28.891559695139758,0.0,0.0,0.0,-0.18328761075750433,-0.7031259901064679,0.1325889535374436,-0.24803979424680156,-0.3763305835865982,0.682570832397722
block_3,ssd,no_adapt,contrast_s1,28.222462861172946,45.53739158016294,29.81079068283589,0.0,0.0,0.0,0.15173863720727154,0.05935175503949397,0.3161167138458876,-0.06311342501780226,-0.024003522509730146,-0.44876227375191813
block_3,ssd,no_adapt,contrast_s2,26.86373205445369,43.61496575160581,28.856690506439385,0.0,0.0,0.0,0.2121872155463278,0.45091480769566816,0.05730443879753966,0.2932087907383918,0.7919473313344194,1.08325065774722
block_3,ssd,no_adapt,color_cast_s1,28.23687698041124,44.55053453307676,29.76718245269179,0.0,0.0,0.0,0.0029676644561327237,0.048739862432989334,0.03347305875203155,-0.1751189474391679,-0.18053125726317787,-0.23874037807958826
block_3,ssd,no_adapt,color_cast_s2,27.086772835115518,42.91065890133018,27.668524951443768,0.0,0.0,0.0,0.014184106885811731,0.005134591067085248,0.09176407481301663,0.03983764170678583,-0.2519928158700335,-0.00576724632613268
block_3,ssd,no_adapt,clean_s0,28.77399443445864,45.792385404251604,30.585076507343782,0.0,0.0,0.0,-0.03420955316986163,-0.05559521022144298,-0.20503177017274776,0.16109109407565492,0.09346165697309838,0.5365368456990927
block_3,ssd,global_generic,gamma_s1,28.20905761427252,45.067668453035644,29.956000738733678,0.0215550150688526,0.08099590882933438,0.05733987669880869,0.0,0.0,0.0,0.4783252990513853,0.3612496801085163,0.06576611753494888
block_3,ssd,global_generic,gamma_s2,27.39155152600123,44.090928460084925,28.75897074160231,0.18328761075750433,0.7031259901064679,-0.1325889535374436,0.0,0.0,0.0,-0.06475218348929723,0.3267954065198697,0.5499818788602784
block_3,ssd,global_generic,contrast_s1,28.070724223965676,45.478039825123446,29.494673968990003,-0.15173863720727154,-0.05935175503949397,-0.3161167138458876,0.0,0.0,0.0,-0.2148520622250738,-0.08335527754922412,-0.7648789875978057
block_3,ssd,global_generic,contrast_s2,26.65154483890736,43.16405094391014,28.799386067641848,-0.2121872155463278,-0.45091480769566816,-0.05730443879753966,0.0,0.0,0.0,0.08102157519206399,0.34103252363875125,1.0259462189496804
block_3,ssd,global_generic,color_cast_s1,28.23390931595511,44.50179467064377,29.733709393939762,-0.0029676644561327237,-0.048739862432989334,-0.03347305875203155,0.0,0.0,0.0,-0.17808661189530062,-0.2292711196961672,-0.2722134368316198
block_3,ssd,global_generic,color_cast_s2,27.072588728229707,42.9055243102631,27.57676087663075,-0.014184106885811731,-0.005134591067085248,-0.09176407481301663,0.0,0.0,0.0,0.0256535348209741,-0.2571274069371188,-0.09753132113914931
block_3,ssd,global_generic,clean_s0,28.8082039876285,45.847980614473045,30.79010827751653,0.03420955316986163,0.05559521022144298,0.20503177017274776,0.0,0.0,0.0,0.19530064724551655,0.14905686719454136,0.7415686158718404
block_3,ssd,det_pseudo,gamma_s1,27.730732315221136,44.70641877292712,29.89023462119873,-0.4567702839825327,-0.28025377127918194,-0.008426240836140186,-0.4783252990513853,-0.3612496801085163,-0.06576611753494888,0.0,0.0,0.0
block_3,ssd,det_pseudo,gamma_s2,27.456303709490527,43.76413305356506,28.208988862742036,0.24803979424680156,0.3763305835865982,-0.682570832397722,0.06475218348929723,-0.3267954065198697,-0.5499818788602784,0.0,0.0,0.0
block_3,ssd,det_pseudo,contrast_s1,28.28557628619075,45.56139510267267,30.25955295658781,0.06311342501780226,0.024003522509730146,0.44876227375191813,0.2148520622250738,0.08335527754922412,0.7648789875978057,0.0,0.0,0.0
block_3,ssd,det_pseudo,contrast_s2,26.570523263715295,42.82301842027139,27.773439848692167,-0.2932087907383918,-0.7919473313344194,-1.08325065774722,-0.08102157519206399,-0.34103252363875125,-1.0259462189496804,0.0,0.0,0.0
block_3,ssd,det_pseudo,color_cast_s1,28.41199592785041,44.73106579033993,30.005922830771382,0.1751189474391679,0.18053125726317787,0.23874037807958826,0.17808661189530062,0.2292711196961672,0.2722134368316198,0.0,0.0,0.0
block_3,ssd,det_pseudo,color_cast_s2,27.046935193408732,43.16265171720021,27.6742921977699,-0.03983764170678583,0.2519928158700335,0.00576724632613268,-0.0256535348209741,0.2571274069371188,0.09753132113914931,0.0,0.0,0.0
block_3,ssd,det_pseudo,clean_s0,28.612903340382985,45.6989237472785,30.04853966164469,-0.16109109407565492,-0.09346165697309838,-0.5365368456990927,-0.19530064724551655,-0.14905686719454136,-0.7415686158718404,0.0,0.0,0.0
block_3,ssd,det_pseudo_clip_radius,gamma_s1,28.149832286567094,44.86509662021799,29.974197860935135,-0.037670312636572945,-0.12157592398832073,0.07553699890026633,-0.059225327705425546,-0.20257183281765512,0.01819712220145764,0.4190999713459598,0.1586778472908612,0.08396323973640651
block_3,ssd,det_pseudo_clip_radius,gamma_s2,27.559379645680952,44.198655525880206,28.948610230131038,0.3511157304372292,0.8108530559017446,0.05705053499128199,0.16782811967972489,0.10772706579527669,0.18963948852872559,0.10307593619042765,0.4345224723151464,0.739621367389004
block_3,ssd,det_pseudo_clip_radius,contrast_s1,28.386354372098708,45.75174086500681,29.875530986417008,0.16389151092576215,0.21434928484386773,0.06474030358111782,0.3156301481330337,0.2737010398833617,0.3808570174270054,0.10077808590795989,0.19034576233413758,-0.3840219701708003
block_3,ssd,det_pseudo_clip_radius,contrast_s2,26.78529396654195,43.68561250377434,28.08240147424427,-0.07843808791173634,0.07064675216852945,-0.7742890321951135,0.13374912763459146,0.5215615598641976,-0.7169845933975738,0.21477070282665545,0.8625940835029489,0.3089616255521066
block_3,ssd,det_pseudo_clip_radius,color_cast_s1,28.323838003231543,44.666884789096706,29.875922381938008,0.08696102282030327,0.11635025601994808,0.10873992924621545,0.08992868727643599,0.16509011845293742,0.142212987998247,-0.08815792461886462,-0.06418100124322978,-0.1300004488333728
block_3,ssd,det_pseudo_clip_radius,color_cast_s2,27.10411303851999,42.952012771612,27.781204333167487,0.017340203404470067,0.04135387028181836,0.11267938172371816,0.0315243102902818,0.04648846134890361,0.2044434565367348,0.0571778451112559,-0.21063894558821517,0.10691213539758548
block_3,ssd,det_pseudo_clip_radius,clean_s0,28.855275799177466,45.88138904847263,30.633244809180198,0.08128136471882708,0.08900364422102514,0.048168301836415406,0.04707181154896545,0.033408433999582154,-0.15686346833633236,0.242372458794482,0.18246530119412352,0.5847051475355081
block_4,source,no_adapt,gamma_s1,37.44663399168096,58.28659217805833,40.35523281516229,0.0,0.0,0.0,0.171180825926448,0.4234903889372421,-0.4772251830791163,0.8136453667715426,1.5290721555155207,0.10463545182338163
block_4,source,no_adapt,gamma_s2,35.11041539182032,54.991734886591104,37.21684663411058,0.0,0.0,0.0,0.2431886725293042,0.32776405521875995,0.20167906535059066,0.1427573410628824,0.7435316472081288,-2.120181280976974
block_4,source,no_adapt,contrast_s1,35.994901452624774,55.9557794863734,39.10602872290986,0.0,0.0,0.0,-0.17398352638027248,-0.2578899055476591,-0.46162613925550544,0.5855289042507761,0.9512093809269095,0.32294710287439354
block_4,source,no_adapt,contrast_s2,30.40310506975143,47.09912380622175,32.929373319529766,0.0,0.0,0.0,0.15029383288042153,-0.12237580850317786,0.6174314146070781,0.586648416100749,0.5904586483653607,1.101940252185124
block_4,source,no_adapt,color_cast_s1,37.03747290353149,58.18482006621429,40.27466744583695,0.0,0.0,0.0,0.06234859145002325,0.3923700363836491,-0.08411200064569746,0.22993789415182153,0.6334816615317984,0.29065017595843456
block_4,source,no_adapt,color_cast_s2,36.28533626793968,56.471113284507,39.88512596342013,0.0,0.0,0.0,0.3497164944424036,0.7626966736772212,0.4212677481018112,0.01795139364951237,-0.2683856372557414,0.0443197084615099
block_4,source,no_adapt,clean_s0,38.66982602409889,59.769213169510614,41.17270682280822,0.0,0.0,0.0,-0.11763476572154152,-0.2910459144436328,-0.20040625361398834,0.6077305926074139,0.6474625323789729,0.38322146090045694
block_4,source,global_generic,gamma_s1,37.27545316575451,57.86310178912109,40.83245799824141,-0.171180825926448,-0.4234903889372421,0.4772251830791163,0.0,0.0,0.0,0.6424645408450946,1.1055817665782786,0.581860634902498
block_4,source,global_generic,gamma_s2,34.86722671929101,54.663970831372346,37.015167568759985,-0.2431886725293042,-0.32776405521875995,-0.20167906535059066,0.0,0.0,0.0,-0.1004313314664218,0.41576759198936886,-2.3218603463275644
block_4,source,global_generic,contrast_s1,36.16888497900504,56.21366939192106,39.56765486216537,0.17398352638027248,0.2578899055476591,0.46162613925550544,0.0,0.0,0.0,0.7595124306310486,1.2090992864745687,0.784573242129899
block_4,source,global_generic,contrast_s2,30.252811236871008,47.22149961472493,32.31194190492268,-0.15029383288042153,0.12237580850317786,-0.6174314146070781,0.0,0.0,0.0,0.4363545832203275,0.7128344568685385,0.48450883757804597
block_4,source,global_generic,color_cast_s1,36.97512431208146,57.79245002983065,40.35877944648264,-0.06234859145002325,-0.3923700363836491,0.08411200064569746,0.0,0.0,0.0,0.16758930270179828,0.24111162514814932,0.374762176604132
block_4,source,global_generic,color_cast_s2,35.93561977349727,55.70841661082978,39.46385821531832,-0.3497164944424036,-0.7626966736772212,-0.4212677481018112,0.0,0.0,0.0,-0.33176510079289123,-1.0310823109329625,-0.3769480396403013
block_4,source,global_generic,clean_s0,38.78746078982043,60.06025908395425,41.373113076422214,0.11763476572154152,0.2910459144436328,0.20040625361398834,0.0,0.0,0.0,0.7253653583289554,0.9385084468226057,0.5836277145144453
block_4,source,det_pseudo,gamma_s1,36.632988624909416,56.757520022542806,40.250597363338905,-0.8136453667715426,-1.5290721555155207,-0.10463545182338163,-0.6424645408450946,-1.1055817665782786,-0.581860634902498,0.0,0.0,0.0
block_4,source,det_pseudo,gamma_s2,34.967658050757436,54.248203239382974,39.33702791508755,-0.1427573410628824,-0.7435316472081288,2.120181280976974,0.1004313314664218,-0.41576759198936886,2.3218603463275644,0.0,0.0,0.0
block_4,source,det_pseudo,contrast_s1,35.409372548373995,55.00457010544649,38.78308162003547,-0.5855289042507761,-0.9512093809269095,-0.32294710287439354,-0.7595124306310486,-1.2090992864745687,-0.784573242129899,0.0,0.0,0.0
block_4,source,det_pseudo,contrast_s2,29.81645665365068,46.508665157856385,31.82743306734464,-0.586648416100749,-0.5904586483653607,-1.101940252185124,-0.4363545832203275,-0.7128344568685385,-0.48450883757804597,0.0,0.0,0.0
block_4,source,det_pseudo,color_cast_s1,36.80753500937966,57.5513384046825,39.984017269878514,-0.22993789415182153,-0.6334816615317984,-0.29065017595843456,-0.16758930270179828,-0.24111162514814932,-0.374762176604132,0.0,0.0,0.0
block_4,source,det_pseudo,color_cast_s2,36.267384874290165,56.739498921762745,39.84080625495862,-0.01795139364951237,0.2683856372557414,-0.0443197084615099,0.33176510079289123,1.0310823109329625,0.3769480396403013,0.0,0.0,0.0
block_4,source,det_pseudo,clean_s0,38.06209543149147,59.12175063713164,40.789485361907765,-0.6077305926074139,-0.6474625323789729,-0.38322146090045694,-0.7253653583289554,-0.9385084468226057,-0.5836277145144453,0.0,0.0,0.0
block_4,source,det_pseudo_clip_radius,gamma_s1,37.934537181069636,58.2437550530827,41.22513632610642,0.4879031893886776,-0.04283712497562542,0.8699035109441311,0.6590840153151256,0.3806532639616167,0.3926783278650148,1.3015485561602202,1.4862350305398953,0.9745389627675127
block_4,source,det_pseudo_clip_radius,gamma_s2,35.437553046056486,55.00332239545672,38.932056952297486,0.32713765423617036,0.011587508865618101,1.715210318186905,0.5703263267654746,0.33935156408437805,1.9168893835374956,0.46989499529905276,0.7551191560737469,-0.40497096279006883
block_4,source,det_pseudo_clip_radius,contrast_s1,35.682544606631815,55.856606075831216,38.993845604889394,-0.312356845992956,-0.09917341054218598,-0.11218311802047021,-0.48634037237322847,-0.3570633160898451,-0.5738092572759756,0.2731720582578201,0.8520359703847236,0.21076398485392334
block_4,source,det_pseudo_clip_radius,contrast_s2,30.442444792966185,47.31342051118458,33.2443354790433,0.039339723214754097,0.21429670496283526,0.3149621595135377,0.18963355609517563,0.0919208964596574,0.9323935741206157,0.6259881393155031,0.8047553533281959,1.4169024116986617
block_4,source,det_pseudo_clip_radius,color_cast_s1,36.89155588091781,58.13525295061548,40.13244288159806,-0.14591702261367856,-0.049567115598814215,-0.14222456423889085,-0.08356843116365531,0.3428029207848349,-0.2263365648845883,0.08402087153814297,0.5839145459329842,0.14842561171954372
block_4,source,det_pseudo_clip_radius,color_cast_s2,36.01185526220142,56.202456378569835,39.60813142001306,-0.2734810057382575,-0.2686569059371702,-0.27699454340707197,0.07623548870414609,0.494039767740051,0.14427320469473925,-0.25552961208874514,-0.5370425431929116,-0.23267483494556207
block_4,source,det_pseudo_clip_radius,clean_s0,38.75820943943862,59.90345185138813,41.36836182914192,0.08838341533973781,0.13423868187750765,0.19565500633369481,-0.02925135038180371,-0.15680723256612517,-0.004751247280293525,0.6961140079471517,0.7817012142564805,0.5788764672341518
block_4,target,no_adapt,gamma_s1,37.83427551189606,55.7060921463029,39.43077101803294,0.0,0.0,0.0,-0.031220566293699292,-0.15124487682610654,0.05838275500602008,-0.07456965001392257,-0.3727282905225171,0.2499242225479481
block_4,target,no_adapt,gamma_s2,36.07021727251541,53.72880780992217,37.65949951613901,0.0,0.0,0.0,0.26044105063724454,0.4805425862509094,0.05730974517607068,0.5918524510676482,0.5662671318067525,0.35410746426835504
block_4,target,no_adapt,contrast_s1,37.05491132625198,54.798272942819246,38.653595912818346,0.0,0.0,0.0,-0.07459496357050122,-0.1085714970091578,0.07249351704493034,0.25823122281499744,0.627934140900932,0.7370355754880709
block_4,target,no_adapt,contrast_s2,31.33638854421313,46.04191892675058,32.148186634558776,0.0,0.0,0.0,0.10076334833757916,0.13296234310772315,0.09247737474308293,-0.14471974858641934,0.08820616101878898,0.10497600716837252
block_4,target,no_adapt,color_cast_s1,36.80201590028629,54.98746112815157,37.94196144559716,0.0,0.0,0.0,0.14235055276246578,-0.08462013780535793,0.32018241845745976,0.07023334507997858,0.26438813455542665,-0.21005873957863352
block_4,target,no_adapt,color_cast_s2,35.37012176712365,52.681819024915555,37.94494014431966,0.0,0.0,0.0,-0.2796815004193043,-0.3325562520248626,-0.10220606295245349,-0.027512015502800802,0.02260435911454195,-0.2672763109335785
block_4,target,no_adapt,clean_s0,38.757861584877105,57.21907693793563,41.584268593256034,0.0,0.0,0.0,-0.0232019245540227,-0.0028874226287500804,0.424856449260419,-0.1113825792998957,0.03298765172604634,0.22118830016262803
block_4,target,global_generic,gamma_s1,37.86549607818976,55.857337023129006,39.37238826302693,0.031220566293699292,0.15124487682610654,-0.05838275500602008,0.0,0.0,0.0,-0.04334908372022328,-0.22148341369641056,0.19154146754192802
block_4,target,global_generic,gamma_s2,35.80977622187816,53.24826522367127,37.60218977096294,-0.26044105063724454,-0.4805425862509094,-0.05730974517607068,0.0,0.0,0.0,0.3314114004304036,0.08572454555584308,0.29679771909228436
block_4,target,global_generic,contrast_s1,37.12950628982249,54.906844439828404,38.581102395773414,0.07459496357050122,0.1085714970091578,-0.07249351704493034,0.0,0.0,0.0,0.33282618638549866,0.7365056379100898,0.6645420584431405
block_4,target,global_generic,contrast_s2,31.23562519587555,45.90895658364286,32.05570925981569,-0.10076334833757916,-0.13296234310772315,-0.09247737474308293,0.0,0.0,0.0,-0.2454830969239985,-0.04475618208893417,0.01249863242528959
block_4,target,global_generic,color_cast_s1,36.65966534752383,55.07208126595693,37.6217790271397,-0.14235055276246578,0.08462013780535793,-0.32018241845745976,0.0,0.0,0.0,-0.0721172076824872,0.3490082723607846,-0.5302411580360933
block_4,target,global_generic,color_cast_s2,35.64980326754295,53.01437527694042,38.047146207272114,0.2796815004193043,0.3325562520248626,0.10220606295245349,0.0,0.0,0.0,0.2521694849165035,0.35516061113940456,-0.16507024798112502
block_4,target,global_generic,clean_s0,38.78106350943113,57.22196436056438,41.15941214399562,0.0232019245540227,0.0028874226287500804,-0.424856449260419,0.0,0.0,0.0,-0.088180654745873,0.03587507435479642,-0.20366814909779096
block_4,target,det_pseudo,gamma_s1,37.90884516190998,56.07882043682542,39.180846795484996,0.07456965001392257,0.3727282905225171,-0.2499242225479481,0.04334908372022328,0.22148341369641056,-0.19154146754192802,0.0,0.0,0.0
block_4,target,det_pseudo,gamma_s2,35.478364821447755,53.16254067811542,37.30539205187065,-0.5918524510676482,-0.5662671318067525,-0.35410746426835504,-0.3314114004304036,-0.08572454555584308,-0.29679771909228436,0.0,0.0,0.0
block_4,target,det_pseudo,contrast_s1,36.796680103436984,54.17033880191832,37.916560337330274,-0.25823122281499744,-0.627934140900932,-0.7370355754880709,-0.33282618638549866,-0.7365056379100898,-0.6645420584431405,0.0,0.0,0.0
block_4,target,det_pseudo,contrast_s2,31.481108292799547,45.953712765731794,32.0432106273904,0.14471974858641934,-0.08820616101878898,-0.10497600716837252,0.2454830969239985,0.04475618208893417,-0.01249863242528959,0.0,0.0,0.0
block_4,target,det_pseudo,color_cast_s1,36.731782555206316,54.72307299359615,38.15202018517579,-0.07023334507997858,-0.26438813455542665,0.21005873957863352,0.0721172076824872,-0.3490082723607846,0.5302411580360933,0.0,0.0,0.0
block_4,target,det_pseudo,color_cast_s2,35.39763378262645,52.65921466580102,38.21221645525324,0.027512015502800802,-0.02260435911454195,0.2672763109335785,-0.2521694849165035,-0.35516061113940456,0.16507024798112502,0.0,0.0,0.0
block_4,target,det_pseudo,clean_s0,38.869244164177005,57.18608928620959,41.363080293093404,0.1113825792998957,-0.03298765172604634,-0.22118830016262803,0.088180654745873,-0.03587507435479642,0.20366814909779096,0.0,0.0,0.0
block_4,target,det_pseudo_clip_radius,gamma_s1,38.05498851173008,55.93878818246195,39.487771470038126,0.22071299983402182,0.23269603615905243,0.057000452005179225,0.18949243354032252,0.08145115933294589,0.1153832070111993,0.14614334982009924,-0.14003225436346467,0.30692467455312733
block_4,target,det_pseudo_clip_radius,gamma_s2,35.86628474234941,53.19021880667171,37.88088131484951,-0.20393253016599555,-0.538589003250467,0.22138179871050712,0.05650852047124899,-0.05804641699955759,0.2786915438865778,0.3879199209016526,0.027678128556285486,0.5754892629788622
block_4,target,det_pseudo_clip_radius,contrast_s1,37.21491790786077,55.00657568157587,38.687286680857966,0.16000658160879033,0.2083027387566161,0.033690768039618124,0.08541161803828912,0.09973124174745829,0.10618428508454847,0.4182378044237878,0.8362368796575481,0.770726343527689
block_4,target,det_pseudo_clip_radius,contrast_s2,31.805477139591233,46.307697169579555,32.83086711104704,0.4690885953781032,0.2657782428289679,0.6826804764882677,0.5698519437156824,0.39874058593669104,0.7751578512313506,0.3243688467916839,0.35398440384775687,0.7876564836566402
block_4,target,det_pseudo_clip_radius,color_cast_s1,36.671881719457275,54.82766698289705,37.839768970792555,-0.1301341808290224,-0.1597941452545215,-0.10219247480460769,0.012216371933443382,-0.24441428305987944,0.21798994365285207,-0.05990083574904381,0.10459398930090513,-0.3122512143832412
block_4,target,det_pseudo_clip_radius,color_cast_s2,35.44380770092041,52.55711837954945,38.2762420910766,0.07368593379676325,-0.12470064536610481,0.3313019467569345,-0.20599556662254104,-0.4572568973909674,0.22909588380448098,0.046173918293962446,-0.10209628625156286,0.06402563582335596
block_4,target,det_pseudo_clip_radius,clean_s0,38.89775203728683,57.362041850797105,41.194495949497544,0.13989045240972442,0.14296491286147628,-0.3897726437584903,0.11668852785570172,0.1400774902327262,0.03508380550192869,0.02850787310982872,0.17595256458752262,-0.16858434359586227
block_4,ssd,no_adapt,gamma_s1,24.403971579992735,38.89292002974779,25.2101086840947,0.0,0.0,0.0,0.016586992732028905,0.018931324961968254,-0.30139090515188816,-0.27170625683360095,-0.6233548800105515,-0.7469245685614745
block_4,ssd,no_adapt,gamma_s2,23.370035469440232,37.721606672265715,24.440147195031567,0.0,0.0,0.0,-0.19594073228915154,-0.21509796944745307,-0.04225778138312597,0.0631510986957684,0.0834122841385343,0.4114443818275998
block_4,ssd,no_adapt,contrast_s1,25.37558173375175,41.00709309325175,26.25989094701738,0.0,0.0,0.0,0.07642728544815514,-0.04606446234136641,-0.1773730314809152,0.14041589348963712,-0.017093279855773247,0.5073550338568156
block_4,ssd,no_adapt,contrast_s2,23.761229811561684,38.79799842034941,24.180575368481566,0.0,0.0,0.0,-0.06446708026670023,-0.3060778421675847,-0.3689008660697185,0.6024679225773488,0.7084208569502259,0.07457400109346368
block_4,ssd,no_adapt,color_cast_s1,24.600248476939857,39.256643798831156,25.50490156452561,0.0,0.0,0.0,-0.05983026231785871,-0.11872675011282974,-0.013652323484036888,-0.004032878412438268,-0.9637433665476924,0.17348631166437256
block_4,ssd,no_adapt,color_cast_s2,24.326296478539714,38.93680597836165,25.448338943814814,0.0,0.0,0.0,0.10578863903388247,0.20284497442103477,0.08430372532440833,0.19807130196809186,0.2460127357272579,0.48032403852785455
block_4,ssd,no_adapt,clean_s0,25.431455237215566,40.801827459670605,26.329196638635544,0.0,0.0,0.0,0.12230797738027599,0.19149330426688205,0.20857550860935992,0.034941310451142016,0.3019493568519216,0.006184171548301309
block_4,ssd,global_generic,gamma_s1,24.387384587260705,38.87398870478582,25.51149958924659,-0.016586992732028905,-0.018931324961968254,0.30139090515188816,0.0,0.0,0.0,-0.28829324956562985,-0.6422862049725198,-0.44553366340958633
block_4,ssd,global_generic,gamma_s2,23.565976201729384,37.93670464171317,24.482404976414692,0.19594073228915154,0.21509796944745307,0.04225778138312597,0.0,0.0,0.0,0.25909183098491995,0.2985102535859874,0.45370216321072576
block_4,ssd,global_generic,contrast_s1,25.299154448303597,41.05315755559311,26.437263978498294,-0.07642728544815514,0.04606446234136641,0.1773730314809152,0.0,0.0,0.0,0.06398860804148199,0.02897118248559316,0.6847280653377308
block_4,ssd,global_generic,contrast_s2,23.825696891828386,39.104076262517,24.549476234551285,0.06446708026670023,0.3060778421675847,0.3689008660697185,0.0,0.0,0.0,0.666935002844049,1.0144986991178107,0.4434748671631822
block_4,ssd,global_generic,color_cast_s1,24.660078739257717,39.375370548943984,25.51855388800965,0.05983026231785871,0.11872675011282974,0.013652323484036888,0.0,0.0,0.0,0.05579738390542044,-0.8450166164348627,0.18713863514840945
block_4,ssd,global_generic,color_cast_s2,24.22050783950583,38.733961003940614,25.364035218490404,-0.10578863903388247,-0.20284497442103477,-0.08430372532440833,0.0,0.0,0.0,0.09228266293420939,0.04316776130622313,0.3960203132034462
block_4,ssd,global_generic,clean_s0,25.309147259835292,40.61033415540372,26.120621130026183,-0.12230797738027599,-0.19149330426688205,-0.20857550860935992,0.0,0.0,0.0,-0.08736666692913397,0.11045605258503954,-0.2023913370610586
block_4,ssd,det_pseudo,gamma_s1,24.675677836826335,39.516274909758344,25.957033252656174,0.27170625683360095,0.6233548800105515,0.7469245685614745,0.28829324956562985,0.6422862049725198,0.44553366340958633,0.0,0.0,0.0
block_4,ssd,det_pseudo,gamma_s2,23.306884370744463,37.63819438812718,24.028702813203967,-0.0631510986957684,-0.0834122841385343,-0.4114443818275998,-0.25909183098491995,-0.2985102535859874,-0.45370216321072576,0.0,0.0,0.0
block_4,ssd,det_pseudo,contrast_s1,25.235165840262113,41.02418637310752,25.752535913160564,-0.14041589348963712,0.017093279855773247,-0.5073550338568156,-0.06398860804148199,-0.02897118248559316,-0.6847280653377308,0.0,0.0,0.0
block_4,ssd,det_pseudo,contrast_s2,23.158761888984337,38.08957756339918,24.106001367388103,-0.6024679225773488,-0.7084208569502259,-0.07457400109346368,-0.666935002844049,-1.0144986991178107,-0.4434748671631822,0.0,0.0,0.0
block_4,ssd,det_pseudo,color_cast_s1,24.604281355352295,40.220387165378845,25.331415252861238,0.004032878412438268,0.9637433665476924,-0.17348631166437256,-0.05579738390542044,0.8450166164348627,-0.18713863514840945,0.0,0.0,0.0
block_4,ssd,det_pseudo,color_cast_s2,24.128225176571622,38.69079324263439,24.96801490528696,-0.19807130196809186,-0.2460127357272579,-0.48032403852785455,-0.09228266293420939,-0.04316776130622313,-0.3960203132034462,0.0,0.0,0.0
block_4,ssd,det_pseudo,clean_s0,25.396513926764424,40.499878102818684,26.323012467087242,-0.034941310451142016,-0.3019493568519216,-0.006184171548301309,0.08736666692913397,-0.11045605258503954,0.2023913370610586,0.0,0.0,0.0
block_4,ssd,det_pseudo_clip_radius,gamma_s1,24.501183030218108,39.22335620735954,25.759823437255385,0.09721145022537625,0.33043617761174815,0.549714753160685,0.11379844295740515,0.3493675025737164,0.2483238480087968,-0.1744948066082247,-0.29291870239880335,-0.19720981540078952
block_4,ssd,det_pseudo_clip_radius,gamma_s2,23.60960280252354,37.93905135052476,24.51457215678871,0.2395673330833098,0.2174446782590378,0.0744249617571413,0.043626600794158255,0.002346708811584719,0.032167180374015336,0.3027184317790782,0.3008569623975721,0.4858693435847411
block_4,ssd,det_pseudo_clip_radius,contrast_s1,25.359498007201786,40.865046049132914,26.35229269719264,-0.016083726549964705,-0.1420470441188315,0.09240175017526386,0.06034355889819043,-0.18811150646019792,-0.08497128130565135,0.12433216693967242,-0.15914032397460476,0.5997567840320794
block_4,ssd,det_pseudo_clip_radius,contrast_s2,23.639639893466274,38.459222994580436,24.192190268431844,-0.12158991809541053,-0.3387754257689779,0.011614899950279645,-0.18605699836211076,-0.6448532679365626,-0.35728596611943886,0.4808780044819383,0.36964543118124804,0.08618890104374333
block_4,ssd,det_pseudo_clip_radius,color_cast_s1,24.70154889036225,39.520606292298396,25.575000905925837,0.10130041342239215,0.2639624934672402,0.070099341400226,0.04147015110453345,0.14523574335441047,0.05644701791618911,0.09726753500995389,-0.6997808730804522,0.24358565306459856
block_4,ssd,det_pseudo_clip_radius,color_cast_s2,24.215640920885885,38.93978065537731,25.218785411807414,-0.11065555765382706,0.002974677015660232,-0.22955353200739825,-0.0048669186199445935,0.205819651436695,-0.14524980668298992,0.0874157443142648,0.24898741274291813,0.2507705065204563
block_4,ssd,det_pseudo_clip_radius,clean_s0,25.23746507650394,40.63461391258157,26.074351200347586,-0.19399016071162678,-0.16721354708902902,-0.25484543828795947,-0.07168218333135079,0.024279757177853023,-0.04626992967859955,-0.15904885026048476,0.13473580976289257,-0.24866126673965816
block_5,source,no_adapt,gamma_s1,42.82221856904202,65.55824698997633,46.250074916504424,0.0,0.0,0.0,0.1303350467328268,0.10144491743269146,0.6835456397115969,-0.29317010880654526,-0.15718192828361177,-0.1202899783238176
block_5,source,no_adapt,gamma_s2,42.06574868942752,63.62439304078056,46.079102665050996,0.0,0.0,0.0,0.8290221998549951,0.374117781545269,1.0558360670167632,0.2643398058415458,0.13290731146327062,0.9467069751461721
block_5,source,no_adapt,contrast_s1,41.8612882615154,64.02687924247185,44.25958140578667,0.0,0.0,0.0,0.010216359433817823,0.021215687350795154,0.21545196952721946,-0.09254526816025455,-0.45820073235690595,0.338717200703359
block_5,source,no_adapt,contrast_s2,37.48583353034077,58.44916389475071,40.038701885186825,0.0,0.0,0.0,0.38024166734441645,0.36492262919290974,0.3179712950995395,0.7324385845526582,1.1965498182751277,-0.11867094527792665
block_5,source,no_adapt,color_cast_s1,41.01388464244376,63.03208157970478,44.51297567801643,0.0,0.0,0.0,-0.07028339947892648,-0.05634956908101563,0.4687227348734946,-0.05393294036847296,0.1630249211488688,-0.33492748260910976
block_5,source,no_adapt,color_cast_s2,40.64386496988703,62.760786626717234,43.151273815291866,0.0,0.0,0.0,0.10402704953098585,0.1896994208891556,0.08145744100188645,-0.11573141456966973,0.06007684993999396,-0.15885416959280363
block_5,source,no_adapt,clean_s0,42.71268884745653,65.04803048528788,45.611391481436755,0.0,0.0,0.0,0.3225375970477562,0.026302991478732718,0.3038583029601749,-0.597240237283031,-0.9203065903236052,-0.3140447528487744
block_5,source,global_generic,gamma_s1,42.6918835223092,65.45680207254364,45.56652927679283,-0.1303350467328268,-0.10144491743269146,-0.6835456397115969,0.0,0.0,0.0,-0.42350515553937207,-0.25862684571630323,-0.8038356180354145
block_5,source,global_generic,gamma_s2,41.236726489572526,63.25027525923529,45.02326659803423,-0.8290221998549951,-0.374117781545269,-1.0558360670167632,0.0,0.0,0.0,-0.5646823940134493,-0.24121047008199836,-0.10912909187059117
block_5,source,global_generic,contrast_s1,41.851071902081586,64.00566355512105,44.044129436259446,-0.010216359433817823,-0.021215687350795154,-0.21545196952721946,0.0,0.0,0.0,-0.10276162759407237,-0.4794164197077011,0.12326523117613952
block_5,source,global_generic,contrast_s2,37.105591862996356,58.0842412655578,39.720730590087285,-0.38024166734441645,-0.36492262919290974,-0.3179712950995395,0.0,0.0,0.0,0.35219691720824176,0.831627189082218,-0.43664224037746613
block_5,source,global_generic,color_cast_s1,41.08416804192269,63.088431148785794,44.044252943142936,0.07028339947892648,0.05634956908101563,-0.4687227348734946,0.0,0.0,0.0,0.01635045911045352,0.21937449022988442,-0.8036502174826043
block_5,source,global_generic,color_cast_s2,40.53983792035604,62.57108720582808,43.069816374289985,-0.10402704953098585,-0.1896994208891556,-0.08145744100188645,0.0,0.0,0.0,-0.21975846410065558,-0.12962257094916163,-0.24031161059469008
block_5,source,global_generic,clean_s0,42.39015125040878,65.02172749380915,45.30753317847658,-0.3225375970477562,-0.026302991478732718,-0.3038583029601749,0.0,0.0,0.0,-0.9197778343307872,-0.9466095818023379,-0.6179030558089493
block_5,source,det_pseudo,gamma_s1,43.11538867784857,65.71542891825995,46.37036489482824,0.29317010880654526,0.15718192828361177,0.1202899783238176,0.42350515553937207,0.25862684571630323,0.8038356180354145,0.0,0.0,0.0
block_5,source,det_pseudo,gamma_s2,41.80140888358598,63.49148572931729,45.132395689904826,-0.2643398058415458,-0.13290731146327062,-0.9467069751461721,0.5646823940134493,0.24121047008199836,0.10912909187059117,0.0,0.0,0.0
block_5,source,det_pseudo,contrast_s1,41.953833529675656,64.48507997482875,43.92086420508331,0.09254526816025455,0.45820073235690595,-0.338717200703359,0.10276162759407237,0.4794164197077011,-0.12326523117613952,0.0,0.0,0.0
block_5,source,det_pseudo,contrast_s2,36.753394945788116,57.25261407647558,40.15737283046475,-0.7324385845526582,-1.1965498182751277,0.11867094527792665,-0.35219691720824176,-0.831627189082218,0.43664224037746613,0.0,0.0,0.0
block_5,source,det_pseudo,color_cast_s1,41.06781758281223,62.86905665855591,44.84790316062554,0.05393294036847296,-0.1630249211488688,0.33492748260910976,-0.01635045911045352,-0.21937449022988442,0.8036502174826043,0.0,0.0,0.0
block_5,source,det_pseudo,color_cast_s2,40.7595963844567,62.700709776777245,43.31012798488467,0.11573141456966973,-0.06007684993999396,0.15885416959280363,0.21975846410065558,0.12962257094916163,0.24031161059469008,0.0,0.0,0.0
block_5,source,det_pseudo,clean_s0,43.309929084739565,65.96833707561149,45.925436234285534,0.597240237283031,0.9203065903236052,0.3140447528487744,0.9197778343307872,0.9466095818023379,0.6179030558089493,0.0,0.0,0.0
block_5,source,det_pseudo_clip_radius,gamma_s1,43.37449630242667,65.76986872442345,46.76288010523303,0.5522777333846485,0.2116217344471094,0.5128051887286045,0.6826127801174753,0.3130666518798009,1.1963508284402014,0.2591076245781032,0.05443980616349764,0.3925152104047869
block_5,source,det_pseudo_clip_radius,gamma_s2,41.70304505352724,63.60754014358011,45.02875834698353,-0.36270363590028554,-0.016852897200447803,-1.0503443180674643,0.4663185639547096,0.3572648843448212,0.005491748949298936,-0.09836383005873972,0.11605441426282281,-0.10363734292129223
block_5,source,det_pseudo_clip_radius,contrast_s1,42.1729165601457,64.84350000343238,44.569458489020406,0.31162829863030095,0.8166207609605403,0.3098770832337394,0.32184465806411877,0.8378364483113354,0.5253290527609589,0.2190830304700464,0.3584200286036343,0.6485942839370984
block_5,source,det_pseudo_clip_radius,contrast_s2,37.01199940133909,57.44820711097422,40.16443861672309,-0.4738341290016823,-1.0009567837764966,0.12573673153625786,-0.09359246165726587,-0.6360341545835868,0.44370802663579734,0.2586044555509759,0.1955930344986312,0.007065786258331208
block_5,source,det_pseudo_clip_radius,color_cast_s1,41.0517833923229,63.28296372566542,44.47262948297149,0.03789874987914499,0.2508821459606403,-0.04034619504493797,-0.03238464959978149,0.19453257687962466,0.4283765398285566,-0.01603419048932797,0.4139070671095091,-0.37527367765404773
block_5,source,det_pseudo_clip_radius,color_cast_s2,40.76771821105962,62.577835443006514,43.15860638743504,0.12385324117259455,-0.18295118371072228,0.007332572143176064,0.2278802907035804,0.006748237178433314,0.08879001314506252,0.00812182660292482,-0.12287433377072832,-0.15152159744962757
block_5,source,det_pseudo_clip_radius,clean_s0,42.74865408225159,64.91336340312108,45.64725229252156,0.035965234795054535,-0.13466708216680612,0.035860811084797994,0.35850283184281073,-0.1083640906880734,0.3397191140449729,-0.5612750024879765,-1.0549736724904113,-0.27818394176397643
block_5,target,no_adapt,gamma_s1,44.579646397522566,65.11854846535225,46.755358859376614,0.0,0.0,0.0,0.12402280791824483,0.7940840746406885,0.03993423142928387,-0.5414425203211115,0.059701114587917825,-1.1300513456291905
block_5,target,no_adapt,gamma_s2,43.04869631268898,61.6961747872303,45.14619785695277,0.0,0.0,0.0,0.17122715369453645,-0.5004747709389634,-0.13130543813543727,-0.3855753438588516,-0.8413723839519327,0.35724195886123744
block_5,target,no_adapt,contrast_s1,42.90056480045211,63.72262988200939,43.201095363587974,0.0,0.0,0.0,0.09194305008459192,0.2489118354192854,-0.3292138360416419,0.11275724950270405,0.7634938671060021,-0.8115894459328199
block_5,target,no_adapt,contrast_s2,38.58574581131931,57.17043705937795,40.45359780045103,0.0,0.0,0.0,-0.10573384411063924,-0.11965511222882252,-0.3658192170681751,-0.009889573166338428,-0.6645209710152367,0.7471916617304841
block_5,target,no_adapt,color_cast_s1,44.569643485946436,64.46242803862825,48.655949675165665,0.0,0.0,0.0,-0.014157226729005767,-0.025809839017520986,0.037734941697981084,-0.3585001066277682,-0.4304369190649915,-0.5407334540559583
block_5,target,no_adapt,color_cast_s2,43.33284374250184,62.28776834799636,46.8681629535558,0.0,0.0,0.0,-0.20984131542943207,-0.2506863659265557,-0.09377902161068485,0.2510857750969042,0.34430355388224143,0.8229918978753026
block_5,target,no_adapt,clean_s0,45.48288840255728,65.80719375588038,49.04942889387029,0.0,0.0,0.0,-0.13582563871803455,0.013200443786975935,0.060745309107906875,-0.07521874365137293,-0.03252556997392908,0.11893147634062795
block_5,target,global_generic,gamma_s1,44.45562358960432,64.32446439071155,46.715424627947336,-0.12402280791824483,-0.7940840746406885,-0.03993423142928387,0.0,0.0,0.0,-0.6654653282393563,-0.7343829600527707,-1.1699855770584744
block_5,target,global_generic,gamma_s2,42.877469158994444,62.196649558169256,45.27750329508821,-0.17122715369453645,0.5004747709389634,0.13130543813543727,0.0,0.0,0.0,-0.5568024975533881,-0.3408976130129693,0.4885473969966747
block_5,target,global_generic,contrast_s1,42.808621750367514,63.47371804659011,43.53030919962961,-0.09194305008459192,-0.2489118354192854,0.3292138360416419,0.0,0.0,0.0,0.020814199418112134,0.5145820316867167,-0.482375609891178
block_5,target,global_generic,contrast_s2,38.69147965542995,57.29009217160678,40.81941701751921,0.10573384411063924,0.11965511222882252,0.3658192170681751,0.0,0.0,0.0,0.09584427094430081,-0.5448658587864141,1.1130108787986592
block_5,target,global_generic,color_cast_s1,44.58380071267544,64.48823787764577,48.61821473346769,0.014157226729005767,0.025809839017520986,-0.037734941697981084,0.0,0.0,0.0,-0.34434287989876244,-0.4046270800474705,-0.5784683957539394
block_5,target,global_generic,color_cast_s2,43.542685057931266,62.53845471392292,46.96194197516649,0.20984131542943207,0.2506863659265557,0.09377902161068485,0.0,0.0,0.0,0.4609270905263363,0.5949899198087971,0.9167709194859874
block_5,target,global_generic,clean_s0,45.61871404127532,65.7939933120934,48.988683584762384,0.13582563871803455,-0.013200443786975935,-0.060745309107906875,0.0,0.0,0.0,0.060606895066661615,-0.045726013760905015,0.058186167232721075
block_5,target,det_pseudo,gamma_s1,45.12108891784368,65.05884735076432,47.885410205005805,0.5414425203211115,-0.059701114587917825,1.1300513456291905,0.6654653282393563,0.7343829600527707,1.1699855770584744,0.0,0.0,0.0
block_5,target,det_pseudo,gamma_s2,43.434271656547836,62.537547171182226,44.78895589809153,0.3855753438588516,0.8413723839519327,-0.35724195886123744,0.5568024975533881,0.3408976130129693,-0.4885473969966747,0.0,0.0,0.0
block_5,target,det_pseudo,contrast_s1,42.7878075509494,62.95913601490339,44.01268480952079,-0.11275724950270405,-0.7634938671060021,0.8115894459328199,-0.020814199418112134,-0.5145820316867167,0.482375609891178,0.0,0.0,0.0
block_5,target,det_pseudo,contrast_s2,38.59563538448565,57.83495803039319,39.706406138720546,0.009889573166338428,0.6645209710152367,-0.7471916617304841,-0.09584427094430081,0.5448658587864141,-1.1130108787986592,0.0,0.0,0.0
block_5,target,det_pseudo,color_cast_s1,44.9281435925742,64.89286495769323,49.196683129221626,0.3585001066277682,0.4304369190649915,0.5407334540559583,0.34434287989876244,0.4046270800474705,0.5784683957539394,0.0,0.0,0.0
block_5,target,det_pseudo,color_cast_s2,43.08175796740493,61.94346479411412,46.0451710556805,-0.2510857750969042,-0.34430355388224143,-0.8229918978753026,-0.4609270905263363,-0.5949899198087971,-0.9167709194859874,0.0,0.0,0.0
block_5,target,det_pseudo,clean_s0,45.558107146208656,65.8397193258543,48.930497417529665,0.07521874365137293,0.03252556997392908,-0.11893147634062795,-0.060606895066661615,0.045726013760905015,-0.058186167232721075,0.0,0.0,0.0
block_5,target,det_pseudo_clip_radius,gamma_s1,44.77158233518137,65.07009440645642,47.01885918746802,0.1919359376588048,-0.04845405889583043,0.26350032809139834,0.3159587455770496,0.7456300157448581,0.3034345595206822,-0.3495065826623067,0.011247055692087393,-0.8665510175377922
block_5,target,det_pseudo_clip_radius,gamma_s2,43.09649755458378,62.32110662886059,44.978615093765626,0.047801241894795954,0.624931841630294,-0.16758276318714627,0.2190283955893324,0.1244570706913306,-0.29888820132258354,-0.33777410196405566,-0.21644054232163867,0.18965919567409117
block_5,target,det_pseudo_clip_radius,contrast_s1,42.999309373241736,63.61295212981097,43.80920404301574,0.09874457278962745,-0.10967775219842268,0.6081086794277657,0.19068762287421936,0.13923408322086273,0.2788948433861238,0.2115018222923315,0.6538161149075794,-0.2034807665050542
block_5,target,det_pseudo_clip_radius,contrast_s2,38.56117195975136,56.88999699487161,40.53699705455345,-0.024573851567949445,-0.28044006450634873,0.0833992541024231,-0.1303076956785887,-0.40009517673517125,-0.282419962965752,-0.03446342473428787,-0.9449610355215854,0.8305909158329072
block_5,target,det_pseudo_clip_radius,color_cast_s1,44.55083647515601,64.52134100892039,48.49478786263813,-0.018807010790428125,0.05891297029213538,-0.16116181252753825,-0.03296423751943389,0.033103131274614395,-0.12342687082955717,-0.37730711741819634,-0.3715239487728561,-0.7018952665834965
block_5,target,det_pseudo_clip_radius,color_cast_s2,43.5218979740611,62.40394791509692,46.91479288394515,0.18905423155926027,0.11617956710056054,0.04662993038934138,-0.020787083870171807,-0.13450679882599514,-0.047149091221343475,0.4401400066561645,0.460483120982802,0.869621828264644
block_5,target,det_pseudo_clip_radius,clean_s0,45.75301919215931,66.0418358901199,49.620016416128735,0.2701307896020244,0.23464213423951552,0.5705875222584478,0.13430515088398987,0.24784257802649146,0.6313328313663547,0.19491204595065148,0.20211656426558644,0.6895189985990757
block_5,ssd,no_adapt,gamma_s1,29.72149000675315,48.13378082086719,30.023627495978584,0.0,0.0,0.0,0.34977728051972523,-0.05323658541852572,0.6862889084262913,0.09488276889928482,-0.8738412986142918,0.8465165443068079
block_5,ssd,no_adapt,gamma_s2,28.615689123738424,46.64975981843532,28.835219911959587,0.0,0.0,0.0,0.1157301355413698,0.09591617506778394,0.1615962710163399,0.3533857138160956,0.2557747128931531,1.1190146838385595
block_5,ssd,no_adapt,contrast_s1,30.540398134322693,49.63471212411216,31.78773405822546,0.0,0.0,0.0,0.10115873738172909,0.31764609645941744,0.3004417436173079,-0.023314494716902834,0.04660044785647077,0.1991552652109818
block_5,ssd,no_adapt,contrast_s2,28.14706921035389,45.64108105443435,27.169266078826933,0.0,0.0,0.0,-0.260598455818406,-0.5855276998763592,-0.6240603671481604,-0.15565946593747992,0.1602770057369418,-0.9760907671784003
block_5,ssd,no_adapt,color_cast_s1,29.190651698611035,48.40457747266123,28.332714921357972,0.0,0.0,0.0,0.06103596331268335,-0.05074315781953276,0.15843742572536068,0.013648249973796656,0.07313376725293641,-0.10098900195290583
block_5,ssd,no_adapt,color_cast_s2,28.63419614647053,47.19660015995329,28.737544705200285,0.0,0.0,0.0,0.026358132491455244,-0.06036532885485557,0.09211592834983962,-0.049850738430679,0.002933728345061448,0.0676006202823376
block_5,ssd,no_adapt,clean_s0,30.485486789092132,49.754371182372154,31.445075627517603,0.0,0.0,0.0,-0.09763611383745152,0.15609673893857146,-0.2936475871331501,0.13686209887657785,0.5141169252024069,-0.12214400644865453
block_5,ssd,global_generic,gamma_s1,29.371712726233422,48.18701740628571,29.337338587552292,-0.34977728051972523,0.05323658541852572,-0.6862889084262913,0.0,0.0,0.0,-0.2548945116204404,-0.8206047131957661,0.16022763588051658
block_5,ssd,global_generic,gamma_s2,28.499958988197054,46.553843643367536,28.673623640943248,-0.1157301355413698,-0.09591617506778394,-0.1615962710163399,0.0,0.0,0.0,0.23765557827472583,0.15985853782536918,0.9574184128222196
block_5,ssd,global_generic,contrast_s1,30.439239396940966,49.31706602765274,31.48729231460815,-0.10115873738172909,-0.31764609645941744,-0.3004417436173079,0.0,0.0,0.0,-0.12447323209863193,-0.27104564860294666,-0.1012864784063261
block_5,ssd,global_generic,contrast_s2,28.407667666172298,46.22660875431071,27.79332644597509,0.260598455818406,0.5855276998763592,0.6240603671481604,0.0,0.0,0.0,0.10493898988092609,0.745804705613301,-0.3520304000302399
block_5,ssd,global_generic,color_cast_s1,29.12961573529835,48.45532063048076,28.17427749563261,-0.06103596331268335,0.05074315781953276,-0.15843742572536068,0.0,0.0,0.0,-0.047387713338886694,0.12387692507246917,-0.2594264276782665
block_5,ssd,global_generic,color_cast_s2,28.607838013979077,47.25696548880814,28.645428776850444,-0.026358132491455244,0.06036532885485557,-0.09211592834983962,0.0,0.0,0.0,-0.07620887092213424,0.06329905719991702,-0.024515308067502017
block_5,ssd,global_generic,clean_s0,30.58312290292958,49.59827444343358,31.738723214650754,0.09763611383745152,-0.15609673893857146,0.2936475871331501,0.0,0.0,0.0,0.23449821271402937,0.35802018626383547,0.17150358068449556
block_5,ssd,det_pseudo,gamma_s1,29.626607237853865,49.00762211948148,29.177110951671775,-0.09488276889928482,0.8738412986142918,-0.8465165443068079,0.2548945116204404,0.8206047131957661,-0.16022763588051658,0.0,0.0,0.0
block_5,ssd,det_pseudo,gamma_s2,28.26230340992233,46.39398510554217,27.716205228121026,-0.3533857138160956,-0.2557747128931531,-1.1190146838385595,-0.23765557827472583,-0.15985853782536918,-0.9574184128222196,0.0,0.0,0.0
block_5,ssd,det_pseudo,contrast_s1,30.563712629039596,49.58811167625569,31.588578793014477,0.023314494716902834,-0.04660044785647077,-0.1991552652109818,0.12447323209863193,0.27104564860294666,0.1012864784063261,0.0,0.0,0.0
block_5,ssd,det_pseudo,contrast_s2,28.302728676291373,45.48080404869741,28.14535684600533,0.15565946593747992,-0.1602770057369418,0.9760907671784003,-0.10493898988092609,-0.745804705613301,0.3520304000302399,0.0,0.0,0.0
block_5,ssd,det_pseudo,color_cast_s1,29.17700344863724,48.3314437054083,28.433703923310876,-0.013648249973796656,-0.07313376725293641,0.10098900195290583,0.047387713338886694,-0.12387692507246917,0.2594264276782665,0.0,0.0,0.0
block_5,ssd,det_pseudo,color_cast_s2,28.68404688490121,47.19366643160823,28.669944084917947,0.049850738430679,-0.002933728345061448,-0.0676006202823376,0.07620887092213424,-0.06329905719991702,0.024515308067502017,0.0,0.0,0.0
block_5,ssd,det_pseudo,clean_s0,30.34862469021555,49.240254257169745,31.56721963396626,-0.13686209887657785,-0.5141169252024069,0.12214400644865453,-0.23449821271402937,-0.35802018626383547,-0.17150358068449556,0.0,0.0,0.0
block_5,ssd,det_pseudo_clip_radius,gamma_s1,29.64711593832101,48.720723206854586,29.08266175329448,-0.07437406843213701,0.586942385987399,-0.9409657426841023,0.2754032120875882,0.5337058005688733,-0.25467683425781096,0.02050870046714781,-0.2868989126268928,-0.09444919837729437
block_5,ssd,det_pseudo_clip_radius,gamma_s2,28.371353016647056,46.561317119579456,28.099939428143966,-0.24433610709136966,-0.08844269885586731,-0.7352804838156202,-0.12860597154999986,0.00747347621191663,-0.5736842127992803,0.10904960672472597,0.16733201403728581,0.38373420002293934
block_5,ssd,det_pseudo_clip_radius,contrast_s1,30.54222381960893,49.43533566048824,31.678376565365884,0.0018256852862386097,-0.1993764636239237,-0.10935749285957419,0.1029844226679677,0.11826963283549374,0.19108425075773372,-0.021488809430664224,-0.15277601576745292,0.08979777235140762
block_5,ssd,det_pseudo_clip_radius,contrast_s2,28.52952295622055,46.10975786696424,27.343377428508912,0.3824537458666566,0.46867681252988347,0.17411134968198239,0.12185529004825058,-0.11685088734647575,-0.449949017466178,0.22679427992917667,0.6289538182668253,-0.8019794174964179
block_5,ssd,det_pseudo_clip_radius,color_cast_s1,29.24327680617419,48.400509533087174,28.342203334921717,0.05262510756315342,-0.004067939574053936,0.0094884135637463,0.11366107087583677,-0.054811097393586694,0.16792583928910698,0.06627335753695007,0.06906582767888247,-0.09150058838915953
block_5,ssd,det_pseudo_clip_radius,color_cast_s2,28.662619333957913,47.148151970570886,28.81354042114307,0.02842318748738082,-0.04844818938240514,0.07599571594278376,0.05478131997883606,-0.10881351823726071,0.16811164429262337,-0.02142755094329818,-0.04551446103734369,0.14359633622512136
block_5,ssd,det_pseudo_clip_radius,clean_s0,30.40768650130999,49.36211156328223,31.579480658176244,-0.07780028778214265,-0.3922596190899241,0.13440503065864084,-0.17543640161959417,-0.23616288015135267,-0.15924255647450924,0.0590618110944352,0.1218573061124828,0.012261024209986315
