[autodl] run_id=20260912-194144-taisp-t011-offline-smoke
[autodl] started_at=2026-09-12T19:41:54+08:00
....................                                                     [100%]
20 passed in 3.14s
evaluated source/contrast_s2/no_adapt
evaluated source/gamma_s2/no_adapt
evaluated source/contrast_s2/full_hybrid
evaluated source/gamma_s2/full_hybrid
evaluated source/contrast_s1/no_adapt
evaluated source/contrast_s1/full_hybrid
evaluated source/gamma_s1/no_adapt
evaluated source/gamma_s1/full_hybrid
evaluated source/gamma_s2/support_confidence_low_50
evaluated source/gamma_s1/support_confidence_low_50
evaluated source/contrast_s1/support_confidence_low_50
evaluated source/contrast_s2/support_confidence_low_50
evaluated source/gamma_s2/random_2026091600
evaluated source/gamma_s1/random_2026091600
evaluated source/contrast_s1/random_2026091600
evaluated source/contrast_s2/random_2026091600
evaluated source/gamma_s2/random_2026091601
evaluated source/gamma_s1/random_2026091601
evaluated source/contrast_s1/random_2026091601
evaluated source/contrast_s2/random_2026091601
evaluated source/gamma_s2/random_2026091602
evaluated source/gamma_s1/random_2026091602
evaluated source/contrast_s1/random_2026091602
evaluated source/contrast_s2/random_2026091602
evaluated source/gamma_s2/random_2026091603
evaluated source/gamma_s1/random_2026091603
evaluated source/contrast_s1/random_2026091603
evaluated source/contrast_s2/random_2026091603
evaluated source/gamma_s2/random_2026091604
evaluated source/gamma_s1/random_2026091604
evaluated source/contrast_s1/random_2026091604
evaluated source/contrast_s2/random_2026091604
evaluated source/gamma_s2/random_2026091605
evaluated source/gamma_s1/random_2026091605
evaluated source/contrast_s1/random_2026091605
evaluated source/contrast_s2/random_2026091605
evaluated source/gamma_s2/random_2026091606
evaluated source/gamma_s1/random_2026091606
evaluated source/contrast_s1/random_2026091606
evaluated source/contrast_s2/random_2026091606
evaluated source/gamma_s2/random_2026091607
evaluated source/gamma_s1/random_2026091607
evaluated source/contrast_s1/random_2026091607
evaluated source/contrast_s2/random_2026091607
evaluated source/gamma_s2/random_2026091608
evaluated source/gamma_s1/random_2026091608
evaluated source/contrast_s1/random_2026091608
evaluated source/gamma_s2/random_2026091609
evaluated source/contrast_s2/random_2026091608
evaluated source/contrast_s1/random_2026091609
evaluated source/gamma_s1/random_2026091609
evaluated source/gamma_s2/random_2026091610
evaluated source/contrast_s2/random_2026091609
evaluated source/contrast_s1/random_2026091610
evaluated source/gamma_s2/random_2026091611
evaluated source/gamma_s1/random_2026091610
evaluated source/contrast_s2/random_2026091610
evaluated source/gamma_s2/random_2026091612
evaluated source/contrast_s1/random_2026091611
evaluated source/gamma_s1/random_2026091611
evaluated source/contrast_s2/random_2026091611
evaluated source/gamma_s2/random_2026091613
evaluated source/contrast_s1/random_2026091612
evaluated source/gamma_s1/random_2026091612
evaluated source/contrast_s2/random_2026091612
evaluated source/gamma_s2/random_2026091614
evaluated source/contrast_s1/random_2026091613
evaluated source/gamma_s1/random_2026091613
evaluated source/contrast_s2/random_2026091613
evaluated source/gamma_s2/random_2026091615
evaluated source/contrast_s1/random_2026091614
evaluated source/gamma_s1/random_2026091614
evaluated source/contrast_s2/random_2026091614
evaluated source/contrast_s1/random_2026091615
evaluated source/gamma_s2/random_2026091616
evaluated source/gamma_s1/random_2026091615
evaluated source/contrast_s2/random_2026091615
evaluated source/contrast_s1/random_2026091616
evaluated source/gamma_s2/random_2026091617
evaluated source/gamma_s1/random_2026091616
evaluated source/contrast_s2/random_2026091616
evaluated source/contrast_s1/random_2026091617
evaluated source/gamma_s2/random_2026091618
evaluated source/gamma_s1/random_2026091617
evaluated source/contrast_s2/random_2026091617
evaluated source/contrast_s1/random_2026091618
evaluated source/gamma_s2/random_2026091619
evaluated source/gamma_s1/random_2026091618
evaluated source/contrast_s2/random_2026091618
evaluated source/contrast_s1/random_2026091619
evaluated source/gamma_s2/random_2026091620
evaluated source/gamma_s1/random_2026091619
evaluated source/contrast_s2/random_2026091619
evaluated source/contrast_s1/random_2026091620
evaluated source/gamma_s2/random_2026091621
evaluated source/gamma_s1/random_2026091620
evaluated source/contrast_s2/random_2026091620
evaluated source/contrast_s1/random_2026091621
evaluated source/gamma_s1/random_2026091621
completed 1/189 detector-condition panels
evaluated source/contrast_s2/random_2026091621
completed 2/189 detector-condition panels
completed 3/189 detector-condition panels
completed 4/189 detector-condition panels
evaluated source/color_cast_s1/no_adapt
evaluated source/color_cast_s1/full_hybrid
evaluated source/color_cast_s2/no_adapt
evaluated source/color_cast_s2/full_hybrid
evaluated source/clean_s0/no_adapt
evaluated source/clean_s0/full_hybrid
evaluated source/color_cast_s2/support_confidence_low_50
evaluated source/color_cast_s1/support_confidence_low_50
evaluated source/clean_s0/support_confidence_low_50
evaluated target/gamma_s1/no_adapt
evaluated target/gamma_s1/full_hybrid
evaluated source/color_cast_s1/random_2026091600
evaluated source/color_cast_s2/random_2026091600
evaluated source/clean_s0/random_2026091600
evaluated target/gamma_s1/support_confidence_low_50
evaluated source/color_cast_s2/random_2026091601
evaluated source/color_cast_s1/random_2026091601
evaluated source/clean_s0/random_2026091601
evaluated source/color_cast_s2/random_2026091602
evaluated source/color_cast_s1/random_2026091602
evaluated source/clean_s0/random_2026091602
evaluated target/gamma_s1/random_2026091600
evaluated source/color_cast_s2/random_2026091603
evaluated source/color_cast_s1/random_2026091603
evaluated source/clean_s0/random_2026091603
evaluated target/gamma_s1/random_2026091601
evaluated source/color_cast_s2/random_2026091604
evaluated source/clean_s0/random_2026091604
evaluated source/color_cast_s1/random_2026091604
evaluated source/color_cast_s2/random_2026091605
evaluated source/clean_s0/random_2026091605
evaluated target/gamma_s1/random_2026091602
evaluated source/color_cast_s1/random_2026091605
evaluated source/color_cast_s2/random_2026091606
evaluated source/clean_s0/random_2026091606
evaluated source/color_cast_s1/random_2026091606
evaluated source/color_cast_s2/random_2026091607
evaluated target/gamma_s1/random_2026091603
evaluated source/clean_s0/random_2026091607
evaluated source/color_cast_s1/random_2026091607
evaluated source/color_cast_s2/random_2026091608
evaluated source/clean_s0/random_2026091608
evaluated target/gamma_s1/random_2026091604
evaluated source/color_cast_s1/random_2026091608
evaluated source/color_cast_s2/random_2026091609
evaluated source/clean_s0/random_2026091609
evaluated source/color_cast_s2/random_2026091610
evaluated target/gamma_s1/random_2026091605
evaluated source/color_cast_s1/random_2026091609
evaluated source/clean_s0/random_2026091610
evaluated source/color_cast_s2/random_2026091611
evaluated source/color_cast_s1/random_2026091610
evaluated source/clean_s0/random_2026091611
evaluated target/gamma_s1/random_2026091606
evaluated source/color_cast_s2/random_2026091612
evaluated source/color_cast_s1/random_2026091611
evaluated source/clean_s0/random_2026091612
evaluated source/color_cast_s2/random_2026091613
evaluated target/gamma_s1/random_2026091607
evaluated source/color_cast_s1/random_2026091612
evaluated source/clean_s0/random_2026091613
evaluated source/color_cast_s2/random_2026091614
evaluated source/clean_s0/random_2026091614
evaluated source/color_cast_s1/random_2026091613
evaluated target/gamma_s1/random_2026091608
evaluated source/color_cast_s2/random_2026091615
evaluated source/clean_s0/random_2026091615
evaluated source/color_cast_s1/random_2026091614
evaluated source/color_cast_s2/random_2026091616
evaluated target/gamma_s1/random_2026091609
evaluated source/clean_s0/random_2026091616
evaluated source/color_cast_s1/random_2026091615
evaluated source/color_cast_s2/random_2026091617
evaluated source/clean_s0/random_2026091617
evaluated target/gamma_s1/random_2026091610
evaluated source/color_cast_s2/random_2026091618
evaluated source/color_cast_s1/random_2026091616
evaluated source/clean_s0/random_2026091618
evaluated source/color_cast_s2/random_2026091619
evaluated source/color_cast_s1/random_2026091617
evaluated target/gamma_s1/random_2026091611
evaluated source/clean_s0/random_2026091619
evaluated source/color_cast_s2/random_2026091620
evaluated source/color_cast_s1/random_2026091618
evaluated source/clean_s0/random_2026091620
evaluated source/color_cast_s2/random_2026091621
evaluated target/gamma_s1/random_2026091612
evaluated source/color_cast_s1/random_2026091619
evaluated source/clean_s0/random_2026091621
completed 5/189 detector-condition panels
evaluated source/color_cast_s1/random_2026091620
evaluated target/gamma_s1/random_2026091613
completed 6/189 detector-condition panels
evaluated source/color_cast_s1/random_2026091621
evaluated target/gamma_s1/random_2026091614
completed 7/189 detector-condition panels
evaluated target/gamma_s1/random_2026091615
evaluated target/gamma_s1/random_2026091616
evaluated target/gamma_s1/random_2026091617
evaluated target/gamma_s1/random_2026091618
evaluated target/gamma_s2/no_adapt
evaluated target/gamma_s2/full_hybrid
evaluated target/gamma_s1/random_2026091619
evaluated target/contrast_s1/no_adapt
evaluated target/contrast_s1/full_hybrid
evaluated target/gamma_s2/support_confidence_low_50
evaluated target/gamma_s1/random_2026091620
evaluated target/contrast_s1/support_confidence_low_50
evaluated target/gamma_s2/random_2026091600
evaluated target/contrast_s2/no_adapt
evaluated target/contrast_s2/full_hybrid
evaluated target/contrast_s1/random_2026091600
evaluated target/gamma_s1/random_2026091621
evaluated target/gamma_s2/random_2026091601
completed 8/189 detector-condition panels
evaluated target/contrast_s1/random_2026091601
evaluated target/contrast_s2/support_confidence_low_50
evaluated target/gamma_s2/random_2026091602
evaluated target/contrast_s1/random_2026091602
evaluated target/gamma_s2/random_2026091603
evaluated target/contrast_s2/random_2026091600
evaluated target/contrast_s1/random_2026091603
evaluated target/gamma_s2/random_2026091604
evaluated target/contrast_s2/random_2026091601
evaluated target/contrast_s1/random_2026091604
evaluated target/gamma_s2/random_2026091605
evaluated target/contrast_s2/random_2026091602
evaluated target/contrast_s1/random_2026091605
evaluated target/gamma_s2/random_2026091606
evaluated target/contrast_s2/random_2026091603
evaluated target/contrast_s1/random_2026091606
evaluated target/gamma_s2/random_2026091607
evaluated target/contrast_s2/random_2026091604
evaluated target/contrast_s1/random_2026091607
evaluated target/gamma_s2/random_2026091608
evaluated target/contrast_s2/random_2026091605
evaluated target/color_cast_s1/no_adapt
evaluated target/color_cast_s1/full_hybrid
evaluated target/contrast_s1/random_2026091608
evaluated target/gamma_s2/random_2026091609
evaluated target/contrast_s2/random_2026091606
evaluated target/contrast_s1/random_2026091609
evaluated target/gamma_s2/random_2026091610
evaluated target/color_cast_s1/support_confidence_low_50
evaluated target/contrast_s2/random_2026091607
evaluated target/gamma_s2/random_2026091611
evaluated target/contrast_s1/random_2026091610
evaluated target/color_cast_s1/random_2026091600
evaluated target/contrast_s2/random_2026091608
evaluated target/gamma_s2/random_2026091612
evaluated target/contrast_s1/random_2026091611
evaluated target/color_cast_s1/random_2026091601
evaluated target/contrast_s2/random_2026091609
evaluated target/gamma_s2/random_2026091613
evaluated target/contrast_s1/random_2026091612
evaluated target/color_cast_s1/random_2026091602
evaluated target/gamma_s2/random_2026091614
evaluated target/contrast_s2/random_2026091610
evaluated target/contrast_s1/random_2026091613
evaluated target/color_cast_s1/random_2026091603
evaluated target/gamma_s2/random_2026091615
evaluated target/contrast_s2/random_2026091611
evaluated target/contrast_s1/random_2026091614
evaluated target/gamma_s2/random_2026091616
evaluated target/contrast_s2/random_2026091612
evaluated target/color_cast_s1/random_2026091604
evaluated target/contrast_s1/random_2026091615
evaluated target/gamma_s2/random_2026091617
evaluated target/contrast_s2/random_2026091613
evaluated target/contrast_s1/random_2026091616
evaluated target/color_cast_s1/random_2026091605
evaluated target/gamma_s2/random_2026091618
evaluated target/contrast_s2/random_2026091614
evaluated target/contrast_s1/random_2026091617
evaluated target/color_cast_s1/random_2026091606
evaluated target/gamma_s2/random_2026091619
evaluated target/contrast_s2/random_2026091615
evaluated target/contrast_s1/random_2026091618
evaluated target/color_cast_s1/random_2026091607
evaluated target/gamma_s2/random_2026091620
evaluated target/contrast_s2/random_2026091616
evaluated target/contrast_s1/random_2026091619
evaluated target/color_cast_s1/random_2026091608
evaluated target/gamma_s2/random_2026091621
evaluated target/contrast_s1/random_2026091620
completed 9/189 detector-condition panels
evaluated target/color_cast_s1/random_2026091609
evaluated target/contrast_s1/random_2026091621
evaluated target/contrast_s2/random_2026091617
evaluated target/color_cast_s1/random_2026091610
completed 10/189 detector-condition panels
evaluated target/contrast_s2/random_2026091618
evaluated target/color_cast_s1/random_2026091611
evaluated target/contrast_s2/random_2026091619
evaluated target/color_cast_s1/random_2026091612
evaluated target/contrast_s2/random_2026091620
evaluated target/color_cast_s1/random_2026091613
evaluated target/contrast_s2/random_2026091621
evaluated target/color_cast_s1/random_2026091614
completed 11/189 detector-condition panels
evaluated target/color_cast_s2/no_adapt
evaluated target/color_cast_s2/full_hybrid
evaluated target/color_cast_s1/random_2026091615
evaluated target/color_cast_s2/support_confidence_low_50
evaluated target/color_cast_s1/random_2026091616
evaluated target/color_cast_s2/random_2026091600
evaluated target/color_cast_s1/random_2026091617
evaluated target/color_cast_s2/random_2026091601
evaluated target/clean_s0/no_adapt
evaluated target/clean_s0/full_hybrid
evaluated target/color_cast_s1/random_2026091618
evaluated target/color_cast_s2/random_2026091602
evaluated target/clean_s0/support_confidence_low_50
evaluated target/color_cast_s1/random_2026091619
evaluated target/color_cast_s2/random_2026091603
evaluated target/clean_s0/random_2026091600
evaluated ssd/gamma_s1/no_adapt
evaluated ssd/gamma_s1/full_hybrid
evaluated target/color_cast_s2/random_2026091604
evaluated target/color_cast_s1/random_2026091620
evaluated target/clean_s0/random_2026091601
evaluated ssd/gamma_s1/support_confidence_low_50
evaluated target/color_cast_s2/random_2026091605
evaluated target/color_cast_s1/random_2026091621
evaluated target/clean_s0/random_2026091602
evaluated ssd/gamma_s1/random_2026091600
evaluated target/color_cast_s2/random_2026091606
completed 12/189 detector-condition panels
evaluated target/clean_s0/random_2026091603
evaluated target/color_cast_s2/random_2026091607
evaluated ssd/gamma_s1/random_2026091601
evaluated target/clean_s0/random_2026091604
evaluated target/color_cast_s2/random_2026091608
evaluated ssd/gamma_s1/random_2026091602
evaluated target/clean_s0/random_2026091605
evaluated target/color_cast_s2/random_2026091609
evaluated ssd/gamma_s1/random_2026091603
evaluated target/clean_s0/random_2026091606
evaluated target/color_cast_s2/random_2026091610
evaluated ssd/gamma_s1/random_2026091604
evaluated target/clean_s0/random_2026091607
evaluated target/color_cast_s2/random_2026091611
evaluated target/clean_s0/random_2026091608
evaluated ssd/gamma_s1/random_2026091605
evaluated target/color_cast_s2/random_2026091612
evaluated target/clean_s0/random_2026091609
evaluated ssd/gamma_s1/random_2026091606
evaluated target/color_cast_s2/random_2026091613
evaluated target/clean_s0/random_2026091610
evaluated ssd/gamma_s1/random_2026091607
evaluated target/color_cast_s2/random_2026091614
evaluated target/clean_s0/random_2026091611
evaluated target/color_cast_s2/random_2026091615
evaluated ssd/gamma_s1/random_2026091608
evaluated target/clean_s0/random_2026091612
evaluated target/color_cast_s2/random_2026091616
evaluated ssd/gamma_s1/random_2026091609
evaluated ssd/gamma_s2/no_adapt
evaluated ssd/gamma_s2/full_hybrid
evaluated target/clean_s0/random_2026091613
evaluated target/color_cast_s2/random_2026091617
evaluated ssd/gamma_s1/random_2026091610
evaluated target/clean_s0/random_2026091614
evaluated target/color_cast_s2/random_2026091618
evaluated ssd/gamma_s2/support_confidence_low_50
evaluated ssd/gamma_s1/random_2026091611
evaluated target/clean_s0/random_2026091615
evaluated ssd/gamma_s2/random_2026091600
evaluated ssd/gamma_s1/random_2026091612
evaluated target/clean_s0/random_2026091616
evaluated target/color_cast_s2/random_2026091619
evaluated ssd/gamma_s2/random_2026091601
evaluated ssd/gamma_s1/random_2026091613
evaluated target/clean_s0/random_2026091617
evaluated target/color_cast_s2/random_2026091620
evaluated ssd/gamma_s1/random_2026091614
evaluated target/clean_s0/random_2026091618
evaluated ssd/gamma_s2/random_2026091602
evaluated target/color_cast_s2/random_2026091621
evaluated target/clean_s0/random_2026091619
evaluated ssd/gamma_s1/random_2026091615
completed 13/189 detector-condition panels
evaluated ssd/gamma_s2/random_2026091603
evaluated target/clean_s0/random_2026091620
evaluated ssd/gamma_s1/random_2026091616
evaluated ssd/gamma_s2/random_2026091604
evaluated target/clean_s0/random_2026091621
evaluated ssd/gamma_s1/random_2026091617
completed 14/189 detector-condition panels
evaluated ssd/gamma_s2/random_2026091605
evaluated ssd/gamma_s1/random_2026091618
evaluated ssd/gamma_s1/random_2026091619
evaluated ssd/gamma_s2/random_2026091606
evaluated ssd/gamma_s1/random_2026091620
evaluated ssd/gamma_s2/random_2026091607
evaluated ssd/gamma_s1/random_2026091621
evaluated ssd/contrast_s1/no_adapt
evaluated ssd/contrast_s1/full_hybrid
evaluated ssd/gamma_s2/random_2026091608
completed 15/189 detector-condition panels
evaluated ssd/contrast_s1/support_confidence_low_50
evaluated ssd/gamma_s2/random_2026091609
evaluated ssd/contrast_s1/random_2026091600
evaluated ssd/gamma_s2/random_2026091610
evaluated ssd/contrast_s2/no_adapt
evaluated ssd/contrast_s2/full_hybrid
evaluated ssd/contrast_s1/random_2026091601
evaluated ssd/gamma_s2/random_2026091611
evaluated ssd/contrast_s2/support_confidence_low_50
evaluated ssd/contrast_s1/random_2026091602
evaluated ssd/gamma_s2/random_2026091612
evaluated ssd/contrast_s2/random_2026091600
evaluated ssd/contrast_s1/random_2026091603
evaluated ssd/gamma_s2/random_2026091613
evaluated ssd/contrast_s2/random_2026091601
evaluated ssd/color_cast_s1/no_adapt
evaluated ssd/color_cast_s1/full_hybrid
evaluated ssd/contrast_s1/random_2026091604
evaluated ssd/gamma_s2/random_2026091614
evaluated ssd/contrast_s2/random_2026091602
evaluated ssd/contrast_s1/random_2026091605
evaluated ssd/gamma_s2/random_2026091615
evaluated ssd/color_cast_s1/support_confidence_low_50
evaluated ssd/contrast_s2/random_2026091603
evaluated ssd/contrast_s1/random_2026091606
evaluated ssd/gamma_s2/random_2026091616
evaluated ssd/contrast_s2/random_2026091604
evaluated ssd/color_cast_s1/random_2026091600
evaluated ssd/contrast_s1/random_2026091607
evaluated ssd/gamma_s2/random_2026091617
evaluated ssd/contrast_s2/random_2026091605
evaluated ssd/color_cast_s1/random_2026091601
evaluated ssd/contrast_s1/random_2026091608
evaluated ssd/gamma_s2/random_2026091618
evaluated ssd/contrast_s2/random_2026091606
evaluated ssd/color_cast_s1/random_2026091602
evaluated ssd/contrast_s1/random_2026091609
evaluated ssd/gamma_s2/random_2026091619
evaluated ssd/contrast_s2/random_2026091607
evaluated ssd/color_cast_s1/random_2026091603
evaluated ssd/contrast_s1/random_2026091610
evaluated ssd/gamma_s2/random_2026091620
evaluated ssd/contrast_s2/random_2026091608
evaluated ssd/contrast_s1/random_2026091611
evaluated ssd/color_cast_s1/random_2026091604
evaluated ssd/gamma_s2/random_2026091621
evaluated ssd/contrast_s1/random_2026091612
evaluated ssd/contrast_s2/random_2026091609
evaluated ssd/color_cast_s1/random_2026091605
completed 16/189 detector-condition panels
evaluated ssd/contrast_s1/random_2026091613
evaluated ssd/contrast_s2/random_2026091610
evaluated ssd/color_cast_s1/random_2026091606
evaluated ssd/contrast_s1/random_2026091614
evaluated ssd/contrast_s2/random_2026091611
evaluated ssd/color_cast_s1/random_2026091607
evaluated ssd/contrast_s1/random_2026091615
evaluated ssd/contrast_s2/random_2026091612
evaluated ssd/color_cast_s1/random_2026091608
evaluated ssd/contrast_s1/random_2026091616
evaluated ssd/contrast_s2/random_2026091613
evaluated ssd/color_cast_s1/random_2026091609
evaluated ssd/contrast_s1/random_2026091617
evaluated ssd/contrast_s2/random_2026091614
evaluated ssd/color_cast_s1/random_2026091610
evaluated ssd/contrast_s1/random_2026091618
evaluated ssd/contrast_s2/random_2026091615
evaluated ssd/color_cast_s1/random_2026091611
evaluated ssd/color_cast_s2/no_adapt
evaluated ssd/color_cast_s2/full_hybrid
evaluated ssd/contrast_s1/random_2026091619
evaluated ssd/contrast_s2/random_2026091616
evaluated ssd/color_cast_s1/random_2026091612
evaluated ssd/color_cast_s2/support_confidence_low_50
evaluated ssd/contrast_s1/random_2026091620
evaluated ssd/contrast_s2/random_2026091617
evaluated ssd/color_cast_s1/random_2026091613
evaluated ssd/color_cast_s2/random_2026091600
evaluated ssd/contrast_s1/random_2026091621
evaluated ssd/contrast_s2/random_2026091618
evaluated ssd/color_cast_s1/random_2026091614
completed 17/189 detector-condition panels
evaluated ssd/color_cast_s2/random_2026091601
evaluated ssd/contrast_s2/random_2026091619
evaluated ssd/color_cast_s1/random_2026091615
evaluated ssd/color_cast_s2/random_2026091602
evaluated ssd/contrast_s2/random_2026091620
evaluated ssd/color_cast_s1/random_2026091616
evaluated ssd/color_cast_s2/random_2026091603
evaluated ssd/contrast_s2/random_2026091621
evaluated ssd/color_cast_s1/random_2026091617
evaluated ssd/color_cast_s2/random_2026091604
completed 18/189 detector-condition panels
evaluated ssd/color_cast_s1/random_2026091618
evaluated ssd/color_cast_s2/random_2026091605
evaluated ssd/color_cast_s1/random_2026091619
evaluated ssd/color_cast_s2/random_2026091606
evaluated ssd/clean_s0/no_adapt
evaluated ssd/clean_s0/full_hybrid
evaluated ssd/color_cast_s1/random_2026091620
evaluated ssd/color_cast_s2/random_2026091607
evaluated ssd/color_cast_s1/random_2026091621
evaluated ssd/clean_s0/support_confidence_low_50
evaluated ssd/color_cast_s2/random_2026091608
completed 19/189 detector-condition panels
evaluated ssd/clean_s0/random_2026091600
evaluated ssd/color_cast_s2/random_2026091609
evaluated ssd/clean_s0/random_2026091601
evaluated ssd/color_cast_s2/random_2026091610
evaluated ssd/clean_s0/random_2026091602
evaluated ssd/color_cast_s2/random_2026091611
evaluated ssd/clean_s0/random_2026091603
evaluated ssd/color_cast_s2/random_2026091612
evaluated ssd/clean_s0/random_2026091604
evaluated source/gamma_s1/random_2026091622
evaluated ssd/color_cast_s2/random_2026091613
evaluated source/gamma_s1/random_2026091623
evaluated ssd/clean_s0/random_2026091605
evaluated source/gamma_s1/random_2026091624
evaluated ssd/color_cast_s2/random_2026091614
evaluated ssd/clean_s0/random_2026091606
evaluated source/gamma_s1/random_2026091625
evaluated ssd/color_cast_s2/random_2026091615
evaluated source/gamma_s1/random_2026091626
evaluated ssd/clean_s0/random_2026091607
evaluated source/gamma_s1/random_2026091627
evaluated ssd/color_cast_s2/random_2026091616
evaluated source/gamma_s2/random_2026091622
evaluated ssd/clean_s0/random_2026091608
evaluated source/gamma_s1/random_2026091628
evaluated source/gamma_s2/random_2026091623
evaluated ssd/color_cast_s2/random_2026091617
evaluated source/gamma_s1/random_2026091629
evaluated ssd/clean_s0/random_2026091609
evaluated source/gamma_s2/random_2026091624
evaluated source/gamma_s1/random_2026091630
evaluated ssd/color_cast_s2/random_2026091618
evaluated source/gamma_s2/random_2026091625
evaluated ssd/clean_s0/random_2026091610
evaluated source/gamma_s1/random_2026091631
evaluated source/gamma_s2/random_2026091626
evaluated ssd/color_cast_s2/random_2026091619
evaluated source/gamma_s1/random_2026091632
evaluated ssd/clean_s0/random_2026091611
evaluated source/gamma_s2/random_2026091627
evaluated source/gamma_s1/random_2026091633
evaluated source/gamma_s2/random_2026091628
evaluated ssd/color_cast_s2/random_2026091620
evaluated ssd/clean_s0/random_2026091612
evaluated source/gamma_s1/random_2026091634
evaluated source/gamma_s2/random_2026091629
evaluated source/gamma_s1/random_2026091635
evaluated ssd/color_cast_s2/random_2026091621
evaluated ssd/clean_s0/random_2026091613
evaluated source/gamma_s2/random_2026091630
evaluated source/gamma_s1/random_2026091636
completed 20/189 detector-condition panels
evaluated source/gamma_s2/random_2026091631
evaluated ssd/clean_s0/random_2026091614
evaluated source/gamma_s1/random_2026091637
evaluated source/gamma_s2/random_2026091632
evaluated source/gamma_s1/random_2026091638
evaluated ssd/clean_s0/random_2026091615
evaluated source/gamma_s2/random_2026091633
evaluated source/gamma_s1/random_2026091639
evaluated source/gamma_s2/random_2026091634
evaluated ssd/clean_s0/random_2026091616
evaluated source/gamma_s1/random_2026091640
evaluated source/gamma_s2/random_2026091635
evaluated source/gamma_s1/random_2026091641
evaluated ssd/clean_s0/random_2026091617
evaluated source/gamma_s2/random_2026091636
evaluated source/gamma_s1/random_2026091642
evaluated source/gamma_s2/random_2026091637
evaluated ssd/clean_s0/random_2026091618
evaluated source/gamma_s1/random_2026091643
evaluated source/gamma_s2/random_2026091638
evaluated source/gamma_s1/random_2026091644
evaluated source/gamma_s2/random_2026091639
evaluated source/gamma_s1/random_2026091645
evaluated source/gamma_s2/random_2026091640
evaluated source/gamma_s1/random_2026091646
evaluated ssd/clean_s0/random_2026091619
evaluated source/gamma_s2/random_2026091641
evaluated source/contrast_s1/random_2026091622
completed 21/189 detector-condition panels
evaluated source/gamma_s2/random_2026091642
evaluated source/contrast_s1/random_2026091623
evaluated ssd/clean_s0/random_2026091620
evaluated source/gamma_s2/random_2026091643
evaluated source/contrast_s1/random_2026091624
evaluated ssd/clean_s0/random_2026091621
evaluated source/gamma_s2/random_2026091644
evaluated source/contrast_s1/random_2026091625
completed 22/189 detector-condition panels
evaluated source/gamma_s2/random_2026091645
evaluated source/contrast_s1/random_2026091626
evaluated source/gamma_s2/random_2026091646
evaluated source/contrast_s1/random_2026091627
completed 23/189 detector-condition panels
evaluated source/contrast_s1/random_2026091628
evaluated source/contrast_s1/random_2026091629
evaluated source/contrast_s1/random_2026091630
evaluated source/contrast_s1/random_2026091631
evaluated source/contrast_s1/random_2026091632
evaluated source/contrast_s2/random_2026091622
evaluated source/contrast_s1/random_2026091633
evaluated source/contrast_s2/random_2026091623
evaluated source/contrast_s1/random_2026091634
evaluated source/contrast_s2/random_2026091624
evaluated source/color_cast_s1/random_2026091622
evaluated source/contrast_s1/random_2026091635
evaluated source/contrast_s2/random_2026091625
evaluated source/color_cast_s1/random_2026091623
evaluated source/contrast_s1/random_2026091636
evaluated source/contrast_s2/random_2026091626
evaluated source/color_cast_s1/random_2026091624
evaluated source/contrast_s1/random_2026091637
evaluated source/color_cast_s2/random_2026091622
evaluated source/contrast_s2/random_2026091627
evaluated source/color_cast_s1/random_2026091625
evaluated source/contrast_s1/random_2026091638
evaluated source/color_cast_s2/random_2026091623
evaluated source/color_cast_s1/random_2026091626
evaluated source/contrast_s2/random_2026091628
evaluated source/contrast_s1/random_2026091639
evaluated source/color_cast_s2/random_2026091624
evaluated source/color_cast_s1/random_2026091627
evaluated source/contrast_s2/random_2026091629
evaluated source/contrast_s1/random_2026091640
evaluated source/color_cast_s2/random_2026091625
evaluated source/color_cast_s1/random_2026091628
evaluated source/contrast_s2/random_2026091630
evaluated source/contrast_s1/random_2026091641
evaluated source/color_cast_s2/random_2026091626
evaluated source/color_cast_s1/random_2026091629
evaluated source/contrast_s2/random_2026091631
evaluated source/contrast_s1/random_2026091642
evaluated source/color_cast_s2/random_2026091627
evaluated source/color_cast_s1/random_2026091630
evaluated source/contrast_s2/random_2026091632
evaluated source/contrast_s1/random_2026091643
evaluated source/color_cast_s2/random_2026091628
evaluated source/color_cast_s1/random_2026091631
evaluated source/contrast_s2/random_2026091633
evaluated source/color_cast_s2/random_2026091629
evaluated source/contrast_s1/random_2026091644
evaluated source/color_cast_s1/random_2026091632
evaluated source/contrast_s2/random_2026091634
evaluated source/color_cast_s2/random_2026091630
evaluated source/contrast_s1/random_2026091645
evaluated source/color_cast_s1/random_2026091633
evaluated source/contrast_s2/random_2026091635
evaluated source/color_cast_s2/random_2026091631
evaluated source/contrast_s1/random_2026091646
evaluated source/color_cast_s1/random_2026091634
evaluated source/contrast_s2/random_2026091636
evaluated source/color_cast_s2/random_2026091632
evaluated source/color_cast_s1/random_2026091635
completed 24/189 detector-condition panels
evaluated source/contrast_s2/random_2026091637
evaluated source/color_cast_s2/random_2026091633
evaluated source/color_cast_s1/random_2026091636
evaluated source/contrast_s2/random_2026091638
evaluated source/color_cast_s1/random_2026091637
evaluated source/color_cast_s2/random_2026091634
evaluated source/contrast_s2/random_2026091639
evaluated source/color_cast_s1/random_2026091638
evaluated source/color_cast_s2/random_2026091635
evaluated source/contrast_s2/random_2026091640
evaluated source/color_cast_s1/random_2026091639
evaluated source/color_cast_s2/random_2026091636
evaluated source/contrast_s2/random_2026091641
evaluated source/color_cast_s1/random_2026091640
evaluated source/color_cast_s2/random_2026091637
evaluated source/contrast_s2/random_2026091642
evaluated source/color_cast_s1/random_2026091641
evaluated source/color_cast_s2/random_2026091638
evaluated source/contrast_s2/random_2026091643
evaluated source/color_cast_s1/random_2026091642
evaluated source/color_cast_s2/random_2026091639
evaluated source/contrast_s2/random_2026091644
evaluated source/color_cast_s1/random_2026091643
evaluated source/color_cast_s2/random_2026091640
evaluated source/contrast_s2/random_2026091645
evaluated source/color_cast_s1/random_2026091644
evaluated source/color_cast_s2/random_2026091641
evaluated source/color_cast_s1/random_2026091645
evaluated source/contrast_s2/random_2026091646
evaluated source/color_cast_s2/random_2026091642
evaluated source/clean_s0/random_2026091622
evaluated source/color_cast_s1/random_2026091646
evaluated source/color_cast_s2/random_2026091643
completed 25/189 detector-condition panels
evaluated source/clean_s0/random_2026091623
completed 26/189 detector-condition panels
evaluated source/color_cast_s2/random_2026091644
evaluated source/clean_s0/random_2026091624
evaluated source/color_cast_s2/random_2026091645
evaluated source/clean_s0/random_2026091625
evaluated source/color_cast_s2/random_2026091646
evaluated source/clean_s0/random_2026091626
completed 27/189 detector-condition panels
evaluated source/clean_s0/random_2026091627
evaluated source/clean_s0/random_2026091628
evaluated source/clean_s0/random_2026091629
evaluated source/clean_s0/random_2026091630
evaluated source/clean_s0/random_2026091631
evaluated source/clean_s0/random_2026091632
evaluated source/clean_s0/random_2026091633
evaluated target/gamma_s2/random_2026091622
evaluated target/gamma_s1/random_2026091622
evaluated source/clean_s0/random_2026091634
evaluated target/gamma_s2/random_2026091623
evaluated target/gamma_s1/random_2026091623
evaluated source/clean_s0/random_2026091635
evaluated target/gamma_s2/random_2026091624
evaluated target/gamma_s1/random_2026091624
evaluated source/clean_s0/random_2026091636
evaluated target/contrast_s1/random_2026091622
evaluated target/gamma_s2/random_2026091625
evaluated source/clean_s0/random_2026091637
evaluated target/gamma_s1/random_2026091625
evaluated target/contrast_s1/random_2026091623
evaluated source/clean_s0/random_2026091638
evaluated target/gamma_s2/random_2026091626
evaluated target/gamma_s1/random_2026091626
evaluated source/clean_s0/random_2026091639
evaluated target/contrast_s1/random_2026091624
evaluated target/gamma_s2/random_2026091627
evaluated target/gamma_s1/random_2026091627
evaluated source/clean_s0/random_2026091640
evaluated target/contrast_s1/random_2026091625
evaluated target/gamma_s2/random_2026091628
evaluated target/gamma_s1/random_2026091628
evaluated source/clean_s0/random_2026091641
evaluated target/contrast_s1/random_2026091626
evaluated target/gamma_s2/random_2026091629
evaluated source/clean_s0/random_2026091642
evaluated target/gamma_s1/random_2026091629
evaluated source/clean_s0/random_2026091643
evaluated target/gamma_s2/random_2026091630
evaluated target/contrast_s1/random_2026091627
evaluated target/gamma_s1/random_2026091630
evaluated source/clean_s0/random_2026091644
evaluated target/gamma_s2/random_2026091631
evaluated target/contrast_s1/random_2026091628
evaluated target/gamma_s1/random_2026091631
evaluated source/clean_s0/random_2026091645
evaluated target/gamma_s2/random_2026091632
evaluated target/contrast_s1/random_2026091629
evaluated target/gamma_s1/random_2026091632
evaluated source/clean_s0/random_2026091646
evaluated target/gamma_s2/random_2026091633
completed 28/189 detector-condition panels
evaluated target/contrast_s1/random_2026091630
evaluated target/gamma_s1/random_2026091633
evaluated target/gamma_s2/random_2026091634
evaluated target/gamma_s1/random_2026091634
evaluated target/contrast_s1/random_2026091631
evaluated target/gamma_s2/random_2026091635
evaluated target/gamma_s1/random_2026091635
evaluated target/contrast_s1/random_2026091632
evaluated target/gamma_s2/random_2026091636
evaluated target/gamma_s1/random_2026091636
evaluated target/contrast_s1/random_2026091633
evaluated target/gamma_s2/random_2026091637
evaluated target/gamma_s1/random_2026091637
evaluated target/contrast_s1/random_2026091634
evaluated target/gamma_s2/random_2026091638
evaluated target/gamma_s1/random_2026091638
evaluated target/contrast_s1/random_2026091635
evaluated target/gamma_s2/random_2026091639
evaluated target/gamma_s1/random_2026091639
evaluated target/contrast_s1/random_2026091636
evaluated target/gamma_s2/random_2026091640
evaluated target/gamma_s1/random_2026091640
evaluated target/contrast_s1/random_2026091637
evaluated target/gamma_s2/random_2026091641
evaluated target/contrast_s2/random_2026091622
evaluated target/gamma_s1/random_2026091641
evaluated target/contrast_s1/random_2026091638
evaluated target/gamma_s2/random_2026091642
evaluated target/contrast_s2/random_2026091623
evaluated target/gamma_s1/random_2026091642
evaluated target/contrast_s1/random_2026091639
evaluated target/gamma_s2/random_2026091643
evaluated target/contrast_s2/random_2026091624
evaluated target/gamma_s1/random_2026091643
evaluated target/contrast_s1/random_2026091640
evaluated target/gamma_s2/random_2026091644
evaluated target/contrast_s2/random_2026091625
evaluated target/gamma_s1/random_2026091644
evaluated target/contrast_s1/random_2026091641
evaluated target/gamma_s2/random_2026091645
evaluated target/contrast_s2/random_2026091626
evaluated target/gamma_s1/random_2026091645
evaluated target/contrast_s1/random_2026091642
evaluated target/gamma_s2/random_2026091646
evaluated target/contrast_s2/random_2026091627
completed 29/189 detector-condition panels
evaluated target/gamma_s1/random_2026091646
evaluated target/contrast_s1/random_2026091643
evaluated target/contrast_s2/random_2026091628
completed 30/189 detector-condition panels
evaluated target/contrast_s1/random_2026091644
evaluated target/contrast_s2/random_2026091629
evaluated target/contrast_s1/random_2026091645
evaluated target/contrast_s2/random_2026091630
evaluated target/contrast_s1/random_2026091646
completed 31/189 detector-condition panels
evaluated target/contrast_s2/random_2026091631
evaluated target/contrast_s2/random_2026091632
evaluated target/contrast_s2/random_2026091633
evaluated target/contrast_s2/random_2026091634
evaluated target/color_cast_s1/random_2026091622
evaluated target/color_cast_s2/random_2026091622
evaluated target/color_cast_s1/random_2026091623
evaluated target/contrast_s2/random_2026091635
evaluated target/color_cast_s1/random_2026091624
evaluated target/contrast_s2/random_2026091636
evaluated target/color_cast_s2/random_2026091623
evaluated target/color_cast_s1/random_2026091625
evaluated target/contrast_s2/random_2026091637
evaluated target/color_cast_s1/random_2026091626
evaluated target/contrast_s2/random_2026091638
evaluated target/color_cast_s1/random_2026091627
evaluated target/contrast_s2/random_2026091639
evaluated target/color_cast_s2/random_2026091624
evaluated target/clean_s0/random_2026091622
evaluated target/color_cast_s1/random_2026091628
evaluated target/contrast_s2/random_2026091640
evaluated target/color_cast_s2/random_2026091625
evaluated target/clean_s0/random_2026091623
evaluated target/color_cast_s1/random_2026091629
evaluated target/color_cast_s2/random_2026091626
evaluated target/clean_s0/random_2026091624
evaluated target/color_cast_s1/random_2026091630
evaluated target/color_cast_s2/random_2026091627
evaluated target/color_cast_s1/random_2026091631
evaluated target/clean_s0/random_2026091625
evaluated target/contrast_s2/random_2026091641
evaluated target/color_cast_s2/random_2026091628
evaluated target/color_cast_s1/random_2026091632
evaluated target/clean_s0/random_2026091626
evaluated target/contrast_s2/random_2026091642
evaluated target/color_cast_s2/random_2026091629
evaluated target/color_cast_s1/random_2026091633
evaluated target/clean_s0/random_2026091627
evaluated target/contrast_s2/random_2026091643
evaluated target/color_cast_s2/random_2026091630
evaluated target/color_cast_s1/random_2026091634
evaluated target/clean_s0/random_2026091628
evaluated target/color_cast_s2/random_2026091631
evaluated target/contrast_s2/random_2026091644
evaluated target/color_cast_s1/random_2026091635
evaluated target/clean_s0/random_2026091629
evaluated target/color_cast_s2/random_2026091632
evaluated target/contrast_s2/random_2026091645
evaluated target/color_cast_s1/random_2026091636
evaluated target/clean_s0/random_2026091630
evaluated target/color_cast_s2/random_2026091633
evaluated target/contrast_s2/random_2026091646
evaluated target/color_cast_s1/random_2026091637
evaluated target/clean_s0/random_2026091631
evaluated target/color_cast_s2/random_2026091634
completed 32/189 detector-condition panels
evaluated target/color_cast_s1/random_2026091638
evaluated target/clean_s0/random_2026091632
evaluated target/color_cast_s2/random_2026091635
evaluated target/color_cast_s1/random_2026091639
evaluated target/color_cast_s2/random_2026091636
evaluated target/clean_s0/random_2026091633
evaluated target/color_cast_s1/random_2026091640
evaluated target/color_cast_s2/random_2026091637
evaluated target/clean_s0/random_2026091634
evaluated target/color_cast_s1/random_2026091641
evaluated target/color_cast_s2/random_2026091638
evaluated target/clean_s0/random_2026091635
evaluated target/color_cast_s1/random_2026091642
evaluated target/color_cast_s2/random_2026091639
evaluated target/clean_s0/random_2026091636
evaluated target/color_cast_s1/random_2026091643
evaluated target/color_cast_s2/random_2026091640
evaluated target/clean_s0/random_2026091637
evaluated target/color_cast_s1/random_2026091644
evaluated target/color_cast_s2/random_2026091641
evaluated target/clean_s0/random_2026091638
evaluated target/color_cast_s1/random_2026091645
evaluated target/color_cast_s2/random_2026091642
evaluated target/clean_s0/random_2026091639
evaluated ssd/gamma_s1/random_2026091622
evaluated target/color_cast_s1/random_2026091646
evaluated target/color_cast_s2/random_2026091643
evaluated target/clean_s0/random_2026091640
completed 33/189 detector-condition panels
evaluated ssd/gamma_s1/random_2026091623
evaluated target/color_cast_s2/random_2026091644
evaluated target/clean_s0/random_2026091641
evaluated target/color_cast_s2/random_2026091645
evaluated ssd/gamma_s1/random_2026091624
evaluated target/clean_s0/random_2026091642
evaluated target/color_cast_s2/random_2026091646
evaluated ssd/gamma_s1/random_2026091625
evaluated target/clean_s0/random_2026091643
completed 34/189 detector-condition panels
evaluated ssd/gamma_s1/random_2026091626
evaluated target/clean_s0/random_2026091644
evaluated ssd/gamma_s1/random_2026091627
evaluated target/clean_s0/random_2026091645
evaluated ssd/gamma_s1/random_2026091628
evaluated target/clean_s0/random_2026091646
completed 35/189 detector-condition panels
evaluated ssd/gamma_s1/random_2026091629
evaluated ssd/gamma_s2/random_2026091622
evaluated ssd/gamma_s1/random_2026091630
evaluated ssd/gamma_s2/random_2026091623
evaluated ssd/gamma_s1/random_2026091631
evaluated ssd/gamma_s2/random_2026091624
evaluated ssd/gamma_s1/random_2026091632
evaluated ssd/gamma_s2/random_2026091625
evaluated ssd/gamma_s1/random_2026091633
evaluated ssd/contrast_s1/random_2026091622
evaluated ssd/gamma_s2/random_2026091626
evaluated ssd/gamma_s1/random_2026091634
evaluated ssd/contrast_s1/random_2026091623
evaluated ssd/contrast_s1/random_2026091624
evaluated ssd/gamma_s1/random_2026091635
evaluated ssd/contrast_s1/random_2026091625
evaluated ssd/gamma_s2/random_2026091627
evaluated ssd/contrast_s2/random_2026091622
evaluated ssd/gamma_s1/random_2026091636
evaluated ssd/contrast_s1/random_2026091626
evaluated ssd/gamma_s2/random_2026091628
evaluated ssd/contrast_s2/random_2026091623
evaluated ssd/gamma_s1/random_2026091637
evaluated ssd/contrast_s1/random_2026091627
evaluated ssd/gamma_s2/random_2026091629
evaluated ssd/contrast_s2/random_2026091624
evaluated ssd/gamma_s1/random_2026091638
evaluated ssd/contrast_s1/random_2026091628
evaluated ssd/gamma_s2/random_2026091630
evaluated ssd/contrast_s2/random_2026091625
evaluated ssd/gamma_s1/random_2026091639
evaluated ssd/contrast_s1/random_2026091629
evaluated ssd/gamma_s2/random_2026091631
evaluated ssd/contrast_s2/random_2026091626
evaluated ssd/gamma_s1/random_2026091640
evaluated ssd/contrast_s1/random_2026091630
evaluated ssd/gamma_s2/random_2026091632
evaluated ssd/contrast_s2/random_2026091627
evaluated ssd/gamma_s1/random_2026091641
evaluated ssd/contrast_s1/random_2026091631
evaluated ssd/gamma_s2/random_2026091633
evaluated ssd/contrast_s2/random_2026091628
evaluated ssd/gamma_s1/random_2026091642
evaluated ssd/contrast_s1/random_2026091632
evaluated ssd/gamma_s2/random_2026091634
evaluated ssd/contrast_s2/random_2026091629
evaluated ssd/gamma_s1/random_2026091643
evaluated ssd/contrast_s1/random_2026091633
evaluated ssd/gamma_s2/random_2026091635
evaluated ssd/contrast_s2/random_2026091630
evaluated ssd/gamma_s1/random_2026091644
evaluated ssd/contrast_s1/random_2026091634
evaluated ssd/gamma_s2/random_2026091636
evaluated ssd/contrast_s2/random_2026091631
evaluated ssd/gamma_s1/random_2026091645
evaluated ssd/contrast_s1/random_2026091635
evaluated ssd/gamma_s2/random_2026091637
evaluated ssd/contrast_s2/random_2026091632
evaluated ssd/gamma_s1/random_2026091646
evaluated ssd/contrast_s1/random_2026091636
evaluated ssd/gamma_s2/random_2026091638
completed 36/189 detector-condition panels
evaluated ssd/contrast_s2/random_2026091633
evaluated ssd/contrast_s1/random_2026091637
evaluated ssd/gamma_s2/random_2026091639
evaluated ssd/contrast_s2/random_2026091634
evaluated ssd/contrast_s1/random_2026091638
evaluated ssd/gamma_s2/random_2026091640
evaluated ssd/contrast_s2/random_2026091635
evaluated ssd/contrast_s1/random_2026091639
evaluated ssd/gamma_s2/random_2026091641
evaluated ssd/contrast_s2/random_2026091636
evaluated ssd/contrast_s1/random_2026091640
evaluated ssd/gamma_s2/random_2026091642
evaluated ssd/contrast_s2/random_2026091637
evaluated ssd/contrast_s1/random_2026091641
evaluated ssd/gamma_s2/random_2026091643
evaluated ssd/contrast_s2/random_2026091638
evaluated ssd/contrast_s1/random_2026091642
evaluated ssd/gamma_s2/random_2026091644
evaluated ssd/contrast_s2/random_2026091639
evaluated ssd/contrast_s1/random_2026091643
evaluated ssd/gamma_s2/random_2026091645
evaluated ssd/contrast_s2/random_2026091640
evaluated ssd/contrast_s1/random_2026091644
evaluated ssd/color_cast_s1/random_2026091622
evaluated ssd/gamma_s2/random_2026091646
evaluated ssd/contrast_s2/random_2026091641
completed 37/189 detector-condition panels
evaluated ssd/contrast_s1/random_2026091645
evaluated ssd/color_cast_s1/random_2026091623
evaluated ssd/contrast_s2/random_2026091642
evaluated ssd/contrast_s1/random_2026091646
evaluated ssd/color_cast_s1/random_2026091624
evaluated ssd/contrast_s2/random_2026091643
completed 38/189 detector-condition panels
evaluated ssd/color_cast_s1/random_2026091625
evaluated ssd/contrast_s2/random_2026091644
evaluated ssd/color_cast_s1/random_2026091626
evaluated ssd/contrast_s2/random_2026091645
evaluated ssd/color_cast_s1/random_2026091627
evaluated ssd/contrast_s2/random_2026091646
evaluated ssd/color_cast_s1/random_2026091628
completed 39/189 detector-condition panels
evaluated ssd/color_cast_s1/random_2026091629
evaluated ssd/color_cast_s2/random_2026091622
evaluated ssd/color_cast_s1/random_2026091630
evaluated ssd/color_cast_s2/random_2026091623
evaluated ssd/color_cast_s1/random_2026091631
evaluated ssd/color_cast_s2/random_2026091624
evaluated ssd/clean_s0/random_2026091622
evaluated ssd/color_cast_s1/random_2026091632
evaluated ssd/color_cast_s2/random_2026091625
evaluated ssd/clean_s0/random_2026091623
evaluated ssd/color_cast_s1/random_2026091633
evaluated ssd/color_cast_s2/random_2026091626
evaluated ssd/clean_s0/random_2026091624
evaluated ssd/color_cast_s1/random_2026091634
evaluated ssd/color_cast_s2/random_2026091627
evaluated source/gamma_s1/random_2026091647
evaluated ssd/clean_s0/random_2026091625
evaluated ssd/color_cast_s1/random_2026091635
evaluated ssd/color_cast_s2/random_2026091628
evaluated source/gamma_s1/random_2026091648
evaluated ssd/clean_s0/random_2026091626
evaluated ssd/color_cast_s1/random_2026091636
evaluated source/gamma_s1/random_2026091649
evaluated ssd/color_cast_s2/random_2026091629
evaluated ssd/clean_s0/random_2026091627
evaluated source/gamma_s1/random_2026091650
evaluated ssd/color_cast_s1/random_2026091637
evaluated ssd/color_cast_s2/random_2026091630
evaluated source/gamma_s1/random_2026091651
evaluated ssd/clean_s0/random_2026091628
evaluated ssd/color_cast_s1/random_2026091638
evaluated source/gamma_s1/random_2026091652
evaluated ssd/color_cast_s2/random_2026091631
evaluated ssd/clean_s0/random_2026091629
evaluated source/gamma_s1/random_2026091653
evaluated ssd/color_cast_s1/random_2026091639
evaluated ssd/color_cast_s2/random_2026091632
evaluated source/gamma_s1/random_2026091654
evaluated ssd/clean_s0/random_2026091630
evaluated ssd/color_cast_s1/random_2026091640
evaluated source/gamma_s1/random_2026091655
evaluated ssd/color_cast_s2/random_2026091633
evaluated ssd/clean_s0/random_2026091631
evaluated source/gamma_s1/random_2026091656
evaluated ssd/color_cast_s1/random_2026091641
evaluated ssd/color_cast_s2/random_2026091634
evaluated source/gamma_s1/random_2026091657
evaluated ssd/clean_s0/random_2026091632
evaluated ssd/color_cast_s1/random_2026091642
evaluated source/gamma_s1/random_2026091658
evaluated ssd/color_cast_s2/random_2026091635
evaluated ssd/clean_s0/random_2026091633
evaluated source/gamma_s1/random_2026091659
evaluated ssd/color_cast_s2/random_2026091636
evaluated source/gamma_s1/random_2026091660
evaluated source/gamma_s1/random_2026091661
evaluated ssd/color_cast_s2/random_2026091637
evaluated ssd/color_cast_s1/random_2026091643
evaluated source/gamma_s1/random_2026091662
evaluated ssd/clean_s0/random_2026091634
evaluated ssd/color_cast_s2/random_2026091638
evaluated ssd/color_cast_s1/random_2026091644
evaluated source/gamma_s1/random_2026091663
evaluated ssd/clean_s0/random_2026091635
evaluated source/gamma_s1/random_2026091664
evaluated ssd/color_cast_s2/random_2026091639
evaluated ssd/color_cast_s1/random_2026091645
evaluated source/gamma_s1/random_2026091665
evaluated ssd/clean_s0/random_2026091636
evaluated ssd/color_cast_s2/random_2026091640
evaluated source/gamma_s1/random_2026091666
evaluated ssd/color_cast_s1/random_2026091646
evaluated ssd/clean_s0/random_2026091637
evaluated source/gamma_s1/random_2026091667
evaluated ssd/color_cast_s2/random_2026091641
completed 40/189 detector-condition panels
evaluated source/gamma_s1/random_2026091668
evaluated ssd/clean_s0/random_2026091638
evaluated ssd/color_cast_s2/random_2026091642
evaluated source/gamma_s1/random_2026091669
evaluated ssd/clean_s0/random_2026091639
evaluated ssd/color_cast_s2/random_2026091643
evaluated source/gamma_s1/random_2026091670
evaluated source/gamma_s1/random_2026091671
evaluated ssd/clean_s0/random_2026091640
evaluated ssd/color_cast_s2/random_2026091644
completed 41/189 detector-condition panels
evaluated ssd/color_cast_s2/random_2026091645
evaluated ssd/clean_s0/random_2026091641
evaluated ssd/color_cast_s2/random_2026091646
evaluated ssd/clean_s0/random_2026091642
completed 42/189 detector-condition panels
evaluated ssd/clean_s0/random_2026091643
evaluated source/gamma_s2/random_2026091647
evaluated ssd/clean_s0/random_2026091644
evaluated source/gamma_s2/random_2026091648
evaluated ssd/clean_s0/random_2026091645
evaluated source/gamma_s2/random_2026091649
evaluated source/gamma_s2/random_2026091650
evaluated ssd/clean_s0/random_2026091646
evaluated source/gamma_s2/random_2026091651
evaluated source/contrast_s1/random_2026091647
completed 43/189 detector-condition panels
evaluated source/gamma_s2/random_2026091652
evaluated source/contrast_s1/random_2026091648
evaluated source/gamma_s2/random_2026091653
evaluated source/contrast_s1/random_2026091649
evaluated source/gamma_s2/random_2026091654
evaluated source/contrast_s1/random_2026091650
evaluated source/gamma_s2/random_2026091655
evaluated source/contrast_s1/random_2026091651
evaluated source/gamma_s2/random_2026091656
evaluated source/contrast_s1/random_2026091652
evaluated source/contrast_s2/random_2026091647
evaluated source/gamma_s2/random_2026091657
evaluated source/contrast_s1/random_2026091653
evaluated source/contrast_s2/random_2026091648
evaluated source/gamma_s2/random_2026091658
evaluated source/contrast_s1/random_2026091654
evaluated source/contrast_s2/random_2026091649
evaluated source/gamma_s2/random_2026091659
evaluated source/contrast_s1/random_2026091655
evaluated source/contrast_s2/random_2026091650
evaluated source/gamma_s2/random_2026091660
evaluated source/contrast_s1/random_2026091656
evaluated source/contrast_s2/random_2026091651
evaluated source/color_cast_s1/random_2026091647
evaluated source/gamma_s2/random_2026091661
evaluated source/contrast_s1/random_2026091657
evaluated source/color_cast_s1/random_2026091648
evaluated source/contrast_s2/random_2026091652
evaluated source/gamma_s2/random_2026091662
evaluated source/contrast_s1/random_2026091658
evaluated source/contrast_s2/random_2026091653
evaluated source/gamma_s2/random_2026091663
evaluated source/contrast_s1/random_2026091659
evaluated source/contrast_s2/random_2026091654
evaluated source/color_cast_s1/random_2026091649
evaluated source/gamma_s2/random_2026091664
evaluated source/contrast_s1/random_2026091660
evaluated source/contrast_s2/random_2026091655
evaluated source/color_cast_s1/random_2026091650
evaluated source/gamma_s2/random_2026091665
evaluated source/contrast_s1/random_2026091661
evaluated source/color_cast_s1/random_2026091651
evaluated source/contrast_s2/random_2026091656
evaluated source/gamma_s2/random_2026091666
evaluated source/contrast_s1/random_2026091662
evaluated source/color_cast_s1/random_2026091652
evaluated source/contrast_s2/random_2026091657
evaluated source/gamma_s2/random_2026091667
evaluated source/contrast_s1/random_2026091663
evaluated source/color_cast_s1/random_2026091653
evaluated source/contrast_s2/random_2026091658
evaluated source/gamma_s2/random_2026091668
evaluated source/contrast_s1/random_2026091664
evaluated source/color_cast_s1/random_2026091654
evaluated source/contrast_s2/random_2026091659
evaluated source/gamma_s2/random_2026091669
evaluated source/contrast_s1/random_2026091665
evaluated source/color_cast_s1/random_2026091655
evaluated source/contrast_s2/random_2026091660
evaluated source/gamma_s2/random_2026091670
evaluated source/color_cast_s1/random_2026091656
evaluated source/contrast_s1/random_2026091666
evaluated source/contrast_s2/random_2026091661
evaluated source/gamma_s2/random_2026091671
evaluated source/color_cast_s1/random_2026091657
evaluated source/contrast_s1/random_2026091667
evaluated source/contrast_s2/random_2026091662
completed 44/189 detector-condition panels
evaluated source/color_cast_s1/random_2026091658
evaluated source/contrast_s1/random_2026091668
evaluated source/contrast_s2/random_2026091663
evaluated source/color_cast_s1/random_2026091659
evaluated source/contrast_s1/random_2026091669
evaluated source/contrast_s2/random_2026091664
evaluated source/color_cast_s1/random_2026091660
evaluated source/contrast_s1/random_2026091670
evaluated source/contrast_s2/random_2026091665
evaluated source/color_cast_s1/random_2026091661
evaluated source/contrast_s1/random_2026091671
evaluated source/color_cast_s1/random_2026091662
evaluated source/contrast_s2/random_2026091666
completed 45/189 detector-condition panels
evaluated source/color_cast_s1/random_2026091663
evaluated source/contrast_s2/random_2026091667
evaluated source/color_cast_s1/random_2026091664
evaluated source/contrast_s2/random_2026091668
evaluated source/color_cast_s1/random_2026091665
evaluated source/contrast_s2/random_2026091669
evaluated source/color_cast_s1/random_2026091666
evaluated source/contrast_s2/random_2026091670
evaluated source/color_cast_s1/random_2026091667
evaluated source/contrast_s2/random_2026091671
evaluated source/color_cast_s1/random_2026091668
completed 46/189 detector-condition panels
evaluated source/color_cast_s2/random_2026091647
evaluated source/color_cast_s1/random_2026091669
evaluated source/color_cast_s2/random_2026091648
evaluated source/color_cast_s1/random_2026091670
evaluated source/color_cast_s2/random_2026091649
evaluated source/color_cast_s1/random_2026091671
evaluated source/color_cast_s2/random_2026091650
completed 47/189 detector-condition panels
evaluated source/clean_s0/random_2026091647
evaluated source/color_cast_s2/random_2026091651
evaluated source/clean_s0/random_2026091648
evaluated source/color_cast_s2/random_2026091652
evaluated source/clean_s0/random_2026091649
evaluated source/color_cast_s2/random_2026091653
evaluated source/clean_s0/random_2026091650
evaluated source/color_cast_s2/random_2026091654
evaluated source/clean_s0/random_2026091651
evaluated source/color_cast_s2/random_2026091655
evaluated source/clean_s0/random_2026091652
evaluated source/color_cast_s2/random_2026091656
evaluated target/gamma_s1/random_2026091647
evaluated source/clean_s0/random_2026091653
evaluated source/color_cast_s2/random_2026091657
evaluated source/clean_s0/random_2026091654
evaluated source/color_cast_s2/random_2026091658
evaluated target/gamma_s1/random_2026091648
evaluated source/clean_s0/random_2026091655
evaluated source/color_cast_s2/random_2026091659
evaluated target/gamma_s1/random_2026091649
evaluated source/clean_s0/random_2026091656
evaluated source/color_cast_s2/random_2026091660
evaluated target/gamma_s2/random_2026091647
evaluated target/gamma_s1/random_2026091650
evaluated source/clean_s0/random_2026091657
evaluated source/color_cast_s2/random_2026091661
evaluated target/gamma_s2/random_2026091648
evaluated source/clean_s0/random_2026091658
evaluated target/gamma_s1/random_2026091651
evaluated source/color_cast_s2/random_2026091662
evaluated target/gamma_s2/random_2026091649
evaluated source/clean_s0/random_2026091659
evaluated source/color_cast_s2/random_2026091663
evaluated target/gamma_s1/random_2026091652
evaluated source/clean_s0/random_2026091660
evaluated source/color_cast_s2/random_2026091664
evaluated target/gamma_s2/random_2026091650
evaluated target/gamma_s1/random_2026091653
evaluated source/clean_s0/random_2026091661
evaluated source/color_cast_s2/random_2026091665
evaluated target/gamma_s2/random_2026091651
evaluated target/gamma_s1/random_2026091654
evaluated source/clean_s0/random_2026091662
evaluated source/color_cast_s2/random_2026091666
evaluated target/gamma_s2/random_2026091652
evaluated source/clean_s0/random_2026091663
evaluated source/color_cast_s2/random_2026091667
evaluated target/gamma_s1/random_2026091655
evaluated source/clean_s0/random_2026091664
evaluated target/gamma_s2/random_2026091653
evaluated source/color_cast_s2/random_2026091668
evaluated target/gamma_s1/random_2026091656
evaluated source/clean_s0/random_2026091665
evaluated source/color_cast_s2/random_2026091669
evaluated target/gamma_s2/random_2026091654
evaluated target/gamma_s1/random_2026091657
evaluated source/clean_s0/random_2026091666
evaluated source/color_cast_s2/random_2026091670
evaluated target/gamma_s2/random_2026091655
evaluated source/clean_s0/random_2026091667
evaluated source/color_cast_s2/random_2026091671
evaluated target/gamma_s1/random_2026091658
evaluated target/gamma_s2/random_2026091656
evaluated source/clean_s0/random_2026091668
completed 48/189 detector-condition panels
evaluated target/gamma_s1/random_2026091659
evaluated target/gamma_s2/random_2026091657
evaluated source/clean_s0/random_2026091669
evaluated target/gamma_s1/random_2026091660
evaluated source/clean_s0/random_2026091670
evaluated target/gamma_s2/random_2026091658
evaluated source/clean_s0/random_2026091671
evaluated target/gamma_s1/random_2026091661
evaluated target/gamma_s2/random_2026091659
completed 49/189 detector-condition panels
evaluated target/gamma_s1/random_2026091662
evaluated target/gamma_s2/random_2026091660
evaluated target/gamma_s1/random_2026091663
evaluated target/gamma_s2/random_2026091661
evaluated target/gamma_s1/random_2026091664
evaluated target/gamma_s2/random_2026091662
evaluated target/gamma_s1/random_2026091665
evaluated target/gamma_s2/random_2026091663
evaluated target/gamma_s1/random_2026091666
evaluated target/contrast_s1/random_2026091647
evaluated target/gamma_s2/random_2026091664
evaluated target/gamma_s1/random_2026091667
evaluated target/gamma_s2/random_2026091665
evaluated target/contrast_s1/random_2026091648
evaluated target/gamma_s1/random_2026091668
evaluated target/gamma_s2/random_2026091666
evaluated target/gamma_s1/random_2026091669
evaluated target/contrast_s1/random_2026091649
evaluated target/gamma_s2/random_2026091667
evaluated target/contrast_s2/random_2026091647
evaluated target/gamma_s1/random_2026091670
evaluated target/contrast_s1/random_2026091650
evaluated target/gamma_s2/random_2026091668
evaluated target/contrast_s2/random_2026091648
evaluated target/gamma_s1/random_2026091671
evaluated target/gamma_s2/random_2026091669
evaluated target/contrast_s1/random_2026091651
evaluated target/contrast_s2/random_2026091649
completed 50/189 detector-condition panels
evaluated target/gamma_s2/random_2026091670
evaluated target/contrast_s1/random_2026091652
evaluated target/contrast_s2/random_2026091650
evaluated target/gamma_s2/random_2026091671
evaluated target/contrast_s1/random_2026091653
evaluated target/contrast_s2/random_2026091651
completed 51/189 detector-condition panels
evaluated target/contrast_s1/random_2026091654
evaluated target/contrast_s2/random_2026091652
evaluated target/contrast_s1/random_2026091655
evaluated target/contrast_s2/random_2026091653
evaluated target/contrast_s1/random_2026091656
evaluated target/contrast_s2/random_2026091654
evaluated target/contrast_s1/random_2026091657
evaluated target/contrast_s1/random_2026091658
evaluated target/contrast_s2/random_2026091655
evaluated target/color_cast_s1/random_2026091647
evaluated target/contrast_s1/random_2026091659
evaluated target/color_cast_s1/random_2026091648
evaluated target/contrast_s2/random_2026091656
evaluated target/contrast_s1/random_2026091660
evaluated target/color_cast_s1/random_2026091649
evaluated target/contrast_s2/random_2026091657
evaluated target/contrast_s1/random_2026091661
evaluated target/color_cast_s2/random_2026091647
evaluated target/color_cast_s1/random_2026091650
evaluated target/contrast_s2/random_2026091658
evaluated target/color_cast_s2/random_2026091648
evaluated target/contrast_s1/random_2026091662
evaluated target/color_cast_s1/random_2026091651
evaluated target/contrast_s2/random_2026091659
evaluated target/color_cast_s2/random_2026091649
evaluated target/contrast_s1/random_2026091663
evaluated target/color_cast_s1/random_2026091652
evaluated target/contrast_s2/random_2026091660
evaluated target/color_cast_s2/random_2026091650
evaluated target/contrast_s1/random_2026091664
evaluated target/color_cast_s1/random_2026091653
evaluated target/contrast_s2/random_2026091661
evaluated target/color_cast_s2/random_2026091651
evaluated target/contrast_s1/random_2026091665
evaluated target/color_cast_s1/random_2026091654
evaluated target/color_cast_s2/random_2026091652
evaluated target/contrast_s2/random_2026091662
evaluated target/color_cast_s1/random_2026091655
evaluated target/contrast_s1/random_2026091666
evaluated target/color_cast_s2/random_2026091653
evaluated target/contrast_s2/random_2026091663
evaluated target/color_cast_s1/random_2026091656
evaluated target/contrast_s1/random_2026091667
evaluated target/color_cast_s2/random_2026091654
evaluated target/contrast_s2/random_2026091664
evaluated target/color_cast_s1/random_2026091657
evaluated target/contrast_s1/random_2026091668
evaluated target/color_cast_s2/random_2026091655
evaluated target/contrast_s2/random_2026091665
evaluated target/color_cast_s1/random_2026091658
evaluated target/contrast_s1/random_2026091669
evaluated target/color_cast_s2/random_2026091656
evaluated target/contrast_s2/random_2026091666
evaluated target/color_cast_s1/random_2026091659
evaluated target/color_cast_s2/random_2026091657
evaluated target/contrast_s1/random_2026091670
evaluated target/contrast_s2/random_2026091667
evaluated target/color_cast_s1/random_2026091660
evaluated target/color_cast_s2/random_2026091658
evaluated target/contrast_s1/random_2026091671
evaluated target/color_cast_s1/random_2026091661
evaluated target/contrast_s2/random_2026091668
evaluated target/color_cast_s2/random_2026091659
completed 52/189 detector-condition panels
evaluated target/color_cast_s1/random_2026091662
evaluated target/contrast_s2/random_2026091669
evaluated target/color_cast_s2/random_2026091660
evaluated target/color_cast_s1/random_2026091663
evaluated target/color_cast_s2/random_2026091661
evaluated target/contrast_s2/random_2026091670
evaluated target/color_cast_s1/random_2026091664
evaluated target/color_cast_s2/random_2026091662
evaluated target/contrast_s2/random_2026091671
evaluated target/color_cast_s1/random_2026091665
completed 53/189 detector-condition panels
evaluated target/color_cast_s2/random_2026091663
evaluated target/color_cast_s1/random_2026091666
evaluated target/color_cast_s1/random_2026091667
evaluated target/color_cast_s1/random_2026091668
evaluated target/color_cast_s2/random_2026091664
evaluated target/color_cast_s1/random_2026091669
evaluated target/color_cast_s2/random_2026091665
evaluated target/clean_s0/random_2026091647
evaluated target/color_cast_s1/random_2026091670
evaluated target/color_cast_s2/random_2026091666
evaluated target/clean_s0/random_2026091648
evaluated target/color_cast_s1/random_2026091671
evaluated target/color_cast_s2/random_2026091667
evaluated target/clean_s0/random_2026091649
completed 54/189 detector-condition panels
evaluated target/color_cast_s2/random_2026091668
evaluated target/clean_s0/random_2026091650
evaluated ssd/gamma_s1/random_2026091647
evaluated target/color_cast_s2/random_2026091669
evaluated target/clean_s0/random_2026091651
evaluated target/color_cast_s2/random_2026091670
evaluated ssd/gamma_s1/random_2026091648
evaluated target/clean_s0/random_2026091652
evaluated target/color_cast_s2/random_2026091671
evaluated ssd/gamma_s1/random_2026091649
evaluated target/clean_s0/random_2026091653
completed 55/189 detector-condition panels
evaluated ssd/gamma_s1/random_2026091650
evaluated target/clean_s0/random_2026091654
evaluated ssd/gamma_s1/random_2026091651
evaluated target/clean_s0/random_2026091655
evaluated ssd/gamma_s1/random_2026091652
evaluated target/clean_s0/random_2026091656
evaluated ssd/gamma_s1/random_2026091653
evaluated target/clean_s0/random_2026091657
evaluated ssd/gamma_s1/random_2026091654
evaluated ssd/gamma_s2/random_2026091647
evaluated target/clean_s0/random_2026091658
evaluated ssd/gamma_s1/random_2026091655
evaluated ssd/gamma_s2/random_2026091648
evaluated target/clean_s0/random_2026091659
evaluated ssd/gamma_s1/random_2026091656
evaluated target/clean_s0/random_2026091660
evaluated ssd/gamma_s2/random_2026091649
evaluated ssd/gamma_s1/random_2026091657
evaluated target/clean_s0/random_2026091661
evaluated ssd/gamma_s2/random_2026091650
evaluated ssd/contrast_s1/random_2026091647
evaluated ssd/gamma_s1/random_2026091658
evaluated target/clean_s0/random_2026091662
evaluated ssd/gamma_s2/random_2026091651
evaluated ssd/contrast_s1/random_2026091648
evaluated ssd/gamma_s1/random_2026091659
evaluated target/clean_s0/random_2026091663
evaluated ssd/gamma_s2/random_2026091652
evaluated ssd/contrast_s1/random_2026091649
evaluated ssd/gamma_s1/random_2026091660
evaluated target/clean_s0/random_2026091664
evaluated ssd/gamma_s2/random_2026091653
evaluated ssd/contrast_s1/random_2026091650
evaluated ssd/gamma_s1/random_2026091661
evaluated target/clean_s0/random_2026091665
evaluated ssd/gamma_s2/random_2026091654
evaluated ssd/contrast_s1/random_2026091651
evaluated ssd/gamma_s1/random_2026091662
evaluated target/clean_s0/random_2026091666
evaluated ssd/gamma_s2/random_2026091655
evaluated ssd/contrast_s1/random_2026091652
evaluated target/clean_s0/random_2026091667
evaluated ssd/gamma_s1/random_2026091663
evaluated ssd/gamma_s2/random_2026091656
evaluated ssd/contrast_s1/random_2026091653
evaluated target/clean_s0/random_2026091668
evaluated ssd/gamma_s1/random_2026091664
evaluated ssd/gamma_s2/random_2026091657
evaluated ssd/contrast_s1/random_2026091654
evaluated target/clean_s0/random_2026091669
evaluated ssd/gamma_s1/random_2026091665
evaluated ssd/gamma_s2/random_2026091658
evaluated ssd/contrast_s1/random_2026091655
evaluated target/clean_s0/random_2026091670
evaluated ssd/gamma_s1/random_2026091666
evaluated ssd/gamma_s2/random_2026091659
evaluated ssd/contrast_s1/random_2026091656
evaluated target/clean_s0/random_2026091671
evaluated ssd/gamma_s1/random_2026091667
evaluated ssd/gamma_s2/random_2026091660
evaluated ssd/contrast_s1/random_2026091657
completed 56/189 detector-condition panels
evaluated ssd/gamma_s2/random_2026091661
evaluated ssd/gamma_s1/random_2026091668
evaluated ssd/contrast_s1/random_2026091658
evaluated ssd/gamma_s2/random_2026091662
evaluated ssd/gamma_s1/random_2026091669
evaluated ssd/contrast_s1/random_2026091659
evaluated ssd/gamma_s2/random_2026091663
evaluated ssd/gamma_s1/random_2026091670
evaluated ssd/contrast_s1/random_2026091660
evaluated ssd/gamma_s2/random_2026091664
evaluated ssd/gamma_s1/random_2026091671
evaluated ssd/contrast_s1/random_2026091661
completed 57/189 detector-condition panels
evaluated ssd/gamma_s2/random_2026091665
evaluated ssd/contrast_s1/random_2026091662
evaluated ssd/gamma_s2/random_2026091666
evaluated ssd/contrast_s1/random_2026091663
evaluated ssd/gamma_s2/random_2026091667
evaluated ssd/contrast_s1/random_2026091664
evaluated ssd/contrast_s2/random_2026091647
evaluated ssd/gamma_s2/random_2026091668
evaluated ssd/contrast_s1/random_2026091665
evaluated ssd/contrast_s2/random_2026091648
evaluated ssd/gamma_s2/random_2026091669
evaluated ssd/contrast_s1/random_2026091666
evaluated ssd/contrast_s2/random_2026091649
evaluated ssd/gamma_s2/random_2026091670
evaluated ssd/contrast_s1/random_2026091667
evaluated ssd/contrast_s2/random_2026091650
evaluated ssd/gamma_s2/random_2026091671
evaluated ssd/contrast_s1/random_2026091668
completed 58/189 detector-condition panels
evaluated ssd/contrast_s2/random_2026091651
evaluated ssd/color_cast_s1/random_2026091647
evaluated ssd/contrast_s1/random_2026091669
evaluated ssd/contrast_s2/random_2026091652
evaluated ssd/contrast_s1/random_2026091670
evaluated ssd/color_cast_s1/random_2026091648
evaluated ssd/contrast_s2/random_2026091653
evaluated ssd/contrast_s1/random_2026091671
evaluated ssd/color_cast_s1/random_2026091649
completed 59/189 detector-condition panels
evaluated ssd/contrast_s2/random_2026091654
evaluated ssd/color_cast_s1/random_2026091650
evaluated ssd/contrast_s2/random_2026091655
evaluated ssd/color_cast_s1/random_2026091651
evaluated ssd/contrast_s2/random_2026091656
evaluated ssd/contrast_s2/random_2026091657
evaluated ssd/color_cast_s1/random_2026091652
evaluated ssd/color_cast_s2/random_2026091647
evaluated ssd/contrast_s2/random_2026091658
evaluated ssd/color_cast_s1/random_2026091653
evaluated ssd/color_cast_s2/random_2026091648
evaluated ssd/contrast_s2/random_2026091659
evaluated ssd/color_cast_s1/random_2026091654
evaluated ssd/color_cast_s2/random_2026091649
evaluated ssd/contrast_s2/random_2026091660
evaluated ssd/color_cast_s1/random_2026091655
evaluated ssd/clean_s0/random_2026091647
evaluated ssd/color_cast_s2/random_2026091650
evaluated ssd/contrast_s2/random_2026091661
evaluated ssd/color_cast_s1/random_2026091656
evaluated ssd/clean_s0/random_2026091648
evaluated ssd/color_cast_s2/random_2026091651
evaluated ssd/contrast_s2/random_2026091662
evaluated ssd/color_cast_s1/random_2026091657
evaluated ssd/clean_s0/random_2026091649
evaluated ssd/color_cast_s2/random_2026091652
evaluated ssd/contrast_s2/random_2026091663
evaluated ssd/color_cast_s1/random_2026091658
evaluated ssd/clean_s0/random_2026091650
evaluated ssd/color_cast_s2/random_2026091653
evaluated ssd/contrast_s2/random_2026091664
evaluated ssd/color_cast_s1/random_2026091659
evaluated ssd/clean_s0/random_2026091651
evaluated ssd/color_cast_s2/random_2026091654
evaluated ssd/contrast_s2/random_2026091665
evaluated ssd/color_cast_s1/random_2026091660
evaluated ssd/clean_s0/random_2026091652
evaluated ssd/color_cast_s2/random_2026091655
evaluated ssd/clean_s0/random_2026091653
evaluated ssd/color_cast_s1/random_2026091661
evaluated ssd/color_cast_s2/random_2026091656
evaluated ssd/contrast_s2/random_2026091666
evaluated ssd/clean_s0/random_2026091654
evaluated ssd/color_cast_s1/random_2026091662
evaluated ssd/color_cast_s2/random_2026091657
evaluated ssd/contrast_s2/random_2026091667
evaluated ssd/clean_s0/random_2026091655
evaluated ssd/color_cast_s1/random_2026091663
evaluated ssd/color_cast_s2/random_2026091658
evaluated ssd/contrast_s2/random_2026091668
evaluated ssd/clean_s0/random_2026091656
evaluated ssd/color_cast_s1/random_2026091664
evaluated ssd/color_cast_s2/random_2026091659
evaluated ssd/clean_s0/random_2026091657
evaluated ssd/contrast_s2/random_2026091669
evaluated ssd/color_cast_s1/random_2026091665
evaluated ssd/color_cast_s2/random_2026091660
evaluated ssd/clean_s0/random_2026091658
evaluated ssd/contrast_s2/random_2026091670
evaluated ssd/color_cast_s1/random_2026091666
evaluated ssd/color_cast_s2/random_2026091661
evaluated ssd/clean_s0/random_2026091659
evaluated ssd/contrast_s2/random_2026091671
evaluated ssd/color_cast_s1/random_2026091667
evaluated ssd/color_cast_s2/random_2026091662
completed 60/189 detector-condition panels
evaluated ssd/clean_s0/random_2026091660
evaluated ssd/color_cast_s2/random_2026091663
evaluated ssd/color_cast_s1/random_2026091668
evaluated ssd/clean_s0/random_2026091661
evaluated ssd/color_cast_s2/random_2026091664
evaluated ssd/color_cast_s1/random_2026091669
evaluated ssd/clean_s0/random_2026091662
evaluated ssd/color_cast_s2/random_2026091665
evaluated ssd/color_cast_s1/random_2026091670
evaluated ssd/clean_s0/random_2026091663
evaluated ssd/color_cast_s2/random_2026091666
evaluated ssd/color_cast_s1/random_2026091671
completed 61/189 detector-condition panels
evaluated ssd/color_cast_s2/random_2026091667
evaluated ssd/color_cast_s2/random_2026091668
evaluated ssd/clean_s0/random_2026091664
evaluated ssd/color_cast_s2/random_2026091669
evaluated source/gamma_s1/random_2026091672
evaluated ssd/clean_s0/random_2026091665
evaluated source/gamma_s1/random_2026091673
evaluated ssd/color_cast_s2/random_2026091670
evaluated ssd/clean_s0/random_2026091666
evaluated source/gamma_s1/random_2026091674
evaluated ssd/clean_s0/random_2026091667
evaluated source/gamma_s1/random_2026091675
evaluated source/gamma_s1/random_2026091676
evaluated ssd/clean_s0/random_2026091668
evaluated ssd/color_cast_s2/random_2026091671
evaluated source/gamma_s1/random_2026091677
completed 62/189 detector-condition panels
evaluated ssd/clean_s0/random_2026091669
evaluated source/gamma_s1/random_2026091678
evaluated source/gamma_s2/random_2026091672
evaluated source/gamma_s2/random_2026091673
evaluated source/gamma_s1/random_2026091679
evaluated ssd/clean_s0/random_2026091670
evaluated source/gamma_s2/random_2026091674
evaluated source/gamma_s1/random_2026091680
evaluated ssd/clean_s0/random_2026091671
evaluated source/gamma_s2/random_2026091675
evaluated source/gamma_s1/random_2026091681
completed 63/189 detector-condition panels
evaluated source/gamma_s2/random_2026091676
evaluated source/gamma_s1/random_2026091682
evaluated source/gamma_s2/random_2026091677
evaluated source/gamma_s1/random_2026091683
evaluated source/gamma_s2/random_2026091678
evaluated source/gamma_s1/random_2026091684
evaluated source/gamma_s2/random_2026091679
evaluated source/gamma_s1/random_2026091685
evaluated source/gamma_s2/random_2026091680
evaluated source/gamma_s1/random_2026091686
evaluated source/contrast_s1/random_2026091672
evaluated source/gamma_s2/random_2026091681
evaluated source/gamma_s1/random_2026091687
evaluated source/contrast_s1/random_2026091673
evaluated source/gamma_s2/random_2026091682
evaluated source/gamma_s1/random_2026091688
evaluated source/gamma_s2/random_2026091683
evaluated source/gamma_s1/random_2026091689
evaluated source/contrast_s1/random_2026091674
evaluated source/gamma_s2/random_2026091684
evaluated source/gamma_s1/random_2026091690
evaluated source/contrast_s1/random_2026091675
evaluated source/gamma_s2/random_2026091685
evaluated source/gamma_s1/random_2026091691
evaluated source/contrast_s1/random_2026091676
evaluated source/gamma_s2/random_2026091686
evaluated source/contrast_s2/random_2026091672
evaluated source/contrast_s1/random_2026091677
evaluated source/gamma_s1/random_2026091692
evaluated source/gamma_s2/random_2026091687
evaluated source/contrast_s2/random_2026091673
evaluated source/contrast_s1/random_2026091678
evaluated source/gamma_s1/random_2026091693
evaluated source/gamma_s2/random_2026091688
evaluated source/contrast_s2/random_2026091674
evaluated source/contrast_s1/random_2026091679
evaluated source/gamma_s1/random_2026091694
evaluated source/gamma_s2/random_2026091689
evaluated source/contrast_s2/random_2026091675
evaluated source/contrast_s1/random_2026091680
evaluated source/gamma_s1/random_2026091695
evaluated source/gamma_s2/random_2026091690
evaluated source/contrast_s2/random_2026091676
evaluated source/contrast_s1/random_2026091681
evaluated source/gamma_s1/random_2026091696
evaluated source/gamma_s2/random_2026091691
evaluated source/contrast_s2/random_2026091677
evaluated source/contrast_s1/random_2026091682
completed 64/189 detector-condition panels
evaluated source/gamma_s2/random_2026091692
evaluated source/contrast_s1/random_2026091683
evaluated source/contrast_s2/random_2026091678
evaluated source/gamma_s2/random_2026091693
evaluated source/contrast_s1/random_2026091684
evaluated source/contrast_s2/random_2026091679
evaluated source/gamma_s2/random_2026091694
evaluated source/contrast_s1/random_2026091685
evaluated source/contrast_s2/random_2026091680
evaluated source/gamma_s2/random_2026091695
evaluated source/contrast_s1/random_2026091686
evaluated source/contrast_s2/random_2026091681
evaluated source/gamma_s2/random_2026091696
evaluated source/contrast_s1/random_2026091687
evaluated source/contrast_s2/random_2026091682
completed 65/189 detector-condition panels
evaluated source/contrast_s1/random_2026091688
evaluated source/contrast_s2/random_2026091683
evaluated source/contrast_s1/random_2026091689
evaluated source/contrast_s2/random_2026091684
evaluated source/contrast_s1/random_2026091690
evaluated source/contrast_s2/random_2026091685
evaluated source/contrast_s1/random_2026091691
evaluated source/contrast_s2/random_2026091686
evaluated source/contrast_s1/random_2026091692
evaluated source/color_cast_s1/random_2026091672
evaluated source/contrast_s2/random_2026091687
evaluated source/contrast_s1/random_2026091693
evaluated source/color_cast_s1/random_2026091673
evaluated source/contrast_s2/random_2026091688
evaluated source/contrast_s1/random_2026091694
evaluated source/color_cast_s1/random_2026091674
evaluated source/contrast_s2/random_2026091689
evaluated source/contrast_s1/random_2026091695
evaluated source/contrast_s2/random_2026091690
evaluated source/color_cast_s1/random_2026091675
evaluated source/contrast_s1/random_2026091696
evaluated source/contrast_s2/random_2026091691
evaluated source/color_cast_s1/random_2026091676
completed 66/189 detector-condition panels
evaluated source/color_cast_s2/random_2026091672
evaluated source/contrast_s2/random_2026091692
evaluated source/color_cast_s1/random_2026091677
evaluated source/color_cast_s2/random_2026091673
evaluated source/contrast_s2/random_2026091693
evaluated source/color_cast_s1/random_2026091678
evaluated source/contrast_s2/random_2026091694
evaluated source/color_cast_s1/random_2026091679
evaluated source/color_cast_s2/random_2026091674
evaluated source/contrast_s2/random_2026091695
evaluated source/color_cast_s1/random_2026091680
evaluated source/color_cast_s2/random_2026091675
evaluated source/contrast_s2/random_2026091696
evaluated source/color_cast_s1/random_2026091681
evaluated source/color_cast_s2/random_2026091676
evaluated source/color_cast_s1/random_2026091682
completed 67/189 detector-condition panels
evaluated source/color_cast_s2/random_2026091677
evaluated source/color_cast_s1/random_2026091683
evaluated source/color_cast_s2/random_2026091678
evaluated source/color_cast_s1/random_2026091684
evaluated source/color_cast_s2/random_2026091679
evaluated source/color_cast_s1/random_2026091685
evaluated source/color_cast_s2/random_2026091680
evaluated source/color_cast_s1/random_2026091686
evaluated source/clean_s0/random_2026091672
evaluated source/color_cast_s2/random_2026091681
evaluated source/color_cast_s1/random_2026091687
evaluated source/clean_s0/random_2026091673
evaluated source/color_cast_s2/random_2026091682
evaluated source/color_cast_s1/random_2026091688
evaluated source/color_cast_s2/random_2026091683
evaluated source/clean_s0/random_2026091674
evaluated source/color_cast_s1/random_2026091689
evaluated source/color_cast_s2/random_2026091684
evaluated source/clean_s0/random_2026091675
evaluated source/color_cast_s1/random_2026091690
evaluated source/color_cast_s2/random_2026091685
evaluated source/clean_s0/random_2026091676
evaluated source/color_cast_s1/random_2026091691
evaluated source/color_cast_s2/random_2026091686
evaluated source/clean_s0/random_2026091677
evaluated source/color_cast_s1/random_2026091692
evaluated source/color_cast_s2/random_2026091687
evaluated source/clean_s0/random_2026091678
evaluated target/gamma_s1/random_2026091672
evaluated source/color_cast_s1/random_2026091693
evaluated source/color_cast_s2/random_2026091688
evaluated source/clean_s0/random_2026091679
evaluated source/color_cast_s1/random_2026091694
evaluated target/gamma_s1/random_2026091673
evaluated source/color_cast_s2/random_2026091689
evaluated source/clean_s0/random_2026091680
evaluated source/color_cast_s1/random_2026091695
evaluated source/color_cast_s2/random_2026091690
evaluated source/clean_s0/random_2026091681
evaluated target/gamma_s1/random_2026091674
evaluated source/color_cast_s1/random_2026091696
evaluated source/color_cast_s2/random_2026091691
evaluated source/clean_s0/random_2026091682
evaluated target/gamma_s1/random_2026091675
completed 68/189 detector-condition panels
evaluated source/color_cast_s2/random_2026091692
evaluated source/clean_s0/random_2026091683
evaluated source/color_cast_s2/random_2026091693
evaluated target/gamma_s1/random_2026091676
evaluated source/clean_s0/random_2026091684
evaluated source/color_cast_s2/random_2026091694
evaluated source/clean_s0/random_2026091685
evaluated target/gamma_s1/random_2026091677
evaluated source/color_cast_s2/random_2026091695
evaluated source/clean_s0/random_2026091686
evaluated target/gamma_s1/random_2026091678
evaluated source/color_cast_s2/random_2026091696
evaluated source/clean_s0/random_2026091687
completed 69/189 detector-condition panels
evaluated source/clean_s0/random_2026091688
evaluated target/gamma_s1/random_2026091679
evaluated source/clean_s0/random_2026091689
evaluated target/gamma_s1/random_2026091680
evaluated source/clean_s0/random_2026091690
evaluated target/gamma_s1/random_2026091681
evaluated source/clean_s0/random_2026091691
evaluated source/clean_s0/random_2026091692
evaluated target/gamma_s1/random_2026091682
evaluated source/clean_s0/random_2026091693
evaluated target/gamma_s2/random_2026091672
evaluated target/gamma_s1/random_2026091683
evaluated source/clean_s0/random_2026091694
evaluated target/gamma_s2/random_2026091673
evaluated target/gamma_s1/random_2026091684
evaluated source/clean_s0/random_2026091695
evaluated target/gamma_s2/random_2026091674
evaluated source/clean_s0/random_2026091696
evaluated target/gamma_s1/random_2026091685
completed 70/189 detector-condition panels
evaluated target/gamma_s2/random_2026091675
evaluated target/contrast_s1/random_2026091672
evaluated target/gamma_s1/random_2026091686
evaluated target/gamma_s2/random_2026091676
evaluated target/contrast_s1/random_2026091673
evaluated target/gamma_s1/random_2026091687
evaluated target/gamma_s2/random_2026091677
evaluated target/contrast_s1/random_2026091674
evaluated target/gamma_s1/random_2026091688
evaluated target/gamma_s2/random_2026091678
evaluated target/contrast_s1/random_2026091675
evaluated target/gamma_s1/random_2026091689
evaluated target/gamma_s2/random_2026091679
evaluated target/gamma_s1/random_2026091690
evaluated target/contrast_s1/random_2026091676
evaluated target/gamma_s2/random_2026091680
evaluated target/gamma_s1/random_2026091691
evaluated target/contrast_s1/random_2026091677
evaluated target/gamma_s2/random_2026091681
evaluated target/gamma_s1/random_2026091692
evaluated target/contrast_s1/random_2026091678
evaluated target/gamma_s2/random_2026091682
evaluated target/gamma_s1/random_2026091693
evaluated target/contrast_s1/random_2026091679
evaluated target/contrast_s2/random_2026091672
evaluated target/gamma_s2/random_2026091683
evaluated target/gamma_s1/random_2026091694
evaluated target/contrast_s2/random_2026091673
evaluated target/gamma_s1/random_2026091695
evaluated target/gamma_s2/random_2026091684
evaluated target/contrast_s2/random_2026091674
evaluated target/contrast_s1/random_2026091680
evaluated target/gamma_s1/random_2026091696
evaluated target/gamma_s2/random_2026091685
evaluated target/contrast_s2/random_2026091675
evaluated target/contrast_s1/random_2026091681
completed 71/189 detector-condition panels
evaluated target/gamma_s2/random_2026091686
evaluated target/contrast_s2/random_2026091676
evaluated target/contrast_s1/random_2026091682
evaluated target/gamma_s2/random_2026091687
evaluated target/contrast_s2/random_2026091677
evaluated target/contrast_s1/random_2026091683
evaluated target/gamma_s2/random_2026091688
evaluated target/contrast_s2/random_2026091678
evaluated target/contrast_s1/random_2026091684
evaluated target/gamma_s2/random_2026091689
evaluated target/contrast_s2/random_2026091679
evaluated target/contrast_s1/random_2026091685
evaluated target/gamma_s2/random_2026091690
evaluated target/contrast_s2/random_2026091680
evaluated target/contrast_s1/random_2026091686
evaluated target/gamma_s2/random_2026091691
evaluated target/contrast_s2/random_2026091681
evaluated target/contrast_s1/random_2026091687
evaluated target/gamma_s2/random_2026091692
evaluated target/contrast_s2/random_2026091682
evaluated target/contrast_s1/random_2026091688
evaluated target/gamma_s2/random_2026091693
evaluated target/contrast_s2/random_2026091683
evaluated target/contrast_s1/random_2026091689
evaluated target/color_cast_s1/random_2026091672
evaluated target/gamma_s2/random_2026091694
evaluated target/contrast_s2/random_2026091684
evaluated target/color_cast_s1/random_2026091673
evaluated target/contrast_s1/random_2026091690
evaluated target/gamma_s2/random_2026091695
evaluated target/contrast_s2/random_2026091685
evaluated target/color_cast_s1/random_2026091674
evaluated target/gamma_s2/random_2026091696
evaluated target/contrast_s1/random_2026091691
completed 72/189 detector-condition panels
evaluated target/color_cast_s1/random_2026091675
evaluated target/contrast_s2/random_2026091686
evaluated target/contrast_s1/random_2026091692
evaluated target/color_cast_s1/random_2026091676
evaluated target/contrast_s2/random_2026091687
evaluated target/contrast_s1/random_2026091693
evaluated target/color_cast_s1/random_2026091677
evaluated target/contrast_s2/random_2026091688
evaluated target/contrast_s1/random_2026091694
evaluated target/color_cast_s1/random_2026091678
evaluated target/contrast_s2/random_2026091689
evaluated target/contrast_s1/random_2026091695
evaluated target/contrast_s1/random_2026091696
completed 73/189 detector-condition panels
evaluated target/contrast_s2/random_2026091690
evaluated target/color_cast_s1/random_2026091679
evaluated target/contrast_s2/random_2026091691
evaluated target/color_cast_s1/random_2026091680
evaluated target/contrast_s2/random_2026091692
evaluated target/color_cast_s2/random_2026091672
evaluated target/color_cast_s1/random_2026091681
evaluated target/color_cast_s2/random_2026091673
evaluated target/color_cast_s1/random_2026091682
evaluated target/contrast_s2/random_2026091693
evaluated target/color_cast_s2/random_2026091674
evaluated target/color_cast_s1/random_2026091683
evaluated target/contrast_s2/random_2026091694
evaluated target/color_cast_s2/random_2026091675
evaluated target/color_cast_s1/random_2026091684
evaluated target/contrast_s2/random_2026091695
evaluated target/color_cast_s1/random_2026091685
evaluated target/color_cast_s2/random_2026091676
evaluated target/contrast_s2/random_2026091696
completed 74/189 detector-condition panels
evaluated target/color_cast_s1/random_2026091686
evaluated target/color_cast_s2/random_2026091677
evaluated target/clean_s0/random_2026091672
evaluated target/color_cast_s1/random_2026091687
evaluated target/color_cast_s2/random_2026091678
evaluated target/clean_s0/random_2026091673
evaluated target/color_cast_s1/random_2026091688
evaluated target/color_cast_s2/random_2026091679
evaluated target/clean_s0/random_2026091674
evaluated target/color_cast_s1/random_2026091689
evaluated target/color_cast_s2/random_2026091680
evaluated target/clean_s0/random_2026091675
evaluated target/color_cast_s1/random_2026091690
evaluated target/color_cast_s2/random_2026091681
evaluated target/clean_s0/random_2026091676
evaluated target/color_cast_s1/random_2026091691
evaluated target/color_cast_s2/random_2026091682
evaluated target/clean_s0/random_2026091677
evaluated target/color_cast_s1/random_2026091692
evaluated target/clean_s0/random_2026091678
evaluated target/color_cast_s1/random_2026091693
evaluated target/clean_s0/random_2026091679
evaluated target/color_cast_s2/random_2026091683
evaluated target/color_cast_s1/random_2026091694
evaluated ssd/gamma_s1/random_2026091672
evaluated target/clean_s0/random_2026091680
evaluated target/color_cast_s2/random_2026091684
evaluated target/color_cast_s1/random_2026091695
evaluated ssd/gamma_s1/random_2026091673
evaluated target/clean_s0/random_2026091681
evaluated target/color_cast_s2/random_2026091685
evaluated target/color_cast_s1/random_2026091696
evaluated ssd/gamma_s1/random_2026091674
evaluated target/color_cast_s2/random_2026091686
evaluated target/clean_s0/random_2026091682
completed 75/189 detector-condition panels
evaluated ssd/gamma_s1/random_2026091675
evaluated target/color_cast_s2/random_2026091687
evaluated target/clean_s0/random_2026091683
evaluated ssd/gamma_s1/random_2026091676
evaluated target/color_cast_s2/random_2026091688
evaluated target/clean_s0/random_2026091684
evaluated ssd/gamma_s1/random_2026091677
evaluated target/color_cast_s2/random_2026091689
evaluated target/clean_s0/random_2026091685
evaluated ssd/gamma_s1/random_2026091678
evaluated target/color_cast_s2/random_2026091690
evaluated target/clean_s0/random_2026091686
evaluated ssd/gamma_s1/random_2026091679
evaluated target/color_cast_s2/random_2026091691
evaluated target/clean_s0/random_2026091687
evaluated target/color_cast_s2/random_2026091692
evaluated ssd/gamma_s1/random_2026091680
evaluated target/clean_s0/random_2026091688
evaluated target/color_cast_s2/random_2026091693
evaluated ssd/gamma_s1/random_2026091681
evaluated target/clean_s0/random_2026091689
evaluated target/color_cast_s2/random_2026091694
evaluated ssd/gamma_s1/random_2026091682
evaluated target/clean_s0/random_2026091690
evaluated ssd/gamma_s2/random_2026091672
evaluated target/color_cast_s2/random_2026091695
evaluated target/clean_s0/random_2026091691
evaluated ssd/gamma_s1/random_2026091683
evaluated ssd/gamma_s2/random_2026091673
evaluated target/color_cast_s2/random_2026091696
evaluated target/clean_s0/random_2026091692
evaluated ssd/gamma_s1/random_2026091684
evaluated ssd/gamma_s2/random_2026091674
completed 76/189 detector-condition panels
evaluated target/clean_s0/random_2026091693
evaluated ssd/gamma_s1/random_2026091685
evaluated ssd/gamma_s2/random_2026091675
evaluated target/clean_s0/random_2026091694
evaluated ssd/gamma_s1/random_2026091686
evaluated ssd/gamma_s2/random_2026091676
evaluated target/clean_s0/random_2026091695
evaluated ssd/gamma_s1/random_2026091687
evaluated ssd/gamma_s2/random_2026091677
evaluated target/clean_s0/random_2026091696
evaluated ssd/gamma_s1/random_2026091688
evaluated ssd/gamma_s2/random_2026091678
completed 77/189 detector-condition panels
evaluated ssd/gamma_s1/random_2026091689
evaluated ssd/gamma_s2/random_2026091679
evaluated ssd/gamma_s1/random_2026091690
evaluated ssd/gamma_s2/random_2026091680
evaluated ssd/gamma_s1/random_2026091691
evaluated ssd/gamma_s2/random_2026091681
evaluated ssd/contrast_s1/random_2026091672
evaluated ssd/gamma_s1/random_2026091692
evaluated ssd/gamma_s2/random_2026091682
evaluated ssd/contrast_s1/random_2026091673
evaluated ssd/gamma_s1/random_2026091693
evaluated ssd/gamma_s2/random_2026091683
evaluated ssd/contrast_s1/random_2026091674
evaluated ssd/gamma_s1/random_2026091694
evaluated ssd/gamma_s2/random_2026091684
evaluated ssd/contrast_s1/random_2026091675
evaluated ssd/gamma_s2/random_2026091685
evaluated ssd/gamma_s1/random_2026091695
evaluated ssd/contrast_s2/random_2026091672
evaluated ssd/contrast_s1/random_2026091676
evaluated ssd/gamma_s2/random_2026091686
evaluated ssd/gamma_s1/random_2026091696
evaluated ssd/contrast_s2/random_2026091673
completed 78/189 detector-condition panels
evaluated ssd/contrast_s1/random_2026091677
evaluated ssd/gamma_s2/random_2026091687
evaluated ssd/contrast_s2/random_2026091674
evaluated ssd/contrast_s1/random_2026091678
evaluated ssd/gamma_s2/random_2026091688
evaluated ssd/gamma_s2/random_2026091689
evaluated ssd/contrast_s1/random_2026091679
evaluated ssd/contrast_s2/random_2026091675
evaluated ssd/gamma_s2/random_2026091690
evaluated ssd/contrast_s1/random_2026091680
evaluated ssd/gamma_s2/random_2026091691
evaluated ssd/contrast_s2/random_2026091676
evaluated ssd/contrast_s1/random_2026091681
evaluated ssd/gamma_s2/random_2026091692
evaluated ssd/contrast_s2/random_2026091677
evaluated ssd/contrast_s1/random_2026091682
evaluated ssd/gamma_s2/random_2026091693
evaluated ssd/contrast_s2/random_2026091678
evaluated ssd/contrast_s1/random_2026091683
evaluated ssd/gamma_s2/random_2026091694
evaluated ssd/color_cast_s1/random_2026091672
evaluated ssd/contrast_s2/random_2026091679
evaluated ssd/contrast_s1/random_2026091684
evaluated ssd/gamma_s2/random_2026091695
evaluated ssd/color_cast_s1/random_2026091673
evaluated ssd/contrast_s2/random_2026091680
evaluated ssd/contrast_s1/random_2026091685
evaluated ssd/gamma_s2/random_2026091696
evaluated ssd/color_cast_s1/random_2026091674
evaluated ssd/contrast_s2/random_2026091681
evaluated ssd/contrast_s1/random_2026091686
completed 79/189 detector-condition panels
evaluated ssd/color_cast_s1/random_2026091675
evaluated ssd/contrast_s2/random_2026091682
evaluated ssd/contrast_s1/random_2026091687
evaluated ssd/color_cast_s1/random_2026091676
evaluated ssd/contrast_s2/random_2026091683
evaluated ssd/contrast_s1/random_2026091688
evaluated ssd/contrast_s2/random_2026091684
evaluated ssd/color_cast_s1/random_2026091677
evaluated ssd/contrast_s1/random_2026091689
evaluated ssd/contrast_s2/random_2026091685
evaluated ssd/contrast_s1/random_2026091690
evaluated ssd/color_cast_s1/random_2026091678
evaluated ssd/contrast_s2/random_2026091686
evaluated ssd/contrast_s1/random_2026091691
evaluated ssd/color_cast_s1/random_2026091679
evaluated ssd/contrast_s2/random_2026091687
evaluated ssd/contrast_s1/random_2026091692
evaluated ssd/color_cast_s1/random_2026091680
evaluated ssd/contrast_s2/random_2026091688
evaluated ssd/contrast_s1/random_2026091693
evaluated ssd/color_cast_s1/random_2026091681
evaluated ssd/contrast_s2/random_2026091689
evaluated ssd/contrast_s1/random_2026091694
evaluated ssd/color_cast_s1/random_2026091682
evaluated ssd/color_cast_s2/random_2026091672
evaluated ssd/contrast_s2/random_2026091690
evaluated ssd/contrast_s1/random_2026091695
evaluated ssd/color_cast_s1/random_2026091683
evaluated ssd/color_cast_s2/random_2026091673
evaluated ssd/contrast_s2/random_2026091691
evaluated ssd/contrast_s1/random_2026091696
evaluated ssd/color_cast_s1/random_2026091684
evaluated ssd/color_cast_s2/random_2026091674
completed 80/189 detector-condition panels
evaluated ssd/contrast_s2/random_2026091692
evaluated ssd/color_cast_s1/random_2026091685
evaluated ssd/color_cast_s2/random_2026091675
evaluated ssd/contrast_s2/random_2026091693
evaluated ssd/color_cast_s1/random_2026091686
evaluated ssd/color_cast_s2/random_2026091676
evaluated ssd/contrast_s2/random_2026091694
evaluated ssd/color_cast_s1/random_2026091687
evaluated ssd/color_cast_s2/random_2026091677
evaluated ssd/contrast_s2/random_2026091695
evaluated ssd/color_cast_s1/random_2026091688
evaluated ssd/color_cast_s2/random_2026091678
evaluated ssd/contrast_s2/random_2026091696
evaluated ssd/color_cast_s1/random_2026091689
evaluated ssd/color_cast_s2/random_2026091679
completed 81/189 detector-condition panels
evaluated ssd/color_cast_s1/random_2026091690
evaluated ssd/color_cast_s2/random_2026091680
evaluated ssd/color_cast_s1/random_2026091691
evaluated ssd/color_cast_s2/random_2026091681
evaluated ssd/clean_s0/random_2026091672
evaluated ssd/color_cast_s1/random_2026091692
evaluated ssd/color_cast_s2/random_2026091682
evaluated ssd/clean_s0/random_2026091673
evaluated ssd/color_cast_s2/random_2026091683
evaluated ssd/clean_s0/random_2026091674
evaluated ssd/color_cast_s1/random_2026091693
evaluated ssd/color_cast_s2/random_2026091684
evaluated ssd/clean_s0/random_2026091675
evaluated ssd/color_cast_s1/random_2026091694
evaluated ssd/color_cast_s2/random_2026091685
evaluated ssd/clean_s0/random_2026091676
evaluated source/gamma_s1/random_2026091697
evaluated ssd/color_cast_s1/random_2026091695
evaluated source/gamma_s1/random_2026091698
evaluated ssd/clean_s0/random_2026091677
evaluated ssd/color_cast_s1/random_2026091696
evaluated source/gamma_s1/random_2026091699
completed 82/189 detector-condition panels
evaluated ssd/clean_s0/random_2026091678
evaluated source/gamma_s1/random_2026091700
evaluated ssd/color_cast_s2/random_2026091686
evaluated source/gamma_s1/random_2026091701
evaluated ssd/clean_s0/random_2026091679
evaluated ssd/color_cast_s2/random_2026091687
evaluated source/gamma_s1/random_2026091702
evaluated ssd/clean_s0/random_2026091680
evaluated source/gamma_s1/random_2026091703
evaluated ssd/color_cast_s2/random_2026091688
evaluated source/gamma_s1/random_2026091704
evaluated ssd/clean_s0/random_2026091681
evaluated ssd/color_cast_s2/random_2026091689
evaluated source/gamma_s1/random_2026091705
evaluated ssd/clean_s0/random_2026091682
evaluated source/gamma_s1/random_2026091706
evaluated ssd/color_cast_s2/random_2026091690
evaluated source/gamma_s1/random_2026091707
evaluated ssd/clean_s0/random_2026091683
evaluated ssd/color_cast_s2/random_2026091691
evaluated source/gamma_s1/random_2026091708
evaluated ssd/clean_s0/random_2026091684
evaluated source/gamma_s1/random_2026091709
evaluated ssd/color_cast_s2/random_2026091692
evaluated source/gamma_s2/random_2026091697
evaluated source/gamma_s1/random_2026091710
evaluated source/gamma_s2/random_2026091698
evaluated ssd/clean_s0/random_2026091685
evaluated ssd/color_cast_s2/random_2026091693
evaluated source/gamma_s1/random_2026091711
evaluated source/gamma_s2/random_2026091699
evaluated source/gamma_s1/random_2026091712
evaluated ssd/clean_s0/random_2026091686
evaluated ssd/color_cast_s2/random_2026091694
evaluated source/gamma_s2/random_2026091700
evaluated source/gamma_s1/random_2026091713
evaluated source/gamma_s2/random_2026091701
evaluated ssd/color_cast_s2/random_2026091695
evaluated source/gamma_s1/random_2026091714
evaluated source/gamma_s2/random_2026091702
evaluated ssd/color_cast_s2/random_2026091696
evaluated source/gamma_s1/random_2026091715
evaluated source/gamma_s2/random_2026091703
evaluated ssd/clean_s0/random_2026091687
evaluated source/gamma_s1/random_2026091716
completed 83/189 detector-condition panels
evaluated source/gamma_s2/random_2026091704
evaluated source/gamma_s1/random_2026091717
evaluated ssd/clean_s0/random_2026091688
evaluated source/gamma_s2/random_2026091705
evaluated source/gamma_s1/random_2026091718
evaluated source/gamma_s2/random_2026091706
evaluated ssd/clean_s0/random_2026091689
evaluated source/gamma_s1/random_2026091719
evaluated source/gamma_s2/random_2026091707
evaluated source/gamma_s1/random_2026091720
evaluated ssd/clean_s0/random_2026091690
evaluated source/gamma_s2/random_2026091708
evaluated source/gamma_s1/random_2026091721
evaluated source/gamma_s2/random_2026091709
evaluated ssd/clean_s0/random_2026091691
completed 84/189 detector-condition panels
evaluated source/gamma_s2/random_2026091710
evaluated source/gamma_s2/random_2026091711
evaluated ssd/clean_s0/random_2026091692
evaluated source/gamma_s2/random_2026091712
evaluated ssd/clean_s0/random_2026091693
evaluated source/gamma_s2/random_2026091713
evaluated source/gamma_s2/random_2026091714
evaluated ssd/clean_s0/random_2026091694
evaluated source/contrast_s1/random_2026091697
evaluated source/gamma_s2/random_2026091715
evaluated source/contrast_s1/random_2026091698
evaluated ssd/clean_s0/random_2026091695
evaluated source/gamma_s2/random_2026091716
evaluated source/contrast_s1/random_2026091699
evaluated source/gamma_s2/random_2026091717
evaluated ssd/clean_s0/random_2026091696
evaluated source/contrast_s1/random_2026091700
evaluated source/gamma_s2/random_2026091718
completed 85/189 detector-condition panels
evaluated source/contrast_s1/random_2026091701
evaluated source/gamma_s2/random_2026091719
evaluated source/contrast_s1/random_2026091702
evaluated source/contrast_s2/random_2026091697
evaluated source/gamma_s2/random_2026091720
evaluated source/contrast_s1/random_2026091703
evaluated source/contrast_s2/random_2026091698
evaluated source/gamma_s2/random_2026091721
evaluated source/contrast_s1/random_2026091704
completed 86/189 detector-condition panels
evaluated source/contrast_s2/random_2026091699
evaluated source/contrast_s1/random_2026091705
evaluated source/contrast_s2/random_2026091700
evaluated source/contrast_s1/random_2026091706
evaluated source/contrast_s2/random_2026091701
evaluated source/contrast_s1/random_2026091707
evaluated source/contrast_s2/random_2026091702
evaluated source/contrast_s1/random_2026091708
evaluated source/contrast_s2/random_2026091703
evaluated source/contrast_s1/random_2026091709
evaluated source/contrast_s2/random_2026091704
evaluated source/contrast_s1/random_2026091710
evaluated source/contrast_s2/random_2026091705
evaluated source/contrast_s1/random_2026091711
evaluated source/color_cast_s1/random_2026091697
evaluated source/contrast_s2/random_2026091706
evaluated source/contrast_s1/random_2026091712
evaluated source/color_cast_s1/random_2026091698
evaluated source/contrast_s2/random_2026091707
evaluated source/contrast_s1/random_2026091713
evaluated source/color_cast_s1/random_2026091699
evaluated source/contrast_s1/random_2026091714
evaluated source/contrast_s2/random_2026091708
evaluated source/color_cast_s1/random_2026091700
evaluated source/color_cast_s2/random_2026091697
evaluated source/contrast_s1/random_2026091715
evaluated source/contrast_s2/random_2026091709
evaluated source/color_cast_s1/random_2026091701
evaluated source/color_cast_s2/random_2026091698
evaluated source/contrast_s1/random_2026091716
evaluated source/contrast_s2/random_2026091710
evaluated source/color_cast_s1/random_2026091702
evaluated source/color_cast_s2/random_2026091699
evaluated source/contrast_s1/random_2026091717
evaluated source/contrast_s2/random_2026091711
evaluated source/color_cast_s1/random_2026091703
evaluated source/color_cast_s2/random_2026091700
evaluated source/contrast_s1/random_2026091718
evaluated source/contrast_s2/random_2026091712
evaluated source/color_cast_s2/random_2026091701
evaluated source/color_cast_s1/random_2026091704
evaluated source/contrast_s1/random_2026091719
evaluated source/contrast_s2/random_2026091713
evaluated source/color_cast_s2/random_2026091702
evaluated source/color_cast_s1/random_2026091705
evaluated source/contrast_s1/random_2026091720
evaluated source/color_cast_s2/random_2026091703
evaluated source/contrast_s2/random_2026091714
evaluated source/color_cast_s1/random_2026091706
evaluated source/contrast_s1/random_2026091721
evaluated source/color_cast_s2/random_2026091704
evaluated source/color_cast_s1/random_2026091707
evaluated source/contrast_s2/random_2026091715
completed 87/189 detector-condition panels
evaluated source/color_cast_s2/random_2026091705
evaluated source/color_cast_s1/random_2026091708
evaluated source/contrast_s2/random_2026091716
evaluated source/color_cast_s2/random_2026091706
evaluated source/color_cast_s1/random_2026091709
evaluated source/contrast_s2/random_2026091717
evaluated source/color_cast_s2/random_2026091707
evaluated source/color_cast_s1/random_2026091710
evaluated source/contrast_s2/random_2026091718
evaluated source/color_cast_s2/random_2026091708
evaluated source/color_cast_s1/random_2026091711
evaluated source/contrast_s2/random_2026091719
evaluated source/color_cast_s2/random_2026091709
evaluated source/color_cast_s1/random_2026091712
evaluated source/contrast_s2/random_2026091720
evaluated source/color_cast_s2/random_2026091710
evaluated source/color_cast_s1/random_2026091713
evaluated source/contrast_s2/random_2026091721
evaluated source/color_cast_s2/random_2026091711
evaluated source/color_cast_s1/random_2026091714
completed 88/189 detector-condition panels
evaluated source/color_cast_s2/random_2026091712
evaluated source/color_cast_s1/random_2026091715
evaluated source/color_cast_s2/random_2026091713
evaluated source/color_cast_s1/random_2026091716
evaluated source/color_cast_s2/random_2026091714
evaluated source/color_cast_s1/random_2026091717
evaluated source/color_cast_s2/random_2026091715
evaluated source/clean_s0/random_2026091697
evaluated source/color_cast_s1/random_2026091718
evaluated source/color_cast_s2/random_2026091716
evaluated source/clean_s0/random_2026091698
evaluated source/color_cast_s1/random_2026091719
evaluated source/color_cast_s2/random_2026091717
evaluated source/clean_s0/random_2026091699
evaluated source/color_cast_s1/random_2026091720
evaluated source/color_cast_s2/random_2026091718
evaluated source/clean_s0/random_2026091700
evaluated source/color_cast_s1/random_2026091721
evaluated source/color_cast_s2/random_2026091719
evaluated source/clean_s0/random_2026091701
completed 89/189 detector-condition panels
evaluated source/clean_s0/random_2026091702
evaluated source/color_cast_s2/random_2026091720
evaluated source/clean_s0/random_2026091703
evaluated source/color_cast_s2/random_2026091721
evaluated target/gamma_s1/random_2026091697
evaluated source/clean_s0/random_2026091704
completed 90/189 detector-condition panels
evaluated source/clean_s0/random_2026091705
evaluated target/gamma_s1/random_2026091698
evaluated source/clean_s0/random_2026091706
evaluated target/gamma_s1/random_2026091699
evaluated source/clean_s0/random_2026091707
evaluated target/gamma_s1/random_2026091700
evaluated source/clean_s0/random_2026091708
evaluated source/clean_s0/random_2026091709
evaluated target/gamma_s1/random_2026091701
evaluated source/clean_s0/random_2026091710
evaluated target/gamma_s1/random_2026091702
evaluated source/clean_s0/random_2026091711
evaluated source/clean_s0/random_2026091712
evaluated target/gamma_s2/random_2026091697
evaluated source/clean_s0/random_2026091713
evaluated target/gamma_s2/random_2026091698
evaluated target/gamma_s1/random_2026091703
evaluated source/clean_s0/random_2026091714
evaluated target/contrast_s1/random_2026091697
evaluated target/gamma_s2/random_2026091699
evaluated source/clean_s0/random_2026091715
evaluated target/gamma_s1/random_2026091704
evaluated target/contrast_s1/random_2026091698
evaluated source/clean_s0/random_2026091716
evaluated target/gamma_s2/random_2026091700
evaluated target/gamma_s1/random_2026091705
evaluated source/clean_s0/random_2026091717
evaluated target/contrast_s1/random_2026091699
evaluated target/gamma_s2/random_2026091701
evaluated target/gamma_s1/random_2026091706
evaluated source/clean_s0/random_2026091718
evaluated target/contrast_s1/random_2026091700
evaluated source/clean_s0/random_2026091719
evaluated target/gamma_s2/random_2026091702
evaluated target/gamma_s1/random_2026091707
evaluated source/clean_s0/random_2026091720
evaluated target/contrast_s1/random_2026091701
evaluated target/gamma_s2/random_2026091703
evaluated target/gamma_s1/random_2026091708
evaluated source/clean_s0/random_2026091721
evaluated target/contrast_s1/random_2026091702
evaluated target/gamma_s2/random_2026091704
evaluated target/gamma_s1/random_2026091709
completed 91/189 detector-condition panels
evaluated target/contrast_s1/random_2026091703
evaluated target/gamma_s2/random_2026091705
evaluated target/gamma_s1/random_2026091710
evaluated target/contrast_s1/random_2026091704
evaluated target/gamma_s2/random_2026091706
evaluated target/gamma_s1/random_2026091711
evaluated target/contrast_s1/random_2026091705
evaluated target/gamma_s2/random_2026091707
evaluated target/gamma_s1/random_2026091712
evaluated target/contrast_s1/random_2026091706
evaluated target/gamma_s2/random_2026091708
evaluated target/gamma_s1/random_2026091713
evaluated target/contrast_s1/random_2026091707
evaluated target/gamma_s1/random_2026091714
evaluated target/gamma_s2/random_2026091709
evaluated target/contrast_s1/random_2026091708
evaluated target/gamma_s1/random_2026091715
evaluated target/gamma_s2/random_2026091710
evaluated target/contrast_s1/random_2026091709
evaluated target/gamma_s1/random_2026091716
evaluated target/gamma_s2/random_2026091711
evaluated target/gamma_s1/random_2026091717
evaluated target/contrast_s1/random_2026091710
evaluated target/gamma_s2/random_2026091712
evaluated target/contrast_s2/random_2026091697
evaluated target/gamma_s1/random_2026091718
evaluated target/contrast_s1/random_2026091711
evaluated target/gamma_s2/random_2026091713
evaluated target/contrast_s2/random_2026091698
evaluated target/gamma_s1/random_2026091719
evaluated target/contrast_s1/random_2026091712
evaluated target/gamma_s2/random_2026091714
evaluated target/contrast_s2/random_2026091699
evaluated target/gamma_s1/random_2026091720
evaluated target/contrast_s1/random_2026091713
evaluated target/gamma_s2/random_2026091715
evaluated target/contrast_s2/random_2026091700
evaluated target/gamma_s1/random_2026091721
evaluated target/gamma_s2/random_2026091716
evaluated target/contrast_s1/random_2026091714
evaluated target/contrast_s2/random_2026091701
completed 92/189 detector-condition panels
evaluated target/gamma_s2/random_2026091717
evaluated target/contrast_s1/random_2026091715
evaluated target/contrast_s2/random_2026091702
evaluated target/gamma_s2/random_2026091718
evaluated target/contrast_s1/random_2026091716
evaluated target/contrast_s2/random_2026091703
evaluated target/gamma_s2/random_2026091719
evaluated target/contrast_s1/random_2026091717
evaluated target/contrast_s2/random_2026091704
evaluated target/gamma_s2/random_2026091720
evaluated target/contrast_s1/random_2026091718
evaluated target/gamma_s2/random_2026091721
evaluated target/contrast_s1/random_2026091719
completed 93/189 detector-condition panels
evaluated target/contrast_s1/random_2026091720
evaluated target/contrast_s2/random_2026091705
evaluated target/contrast_s2/random_2026091706
evaluated target/contrast_s2/random_2026091707
evaluated target/color_cast_s1/random_2026091697
evaluated target/contrast_s1/random_2026091721
evaluated target/contrast_s2/random_2026091708
evaluated target/color_cast_s1/random_2026091698
completed 94/189 detector-condition panels
evaluated target/color_cast_s1/random_2026091699
evaluated target/contrast_s2/random_2026091709
evaluated target/color_cast_s1/random_2026091700
evaluated target/contrast_s2/random_2026091710
evaluated target/color_cast_s1/random_2026091701
evaluated target/contrast_s2/random_2026091711
evaluated target/color_cast_s2/random_2026091697
evaluated target/color_cast_s1/random_2026091702
evaluated target/contrast_s2/random_2026091712
evaluated target/color_cast_s1/random_2026091703
evaluated target/color_cast_s2/random_2026091698
evaluated target/contrast_s2/random_2026091713
evaluated target/color_cast_s1/random_2026091704
evaluated target/color_cast_s2/random_2026091699
evaluated target/contrast_s2/random_2026091714
evaluated target/color_cast_s1/random_2026091705
evaluated target/color_cast_s2/random_2026091700
evaluated target/contrast_s2/random_2026091715
evaluated target/clean_s0/random_2026091697
evaluated target/color_cast_s1/random_2026091706
evaluated target/color_cast_s2/random_2026091701
evaluated target/contrast_s2/random_2026091716
evaluated target/clean_s0/random_2026091698
evaluated target/color_cast_s1/random_2026091707
evaluated target/color_cast_s2/random_2026091702
evaluated target/contrast_s2/random_2026091717
evaluated target/clean_s0/random_2026091699
evaluated target/color_cast_s1/random_2026091708
evaluated target/color_cast_s2/random_2026091703
evaluated target/contrast_s2/random_2026091718
evaluated target/clean_s0/random_2026091700
evaluated target/color_cast_s1/random_2026091709
evaluated target/color_cast_s2/random_2026091704
evaluated target/contrast_s2/random_2026091719
evaluated target/color_cast_s1/random_2026091710
evaluated target/clean_s0/random_2026091701
evaluated target/color_cast_s2/random_2026091705
evaluated target/contrast_s2/random_2026091720
evaluated target/color_cast_s1/random_2026091711
evaluated target/clean_s0/random_2026091702
evaluated target/color_cast_s2/random_2026091706
evaluated target/contrast_s2/random_2026091721
evaluated target/color_cast_s1/random_2026091712
evaluated target/clean_s0/random_2026091703
evaluated target/color_cast_s2/random_2026091707
completed 95/189 detector-condition panels
evaluated target/color_cast_s1/random_2026091713
evaluated target/clean_s0/random_2026091704
evaluated target/color_cast_s2/random_2026091708
evaluated target/color_cast_s1/random_2026091714
evaluated target/clean_s0/random_2026091705
evaluated target/color_cast_s2/random_2026091709
evaluated target/color_cast_s1/random_2026091715
evaluated target/clean_s0/random_2026091706
evaluated target/color_cast_s2/random_2026091710
evaluated target/color_cast_s1/random_2026091716
evaluated target/clean_s0/random_2026091707
evaluated target/color_cast_s2/random_2026091711
evaluated target/color_cast_s1/random_2026091717
evaluated target/clean_s0/random_2026091708
evaluated target/color_cast_s2/random_2026091712
evaluated target/color_cast_s1/random_2026091718
evaluated target/clean_s0/random_2026091709
evaluated target/color_cast_s2/random_2026091713
evaluated target/color_cast_s1/random_2026091719
evaluated target/clean_s0/random_2026091710
evaluated target/color_cast_s2/random_2026091714
evaluated target/color_cast_s1/random_2026091720
evaluated target/clean_s0/random_2026091711
evaluated target/color_cast_s2/random_2026091715
evaluated target/color_cast_s1/random_2026091721
evaluated ssd/gamma_s1/random_2026091697
evaluated target/clean_s0/random_2026091712
evaluated target/color_cast_s2/random_2026091716
completed 96/189 detector-condition panels
evaluated ssd/gamma_s1/random_2026091698
evaluated target/clean_s0/random_2026091713
evaluated target/color_cast_s2/random_2026091717
evaluated target/clean_s0/random_2026091714
evaluated ssd/gamma_s1/random_2026091699
evaluated target/color_cast_s2/random_2026091718
evaluated target/clean_s0/random_2026091715
evaluated target/color_cast_s2/random_2026091719
evaluated ssd/gamma_s1/random_2026091700
evaluated target/clean_s0/random_2026091716
evaluated target/color_cast_s2/random_2026091720
evaluated ssd/gamma_s1/random_2026091701
evaluated target/clean_s0/random_2026091717
evaluated target/color_cast_s2/random_2026091721
evaluated ssd/gamma_s1/random_2026091702
completed 97/189 detector-condition panels
evaluated target/clean_s0/random_2026091718
evaluated ssd/gamma_s1/random_2026091703
evaluated target/clean_s0/random_2026091719
evaluated ssd/gamma_s1/random_2026091704
evaluated target/clean_s0/random_2026091720
evaluated ssd/gamma_s2/random_2026091697
evaluated ssd/gamma_s1/random_2026091705
evaluated target/clean_s0/random_2026091721
evaluated ssd/gamma_s2/random_2026091698
completed 98/189 detector-condition panels
evaluated ssd/gamma_s1/random_2026091706
evaluated ssd/gamma_s2/random_2026091699
evaluated ssd/gamma_s1/random_2026091707
evaluated ssd/gamma_s2/random_2026091700
evaluated ssd/gamma_s1/random_2026091708
evaluated ssd/gamma_s2/random_2026091701
evaluated ssd/gamma_s1/random_2026091709
evaluated ssd/gamma_s2/random_2026091702
evaluated ssd/gamma_s1/random_2026091710
evaluated ssd/gamma_s2/random_2026091703
evaluated ssd/contrast_s1/random_2026091697
evaluated ssd/gamma_s1/random_2026091711
evaluated ssd/gamma_s2/random_2026091704
evaluated ssd/contrast_s1/random_2026091698
evaluated ssd/gamma_s1/random_2026091712
evaluated ssd/gamma_s2/random_2026091705
evaluated ssd/contrast_s1/random_2026091699
evaluated ssd/contrast_s2/random_2026091697
evaluated ssd/gamma_s1/random_2026091713
evaluated ssd/gamma_s2/random_2026091706
evaluated ssd/contrast_s1/random_2026091700
evaluated ssd/contrast_s2/random_2026091698
evaluated ssd/gamma_s1/random_2026091714
evaluated ssd/gamma_s2/random_2026091707
evaluated ssd/contrast_s1/random_2026091701
evaluated ssd/contrast_s2/random_2026091699
evaluated ssd/gamma_s1/random_2026091715
evaluated ssd/gamma_s2/random_2026091708
evaluated ssd/contrast_s1/random_2026091702
evaluated ssd/contrast_s2/random_2026091700
evaluated ssd/gamma_s1/random_2026091716
evaluated ssd/gamma_s2/random_2026091709
evaluated ssd/contrast_s1/random_2026091703
evaluated ssd/contrast_s2/random_2026091701
evaluated ssd/gamma_s1/random_2026091717
evaluated ssd/gamma_s2/random_2026091710
evaluated ssd/contrast_s1/random_2026091704
evaluated ssd/contrast_s2/random_2026091702
evaluated ssd/gamma_s1/random_2026091718
evaluated ssd/gamma_s2/random_2026091711
evaluated ssd/contrast_s1/random_2026091705
evaluated ssd/contrast_s2/random_2026091703
evaluated ssd/gamma_s1/random_2026091719
evaluated ssd/gamma_s2/random_2026091712
evaluated ssd/contrast_s1/random_2026091706
evaluated ssd/contrast_s2/random_2026091704
evaluated ssd/gamma_s1/random_2026091720
evaluated ssd/gamma_s2/random_2026091713
evaluated ssd/contrast_s1/random_2026091707
evaluated ssd/contrast_s2/random_2026091705
evaluated ssd/gamma_s1/random_2026091721
evaluated ssd/gamma_s2/random_2026091714
evaluated ssd/contrast_s2/random_2026091706
evaluated ssd/contrast_s1/random_2026091708
completed 99/189 detector-condition panels
evaluated ssd/gamma_s2/random_2026091715
evaluated ssd/contrast_s2/random_2026091707
evaluated ssd/contrast_s1/random_2026091709
evaluated ssd/gamma_s2/random_2026091716
evaluated ssd/contrast_s2/random_2026091708
evaluated ssd/contrast_s1/random_2026091710
evaluated ssd/gamma_s2/random_2026091717
evaluated ssd/contrast_s2/random_2026091709
evaluated ssd/contrast_s1/random_2026091711
evaluated ssd/gamma_s2/random_2026091718
evaluated ssd/contrast_s2/random_2026091710
evaluated ssd/contrast_s1/random_2026091712
evaluated ssd/gamma_s2/random_2026091719
evaluated ssd/contrast_s2/random_2026091711
evaluated ssd/contrast_s1/random_2026091713
evaluated ssd/gamma_s2/random_2026091720
evaluated ssd/contrast_s2/random_2026091712
evaluated ssd/contrast_s1/random_2026091714
evaluated ssd/contrast_s2/random_2026091713
evaluated ssd/contrast_s1/random_2026091715
evaluated ssd/color_cast_s1/random_2026091697
evaluated ssd/gamma_s2/random_2026091721
evaluated ssd/contrast_s2/random_2026091714
evaluated ssd/contrast_s1/random_2026091716
completed 100/189 detector-condition panels
evaluated ssd/color_cast_s1/random_2026091698
evaluated ssd/contrast_s2/random_2026091715
evaluated ssd/contrast_s1/random_2026091717
evaluated ssd/color_cast_s1/random_2026091699
evaluated ssd/contrast_s1/random_2026091718
evaluated ssd/color_cast_s1/random_2026091700
evaluated ssd/contrast_s1/random_2026091719
evaluated ssd/contrast_s2/random_2026091716
evaluated ssd/color_cast_s1/random_2026091701
evaluated ssd/contrast_s1/random_2026091720
evaluated ssd/contrast_s2/random_2026091717
evaluated ssd/contrast_s1/random_2026091721
evaluated ssd/contrast_s2/random_2026091718
completed 101/189 detector-condition panels
evaluated ssd/contrast_s2/random_2026091719
evaluated ssd/color_cast_s1/random_2026091702
evaluated ssd/contrast_s2/random_2026091720
evaluated ssd/color_cast_s2/random_2026091697
evaluated ssd/color_cast_s1/random_2026091703
evaluated ssd/contrast_s2/random_2026091721
evaluated ssd/color_cast_s2/random_2026091698
evaluated ssd/color_cast_s1/random_2026091704
completed 102/189 detector-condition panels
evaluated ssd/color_cast_s2/random_2026091699
evaluated ssd/color_cast_s1/random_2026091705
evaluated ssd/color_cast_s2/random_2026091700
evaluated ssd/color_cast_s1/random_2026091706
evaluated ssd/color_cast_s2/random_2026091701
evaluated ssd/color_cast_s1/random_2026091707
evaluated ssd/color_cast_s2/random_2026091702
evaluated ssd/color_cast_s1/random_2026091708
evaluated ssd/clean_s0/random_2026091697
evaluated ssd/color_cast_s2/random_2026091703
evaluated ssd/color_cast_s1/random_2026091709
evaluated ssd/clean_s0/random_2026091698
evaluated ssd/color_cast_s2/random_2026091704
evaluated ssd/color_cast_s1/random_2026091710
evaluated ssd/clean_s0/random_2026091699
evaluated source/gamma_s1/random_2026091722
evaluated ssd/color_cast_s2/random_2026091705
evaluated ssd/color_cast_s1/random_2026091711
evaluated source/gamma_s1/random_2026091723
evaluated ssd/clean_s0/random_2026091700
evaluated source/gamma_s1/random_2026091724
evaluated ssd/color_cast_s1/random_2026091712
evaluated ssd/color_cast_s2/random_2026091706
evaluated ssd/clean_s0/random_2026091701
evaluated ssd/color_cast_s1/random_2026091713
evaluated source/gamma_s1/random_2026091725
evaluated ssd/color_cast_s2/random_2026091707
evaluated ssd/clean_s0/random_2026091702
evaluated source/gamma_s1/random_2026091726
evaluated ssd/color_cast_s1/random_2026091714
evaluated ssd/color_cast_s2/random_2026091708
evaluated source/gamma_s1/random_2026091727
evaluated ssd/clean_s0/random_2026091703
evaluated ssd/color_cast_s1/random_2026091715
evaluated source/gamma_s1/random_2026091728
evaluated ssd/color_cast_s2/random_2026091709
evaluated ssd/clean_s0/random_2026091704
evaluated source/gamma_s1/random_2026091729
evaluated ssd/color_cast_s1/random_2026091716
evaluated ssd/color_cast_s2/random_2026091710
evaluated source/gamma_s1/random_2026091730
evaluated ssd/clean_s0/random_2026091705
evaluated ssd/color_cast_s1/random_2026091717
evaluated source/gamma_s1/random_2026091731
evaluated ssd/color_cast_s2/random_2026091711
evaluated ssd/clean_s0/random_2026091706
evaluated source/gamma_s1/random_2026091732
evaluated ssd/color_cast_s1/random_2026091718
evaluated ssd/color_cast_s2/random_2026091712
evaluated source/gamma_s1/random_2026091733
evaluated ssd/clean_s0/random_2026091707
evaluated source/gamma_s1/random_2026091734
evaluated ssd/color_cast_s1/random_2026091719
evaluated ssd/color_cast_s2/random_2026091713
evaluated ssd/clean_s0/random_2026091708
evaluated source/gamma_s1/random_2026091735
evaluated ssd/color_cast_s1/random_2026091720
evaluated ssd/color_cast_s2/random_2026091714
evaluated source/gamma_s1/random_2026091736
evaluated ssd/clean_s0/random_2026091709
evaluated source/gamma_s1/random_2026091737
evaluated ssd/color_cast_s1/random_2026091721
evaluated ssd/color_cast_s2/random_2026091715
evaluated ssd/clean_s0/random_2026091710
evaluated source/gamma_s1/random_2026091738
completed 103/189 detector-condition panels
evaluated ssd/color_cast_s2/random_2026091716
evaluated source/gamma_s1/random_2026091739
evaluated ssd/clean_s0/random_2026091711
evaluated source/gamma_s1/random_2026091740
evaluated ssd/color_cast_s2/random_2026091717
evaluated ssd/clean_s0/random_2026091712
evaluated source/gamma_s1/random_2026091741
evaluated source/gamma_s1/random_2026091742
evaluated ssd/color_cast_s2/random_2026091718
evaluated ssd/clean_s0/random_2026091713
evaluated source/gamma_s1/random_2026091743
evaluated ssd/color_cast_s2/random_2026091719
evaluated ssd/clean_s0/random_2026091714
evaluated source/gamma_s1/random_2026091744
evaluated source/gamma_s1/random_2026091745
evaluated ssd/color_cast_s2/random_2026091720
evaluated ssd/clean_s0/random_2026091715
evaluated source/gamma_s1/random_2026091746
evaluated ssd/color_cast_s2/random_2026091721
evaluated ssd/clean_s0/random_2026091716
completed 104/189 detector-condition panels
completed 105/189 detector-condition panels
evaluated source/gamma_s2/random_2026091722
evaluated source/gamma_s2/random_2026091723
evaluated ssd/clean_s0/random_2026091717
evaluated source/gamma_s2/random_2026091724
evaluated ssd/clean_s0/random_2026091718
evaluated source/gamma_s2/random_2026091725
evaluated source/gamma_s2/random_2026091726
evaluated ssd/clean_s0/random_2026091719
evaluated source/gamma_s2/random_2026091727
evaluated ssd/clean_s0/random_2026091720
evaluated source/gamma_s2/random_2026091728
evaluated source/gamma_s2/random_2026091729
evaluated ssd/clean_s0/random_2026091721
evaluated source/gamma_s2/random_2026091730
evaluated source/contrast_s1/random_2026091722
completed 106/189 detector-condition panels
evaluated source/gamma_s2/random_2026091731
evaluated source/contrast_s1/random_2026091723
evaluated source/contrast_s2/random_2026091722
evaluated source/gamma_s2/random_2026091732
evaluated source/contrast_s1/random_2026091724
evaluated source/contrast_s2/random_2026091723
evaluated source/gamma_s2/random_2026091733
evaluated source/contrast_s1/random_2026091725
evaluated source/contrast_s2/random_2026091724
evaluated source/gamma_s2/random_2026091734
evaluated source/contrast_s1/random_2026091726
evaluated source/contrast_s2/random_2026091725
evaluated source/gamma_s2/random_2026091735
evaluated source/contrast_s1/random_2026091727
evaluated source/contrast_s2/random_2026091726
evaluated source/gamma_s2/random_2026091736
evaluated source/contrast_s1/random_2026091728
evaluated source/contrast_s2/random_2026091727
evaluated source/gamma_s2/random_2026091737
evaluated source/contrast_s1/random_2026091729
evaluated source/contrast_s2/random_2026091728
evaluated source/gamma_s2/random_2026091738
evaluated source/contrast_s1/random_2026091730
evaluated source/contrast_s2/random_2026091729
evaluated source/gamma_s2/random_2026091739
evaluated source/contrast_s1/random_2026091731
evaluated source/contrast_s2/random_2026091730
evaluated source/color_cast_s1/random_2026091722
evaluated source/gamma_s2/random_2026091740
evaluated source/contrast_s1/random_2026091732
evaluated source/color_cast_s1/random_2026091723
evaluated source/contrast_s2/random_2026091731
evaluated source/gamma_s2/random_2026091741
evaluated source/contrast_s1/random_2026091733
evaluated source/contrast_s2/random_2026091732
evaluated source/gamma_s2/random_2026091742
evaluated source/contrast_s1/random_2026091734
evaluated source/color_cast_s1/random_2026091724
evaluated source/contrast_s2/random_2026091733
evaluated source/gamma_s2/random_2026091743
evaluated source/contrast_s1/random_2026091735
evaluated source/color_cast_s1/random_2026091725
evaluated source/gamma_s2/random_2026091744
evaluated source/contrast_s2/random_2026091734
evaluated source/contrast_s1/random_2026091736
evaluated source/color_cast_s1/random_2026091726
evaluated source/gamma_s2/random_2026091745
evaluated source/contrast_s2/random_2026091735
evaluated source/contrast_s1/random_2026091737
evaluated source/color_cast_s1/random_2026091727
evaluated source/gamma_s2/random_2026091746
evaluated source/contrast_s2/random_2026091736
evaluated source/contrast_s1/random_2026091738
evaluated source/color_cast_s1/random_2026091728
completed 107/189 detector-condition panels
evaluated source/contrast_s2/random_2026091737
evaluated source/contrast_s1/random_2026091739
evaluated source/color_cast_s1/random_2026091729
evaluated source/contrast_s2/random_2026091738
evaluated source/contrast_s1/random_2026091740
evaluated source/color_cast_s1/random_2026091730
evaluated source/contrast_s2/random_2026091739
evaluated source/contrast_s1/random_2026091741
evaluated source/color_cast_s1/random_2026091731
evaluated source/contrast_s2/random_2026091740
evaluated source/contrast_s1/random_2026091742
evaluated source/color_cast_s1/random_2026091732
evaluated source/contrast_s2/random_2026091741
evaluated source/contrast_s1/random_2026091743
evaluated source/color_cast_s1/random_2026091733
evaluated source/contrast_s2/random_2026091742
evaluated source/contrast_s1/random_2026091744
evaluated source/color_cast_s1/random_2026091734
evaluated source/contrast_s2/random_2026091743
evaluated source/contrast_s1/random_2026091745
evaluated source/color_cast_s1/random_2026091735
evaluated source/contrast_s2/random_2026091744
evaluated source/contrast_s1/random_2026091746
evaluated source/color_cast_s1/random_2026091736
evaluated source/contrast_s2/random_2026091745
completed 108/189 detector-condition panels
evaluated source/color_cast_s1/random_2026091737
evaluated source/color_cast_s2/random_2026091722
evaluated source/contrast_s2/random_2026091746
evaluated source/color_cast_s1/random_2026091738
evaluated source/color_cast_s2/random_2026091723
completed 109/189 detector-condition panels
evaluated source/color_cast_s1/random_2026091739
evaluated source/color_cast_s1/random_2026091740
evaluated source/color_cast_s2/random_2026091724
evaluated source/color_cast_s1/random_2026091741
evaluated source/color_cast_s2/random_2026091725
evaluated source/color_cast_s1/random_2026091742
evaluated source/color_cast_s2/random_2026091726
evaluated source/color_cast_s1/random_2026091743
evaluated source/color_cast_s2/random_2026091727
evaluated source/color_cast_s2/random_2026091728
evaluated source/color_cast_s1/random_2026091744
evaluated source/color_cast_s2/random_2026091729
evaluated source/color_cast_s1/random_2026091745
evaluated source/clean_s0/random_2026091722
evaluated source/color_cast_s2/random_2026091730
evaluated source/color_cast_s1/random_2026091746
evaluated source/clean_s0/random_2026091723
evaluated source/color_cast_s2/random_2026091731
completed 110/189 detector-condition panels
evaluated source/clean_s0/random_2026091724
evaluated source/color_cast_s2/random_2026091732
evaluated source/clean_s0/random_2026091725
evaluated source/color_cast_s2/random_2026091733
evaluated source/clean_s0/random_2026091726
evaluated source/color_cast_s2/random_2026091734
evaluated target/gamma_s1/random_2026091722
evaluated source/clean_s0/random_2026091727
evaluated source/color_cast_s2/random_2026091735
evaluated target/gamma_s1/random_2026091723
evaluated source/clean_s0/random_2026091728
evaluated source/color_cast_s2/random_2026091736
evaluated source/color_cast_s2/random_2026091737
evaluated source/clean_s0/random_2026091729
evaluated target/gamma_s1/random_2026091724
evaluated source/color_cast_s2/random_2026091738
evaluated source/clean_s0/random_2026091730
evaluated target/gamma_s1/random_2026091725
evaluated source/color_cast_s2/random_2026091739
evaluated source/clean_s0/random_2026091731
evaluated source/color_cast_s2/random_2026091740
evaluated target/gamma_s1/random_2026091726
evaluated source/clean_s0/random_2026091732
evaluated source/color_cast_s2/random_2026091741
evaluated source/clean_s0/random_2026091733
evaluated target/gamma_s1/random_2026091727
evaluated target/gamma_s2/random_2026091722
evaluated source/color_cast_s2/random_2026091742
evaluated source/clean_s0/random_2026091734
evaluated target/gamma_s1/random_2026091728
evaluated source/color_cast_s2/random_2026091743
evaluated target/gamma_s2/random_2026091723
evaluated source/clean_s0/random_2026091735
evaluated source/color_cast_s2/random_2026091744
evaluated target/gamma_s1/random_2026091729
evaluated target/gamma_s2/random_2026091724
evaluated source/clean_s0/random_2026091736
evaluated source/color_cast_s2/random_2026091745
evaluated source/clean_s0/random_2026091737
evaluated target/gamma_s1/random_2026091730
evaluated source/color_cast_s2/random_2026091746
evaluated target/gamma_s2/random_2026091725
evaluated source/clean_s0/random_2026091738
evaluated target/gamma_s1/random_2026091731
completed 111/189 detector-condition panels
evaluated target/gamma_s2/random_2026091726
evaluated source/clean_s0/random_2026091739
evaluated target/gamma_s1/random_2026091732
evaluated source/clean_s0/random_2026091740
evaluated target/gamma_s2/random_2026091727
evaluated source/clean_s0/random_2026091741
evaluated target/gamma_s1/random_2026091733
evaluated target/gamma_s2/random_2026091728
evaluated source/clean_s0/random_2026091742
evaluated target/gamma_s1/random_2026091734
evaluated target/gamma_s2/random_2026091729
evaluated source/clean_s0/random_2026091743
evaluated target/gamma_s1/random_2026091735
evaluated source/clean_s0/random_2026091744
evaluated target/gamma_s2/random_2026091730
evaluated source/clean_s0/random_2026091745
evaluated target/gamma_s1/random_2026091736
evaluated target/gamma_s2/random_2026091731
evaluated source/clean_s0/random_2026091746
evaluated target/gamma_s1/random_2026091737
evaluated target/gamma_s2/random_2026091732
completed 112/189 detector-condition panels
evaluated target/gamma_s1/random_2026091738
evaluated target/gamma_s2/random_2026091733
evaluated target/contrast_s1/random_2026091722
evaluated target/gamma_s1/random_2026091739
evaluated target/gamma_s2/random_2026091734
evaluated target/contrast_s1/random_2026091723
evaluated target/gamma_s1/random_2026091740
evaluated target/gamma_s2/random_2026091735
evaluated target/contrast_s1/random_2026091724
evaluated target/gamma_s1/random_2026091741
evaluated target/gamma_s2/random_2026091736
evaluated target/contrast_s1/random_2026091725
evaluated target/gamma_s1/random_2026091742
evaluated target/gamma_s2/random_2026091737
evaluated target/contrast_s1/random_2026091726
evaluated target/gamma_s1/random_2026091743
evaluated target/gamma_s2/random_2026091738
evaluated target/contrast_s1/random_2026091727
evaluated target/gamma_s1/random_2026091744
evaluated target/gamma_s2/random_2026091739
evaluated target/contrast_s1/random_2026091728
evaluated target/gamma_s1/random_2026091745
evaluated target/contrast_s2/random_2026091722
evaluated target/gamma_s2/random_2026091740
evaluated target/contrast_s1/random_2026091729
evaluated target/gamma_s1/random_2026091746
evaluated target/contrast_s2/random_2026091723
evaluated target/gamma_s2/random_2026091741
completed 113/189 detector-condition panels
evaluated target/contrast_s2/random_2026091724
evaluated target/gamma_s2/random_2026091742
evaluated target/contrast_s2/random_2026091725
evaluated target/gamma_s2/random_2026091743
evaluated target/contrast_s1/random_2026091730
evaluated target/gamma_s2/random_2026091744
evaluated target/contrast_s1/random_2026091731
evaluated target/gamma_s2/random_2026091745
evaluated target/contrast_s2/random_2026091726
evaluated target/contrast_s1/random_2026091732
evaluated target/gamma_s2/random_2026091746
evaluated target/contrast_s2/random_2026091727
evaluated target/contrast_s1/random_2026091733
completed 114/189 detector-condition panels
evaluated target/contrast_s2/random_2026091728
evaluated target/contrast_s1/random_2026091734
evaluated target/contrast_s2/random_2026091729
evaluated target/contrast_s1/random_2026091735
evaluated target/color_cast_s1/random_2026091722
evaluated target/contrast_s2/random_2026091730
evaluated target/contrast_s1/random_2026091736
evaluated target/color_cast_s1/random_2026091723
evaluated target/contrast_s2/random_2026091731
evaluated target/contrast_s1/random_2026091737
evaluated target/color_cast_s1/random_2026091724
evaluated target/contrast_s2/random_2026091732
evaluated target/contrast_s1/random_2026091738
evaluated target/color_cast_s1/random_2026091725
evaluated target/contrast_s2/random_2026091733
evaluated target/contrast_s1/random_2026091739
evaluated target/color_cast_s1/random_2026091726
evaluated target/contrast_s2/random_2026091734
evaluated target/contrast_s1/random_2026091740
evaluated target/color_cast_s1/random_2026091727
evaluated target/color_cast_s2/random_2026091722
evaluated target/contrast_s2/random_2026091735
evaluated target/contrast_s1/random_2026091741
evaluated target/color_cast_s1/random_2026091728
evaluated target/color_cast_s2/random_2026091723
evaluated target/contrast_s2/random_2026091736
evaluated target/contrast_s1/random_2026091742
evaluated target/color_cast_s1/random_2026091729
evaluated target/color_cast_s2/random_2026091724
evaluated target/contrast_s2/random_2026091737
evaluated target/contrast_s1/random_2026091743
evaluated target/color_cast_s1/random_2026091730
evaluated target/color_cast_s2/random_2026091725
evaluated target/contrast_s2/random_2026091738
evaluated target/contrast_s1/random_2026091744
evaluated target/color_cast_s1/random_2026091731
evaluated target/color_cast_s2/random_2026091726
evaluated target/contrast_s2/random_2026091739
evaluated target/contrast_s1/random_2026091745
evaluated target/color_cast_s1/random_2026091732
evaluated target/color_cast_s2/random_2026091727
evaluated target/contrast_s1/random_2026091746
evaluated target/contrast_s2/random_2026091740
evaluated target/color_cast_s1/random_2026091733
evaluated target/color_cast_s2/random_2026091728
completed 115/189 detector-condition panels
evaluated target/contrast_s2/random_2026091741
evaluated target/color_cast_s1/random_2026091734
evaluated target/color_cast_s2/random_2026091729
evaluated target/color_cast_s1/random_2026091735
evaluated target/contrast_s2/random_2026091742
evaluated target/color_cast_s2/random_2026091730
evaluated target/color_cast_s1/random_2026091736
evaluated target/contrast_s2/random_2026091743
evaluated target/color_cast_s2/random_2026091731
evaluated target/color_cast_s1/random_2026091737
evaluated target/contrast_s2/random_2026091744
evaluated target/color_cast_s2/random_2026091732
evaluated target/color_cast_s1/random_2026091738
evaluated target/contrast_s2/random_2026091745
evaluated target/color_cast_s2/random_2026091733
evaluated target/color_cast_s1/random_2026091739
evaluated target/contrast_s2/random_2026091746
evaluated target/color_cast_s2/random_2026091734
evaluated target/color_cast_s1/random_2026091740
completed 116/189 detector-condition panels
evaluated target/color_cast_s2/random_2026091735
evaluated target/color_cast_s1/random_2026091741
evaluated target/color_cast_s2/random_2026091736
evaluated target/color_cast_s1/random_2026091742
evaluated target/clean_s0/random_2026091722
evaluated target/color_cast_s2/random_2026091737
evaluated target/color_cast_s1/random_2026091743
evaluated target/clean_s0/random_2026091723
evaluated target/color_cast_s1/random_2026091744
evaluated target/color_cast_s2/random_2026091738
evaluated target/clean_s0/random_2026091724
evaluated target/color_cast_s1/random_2026091745
evaluated target/color_cast_s2/random_2026091739
evaluated target/clean_s0/random_2026091725
evaluated target/color_cast_s1/random_2026091746
evaluated target/color_cast_s2/random_2026091740
completed 117/189 detector-condition panels
evaluated target/clean_s0/random_2026091726
evaluated target/color_cast_s2/random_2026091741
evaluated ssd/gamma_s1/random_2026091722
evaluated target/clean_s0/random_2026091727
evaluated target/color_cast_s2/random_2026091742
evaluated ssd/gamma_s1/random_2026091723
evaluated target/clean_s0/random_2026091728
evaluated target/color_cast_s2/random_2026091743
evaluated ssd/gamma_s1/random_2026091724
evaluated target/clean_s0/random_2026091729
evaluated target/color_cast_s2/random_2026091744
evaluated ssd/gamma_s1/random_2026091725
evaluated target/clean_s0/random_2026091730
evaluated target/color_cast_s2/random_2026091745
evaluated target/clean_s0/random_2026091731
evaluated ssd/gamma_s1/random_2026091726
evaluated target/color_cast_s2/random_2026091746
evaluated target/clean_s0/random_2026091732
evaluated ssd/gamma_s1/random_2026091727
completed 118/189 detector-condition panels
evaluated target/clean_s0/random_2026091733
evaluated ssd/gamma_s1/random_2026091728
evaluated ssd/gamma_s2/random_2026091722
evaluated target/clean_s0/random_2026091734
evaluated ssd/gamma_s1/random_2026091729
evaluated ssd/gamma_s2/random_2026091723
evaluated target/clean_s0/random_2026091735
evaluated ssd/gamma_s1/random_2026091730
evaluated ssd/gamma_s2/random_2026091724
evaluated target/clean_s0/random_2026091736
evaluated ssd/gamma_s1/random_2026091731
evaluated ssd/gamma_s2/random_2026091725
evaluated target/clean_s0/random_2026091737
evaluated ssd/gamma_s1/random_2026091732
evaluated ssd/gamma_s2/random_2026091726
evaluated target/clean_s0/random_2026091738
evaluated ssd/gamma_s1/random_2026091733
evaluated ssd/gamma_s2/random_2026091727
evaluated target/clean_s0/random_2026091739
evaluated ssd/gamma_s1/random_2026091734
evaluated ssd/gamma_s2/random_2026091728
evaluated target/clean_s0/random_2026091740
evaluated ssd/gamma_s1/random_2026091735
evaluated ssd/contrast_s1/random_2026091722
evaluated ssd/gamma_s2/random_2026091729
evaluated target/clean_s0/random_2026091741
evaluated ssd/gamma_s1/random_2026091736
evaluated ssd/contrast_s1/random_2026091723
evaluated ssd/gamma_s2/random_2026091730
evaluated target/clean_s0/random_2026091742
evaluated ssd/gamma_s1/random_2026091737
evaluated ssd/gamma_s2/random_2026091731
evaluated target/clean_s0/random_2026091743
evaluated ssd/gamma_s1/random_2026091738
evaluated ssd/gamma_s2/random_2026091732
evaluated target/clean_s0/random_2026091744
evaluated ssd/contrast_s1/random_2026091724
evaluated ssd/gamma_s1/random_2026091739
evaluated ssd/gamma_s2/random_2026091733
evaluated target/clean_s0/random_2026091745
evaluated ssd/contrast_s1/random_2026091725
evaluated ssd/gamma_s1/random_2026091740
evaluated ssd/gamma_s2/random_2026091734
evaluated target/clean_s0/random_2026091746
evaluated ssd/contrast_s1/random_2026091726
evaluated ssd/gamma_s1/random_2026091741
evaluated ssd/gamma_s2/random_2026091735
completed 119/189 detector-condition panels
evaluated ssd/contrast_s1/random_2026091727
evaluated ssd/gamma_s1/random_2026091742
evaluated ssd/gamma_s2/random_2026091736
evaluated ssd/contrast_s1/random_2026091728
evaluated ssd/gamma_s1/random_2026091743
evaluated ssd/gamma_s2/random_2026091737
evaluated ssd/contrast_s1/random_2026091729
evaluated ssd/gamma_s1/random_2026091744
evaluated ssd/gamma_s2/random_2026091738
evaluated ssd/contrast_s1/random_2026091730
evaluated ssd/gamma_s1/random_2026091745
evaluated ssd/gamma_s2/random_2026091739
evaluated ssd/contrast_s1/random_2026091731
evaluated ssd/gamma_s1/random_2026091746
completed 120/189 detector-condition panels
evaluated ssd/contrast_s1/random_2026091732
evaluated ssd/gamma_s2/random_2026091740
evaluated ssd/contrast_s1/random_2026091733
evaluated ssd/gamma_s2/random_2026091741
evaluated ssd/contrast_s1/random_2026091734
evaluated ssd/contrast_s2/random_2026091722
evaluated ssd/gamma_s2/random_2026091742
evaluated ssd/contrast_s1/random_2026091735
evaluated ssd/contrast_s2/random_2026091723
evaluated ssd/gamma_s2/random_2026091743
evaluated ssd/contrast_s1/random_2026091736
evaluated ssd/contrast_s2/random_2026091724
evaluated ssd/gamma_s2/random_2026091744
evaluated ssd/contrast_s1/random_2026091737
evaluated ssd/gamma_s2/random_2026091745
evaluated ssd/contrast_s1/random_2026091738
evaluated ssd/gamma_s2/random_2026091746
evaluated ssd/contrast_s1/random_2026091739
completed 121/189 detector-condition panels
evaluated ssd/contrast_s2/random_2026091725
evaluated ssd/contrast_s1/random_2026091740
evaluated ssd/color_cast_s1/random_2026091722
evaluated ssd/contrast_s2/random_2026091726
evaluated ssd/contrast_s1/random_2026091741
evaluated ssd/color_cast_s1/random_2026091723
evaluated ssd/contrast_s2/random_2026091727
evaluated ssd/contrast_s1/random_2026091742
evaluated ssd/color_cast_s1/random_2026091724
evaluated ssd/contrast_s2/random_2026091728
evaluated ssd/contrast_s1/random_2026091743
evaluated ssd/color_cast_s1/random_2026091725
evaluated ssd/contrast_s2/random_2026091729
evaluated ssd/contrast_s1/random_2026091744
evaluated ssd/color_cast_s1/random_2026091726
evaluated ssd/contrast_s2/random_2026091730
evaluated ssd/contrast_s1/random_2026091745
evaluated ssd/contrast_s2/random_2026091731
evaluated ssd/color_cast_s1/random_2026091727
evaluated ssd/contrast_s1/random_2026091746
evaluated ssd/color_cast_s2/random_2026091722
evaluated ssd/contrast_s2/random_2026091732
evaluated ssd/color_cast_s1/random_2026091728
completed 122/189 detector-condition panels
evaluated ssd/color_cast_s2/random_2026091723
evaluated ssd/contrast_s2/random_2026091733
evaluated ssd/color_cast_s1/random_2026091729
evaluated ssd/color_cast_s2/random_2026091724
evaluated ssd/contrast_s2/random_2026091734
evaluated ssd/color_cast_s1/random_2026091730
evaluated ssd/color_cast_s2/random_2026091725
evaluated ssd/contrast_s2/random_2026091735
evaluated ssd/color_cast_s1/random_2026091731
evaluated ssd/color_cast_s2/random_2026091726
evaluated ssd/contrast_s2/random_2026091736
evaluated ssd/color_cast_s1/random_2026091732
evaluated ssd/color_cast_s2/random_2026091727
evaluated ssd/contrast_s2/random_2026091737
evaluated ssd/color_cast_s1/random_2026091733
evaluated ssd/color_cast_s2/random_2026091728
evaluated ssd/contrast_s2/random_2026091738
evaluated ssd/color_cast_s1/random_2026091734
evaluated ssd/color_cast_s2/random_2026091729
evaluated ssd/contrast_s2/random_2026091739
evaluated ssd/color_cast_s1/random_2026091735
evaluated ssd/color_cast_s2/random_2026091730
evaluated ssd/contrast_s2/random_2026091740
evaluated ssd/clean_s0/random_2026091722
evaluated ssd/color_cast_s1/random_2026091736
evaluated ssd/color_cast_s2/random_2026091731
evaluated ssd/contrast_s2/random_2026091741
evaluated ssd/color_cast_s1/random_2026091737
evaluated ssd/clean_s0/random_2026091723
evaluated ssd/color_cast_s2/random_2026091732
evaluated ssd/contrast_s2/random_2026091742
evaluated ssd/color_cast_s1/random_2026091738
evaluated ssd/clean_s0/random_2026091724
evaluated ssd/color_cast_s2/random_2026091733
evaluated ssd/contrast_s2/random_2026091743
evaluated ssd/color_cast_s1/random_2026091739
evaluated ssd/clean_s0/random_2026091725
evaluated ssd/color_cast_s2/random_2026091734
evaluated ssd/contrast_s2/random_2026091744
evaluated ssd/color_cast_s1/random_2026091740
evaluated ssd/clean_s0/random_2026091726
evaluated ssd/color_cast_s2/random_2026091735
evaluated ssd/contrast_s2/random_2026091745
evaluated ssd/color_cast_s1/random_2026091741
evaluated ssd/clean_s0/random_2026091727
evaluated ssd/color_cast_s2/random_2026091736
evaluated ssd/contrast_s2/random_2026091746
evaluated ssd/color_cast_s1/random_2026091742
evaluated ssd/clean_s0/random_2026091728
evaluated ssd/color_cast_s2/random_2026091737
completed 123/189 detector-condition panels
evaluated ssd/color_cast_s1/random_2026091743
evaluated ssd/clean_s0/random_2026091729
evaluated ssd/color_cast_s2/random_2026091738
evaluated ssd/color_cast_s1/random_2026091744
evaluated ssd/clean_s0/random_2026091730
evaluated ssd/color_cast_s2/random_2026091739
evaluated ssd/color_cast_s1/random_2026091745
evaluated ssd/clean_s0/random_2026091731
evaluated ssd/color_cast_s2/random_2026091740
evaluated ssd/color_cast_s1/random_2026091746
evaluated ssd/clean_s0/random_2026091732
evaluated ssd/color_cast_s2/random_2026091741
completed 124/189 detector-condition panels
evaluated ssd/clean_s0/random_2026091733
evaluated ssd/color_cast_s2/random_2026091742
evaluated ssd/clean_s0/random_2026091734
evaluated ssd/color_cast_s2/random_2026091743
evaluated ssd/clean_s0/random_2026091735
evaluated ssd/color_cast_s2/random_2026091744
evaluated source/gamma_s1/random_2026091747
evaluated ssd/clean_s0/random_2026091736
evaluated ssd/color_cast_s2/random_2026091745
evaluated source/gamma_s1/random_2026091748
evaluated ssd/clean_s0/random_2026091737
evaluated ssd/color_cast_s2/random_2026091746
evaluated source/gamma_s1/random_2026091749
completed 125/189 detector-condition panels
evaluated source/gamma_s1/random_2026091750
evaluated ssd/clean_s0/random_2026091738
evaluated source/gamma_s1/random_2026091751
evaluated source/gamma_s2/random_2026091747
evaluated ssd/clean_s0/random_2026091739
evaluated source/gamma_s1/random_2026091752
evaluated source/gamma_s2/random_2026091748
evaluated source/gamma_s1/random_2026091753
evaluated ssd/clean_s0/random_2026091740
evaluated source/gamma_s2/random_2026091749
evaluated source/gamma_s1/random_2026091754
evaluated source/gamma_s2/random_2026091750
evaluated ssd/clean_s0/random_2026091741
evaluated source/gamma_s1/random_2026091755
evaluated source/gamma_s2/random_2026091751
evaluated source/gamma_s1/random_2026091756
evaluated source/gamma_s2/random_2026091752
evaluated ssd/clean_s0/random_2026091742
evaluated source/gamma_s1/random_2026091757
evaluated source/gamma_s2/random_2026091753
evaluated ssd/clean_s0/random_2026091743
evaluated source/gamma_s1/random_2026091758
evaluated source/gamma_s2/random_2026091754
evaluated source/gamma_s1/random_2026091759
evaluated source/contrast_s1/random_2026091747
evaluated source/gamma_s2/random_2026091755
evaluated ssd/clean_s0/random_2026091744
evaluated source/gamma_s1/random_2026091760
evaluated source/gamma_s2/random_2026091756
evaluated ssd/clean_s0/random_2026091745
evaluated source/contrast_s1/random_2026091748
evaluated source/gamma_s1/random_2026091761
evaluated source/gamma_s2/random_2026091757
evaluated source/contrast_s1/random_2026091749
evaluated source/gamma_s1/random_2026091762
evaluated source/gamma_s2/random_2026091758
evaluated ssd/clean_s0/random_2026091746
evaluated source/contrast_s1/random_2026091750
evaluated source/gamma_s1/random_2026091763
evaluated source/gamma_s2/random_2026091759
evaluated source/contrast_s1/random_2026091751
evaluated source/gamma_s1/random_2026091764
evaluated source/gamma_s2/random_2026091760
completed 126/189 detector-condition panels
evaluated source/contrast_s1/random_2026091752
evaluated source/gamma_s1/random_2026091765
evaluated source/gamma_s2/random_2026091761
evaluated source/contrast_s1/random_2026091753
evaluated source/gamma_s2/random_2026091762
evaluated source/gamma_s1/random_2026091766
evaluated source/contrast_s1/random_2026091754
evaluated source/gamma_s2/random_2026091763
evaluated source/gamma_s1/random_2026091767
evaluated source/contrast_s1/random_2026091755
evaluated source/gamma_s2/random_2026091764
evaluated source/gamma_s1/random_2026091768
evaluated source/contrast_s1/random_2026091756
evaluated source/gamma_s2/random_2026091765
evaluated source/gamma_s1/random_2026091769
evaluated source/contrast_s1/random_2026091757
evaluated source/gamma_s2/random_2026091766
evaluated source/gamma_s1/random_2026091770
evaluated source/contrast_s1/random_2026091758
evaluated source/gamma_s2/random_2026091767
evaluated source/gamma_s1/random_2026091771
evaluated source/contrast_s1/random_2026091759
evaluated source/gamma_s2/random_2026091768
completed 127/189 detector-condition panels
evaluated source/contrast_s1/random_2026091760
evaluated source/gamma_s2/random_2026091769
evaluated source/contrast_s1/random_2026091761
evaluated source/gamma_s2/random_2026091770
evaluated source/contrast_s1/random_2026091762
evaluated source/gamma_s2/random_2026091771
evaluated source/contrast_s1/random_2026091763
completed 128/189 detector-condition panels
evaluated source/contrast_s1/random_2026091764
evaluated source/contrast_s1/random_2026091765
evaluated source/contrast_s2/random_2026091747
evaluated source/contrast_s1/random_2026091766
evaluated source/contrast_s2/random_2026091748
evaluated source/contrast_s1/random_2026091767
evaluated source/contrast_s2/random_2026091749
evaluated source/contrast_s1/random_2026091768
evaluated source/contrast_s2/random_2026091750
evaluated source/contrast_s1/random_2026091769
evaluated source/contrast_s2/random_2026091751
evaluated source/contrast_s1/random_2026091770
evaluated source/color_cast_s1/random_2026091747
evaluated source/contrast_s2/random_2026091752
evaluated source/contrast_s1/random_2026091771
evaluated source/color_cast_s1/random_2026091748
evaluated source/contrast_s2/random_2026091753
completed 129/189 detector-condition panels
evaluated source/color_cast_s2/random_2026091747
evaluated source/color_cast_s1/random_2026091749
evaluated source/contrast_s2/random_2026091754
evaluated source/color_cast_s2/random_2026091748
evaluated source/color_cast_s1/random_2026091750
evaluated source/contrast_s2/random_2026091755
evaluated source/color_cast_s1/random_2026091751
evaluated source/contrast_s2/random_2026091756
evaluated source/color_cast_s2/random_2026091749
evaluated source/color_cast_s1/random_2026091752
evaluated source/contrast_s2/random_2026091757
evaluated source/color_cast_s2/random_2026091750
evaluated source/color_cast_s1/random_2026091753
evaluated source/color_cast_s2/random_2026091751
evaluated source/contrast_s2/random_2026091758
evaluated source/color_cast_s1/random_2026091754
evaluated source/color_cast_s2/random_2026091752
evaluated source/contrast_s2/random_2026091759
evaluated source/color_cast_s1/random_2026091755
evaluated source/color_cast_s2/random_2026091753
evaluated source/contrast_s2/random_2026091760
evaluated source/color_cast_s1/random_2026091756
evaluated source/color_cast_s2/random_2026091754
evaluated source/contrast_s2/random_2026091761
evaluated source/color_cast_s1/random_2026091757
evaluated source/color_cast_s2/random_2026091755
evaluated source/contrast_s2/random_2026091762
evaluated source/color_cast_s2/random_2026091756
evaluated source/color_cast_s1/random_2026091758
evaluated source/contrast_s2/random_2026091763
evaluated source/clean_s0/random_2026091747
evaluated source/color_cast_s2/random_2026091757
evaluated source/color_cast_s1/random_2026091759
evaluated source/clean_s0/random_2026091748
evaluated source/contrast_s2/random_2026091764
evaluated source/color_cast_s2/random_2026091758
evaluated source/color_cast_s1/random_2026091760
evaluated source/clean_s0/random_2026091749
evaluated source/contrast_s2/random_2026091765
evaluated source/color_cast_s2/random_2026091759
evaluated source/color_cast_s1/random_2026091761
evaluated source/clean_s0/random_2026091750
evaluated source/color_cast_s2/random_2026091760
evaluated source/contrast_s2/random_2026091766
evaluated source/color_cast_s1/random_2026091762
evaluated source/clean_s0/random_2026091751
evaluated source/color_cast_s2/random_2026091761
evaluated source/contrast_s2/random_2026091767
evaluated source/color_cast_s1/random_2026091763
evaluated source/clean_s0/random_2026091752
evaluated source/color_cast_s2/random_2026091762
evaluated source/contrast_s2/random_2026091768
evaluated source/color_cast_s1/random_2026091764
evaluated source/clean_s0/random_2026091753
evaluated source/color_cast_s2/random_2026091763
evaluated source/color_cast_s1/random_2026091765
evaluated source/contrast_s2/random_2026091769
evaluated source/clean_s0/random_2026091754
evaluated source/color_cast_s2/random_2026091764
evaluated source/color_cast_s1/random_2026091766
evaluated source/contrast_s2/random_2026091770
evaluated source/clean_s0/random_2026091755
evaluated source/color_cast_s2/random_2026091765
evaluated source/color_cast_s1/random_2026091767
evaluated source/contrast_s2/random_2026091771
evaluated source/color_cast_s2/random_2026091766
evaluated source/clean_s0/random_2026091756
evaluated source/color_cast_s1/random_2026091768
completed 130/189 detector-condition panels
evaluated source/color_cast_s2/random_2026091767
evaluated source/clean_s0/random_2026091757
evaluated source/color_cast_s1/random_2026091769
evaluated source/color_cast_s2/random_2026091768
evaluated source/clean_s0/random_2026091758
evaluated source/color_cast_s1/random_2026091770
evaluated source/color_cast_s2/random_2026091769
evaluated source/clean_s0/random_2026091759
evaluated source/color_cast_s1/random_2026091771
evaluated source/color_cast_s2/random_2026091770
evaluated source/clean_s0/random_2026091760
completed 131/189 detector-condition panels
evaluated source/color_cast_s2/random_2026091771
evaluated source/clean_s0/random_2026091761
completed 132/189 detector-condition panels
evaluated source/clean_s0/random_2026091762
evaluated source/clean_s0/random_2026091763
evaluated source/clean_s0/random_2026091764
evaluated source/clean_s0/random_2026091765
evaluated source/clean_s0/random_2026091766
evaluated source/clean_s0/random_2026091767
evaluated source/clean_s0/random_2026091768
evaluated target/gamma_s1/random_2026091747
evaluated source/clean_s0/random_2026091769
evaluated target/gamma_s1/random_2026091748
evaluated source/clean_s0/random_2026091770
evaluated source/clean_s0/random_2026091771
evaluated target/gamma_s1/random_2026091749
evaluated target/contrast_s1/random_2026091747
completed 133/189 detector-condition panels
evaluated target/gamma_s2/random_2026091747
evaluated target/gamma_s1/random_2026091750
evaluated target/contrast_s1/random_2026091748
evaluated target/gamma_s2/random_2026091748
evaluated target/gamma_s1/random_2026091751
evaluated target/gamma_s2/random_2026091749
evaluated target/gamma_s1/random_2026091752
evaluated target/contrast_s1/random_2026091749
evaluated target/gamma_s2/random_2026091750
evaluated target/gamma_s1/random_2026091753
evaluated target/contrast_s1/random_2026091750
evaluated target/gamma_s2/random_2026091751
evaluated target/gamma_s1/random_2026091754
evaluated target/contrast_s1/random_2026091751
evaluated target/gamma_s2/random_2026091752
evaluated target/gamma_s1/random_2026091755
evaluated target/contrast_s1/random_2026091752
evaluated target/gamma_s2/random_2026091753
evaluated target/gamma_s1/random_2026091756
evaluated target/contrast_s1/random_2026091753
evaluated target/gamma_s2/random_2026091754
evaluated target/gamma_s1/random_2026091757
evaluated target/contrast_s2/random_2026091747
evaluated target/contrast_s1/random_2026091754
evaluated target/gamma_s2/random_2026091755
evaluated target/gamma_s1/random_2026091758
evaluated target/contrast_s2/random_2026091748
evaluated target/contrast_s1/random_2026091755
evaluated target/gamma_s2/random_2026091756
evaluated target/gamma_s1/random_2026091759
evaluated target/contrast_s2/random_2026091749
evaluated target/contrast_s1/random_2026091756
evaluated target/gamma_s2/random_2026091757
evaluated target/gamma_s1/random_2026091760
evaluated target/contrast_s2/random_2026091750
evaluated target/gamma_s2/random_2026091758
evaluated target/contrast_s1/random_2026091757
evaluated target/gamma_s1/random_2026091761
evaluated target/contrast_s2/random_2026091751
evaluated target/contrast_s1/random_2026091758
evaluated target/gamma_s1/random_2026091762
evaluated target/contrast_s2/random_2026091752
evaluated target/contrast_s1/random_2026091759
evaluated target/gamma_s1/random_2026091763
evaluated target/contrast_s2/random_2026091753
evaluated target/contrast_s1/random_2026091760
evaluated target/gamma_s2/random_2026091759
evaluated target/gamma_s1/random_2026091764
evaluated target/contrast_s2/random_2026091754
evaluated target/contrast_s1/random_2026091761
evaluated target/gamma_s2/random_2026091760
evaluated target/gamma_s1/random_2026091765
evaluated target/contrast_s2/random_2026091755
evaluated target/contrast_s1/random_2026091762
evaluated target/gamma_s2/random_2026091761
evaluated target/gamma_s1/random_2026091766
evaluated target/contrast_s2/random_2026091756
evaluated target/contrast_s1/random_2026091763
evaluated target/gamma_s2/random_2026091762
evaluated target/gamma_s1/random_2026091767
evaluated target/contrast_s2/random_2026091757
evaluated target/contrast_s1/random_2026091764
evaluated target/gamma_s2/random_2026091763
evaluated target/gamma_s1/random_2026091768
evaluated target/contrast_s2/random_2026091758
evaluated target/contrast_s1/random_2026091765
evaluated target/gamma_s2/random_2026091764
evaluated target/gamma_s1/random_2026091769
evaluated target/contrast_s2/random_2026091759
evaluated target/contrast_s1/random_2026091766
evaluated target/gamma_s2/random_2026091765
evaluated target/gamma_s1/random_2026091770
evaluated target/contrast_s2/random_2026091760
evaluated target/contrast_s1/random_2026091767
evaluated target/gamma_s2/random_2026091766
evaluated target/gamma_s1/random_2026091771
evaluated target/contrast_s2/random_2026091761
evaluated target/contrast_s1/random_2026091768
evaluated target/gamma_s2/random_2026091767
completed 134/189 detector-condition panels
evaluated target/contrast_s2/random_2026091762
evaluated target/contrast_s1/random_2026091769
evaluated target/gamma_s2/random_2026091768
evaluated target/contrast_s2/random_2026091763
evaluated target/contrast_s1/random_2026091770
evaluated target/gamma_s2/random_2026091769
evaluated target/contrast_s2/random_2026091764
evaluated target/contrast_s1/random_2026091771
evaluated target/gamma_s2/random_2026091770
completed 135/189 detector-condition panels
evaluated target/contrast_s2/random_2026091765
evaluated target/gamma_s2/random_2026091771
evaluated target/contrast_s2/random_2026091766
completed 136/189 detector-condition panels
evaluated target/contrast_s2/random_2026091767
evaluated target/contrast_s2/random_2026091768
evaluated target/contrast_s2/random_2026091769
evaluated target/color_cast_s1/random_2026091747
evaluated target/contrast_s2/random_2026091770
evaluated target/color_cast_s1/random_2026091748
evaluated target/contrast_s2/random_2026091771
evaluated target/color_cast_s1/random_2026091749
completed 137/189 detector-condition panels
evaluated target/color_cast_s2/random_2026091747
evaluated target/color_cast_s1/random_2026091750
evaluated target/color_cast_s2/random_2026091748
evaluated target/color_cast_s1/random_2026091751
evaluated target/color_cast_s2/random_2026091749
evaluated target/clean_s0/random_2026091747
evaluated target/color_cast_s1/random_2026091752
evaluated target/color_cast_s2/random_2026091750
evaluated target/clean_s0/random_2026091748
evaluated target/color_cast_s1/random_2026091753
evaluated target/color_cast_s2/random_2026091751
evaluated target/clean_s0/random_2026091749
evaluated target/color_cast_s1/random_2026091754
evaluated target/color_cast_s2/random_2026091752
evaluated target/clean_s0/random_2026091750
evaluated target/color_cast_s1/random_2026091755
evaluated target/color_cast_s2/random_2026091753
evaluated target/clean_s0/random_2026091751
evaluated target/color_cast_s1/random_2026091756
evaluated target/color_cast_s2/random_2026091754
evaluated target/color_cast_s1/random_2026091757
evaluated target/clean_s0/random_2026091752
evaluated ssd/gamma_s1/random_2026091747
evaluated target/color_cast_s2/random_2026091755
evaluated target/color_cast_s1/random_2026091758
evaluated target/color_cast_s2/random_2026091756
evaluated target/clean_s0/random_2026091753
evaluated ssd/gamma_s1/random_2026091748
evaluated target/color_cast_s1/random_2026091759
evaluated target/color_cast_s2/random_2026091757
evaluated target/clean_s0/random_2026091754
evaluated target/color_cast_s1/random_2026091760
evaluated target/color_cast_s2/random_2026091758
evaluated target/clean_s0/random_2026091755
evaluated ssd/gamma_s1/random_2026091749
evaluated target/color_cast_s2/random_2026091759
evaluated target/color_cast_s1/random_2026091761
evaluated target/clean_s0/random_2026091756
evaluated ssd/gamma_s1/random_2026091750
evaluated target/color_cast_s2/random_2026091760
evaluated target/color_cast_s1/random_2026091762
evaluated target/clean_s0/random_2026091757
evaluated ssd/gamma_s1/random_2026091751
evaluated target/color_cast_s2/random_2026091761
evaluated target/color_cast_s1/random_2026091763
evaluated target/clean_s0/random_2026091758
evaluated target/color_cast_s2/random_2026091762
evaluated ssd/gamma_s1/random_2026091752
evaluated target/color_cast_s1/random_2026091764
evaluated target/clean_s0/random_2026091759
evaluated target/color_cast_s2/random_2026091763
evaluated target/color_cast_s1/random_2026091765
evaluated ssd/gamma_s1/random_2026091753
evaluated target/clean_s0/random_2026091760
evaluated target/color_cast_s2/random_2026091764
evaluated target/color_cast_s1/random_2026091766
evaluated ssd/gamma_s1/random_2026091754
evaluated target/clean_s0/random_2026091761
evaluated target/color_cast_s2/random_2026091765
evaluated target/color_cast_s1/random_2026091767
evaluated ssd/gamma_s1/random_2026091755
evaluated target/clean_s0/random_2026091762
evaluated target/color_cast_s2/random_2026091766
evaluated target/color_cast_s1/random_2026091768
evaluated ssd/gamma_s1/random_2026091756
evaluated target/clean_s0/random_2026091763
evaluated target/color_cast_s2/random_2026091767
evaluated target/color_cast_s1/random_2026091769
evaluated ssd/gamma_s1/random_2026091757
evaluated target/clean_s0/random_2026091764
evaluated target/color_cast_s2/random_2026091768
evaluated target/color_cast_s1/random_2026091770
evaluated ssd/gamma_s1/random_2026091758
evaluated target/color_cast_s2/random_2026091769
evaluated target/clean_s0/random_2026091765
evaluated target/color_cast_s1/random_2026091771
evaluated target/color_cast_s2/random_2026091770
evaluated ssd/gamma_s1/random_2026091759
evaluated target/clean_s0/random_2026091766
completed 138/189 detector-condition panels
evaluated target/color_cast_s2/random_2026091771
evaluated ssd/gamma_s1/random_2026091760
evaluated target/clean_s0/random_2026091767
completed 139/189 detector-condition panels
evaluated target/clean_s0/random_2026091768
evaluated ssd/gamma_s1/random_2026091761
evaluated target/clean_s0/random_2026091769
evaluated ssd/gamma_s1/random_2026091762
evaluated target/clean_s0/random_2026091770
evaluated ssd/gamma_s1/random_2026091763
evaluated target/clean_s0/random_2026091771
evaluated ssd/gamma_s1/random_2026091764
completed 140/189 detector-condition panels
evaluated ssd/gamma_s1/random_2026091765
evaluated ssd/gamma_s1/random_2026091766
evaluated ssd/gamma_s1/random_2026091767
evaluated ssd/contrast_s1/random_2026091747
evaluated ssd/gamma_s1/random_2026091768
evaluated ssd/contrast_s1/random_2026091748
evaluated ssd/gamma_s1/random_2026091769
evaluated ssd/gamma_s2/random_2026091747
evaluated ssd/contrast_s1/random_2026091749
evaluated ssd/gamma_s1/random_2026091770
evaluated ssd/gamma_s2/random_2026091748
evaluated ssd/contrast_s1/random_2026091750
evaluated ssd/gamma_s1/random_2026091771
evaluated ssd/gamma_s2/random_2026091749
completed 141/189 detector-condition panels
evaluated ssd/contrast_s1/random_2026091751
evaluated ssd/gamma_s2/random_2026091750
evaluated ssd/contrast_s1/random_2026091752
evaluated ssd/contrast_s2/random_2026091747
evaluated ssd/gamma_s2/random_2026091751
evaluated ssd/contrast_s1/random_2026091753
evaluated ssd/contrast_s2/random_2026091748
evaluated ssd/gamma_s2/random_2026091752
evaluated ssd/contrast_s1/random_2026091754
evaluated ssd/contrast_s2/random_2026091749
evaluated ssd/contrast_s1/random_2026091755
evaluated ssd/gamma_s2/random_2026091753
evaluated ssd/contrast_s2/random_2026091750
evaluated ssd/contrast_s1/random_2026091756
evaluated ssd/gamma_s2/random_2026091754
evaluated ssd/contrast_s2/random_2026091751
evaluated ssd/contrast_s1/random_2026091757
evaluated ssd/gamma_s2/random_2026091755
evaluated ssd/contrast_s2/random_2026091752
evaluated ssd/contrast_s1/random_2026091758
evaluated ssd/gamma_s2/random_2026091756
evaluated ssd/color_cast_s1/random_2026091747
evaluated ssd/contrast_s2/random_2026091753
evaluated ssd/contrast_s1/random_2026091759
evaluated ssd/gamma_s2/random_2026091757
evaluated ssd/contrast_s2/random_2026091754
evaluated ssd/color_cast_s1/random_2026091748
evaluated ssd/contrast_s1/random_2026091760
evaluated ssd/gamma_s2/random_2026091758
evaluated ssd/contrast_s2/random_2026091755
evaluated ssd/color_cast_s1/random_2026091749
evaluated ssd/contrast_s1/random_2026091761
evaluated ssd/gamma_s2/random_2026091759
evaluated ssd/contrast_s2/random_2026091756
evaluated ssd/color_cast_s1/random_2026091750
evaluated ssd/contrast_s1/random_2026091762
evaluated ssd/gamma_s2/random_2026091760
evaluated ssd/contrast_s2/random_2026091757
evaluated ssd/color_cast_s1/random_2026091751
evaluated ssd/contrast_s1/random_2026091763
evaluated ssd/gamma_s2/random_2026091761
evaluated ssd/contrast_s2/random_2026091758
evaluated ssd/color_cast_s1/random_2026091752
evaluated ssd/contrast_s1/random_2026091764
evaluated ssd/gamma_s2/random_2026091762
evaluated ssd/color_cast_s1/random_2026091753
evaluated ssd/contrast_s1/random_2026091765
evaluated ssd/gamma_s2/random_2026091763
evaluated ssd/color_cast_s1/random_2026091754
evaluated ssd/contrast_s1/random_2026091766
evaluated ssd/gamma_s2/random_2026091764
evaluated ssd/contrast_s2/random_2026091759
evaluated ssd/color_cast_s1/random_2026091755
evaluated ssd/contrast_s1/random_2026091767
evaluated ssd/gamma_s2/random_2026091765
evaluated ssd/contrast_s2/random_2026091760
evaluated ssd/color_cast_s1/random_2026091756
evaluated ssd/gamma_s2/random_2026091766
evaluated ssd/contrast_s2/random_2026091761
evaluated ssd/color_cast_s1/random_2026091757
evaluated ssd/contrast_s1/random_2026091768
evaluated ssd/gamma_s2/random_2026091767
evaluated ssd/contrast_s2/random_2026091762
evaluated ssd/color_cast_s1/random_2026091758
evaluated ssd/contrast_s1/random_2026091769
evaluated ssd/gamma_s2/random_2026091768
evaluated ssd/contrast_s2/random_2026091763
evaluated ssd/color_cast_s1/random_2026091759
evaluated ssd/contrast_s1/random_2026091770
evaluated ssd/gamma_s2/random_2026091769
evaluated ssd/contrast_s2/random_2026091764
evaluated ssd/color_cast_s1/random_2026091760
evaluated ssd/contrast_s1/random_2026091771
evaluated ssd/gamma_s2/random_2026091770
evaluated ssd/contrast_s2/random_2026091765
completed 142/189 detector-condition panels
evaluated ssd/color_cast_s1/random_2026091761
evaluated ssd/gamma_s2/random_2026091771
evaluated ssd/contrast_s2/random_2026091766
evaluated ssd/color_cast_s1/random_2026091762
completed 143/189 detector-condition panels
evaluated ssd/contrast_s2/random_2026091767
evaluated ssd/color_cast_s1/random_2026091763
evaluated ssd/contrast_s2/random_2026091768
evaluated ssd/color_cast_s1/random_2026091764
evaluated ssd/contrast_s2/random_2026091769
evaluated ssd/color_cast_s1/random_2026091765
evaluated ssd/contrast_s2/random_2026091770
evaluated ssd/color_cast_s1/random_2026091766
evaluated ssd/contrast_s2/random_2026091771
evaluated ssd/color_cast_s1/random_2026091767
evaluated ssd/color_cast_s2/random_2026091747
completed 144/189 detector-condition panels
evaluated ssd/color_cast_s1/random_2026091768
evaluated ssd/color_cast_s2/random_2026091748
evaluated ssd/color_cast_s1/random_2026091769
evaluated ssd/color_cast_s2/random_2026091749
evaluated ssd/color_cast_s1/random_2026091770
evaluated ssd/clean_s0/random_2026091747
evaluated ssd/color_cast_s2/random_2026091750
evaluated ssd/color_cast_s1/random_2026091771
evaluated ssd/clean_s0/random_2026091748
completed 145/189 detector-condition panels
evaluated ssd/color_cast_s2/random_2026091751
evaluated ssd/clean_s0/random_2026091749
evaluated ssd/color_cast_s2/random_2026091752
evaluated ssd/clean_s0/random_2026091750
evaluated ssd/color_cast_s2/random_2026091753
evaluated ssd/clean_s0/random_2026091751
evaluated source/gamma_s1/random_2026091772
evaluated ssd/color_cast_s2/random_2026091754
evaluated ssd/clean_s0/random_2026091752
evaluated source/gamma_s1/random_2026091773
evaluated ssd/color_cast_s2/random_2026091755
evaluated source/gamma_s1/random_2026091774
evaluated ssd/clean_s0/random_2026091753
evaluated ssd/color_cast_s2/random_2026091756
evaluated ssd/clean_s0/random_2026091754
evaluated source/gamma_s1/random_2026091775
evaluated ssd/color_cast_s2/random_2026091757
evaluated source/gamma_s2/random_2026091772
evaluated source/gamma_s1/random_2026091776
evaluated ssd/clean_s0/random_2026091755
evaluated ssd/color_cast_s2/random_2026091758
evaluated source/gamma_s2/random_2026091773
evaluated source/gamma_s1/random_2026091777
evaluated ssd/clean_s0/random_2026091756
evaluated source/gamma_s2/random_2026091774
evaluated source/gamma_s1/random_2026091778
evaluated ssd/color_cast_s2/random_2026091759
evaluated source/gamma_s2/random_2026091775
evaluated source/gamma_s1/random_2026091779
evaluated ssd/clean_s0/random_2026091757
evaluated ssd/color_cast_s2/random_2026091760
evaluated source/gamma_s2/random_2026091776
evaluated source/gamma_s1/random_2026091780
evaluated ssd/clean_s0/random_2026091758
evaluated source/gamma_s2/random_2026091777
evaluated ssd/color_cast_s2/random_2026091761
evaluated source/gamma_s1/random_2026091781
evaluated source/gamma_s2/random_2026091778
evaluated source/gamma_s1/random_2026091782
evaluated ssd/clean_s0/random_2026091759
evaluated ssd/color_cast_s2/random_2026091762
evaluated source/gamma_s2/random_2026091779
evaluated source/gamma_s1/random_2026091783
evaluated ssd/clean_s0/random_2026091760
evaluated source/gamma_s2/random_2026091780
evaluated ssd/color_cast_s2/random_2026091763
evaluated source/gamma_s1/random_2026091784
evaluated source/gamma_s2/random_2026091781
evaluated source/gamma_s1/random_2026091785
evaluated ssd/clean_s0/random_2026091761
evaluated ssd/color_cast_s2/random_2026091764
evaluated source/gamma_s2/random_2026091782
evaluated source/gamma_s1/random_2026091786
evaluated source/gamma_s2/random_2026091783
evaluated ssd/clean_s0/random_2026091762
evaluated ssd/color_cast_s2/random_2026091765
evaluated source/gamma_s1/random_2026091787
evaluated source/gamma_s2/random_2026091784
evaluated source/gamma_s1/random_2026091788
evaluated ssd/color_cast_s2/random_2026091766
evaluated ssd/clean_s0/random_2026091763
evaluated source/gamma_s2/random_2026091785
evaluated source/gamma_s1/random_2026091789
evaluated source/gamma_s2/random_2026091786
evaluated ssd/color_cast_s2/random_2026091767
evaluated ssd/clean_s0/random_2026091764
evaluated source/gamma_s1/random_2026091790
evaluated source/gamma_s2/random_2026091787
evaluated source/gamma_s1/random_2026091791
evaluated ssd/color_cast_s2/random_2026091768
evaluated ssd/clean_s0/random_2026091765
evaluated source/gamma_s2/random_2026091788
evaluated source/gamma_s1/random_2026091792
evaluated source/gamma_s2/random_2026091789
evaluated ssd/color_cast_s2/random_2026091769
evaluated ssd/clean_s0/random_2026091766
evaluated source/gamma_s1/random_2026091793
evaluated source/gamma_s2/random_2026091790
evaluated source/gamma_s1/random_2026091794
evaluated ssd/color_cast_s2/random_2026091770
evaluated ssd/clean_s0/random_2026091767
evaluated source/gamma_s1/random_2026091795
evaluated ssd/color_cast_s2/random_2026091771
evaluated ssd/clean_s0/random_2026091768
evaluated source/gamma_s1/random_2026091796
evaluated source/gamma_s2/random_2026091791
completed 146/189 detector-condition panels
completed 147/189 detector-condition panels
evaluated source/gamma_s2/random_2026091792
evaluated source/gamma_s2/random_2026091793
evaluated source/gamma_s2/random_2026091794
evaluated ssd/clean_s0/random_2026091769
evaluated source/gamma_s2/random_2026091795
evaluated source/gamma_s2/random_2026091796
evaluated ssd/clean_s0/random_2026091770
completed 148/189 detector-condition panels
evaluated ssd/clean_s0/random_2026091771
completed 149/189 detector-condition panels
evaluated source/contrast_s1/random_2026091772
evaluated source/contrast_s1/random_2026091773
evaluated source/contrast_s1/random_2026091774
evaluated source/contrast_s2/random_2026091772
evaluated source/contrast_s1/random_2026091775
evaluated source/contrast_s2/random_2026091773
evaluated source/contrast_s1/random_2026091776
evaluated source/contrast_s2/random_2026091774
evaluated source/contrast_s1/random_2026091777
evaluated source/contrast_s2/random_2026091775
evaluated source/contrast_s1/random_2026091778
evaluated source/color_cast_s1/random_2026091772
evaluated source/contrast_s2/random_2026091776
evaluated source/color_cast_s1/random_2026091773
evaluated source/contrast_s1/random_2026091779
evaluated source/contrast_s2/random_2026091777
evaluated source/color_cast_s1/random_2026091774
evaluated source/contrast_s1/random_2026091780
evaluated source/contrast_s2/random_2026091778
evaluated source/color_cast_s1/random_2026091775
evaluated source/contrast_s1/random_2026091781
evaluated source/color_cast_s2/random_2026091772
evaluated source/contrast_s2/random_2026091779
evaluated source/color_cast_s1/random_2026091776
evaluated source/contrast_s1/random_2026091782
evaluated source/color_cast_s2/random_2026091773
evaluated source/contrast_s2/random_2026091780
evaluated source/color_cast_s1/random_2026091777
evaluated source/contrast_s1/random_2026091783
evaluated source/color_cast_s2/random_2026091774
evaluated source/contrast_s2/random_2026091781
evaluated source/color_cast_s1/random_2026091778
evaluated source/contrast_s1/random_2026091784
evaluated source/color_cast_s2/random_2026091775
evaluated source/contrast_s2/random_2026091782
evaluated source/color_cast_s1/random_2026091779
evaluated source/contrast_s1/random_2026091785
evaluated source/color_cast_s2/random_2026091776
evaluated source/contrast_s2/random_2026091783
evaluated source/color_cast_s1/random_2026091780
evaluated source/contrast_s1/random_2026091786
evaluated source/color_cast_s2/random_2026091777
evaluated source/color_cast_s1/random_2026091781
evaluated source/contrast_s2/random_2026091784
evaluated source/contrast_s1/random_2026091787
evaluated source/color_cast_s2/random_2026091778
evaluated source/color_cast_s1/random_2026091782
evaluated source/contrast_s2/random_2026091785
evaluated source/contrast_s1/random_2026091788
evaluated source/color_cast_s2/random_2026091779
evaluated source/color_cast_s1/random_2026091783
evaluated source/contrast_s1/random_2026091789
evaluated source/contrast_s2/random_2026091786
evaluated source/color_cast_s2/random_2026091780
evaluated source/color_cast_s1/random_2026091784
evaluated source/contrast_s1/random_2026091790
evaluated source/contrast_s2/random_2026091787
evaluated source/color_cast_s2/random_2026091781
evaluated source/color_cast_s1/random_2026091785
evaluated source/contrast_s1/random_2026091791
evaluated source/contrast_s2/random_2026091788
evaluated source/color_cast_s2/random_2026091782
evaluated source/color_cast_s1/random_2026091786
evaluated source/contrast_s1/random_2026091792
evaluated source/contrast_s2/random_2026091789
evaluated source/color_cast_s2/random_2026091783
evaluated source/color_cast_s1/random_2026091787
evaluated source/contrast_s1/random_2026091793
evaluated source/contrast_s2/random_2026091790
evaluated source/color_cast_s2/random_2026091784
evaluated source/color_cast_s1/random_2026091788
evaluated source/contrast_s1/random_2026091794
evaluated source/contrast_s2/random_2026091791
evaluated source/color_cast_s2/random_2026091785
evaluated source/color_cast_s1/random_2026091789
evaluated source/contrast_s1/random_2026091795
evaluated source/color_cast_s2/random_2026091786
evaluated source/contrast_s2/random_2026091792
evaluated source/color_cast_s1/random_2026091790
evaluated source/contrast_s1/random_2026091796
evaluated source/color_cast_s2/random_2026091787
evaluated source/color_cast_s1/random_2026091791
evaluated source/contrast_s2/random_2026091793
completed 150/189 detector-condition panels
evaluated source/color_cast_s1/random_2026091792
evaluated source/color_cast_s2/random_2026091788
evaluated source/contrast_s2/random_2026091794
evaluated source/color_cast_s1/random_2026091793
evaluated source/color_cast_s2/random_2026091789
evaluated source/contrast_s2/random_2026091795
evaluated source/color_cast_s1/random_2026091794
evaluated source/color_cast_s2/random_2026091790
evaluated source/contrast_s2/random_2026091796
evaluated source/color_cast_s1/random_2026091795
evaluated source/color_cast_s2/random_2026091791
completed 151/189 detector-condition panels
evaluated source/color_cast_s1/random_2026091796
evaluated source/color_cast_s2/random_2026091792
completed 152/189 detector-condition panels
evaluated source/color_cast_s2/random_2026091793
evaluated source/color_cast_s2/random_2026091794
evaluated source/color_cast_s2/random_2026091795
evaluated source/color_cast_s2/random_2026091796
completed 153/189 detector-condition panels
evaluated source/clean_s0/random_2026091772
evaluated source/clean_s0/random_2026091773
evaluated source/clean_s0/random_2026091774
evaluated source/clean_s0/random_2026091775
evaluated target/gamma_s1/random_2026091772
evaluated source/clean_s0/random_2026091776
evaluated target/gamma_s2/random_2026091772
evaluated source/clean_s0/random_2026091777
evaluated target/gamma_s1/random_2026091773
evaluated target/gamma_s2/random_2026091773
evaluated source/clean_s0/random_2026091778
evaluated target/gamma_s1/random_2026091774
evaluated source/clean_s0/random_2026091779
evaluated target/gamma_s2/random_2026091774
evaluated target/gamma_s1/random_2026091775
evaluated source/clean_s0/random_2026091780
evaluated target/gamma_s2/random_2026091775
evaluated source/clean_s0/random_2026091781
evaluated target/gamma_s1/random_2026091776
evaluated source/clean_s0/random_2026091782
evaluated target/contrast_s1/random_2026091772
evaluated target/gamma_s2/random_2026091776
evaluated target/gamma_s1/random_2026091777
evaluated source/clean_s0/random_2026091783
evaluated target/gamma_s2/random_2026091777
evaluated target/contrast_s1/random_2026091773
evaluated source/clean_s0/random_2026091784
evaluated target/gamma_s1/random_2026091778
evaluated target/gamma_s2/random_2026091778
evaluated target/contrast_s1/random_2026091774
evaluated source/clean_s0/random_2026091785
evaluated target/gamma_s1/random_2026091779
evaluated target/gamma_s2/random_2026091779
evaluated source/clean_s0/random_2026091786
evaluated target/contrast_s1/random_2026091775
evaluated target/gamma_s1/random_2026091780
evaluated source/clean_s0/random_2026091787
evaluated target/gamma_s2/random_2026091780
evaluated target/contrast_s1/random_2026091776
evaluated source/clean_s0/random_2026091788
evaluated target/gamma_s1/random_2026091781
evaluated target/gamma_s2/random_2026091781
evaluated source/clean_s0/random_2026091789
evaluated target/contrast_s1/random_2026091777
evaluated target/gamma_s1/random_2026091782
evaluated target/gamma_s2/random_2026091782
evaluated source/clean_s0/random_2026091790
evaluated target/contrast_s1/random_2026091778
evaluated source/clean_s0/random_2026091791
evaluated target/gamma_s1/random_2026091783
evaluated target/gamma_s2/random_2026091783
evaluated source/clean_s0/random_2026091792
evaluated target/contrast_s1/random_2026091779
evaluated target/gamma_s1/random_2026091784
evaluated target/gamma_s2/random_2026091784
evaluated source/clean_s0/random_2026091793
evaluated target/contrast_s1/random_2026091780
evaluated target/gamma_s2/random_2026091785
evaluated target/gamma_s1/random_2026091785
evaluated source/clean_s0/random_2026091794
evaluated source/clean_s0/random_2026091795
evaluated target/contrast_s1/random_2026091781
evaluated target/gamma_s2/random_2026091786
evaluated target/gamma_s1/random_2026091786
evaluated source/clean_s0/random_2026091796
evaluated target/contrast_s1/random_2026091782
evaluated target/gamma_s2/random_2026091787
evaluated target/gamma_s1/random_2026091787
completed 154/189 detector-condition panels
evaluated target/gamma_s2/random_2026091788
evaluated target/contrast_s1/random_2026091783
evaluated target/gamma_s2/random_2026091789
evaluated target/contrast_s1/random_2026091784
evaluated target/gamma_s2/random_2026091790
evaluated target/gamma_s1/random_2026091788
evaluated target/contrast_s1/random_2026091785
evaluated target/gamma_s2/random_2026091791
evaluated target/gamma_s1/random_2026091789
evaluated target/contrast_s1/random_2026091786
evaluated target/gamma_s2/random_2026091792
evaluated target/gamma_s1/random_2026091790
evaluated target/contrast_s1/random_2026091787
evaluated target/gamma_s2/random_2026091793
evaluated target/gamma_s1/random_2026091791
evaluated target/contrast_s1/random_2026091788
evaluated target/gamma_s2/random_2026091794
evaluated target/gamma_s1/random_2026091792
evaluated target/contrast_s1/random_2026091789
evaluated target/gamma_s2/random_2026091795
evaluated target/contrast_s2/random_2026091772
evaluated target/gamma_s1/random_2026091793
evaluated target/contrast_s1/random_2026091790
evaluated target/gamma_s2/random_2026091796
evaluated target/contrast_s2/random_2026091773
evaluated target/gamma_s1/random_2026091794
completed 155/189 detector-condition panels
evaluated target/contrast_s1/random_2026091791
evaluated target/contrast_s2/random_2026091774
evaluated target/gamma_s1/random_2026091795
evaluated target/contrast_s1/random_2026091792
evaluated target/contrast_s2/random_2026091775
evaluated target/gamma_s1/random_2026091796
evaluated target/contrast_s1/random_2026091793
evaluated target/contrast_s2/random_2026091776
completed 156/189 detector-condition panels
evaluated target/contrast_s1/random_2026091794
evaluated target/contrast_s2/random_2026091777
evaluated target/contrast_s1/random_2026091795
evaluated target/contrast_s2/random_2026091778
evaluated target/contrast_s2/random_2026091779
evaluated target/contrast_s1/random_2026091796
completed 157/189 detector-condition panels
evaluated target/contrast_s2/random_2026091780
evaluated target/color_cast_s1/random_2026091772
evaluated target/contrast_s2/random_2026091781
evaluated target/color_cast_s1/random_2026091773
evaluated target/contrast_s2/random_2026091782
evaluated target/color_cast_s1/random_2026091774
evaluated target/contrast_s2/random_2026091783
evaluated target/color_cast_s1/random_2026091775
evaluated target/color_cast_s2/random_2026091772
evaluated target/contrast_s2/random_2026091784
evaluated target/color_cast_s1/random_2026091776
evaluated target/color_cast_s2/random_2026091773
evaluated target/contrast_s2/random_2026091785
evaluated target/color_cast_s1/random_2026091777
evaluated target/color_cast_s2/random_2026091774
evaluated target/contrast_s2/random_2026091786
evaluated target/color_cast_s1/random_2026091778
evaluated target/color_cast_s2/random_2026091775
evaluated target/color_cast_s1/random_2026091779
evaluated target/contrast_s2/random_2026091787
evaluated target/color_cast_s2/random_2026091776
evaluated target/color_cast_s1/random_2026091780
evaluated target/contrast_s2/random_2026091788
evaluated target/color_cast_s2/random_2026091777
evaluated target/color_cast_s1/random_2026091781
evaluated target/clean_s0/random_2026091772
evaluated target/contrast_s2/random_2026091789
evaluated target/color_cast_s2/random_2026091778
evaluated target/color_cast_s1/random_2026091782
evaluated target/contrast_s2/random_2026091790
evaluated target/clean_s0/random_2026091773
evaluated target/color_cast_s2/random_2026091779
evaluated target/color_cast_s1/random_2026091783
evaluated target/contrast_s2/random_2026091791
evaluated target/color_cast_s2/random_2026091780
evaluated target/clean_s0/random_2026091774
evaluated target/color_cast_s1/random_2026091784
evaluated target/color_cast_s2/random_2026091781
evaluated target/contrast_s2/random_2026091792
evaluated target/clean_s0/random_2026091775
evaluated target/color_cast_s1/random_2026091785
evaluated target/color_cast_s2/random_2026091782
evaluated target/contrast_s2/random_2026091793
evaluated target/color_cast_s1/random_2026091786
evaluated target/clean_s0/random_2026091776
evaluated target/color_cast_s2/random_2026091783
evaluated target/contrast_s2/random_2026091794
evaluated target/color_cast_s1/random_2026091787
evaluated target/clean_s0/random_2026091777
evaluated target/color_cast_s2/random_2026091784
evaluated target/contrast_s2/random_2026091795
evaluated target/color_cast_s1/random_2026091788
evaluated target/color_cast_s2/random_2026091785
evaluated target/clean_s0/random_2026091778
evaluated target/contrast_s2/random_2026091796
evaluated target/color_cast_s1/random_2026091789
evaluated target/color_cast_s2/random_2026091786
completed 158/189 detector-condition panels
evaluated target/color_cast_s1/random_2026091790
evaluated target/color_cast_s2/random_2026091787
evaluated target/color_cast_s1/random_2026091791
evaluated target/color_cast_s2/random_2026091788
evaluated target/clean_s0/random_2026091779
evaluated target/color_cast_s1/random_2026091792
evaluated target/color_cast_s2/random_2026091789
evaluated target/clean_s0/random_2026091780
evaluated target/color_cast_s1/random_2026091793
evaluated target/color_cast_s2/random_2026091790
evaluated target/color_cast_s1/random_2026091794
evaluated target/clean_s0/random_2026091781
evaluated target/color_cast_s2/random_2026091791
evaluated target/color_cast_s1/random_2026091795
evaluated target/color_cast_s2/random_2026091792
evaluated target/clean_s0/random_2026091782
evaluated target/color_cast_s1/random_2026091796
evaluated target/color_cast_s2/random_2026091793
evaluated target/clean_s0/random_2026091783
completed 159/189 detector-condition panels
evaluated target/color_cast_s2/random_2026091794
evaluated ssd/gamma_s1/random_2026091772
evaluated target/clean_s0/random_2026091784
evaluated target/color_cast_s2/random_2026091795
evaluated ssd/gamma_s1/random_2026091773
evaluated target/color_cast_s2/random_2026091796
evaluated target/clean_s0/random_2026091785
evaluated ssd/gamma_s1/random_2026091774
completed 160/189 detector-condition panels
evaluated target/clean_s0/random_2026091786
evaluated ssd/gamma_s1/random_2026091775
evaluated target/clean_s0/random_2026091787
evaluated target/clean_s0/random_2026091788
evaluated ssd/gamma_s1/random_2026091776
evaluated target/clean_s0/random_2026091789
evaluated ssd/gamma_s2/random_2026091772
evaluated ssd/gamma_s1/random_2026091777
evaluated target/clean_s0/random_2026091790
evaluated ssd/gamma_s2/random_2026091773
evaluated ssd/gamma_s1/random_2026091778
evaluated target/clean_s0/random_2026091791
evaluated ssd/gamma_s2/random_2026091774
evaluated ssd/gamma_s1/random_2026091779
evaluated target/clean_s0/random_2026091792
evaluated ssd/gamma_s2/random_2026091775
evaluated ssd/gamma_s1/random_2026091780
evaluated ssd/contrast_s1/random_2026091772
evaluated ssd/gamma_s2/random_2026091776
evaluated ssd/gamma_s1/random_2026091781
evaluated target/clean_s0/random_2026091793
evaluated ssd/contrast_s1/random_2026091773
evaluated ssd/gamma_s2/random_2026091777
evaluated ssd/gamma_s1/random_2026091782
evaluated target/clean_s0/random_2026091794
evaluated ssd/contrast_s1/random_2026091774
evaluated ssd/gamma_s1/random_2026091783
evaluated target/clean_s0/random_2026091795
evaluated ssd/contrast_s1/random_2026091775
evaluated ssd/gamma_s1/random_2026091784
evaluated ssd/gamma_s2/random_2026091778
evaluated target/clean_s0/random_2026091796
evaluated ssd/contrast_s1/random_2026091776
evaluated ssd/gamma_s1/random_2026091785
completed 161/189 detector-condition panels
evaluated ssd/gamma_s2/random_2026091779
evaluated ssd/contrast_s1/random_2026091777
evaluated ssd/gamma_s1/random_2026091786
evaluated ssd/gamma_s2/random_2026091780
evaluated ssd/contrast_s1/random_2026091778
evaluated ssd/gamma_s1/random_2026091787
evaluated ssd/gamma_s2/random_2026091781
evaluated ssd/contrast_s1/random_2026091779
evaluated ssd/gamma_s1/random_2026091788
evaluated ssd/gamma_s2/random_2026091782
evaluated ssd/contrast_s1/random_2026091780
evaluated ssd/gamma_s1/random_2026091789
evaluated ssd/gamma_s2/random_2026091783
evaluated ssd/contrast_s1/random_2026091781
evaluated ssd/gamma_s1/random_2026091790
evaluated ssd/gamma_s2/random_2026091784
evaluated ssd/contrast_s1/random_2026091782
evaluated ssd/gamma_s1/random_2026091791
evaluated ssd/gamma_s2/random_2026091785
evaluated ssd/contrast_s1/random_2026091783
evaluated ssd/gamma_s1/random_2026091792
evaluated ssd/gamma_s2/random_2026091786
evaluated ssd/contrast_s1/random_2026091784
evaluated ssd/gamma_s1/random_2026091793
evaluated ssd/gamma_s2/random_2026091787
evaluated ssd/contrast_s1/random_2026091785
evaluated ssd/contrast_s2/random_2026091772
evaluated ssd/gamma_s1/random_2026091794
evaluated ssd/gamma_s2/random_2026091788
evaluated ssd/contrast_s1/random_2026091786
evaluated ssd/contrast_s2/random_2026091773
evaluated ssd/gamma_s1/random_2026091795
evaluated ssd/gamma_s2/random_2026091789
evaluated ssd/contrast_s1/random_2026091787
evaluated ssd/contrast_s2/random_2026091774
evaluated ssd/gamma_s1/random_2026091796
evaluated ssd/gamma_s2/random_2026091790
evaluated ssd/contrast_s1/random_2026091788
evaluated ssd/contrast_s2/random_2026091775
completed 162/189 detector-condition panels
evaluated ssd/gamma_s2/random_2026091791
evaluated ssd/contrast_s1/random_2026091789
evaluated ssd/contrast_s2/random_2026091776
evaluated ssd/gamma_s2/random_2026091792
evaluated ssd/contrast_s1/random_2026091790
evaluated ssd/contrast_s2/random_2026091777
evaluated ssd/gamma_s2/random_2026091793
evaluated ssd/contrast_s1/random_2026091791
evaluated ssd/contrast_s2/random_2026091778
evaluated ssd/gamma_s2/random_2026091794
evaluated ssd/contrast_s1/random_2026091792
evaluated ssd/contrast_s2/random_2026091779
evaluated ssd/gamma_s2/random_2026091795
evaluated ssd/contrast_s1/random_2026091793
evaluated ssd/contrast_s2/random_2026091780
evaluated ssd/gamma_s2/random_2026091796
evaluated ssd/contrast_s1/random_2026091794
completed 163/189 detector-condition panels
evaluated ssd/contrast_s2/random_2026091781
evaluated ssd/contrast_s1/random_2026091795
evaluated ssd/color_cast_s1/random_2026091772
evaluated ssd/contrast_s2/random_2026091782
evaluated ssd/contrast_s1/random_2026091796
evaluated ssd/color_cast_s1/random_2026091773
evaluated ssd/contrast_s2/random_2026091783
completed 164/189 detector-condition panels
evaluated ssd/color_cast_s1/random_2026091774
evaluated ssd/contrast_s2/random_2026091784
evaluated ssd/color_cast_s1/random_2026091775
evaluated ssd/contrast_s2/random_2026091785
evaluated ssd/color_cast_s1/random_2026091776
evaluated ssd/contrast_s2/random_2026091786
evaluated ssd/color_cast_s1/random_2026091777
evaluated ssd/contrast_s2/random_2026091787
evaluated ssd/color_cast_s2/random_2026091772
evaluated ssd/color_cast_s1/random_2026091778
evaluated ssd/contrast_s2/random_2026091788
evaluated ssd/color_cast_s2/random_2026091773
evaluated ssd/color_cast_s1/random_2026091779
evaluated ssd/contrast_s2/random_2026091789
evaluated ssd/color_cast_s2/random_2026091774
evaluated ssd/color_cast_s1/random_2026091780
evaluated ssd/contrast_s2/random_2026091790
evaluated ssd/color_cast_s2/random_2026091775
evaluated ssd/color_cast_s1/random_2026091781
evaluated ssd/clean_s0/random_2026091772
evaluated ssd/contrast_s2/random_2026091791
evaluated ssd/color_cast_s2/random_2026091776
evaluated ssd/color_cast_s1/random_2026091782
evaluated ssd/clean_s0/random_2026091773
evaluated ssd/contrast_s2/random_2026091792
evaluated ssd/color_cast_s2/random_2026091777
evaluated ssd/color_cast_s1/random_2026091783
evaluated ssd/contrast_s2/random_2026091793
evaluated ssd/color_cast_s2/random_2026091778
evaluated ssd/color_cast_s1/random_2026091784
evaluated ssd/contrast_s2/random_2026091794
evaluated ssd/color_cast_s2/random_2026091779
evaluated ssd/clean_s0/random_2026091774
evaluated ssd/color_cast_s1/random_2026091785
evaluated ssd/contrast_s2/random_2026091795
evaluated ssd/color_cast_s2/random_2026091780
evaluated ssd/clean_s0/random_2026091775
evaluated ssd/color_cast_s1/random_2026091786
evaluated ssd/contrast_s2/random_2026091796
evaluated ssd/color_cast_s2/random_2026091781
completed 165/189 detector-condition panels
evaluated ssd/clean_s0/random_2026091776
evaluated ssd/color_cast_s1/random_2026091787
evaluated ssd/color_cast_s2/random_2026091782
evaluated ssd/clean_s0/random_2026091777
evaluated ssd/color_cast_s1/random_2026091788
evaluated ssd/color_cast_s2/random_2026091783
evaluated ssd/clean_s0/random_2026091778
evaluated ssd/color_cast_s1/random_2026091789
evaluated ssd/color_cast_s2/random_2026091784
evaluated ssd/clean_s0/random_2026091779
evaluated ssd/color_cast_s1/random_2026091790
evaluated ssd/color_cast_s2/random_2026091785
evaluated ssd/clean_s0/random_2026091780
evaluated ssd/color_cast_s1/random_2026091791
evaluated ssd/color_cast_s2/random_2026091786
evaluated ssd/clean_s0/random_2026091781
evaluated ssd/color_cast_s1/random_2026091792
evaluated ssd/color_cast_s2/random_2026091787
evaluated ssd/clean_s0/random_2026091782
evaluated ssd/color_cast_s1/random_2026091793
evaluated ssd/color_cast_s2/random_2026091788
evaluated ssd/clean_s0/random_2026091783
evaluated source/gamma_s1/random_2026091797
evaluated ssd/color_cast_s1/random_2026091794
evaluated source/gamma_s1/random_2026091798
evaluated ssd/color_cast_s2/random_2026091789
evaluated ssd/clean_s0/random_2026091784
evaluated source/gamma_s1/random_2026091799
evaluated ssd/color_cast_s1/random_2026091795
evaluated ssd/color_cast_s2/random_2026091790
evaluated ssd/clean_s0/random_2026091785
completed 166/189 detector-condition panels
evaluated ssd/color_cast_s1/random_2026091796
evaluated ssd/color_cast_s2/random_2026091791
evaluated ssd/clean_s0/random_2026091786
completed 167/189 detector-condition panels
evaluated ssd/color_cast_s2/random_2026091792
evaluated ssd/clean_s0/random_2026091787
evaluated ssd/color_cast_s2/random_2026091793
evaluated ssd/clean_s0/random_2026091788
evaluated ssd/color_cast_s2/random_2026091794
evaluated ssd/clean_s0/random_2026091789
evaluated ssd/color_cast_s2/random_2026091795
evaluated ssd/clean_s0/random_2026091790
evaluated ssd/color_cast_s2/random_2026091796
evaluated ssd/clean_s0/random_2026091791
completed 168/189 detector-condition panels
evaluated ssd/clean_s0/random_2026091792
evaluated source/gamma_s2/random_2026091797
evaluated source/contrast_s1/random_2026091797
evaluated ssd/clean_s0/random_2026091793
evaluated source/contrast_s1/random_2026091798
evaluated ssd/clean_s0/random_2026091794
evaluated source/gamma_s2/random_2026091798
evaluated source/contrast_s1/random_2026091799
evaluated source/gamma_s2/random_2026091799
completed 169/189 detector-condition panels
evaluated ssd/clean_s0/random_2026091795
completed 170/189 detector-condition panels
evaluated ssd/clean_s0/random_2026091796
completed 171/189 detector-condition panels
evaluated source/contrast_s2/random_2026091797
evaluated source/contrast_s2/random_2026091798
evaluated source/contrast_s2/random_2026091799
completed 172/189 detector-condition panels
evaluated source/color_cast_s1/random_2026091797
evaluated source/color_cast_s2/random_2026091797
evaluated source/color_cast_s1/random_2026091798
evaluated source/color_cast_s2/random_2026091798
evaluated source/color_cast_s1/random_2026091799
completed 173/189 detector-condition panels
evaluated source/color_cast_s2/random_2026091799
evaluated source/clean_s0/random_2026091797
evaluated source/clean_s0/random_2026091798
completed 174/189 detector-condition panels
evaluated source/clean_s0/random_2026091799
completed 175/189 detector-condition panels
evaluated target/gamma_s1/random_2026091797
evaluated target/gamma_s1/random_2026091798
evaluated target/gamma_s1/random_2026091799
completed 176/189 detector-condition panels
evaluated target/contrast_s1/random_2026091797
evaluated target/gamma_s2/random_2026091797
evaluated target/gamma_s2/random_2026091798
evaluated target/contrast_s1/random_2026091798
evaluated target/gamma_s2/random_2026091799
evaluated target/contrast_s2/random_2026091797
evaluated target/contrast_s1/random_2026091799
completed 177/189 detector-condition panels
completed 178/189 detector-condition panels
evaluated target/contrast_s2/random_2026091798
evaluated target/contrast_s2/random_2026091799
completed 179/189 detector-condition panels
evaluated target/color_cast_s1/random_2026091797
evaluated target/color_cast_s1/random_2026091798
evaluated target/color_cast_s1/random_2026091799
completed 180/189 detector-condition panels
evaluated target/color_cast_s2/random_2026091797
evaluated target/clean_s0/random_2026091797
evaluated target/color_cast_s2/random_2026091798
evaluated target/clean_s0/random_2026091798
evaluated target/color_cast_s2/random_2026091799
evaluated target/clean_s0/random_2026091799
completed 181/189 detector-condition panels
evaluated ssd/gamma_s1/random_2026091797
completed 182/189 detector-condition panels
evaluated ssd/gamma_s1/random_2026091798
evaluated ssd/gamma_s1/random_2026091799
completed 183/189 detector-condition panels
evaluated ssd/gamma_s2/random_2026091797
evaluated ssd/gamma_s2/random_2026091798
evaluated ssd/gamma_s2/random_2026091799
completed 184/189 detector-condition panels
evaluated ssd/contrast_s1/random_2026091797
evaluated ssd/contrast_s2/random_2026091797
evaluated ssd/contrast_s1/random_2026091798
evaluated ssd/contrast_s2/random_2026091798
evaluated ssd/contrast_s1/random_2026091799
completed 185/189 detector-condition panels
evaluated ssd/contrast_s2/random_2026091799
completed 186/189 detector-condition panels
evaluated ssd/color_cast_s1/random_2026091797
evaluated ssd/color_cast_s1/random_2026091798
evaluated ssd/color_cast_s2/random_2026091797
evaluated ssd/color_cast_s1/random_2026091799
evaluated ssd/color_cast_s2/random_2026091798
completed 187/189 detector-condition panels
evaluated ssd/color_cast_s2/random_2026091799
completed 188/189 detector-condition panels
evaluated ssd/clean_s0/random_2026091797
evaluated ssd/clean_s0/random_2026091798
evaluated ssd/clean_s0/random_2026091799
completed 189/189 detector-condition panels
{"source_revision": "8dd776d", "input_revision": "be5c797", "preparation_revision": "d0179ad+random-preparation", "images": 2, "rows": 14, "configurations": 203, "groups": 3, "workers": 4, "elapsed_seconds": 85.97217631340027, "official_evaluations": 12789, "reused_official_anchor_evaluations": 126, "configuration_batch_size": 25, "model_or_adaptation_inference": false, "annotation_sha256": "e8c7f7908f1d7278341fae127d0da654f102f11bd7b21d8aeefa635b8c810b6f", "T009_metrics_sha256": "d4366a398d51debb5ccffc4dcb168eeb4322b86e98428c2f9b796fcf105da243", "preparation_manifest_sha256": "59868cefbd243351c3cee105889589fef609aa3e978ba499473b08f51aec8c00"}
[autodl] finished_at=2026-09-12T19:43:25+08:00
[autodl] exit_code=0
