episode_index	image_id	case	partition	block	S_orig	y	integrity_passed	holdout_score	norm_pseudo	norm_clip	support_count	pseudo_loss	clip_loss	feature_0	feature_1	feature_2	feature_3	feature_4	feature_5	feature_6	feature_7	feature_8	feature_9	feature_10	feature_11	feature_12	feature_13	feature_14	feature_15	feature_16	feature_17	feature_18	feature_19	feature_20
0	480661	clean_s0	train	-1	-0.025940299445816013	-1	True		0.01938978626060385	0.11394289571523554	5	0.02415056712925434	-2.3010015866020694e-06	0.12459900406407727	0.3124100470984423	0.30974662677902265	-0.8137774413958003	-0.17536183296154412	-0.011728389699245419	-0.0614840380391395	0.3066410590759101	-0.11950220092356435	0.6150066984468027	-0.207526505419152	-0.678368350526905	-0.31874657049158506	0.034522557965087124	0.0303570372442533	-0.022855687596459076	-3.9430088329134554	-2.1720578708572202	0.7116207653591484	0.02415056712925434	-2.3010015866020694e-06
1	480661	gamma_s2	train	-1	0.05552889279880958	1	True		0.14522593530917124	0.15383874785076615	6	0.05797372758388519	-6.588464884771383e-07	-0.10337983501555928	-0.08893111020120191	0.3923967430030862	-0.16040182393815391	-0.6734694818921615	0.5890042542899702	0.032427643896043475	0.012696912783046252	0.08506718133246137	0.491734418101334	-0.8361847251798222	0.05163941771641029	-0.2014545259860582	-0.06589968734223606	-0.06447804555634976	-0.0022802247057426774	-1.9294645747030632	-1.8718503170238285	-0.2941854822705146	0.05797372758388519	-6.588464884771383e-07
2	555444	clean_s0	train	-1	0.012988337015729727	1	True		0.40918420146556006	0.1723914030905244	1	0.08007927983999252	-0.00024456685059703887	0.07139243809176113	0.3410788411779254	-0.8621638675473559	0.2818765363055277	0.06670106608084111	-0.2206670839820336	0.049450989200620105	-0.014107911006218445	0.14437047770939843	0.15864224679906397	-0.25543657246875645	0.7358600701112411	0.5866171822289772	0.037833626141553986	-0.03421591326021006	0.02302361554322609	-0.8935898539917267	-1.7579877880543406	0.5208288746960797	0.08007927983999252	-0.00024456685059703887
3	555444	contrast_s2	train	-1	0.0	-1	True		0.0	0.1207493038220324	0	0.0	-1.5193319995887578e-05	0.0	0.0	0.0	0.0	0.0	0.0	0.0	0.0	-0.018666360221220247	-0.6495800912958961	-0.2756548873850252	0.6634677278858586	-0.23516704996942456	-0.0191879985615439	-0.034893981652780605	-0.06806554525282768	-27.631021115928547	-2.1140387519068007	0.0	0.0	-1.5193319995887578e-05
4	223330	clean_s0	train	-1	0.03251496335494085	1	True		0.0020244509137933783	0.4637543245423089	1	0.0005124686285853386	2.4530652808607556e-05	-0.10663728058171938	-0.841208055242272	0.27731889012044253	-0.08354809239693976	-0.3944502111227622	-0.18249154714186872	0.06939210441527845	-0.0583270833208776	-0.029475579316780444	0.8201009401602317	-0.2737924041220609	-0.25255576710470884	-0.22205651896973158	0.3720777531048354	-0.00016966230403167855	-0.008243867863491473	-6.202456768380762	-0.7684003399431973	-0.7214013109106605	0.0005124686285853386	2.4530652808607556e-05
5	223330	color_cast_s2	train	-1	0.005324261646293988	1	True		0.0012420488043000757	0.1108181453959206	1	0.0006873629172332585	-8.402477646995976e-08	-0.16012405149781753	0.3229379891343793	-0.8493354142978808	-0.03414588128041833	-0.155197175335163	-0.2923952910609822	0.13541146804407916	-0.14006184120613863	0.0614103448264852	0.88211407017632	-0.04368683252229262	-0.1103900729294326	0.14750625918697258	0.4187645242651697	-0.07433196823100163	-0.036904801944348684	-6.690993000510157	-2.1998647509571025	0.16567523495716235	0.0006873629172332585	-8.402477646995976e-08
6	56028	clean_s0	train	-1	0.11138639088154804	1	True		0.06547238034338465	0.18332737395405188	11	0.08839619904756546	-1.4354532140714582e-06	-0.06265948279234793	-0.6916407486940331	0.6633592990192756	-0.13183689078708527	0.043438547684488134	-0.14683534281567345	0.03864218190952495	-0.1879882842530138	-0.04458856242118084	0.24044142590005413	-0.7912793137168208	0.43294821241112236	-0.32265256461281366	0.14770519854862943	-0.012375410673499124	-0.023622445606855256	-2.726126899402	-1.6964817956517688	-0.7772276007675202	0.08839619904756546	-1.4354532140714582e-06
7	56028	gamma_s2	train	-1	0.21477018004034046	1	True		0.2866148175916523	0.19209146252463827	9	0.10676096379756927	1.0486058954484179e-06	0.46362399509825475	0.5312263636948226	-0.6580031333406885	0.10687576706757594	0.13632209314389981	-0.11269111651060086	-0.1288699943166464	-0.10281202434818844	0.17382134544980796	0.4432013961037992	-0.7058201807022105	0.3616474901445697	-0.2615037640665904	0.2600692045022026	-0.08932099916576433	-0.019727571809736628	-1.2496160636242795	-1.6497836530602146	0.7676940547820331	0.10676096379756927	1.0486058954484179e-06
8	516239	clean_s0	train	-1	0.044121657481566254	1	True		0.16419454469133984	0.2748193899433678	16	0.20935994386672974	-1.355264521407662e-05	0.43767577637720034	0.5037608192584359	0.4017002806299314	-0.2676163829388748	0.5125283363099474	0.0903967134600515	-0.17507389628883266	-0.1420407595666731	-0.029026656270451062	0.6032851395902095	-0.7748841230890261	-0.044076037183820214	-0.17860245659732515	-0.02674219438793788	0.005318085694353783	-0.013195749318949386	-1.8067033060702922	-1.291641160918074	-0.1012814983585963	0.20935994386672974	-1.355264521407662e-05
9	516239	contrast_s2	train	-1	-0.1829298221391112	-1	True		0.08606257361524174	0.30300170221692163	17	0.21308882534503937	3.1168683563009836e-06	-0.31977938068566014	-0.13805083065232554	-0.5490233068857907	0.4249842442863835	-0.559572662808001	0.2145884669054829	0.07186239458669985	-0.17975243413975006	0.015295884081547646	0.6722451555032525	-0.7388709634030483	0.038920591674191	-0.004915207749712418	-0.0164395152006366	-0.008920497239436952	-0.005777682173661291	-2.452680647112462	-1.1940168556076187	0.3241228971384625	0.21308882534503937	3.1168683563009836e-06
10	64824	clean_s0	train	-1	-0.057480877276957734	-1	True		0.08034124920980845	0.10609538451387729	20	0.04137248918414116	-5.754677658842411e-06	-0.06575918904837356	0.10132910588714696	-0.7728062501744488	0.4400768276683313	0.2601888038395022	-0.3546065714678688	0.022552597882938088	0.02362991596907172	-0.11445069734521289	0.5573835300440355	-0.7364985766053507	0.1793757292507703	-0.24198749362101407	0.17474510749407715	0.02930100205680982	-0.10801150088953389	-2.52147210112025	-2.2434167355819485	0.5852954759822102	0.04137248918414116	-5.754677658842411e-06
11	64824	color_cast_s2	train	-1	-0.03115713244649023	-1	True		0.029331384842188005	0.06266009887636954	20	0.053381435573101044	-9.34087296400321e-08	0.16170795875997132	0.7019746704109411	0.1420336551315714	-0.581811399778472	0.2710843496570576	-0.006410964121639529	-0.12695941664792823	0.18099037388543	0.47650209466765325	0.5418147051592712	0.15564477065895754	-0.5277052663680811	-0.14721145537366284	0.228642396882535	-0.31195437773073914	-0.07362298691108951	-3.5290971811787406	-2.770030415461099	0.771434069571153	0.053381435573101044	-9.34087296400321e-08
12	520635	clean_s0	train	-1	0.13424829931167365	1	True		0.5409898914131961	0.12009107298006012	11	0.23742493987083435	-7.377898145932704e-05	0.03499231746136414	0.2913998456068177	-0.8432072517382075	0.437517893873732	0.024545015655597708	-0.10014794424465215	-0.025787509806428684	-0.0120094404416644	0.19215624552017352	0.3171925826061947	-0.8728967634368461	0.22203258985673793	-0.13183489019153788	-0.14559441051326544	-0.08717127105272297	-0.07099726129978559	-0.6143546853117083	-2.1195048825417317	0.9467756328296303	0.23742493987083435	-7.377898145932704e-05
13	520635	gamma_s2	train	-1	0.19598348250986408	1	True		0.11687217549159407	0.2125763932604676	5	0.050121698528528214	2.4410187506873626e-06	-0.18095714008163222	0.5939597354426996	-0.7398445160921066	0.2298889524595462	0.08821458570856239	-0.00303718151211602	0.02861448629425834	0.07508449390876856	0.11112518441685205	0.09456117620014501	-0.19351724863584688	-0.10103537916310565	-0.8437385434594326	0.4643653652194873	-0.04965042721388373	-0.032514872217848226	-2.1466744585735964	-1.5484538575204572	0.0762999011774432	0.050121698528528214	2.4410187506873626e-06
14	512844	clean_s0	train	-1	-0.08330637182753478	-1	True		0.16066103350094255	0.2748268208441957	7	0.09182365238666534	6.061234671506099e-06	0.3942830957546389	-0.20808862159396785	0.5447658202895935	-0.6342619429368905	-0.17368147177659787	-0.08937756372560028	-0.24876805030526794	0.0462904887665448	-0.008026878412523968	0.7577289911317318	-0.646009804588625	-0.0822283591649936	0.03013017600643309	-0.00046112531992420654	-0.004109926270712262	-0.027699149840214495	-1.8284585154055333	-1.2916141220676918	-0.46606101393474303	0.09182365238666534	6.061234671506099e-06
15	512844	contrast_s2	train	-1	0.46528997848845094	1	True		0.8587996414347557	0.13061785816516952	5	0.21409359574317932	-2.1416155959741445e-06	-0.0761101720863352	-0.6129200966314806	-0.4086059442795407	0.39916964302918073	-0.5340705718710291	-0.06368469728064748	-0.04902872559636612	0.023452993227259036	-0.004345935259646036	0.17138009950854943	-0.8606206889853603	0.44873674796908186	-0.15104249377258608	-0.06453273302521827	-0.016917901024843345	-0.03623273526123993	-0.15221963049534892	-2.035479332083732	0.5108220751449426	0.21409359574317932	-2.1416155959741445e-06
16	315128	clean_s0	train	-1	-0.028562168205089132	-1	True		0.1308950554657481	0.08841776706416334	3	0.06581724435091019	1.2352482372079976e-05	-0.36282763332515144	-0.3117357665638031	0.4783219221064166	0.3732636550270042	0.5931120405745534	-0.03842058726943235	0.2142725986143509	0.06235801693437238	0.06287551543292846	-0.7574024150863145	-0.21293835099960381	0.5070553825866692	-0.31132144932471073	-0.10961879790559767	-0.07217610704052446	-0.0761159164029826	-2.0333593801429832	-2.4256823446332607	0.10006003096091688	0.06581724435091019	1.2352482372079976e-05
17	315128	color_cast_s2	train	-1	0.08797626140621648	1	True		0.07350784019299471	0.06786980203012162	3	0.05304226279258728	1.4976114925957518e-07	-0.3693098414812444	-0.19200565524900745	-0.2015413770303059	0.08227857277064056	-0.79366171429972	0.3479731167288767	0.10105618409661263	0.1347546661993431	-0.1981829536486546	-0.3983889446092041	0.4805332447444151	-0.08785324619955692	-0.6052877595308077	0.43250470429950405	0.07180358737977555	-0.06921002279123938	-2.6103632091460613	-2.6901640851541537	0.6744316278397451	0.05304226279258728	1.4976114925957518e-07
18	252018	clean_s0	train	-1	0.00354053562224809	1	True		0.001343705935120365	0.05523482371023761	5	0.0030114222317934036	-2.0916277208016254e-06	-0.18217223181002695	-0.26258253386949315	-0.6025149116775464	0.22554407119106798	0.2441485731988795	-0.6374561338626566	0.017044203023359898	-0.1331164500784586	-0.29973709205564997	0.1837218043141512	-0.6993182525920337	0.2160773930015282	-0.5436379570244734	0.1760945623261144	0.08731239032582391	-0.08058250028186184	-6.612323858350341	-2.896161660276324	0.2436803242612582	0.0030114222317934036	-2.0916277208016254e-06
19	252018	gamma_s2	train	-1	0.03274489976686774	1	True		0.004369704297405893	0.05338444016721719	5	0.004392243921756744	1.764558874128852e-06	0.5852058510987311	-0.19912463284936047	-0.2907152946228701	0.207795742264394	-0.6055904638940859	0.23338928672234463	-0.19429765015134465	-0.1767118925632737	0.43300456706070894	-0.11190022738960549	-0.48862614980430336	0.09131920148974276	0.3662205742979503	-0.6314876426249783	-0.09403707699167702	-0.1056103662887571	-5.433059938432778	-2.9302359580938067	0.1044773870733624	0.004392243921756744	1.764558874128852e-06
20	399129	clean_s0	train	-1	0.014222404402386282	1	True		0.0023413795404007153	0.39655694466972985	2	0.0016297975089401007	-3.432221637922339e-05	0.055410648117807465	0.07822271049778023	-0.7499601144685033	0.6087811631894328	-0.07851239988489546	0.011221399690343924	-0.055157002785492265	-0.22005403230225806	-0.009660471819209041	0.5799487100321312	-0.7881663466090635	0.18726625721644577	-0.07550165698098385	0.039349706366066585	0.0033875587652357126	-0.00556352765443413	-6.0570149757203025	-0.9249356298820847	0.7573341646349206	0.0016297975089401007	-3.432221637922339e-05
21	399129	contrast_s2	train	-1	-0.012709094105321403	-1	True		0.771454663171305	0.309912400530757	3	0.11136674880981445	-8.291771337098908e-06	-0.019924807232237884	-0.36603442794945357	0.7788368366466272	-0.5008572267083136	-0.08292487799849398	-0.003700519030689915	-0.000655517887517293	-0.03586587529046991	-0.039166258426114584	0.2446597312804677	-0.8327154224870335	0.4818701593416943	-0.11166256442277629	0.003950852977908853	0.0035536638207802	-0.022294140781643105	-0.25947737342629124	-1.17146560036571	-0.9686288480424923	0.11136674880981445	-8.291771337098908e-06
22	345781	clean_s0	train	-1	0.24726863799640114	1	True		0.7838826696606114	0.0669100698903674	8	0.04852726310491562	3.49222646036651e-05	-0.08875198530993218	-0.3490051879786483	0.8624230569044695	-0.33531064538618366	0.06916059702982527	0.07858837962250709	0.05037353537082462	0.024797000146483852	-0.10291602675134472	-0.09737001785284956	-0.7357581762537956	-0.17773163087603305	-0.5377300530984248	-0.3412909781870806	0.001538571570283143	-0.03692201908603612	-0.2434959258751754	-2.7044058016300823	-0.5966721530660027	0.04852726310491562	3.49222646036651e-05
23	345781	color_cast_s2	train	-1	-0.052738202382537805	-1	True		0.17292248530813892	0.06678821300343152	8	0.0865468829870224	7.335655709539424e-07	-0.07417725333962583	-0.4066245391243022	-0.4006733041299715	0.09696431127721325	-0.8063710153443386	0.06927638701821884	-0.05668598069812317	-0.031085565139037537	0.08220737260183478	0.3783922626110224	0.7179587588778723	-0.33939660314598186	0.24423983465571378	0.36984540256096116	-0.15098621989555816	-0.013071057841777835	-1.7549118466909241	-2.706228666038496	-0.6428990095662869	0.0865468829870224	7.335655709539424e-07
24	442326	clean_s0	train	-1	0.24261922122874274	1	True		0.6783777525884631	0.27982455443559473	4	0.23496831953525543	-6.483776815002784e-05	0.23958871307234458	0.5578542394965426	-0.11637450181746016	-0.7294181532644779	-0.20992541176121315	-0.05627449109063832	-0.15452120168499864	-0.12120119815950296	-0.005577480320134428	0.6979525198603989	-0.234635338374656	-0.6390086681807411	-0.21577932232923747	0.028917247408691237	-0.02503727321103101	-0.03770362727819463	-0.3880509889845956	-1.2735924635011326	0.9335383381682577	0.23496831953525543	-6.483776815002784e-05
25	442326	gamma_s2	train	-1	0.16488592738440444	1	True		0.0011957474591458692	0.22307339734528558	1	0.0005984899471513927	-9.775023954716744e-07	0.5267513850664141	0.07076652847982712	-0.1852734968166726	0.2199245110637725	0.6714427261382553	-0.40830078230219047	-0.09092671033234452	0.09497097425636068	0.2938833742881948	0.708992801235805	-0.4930872029847068	-0.31853285539815906	-0.22855523248859547	0.09083784458188049	-0.07571640107708444	-0.01190036512782815	-6.728983799473973	-1.500254425593418	0.041482784183501126	0.0005984899471513927	-9.775023954716744e-07
26	283858	clean_s0	train	-1	0.08556922183214088	1	True		0.005283125825881747	0.18835732165690675	4	0.0029200795106589794	5.9504550335987005e-06	0.09580478386223179	0.5667876714334465	-0.5970393775945906	0.4682671567121432	0.2718219381731909	0.11988327207404353	-0.047118860166557155	0.05799722483863149	0.04797220869979126	0.3856603386651187	-0.784014035700545	0.45543885167808756	-0.1078000721531019	0.11893955597848895	-0.03303819895115315	0.001794002990790191	-5.243237343767336	-1.6694144729799807	0.891155008506954	0.0029200795106589794	5.9504550335987005e-06
27	283858	contrast_s2	train	-1	0.0729726929539908	1	True		0.017642962818785614	0.1091894956765334	4	0.004469350911676884	-8.800368959782645e-06	-0.13581280675287802	0.7100539301738934	-0.5884805957112981	-0.2331288976985681	-0.25427355850909744	0.10294926116466306	0.023492370332290072	-0.030237704728057677	0.02672850300659601	0.2994579202458231	-0.886610610954375	0.2839909708589769	-0.18378449376151185	-0.08611246085310739	-0.040967897475011915	-0.0032908113840248174	-4.037418282201938	-2.2146704137273985	0.7015512352536694	0.004469350911676884	-8.800368959782645e-06
28	297011	clean_s0	train	-1	0.10861306967200302	1	True		0.06562376850787995	0.6547084486862114	7	0.04752559959888458	0.00012377180973999202	0.6205606070974512	-0.4065530268661497	0.5779544147133687	-0.10511480576843768	0.2648270670366847	-0.14321665227540456	-0.1006440984977546	0.06136058889284064	0.009798148246742744	0.6898888314105921	-0.7111611484265394	-0.06647400806702142	-0.11522002232034578	0.01981808700358472	-0.00870334873305607	-0.006653225368736887	-2.723817323825397	-0.4235652589487189	-0.7113113364354978	0.04752559959888458	0.00012377180973999202
29	297011	color_cast_s2	train	-1	0.136361612525502	1	True		0.1480374516163766	0.10600025802519901	6	0.047611404210329056	1.6914065099626896e-06	0.66921174200006	0.5338259957552147	-0.16334701056215659	-0.1927675379539588	-0.23025373975353694	0.2942846031121043	-0.22894288307345742	0.10634295958801979	0.14321675781514395	0.5591630306217541	-0.19011754767177663	-0.22227089323333482	0.6613800250046188	-0.3712093648283047	-0.07411268198237797	-0.023748976704404755	-1.9102899857613838	-2.2443137506636077	0.22115545336706818	0.047611404210329056	1.6914065099626896e-06
30	287187	clean_s0	train	-1	0.23264104597764848	1	True		0.44918068583623266	0.08720681595621381	3	0.13966421782970428	3.916615241905674e-06	0.03936802967719627	0.5532169498886887	-0.5356779206840923	0.5219340369669416	0.04966166357628404	0.3533242082315131	-0.047914273469106275	0.05861003654695601	-0.004970655366465632	-0.5988285961637623	0.493490320810328	-0.46750344759323553	-0.40168016476752094	-0.12346693557225634	-0.02392045277157038	-0.046089128064288	-0.8003300538426995	-2.4394727864749526	-0.9049627618379797	0.13966421782970428	3.916615241905674e-06
31	287187	gamma_s2	train	-1	-0.01824111485288685	-1	True		0.03508540553998088	0.08448280124259952	2	0.01975097879767418	-1.5499653045480954e-06	0.8031485606656363	-0.3637524548258573	-0.16128547386071176	0.3237683559546655	-0.011801304077717997	-0.1366725516615144	-0.2462742426523483	-0.11103120690248545	0.16896480724406082	-0.4145742206184647	0.5754892921713037	-0.5311667041200604	0.16745430945710058	-0.3878728584913658	-0.07530373833842875	-0.04578387708069518	-3.3499700315309244	-2.4712073009138895	0.09637740280063739	0.01975097879767418	-1.5499653045480954e-06
32	18201	clean_s0	train	-1	-0.12520379887069993	-1	True		0.15877669259816812	0.147278240787829	14	0.11105398833751678	2.834723454725463e-05	0.32083182680386435	0.7030063912806322	-0.3587748433368488	-0.45031251175343123	-0.1803506910464086	0.05357427369276239	-0.1457234194679111	-0.12131082688108302	-0.09116854542362066	-0.3673119967096096	0.5221536463501123	-0.06686782051821889	-0.5851863032060809	0.48558239602029124	0.00042597176480541705	-0.0376961978273107	-1.8402565129867132	-1.91543168679983	-0.3086322674847785	0.11105398833751678	2.834723454725463e-05
33	18201	contrast_s2	train	-1	0.9560250190505716	1	True		0.11954763320587596	0.12460448417348975	10	0.03946411982178688	1.2952418728673365e-06	0.05785626910760623	0.06384348491800587	0.5328137092053004	-0.8287060323563307	-0.10816693401223387	-0.0893619343035627	-0.04667102517623798	0.008288501298688529	0.024594997620607215	0.8080611748244236	-0.46207657003432745	-0.363123310133869	0.016165458734650445	-0.02402387350421353	-0.010539868144137711	-0.010458083254255774	-2.124040382790498	-2.082610684717049	0.10853763892149794	0.03946411982178688	1.2952418728673365e-06
34	16693	clean_s0	train	-1	0.21261027758400064	1	True		0.20141854059399086	0.16664360766471464	20	0.11894810199737549	-9.931384738592897e-06	-0.02641100096543835	0.47347839123145713	-0.8453614100511889	0.12094152592935765	-0.20947963596776775	-0.029908416370831976	-0.017911456300581434	-0.027583586338294126	-0.12481412151612951	-0.4802720718363005	0.6950993354201437	-0.45430253344515104	-0.24351139666520963	0.0029114489006346013	0.06931693694230506	0.009755997560927264	-1.6023702443698054	-1.7918978328055655	-0.8172432487739362	0.11894810199737549	-9.931384738592897e-06
35	16693	color_cast_s2	train	-1	0.12869673378572716	1	True		0.08794487013898143	0.16197821314297034	20	0.10252562165260315	-1.6908297766349278e-06	-0.04708788194093708	0.5542663303317651	-0.7284767881226204	0.09518579466588199	-0.33840878013785713	0.1871061004031579	-0.03429545161217511	0.011288347476784182	0.0541112700265891	-0.7979327540536215	-0.10801891950469539	-0.08150480114596097	-0.41189633469819165	-0.4151788945698407	-0.004679999008066601	0.003188016092375224	-2.431045136503846	-1.820293439559524	-0.3119807459156611	0.10252562165260315	-1.6908297766349278e-06
36	25907	clean_s0	train	-1	-0.05893184568508232	-1	True		0.07958184109816244	0.5483843269523785	20	0.04190914332866669	-2.2288500986178406e-05	0.2336261010146156	-0.5614021007110185	-0.16034237379383628	0.0673405373721405	-0.7625312185096184	0.07799730906121907	-0.07040109837584221	-0.08665072033365888	0.053251869318008224	-0.7122108233724652	0.6947203201978885	-0.06310706931101501	-0.04265560569402102	-0.02736933719524942	-0.015467498096907869	-0.022211059761187587	-2.530969339051642	-0.6007789112914074	0.3300399392851425	0.04190914332866669	-2.2288500986178406e-05
37	25907	gamma_s2	train	-1	0.9538229472309498	1	True		0.24499403328016284	0.5716538875353487	16	0.08668261766433716	5.194896743887512e-07	0.9177389340953485	-0.20134224040697857	-0.12338097391266833	0.04032770184269325	-0.20103913450222824	-0.06012895091856786	-0.20028443013658617	-0.12736281054769222	0.017437502568081454	-0.7733579280938122	0.6117839442204244	0.09915270483178659	-0.12289229470695116	0.043620611299540694	-0.010754426795733282	-0.01953621635799569	-1.4065214226884097	-0.559221562463886	0.1269542253883879	0.08668261766433716	5.194896743887512e-07
38	497002	clean_s0	train	-1	0.19759617514814334	1	True		0.12440391746803042	0.058137929783587144	13	0.1553477644920349	-1.2974629498785362e-05	0.22867316674244498	0.30105563784416295	-0.6738520631790953	-0.1359827441438227	-0.5064359919653331	-0.0016901760375264254	-0.08798564228153564	0.34682046084667284	0.3057671113365635	0.3482336551451066	-0.6894493326472723	0.08078216999495855	0.3220624982289769	-0.4201820384783431	-0.12682065461274702	-0.08374351960717201	-2.0842216082642815	-2.844936991905608	0.44808088444653904	0.1553477644920349	-1.2974629498785362e-05
39	497002	contrast_s2	train	-1	-0.16447749180184917	-1	True		0.6511817446058613	0.05372989835812301	10	0.13393613696098328	-5.315556563800783e-07	0.532957958545868	-0.5084139888331324	-0.2071538651065333	-0.09791117183667356	-0.02310631893109535	-0.5701333657612497	-0.27958427180729006	0.034905403715148435	-0.09424340710757277	0.1502477349203098	-0.8301172278596647	0.15265425021999884	-0.4954723620296239	-0.02289763375847494	-0.03450012396821472	-0.09454334725633001	-0.4289664981528736	-2.923785665940144	0.06124847738896277	0.13393613696098328	-5.315556563800783e-07
40	330677	clean_s0	train	-1	-0.08916541215520865	-1	True		0.1413441813967638	0.19338778829617911	20	0.21071358025074005	-0.0001329835649812594	-0.08028519107671342	-0.180436674486128	-0.2511736698737893	-0.09958046555437541	-0.8897343403316882	0.25863448705934905	-0.010094880500468712	-0.17138118959758614	0.10964311250267855	0.331200741254873	-0.7890993231272826	0.2748093598883775	-0.3916454426348433	0.15044152207874734	-0.05517487752022832	-0.031991552150927624	-1.9565573601909594	-1.6430578401634293	0.49568134981330797	0.21071358025074005	-0.0001329835649812594
41	330677	color_cast_s2	train	-1	0.1192223132292456	1	True		0.0923428072059649	0.10973119501027494	20	0.14030329883098602	5.787219379271846e-07	-0.05405887014019656	0.793906111286332	0.025455215836806253	-0.4570032266093682	-0.13471888657655468	0.3585651810053876	0.07670500613670443	0.06847614518037826	0.1703398902896797	-0.3782043896951735	0.5814982454479898	-0.2433551513213474	-0.5430777725134103	0.3628496897799717	-0.05130405108788541	-0.03685583006622886	-2.3822474615968705	-2.209721585568713	0.013358169216582614	0.14030329883098602	5.787219379271846e-07
42	129738	clean_s0	train	-1	0.09507853361452341	1	True		0.0008755664648335999	0.06989640158209742	2	0.0012149495305493474	7.035364887997275e-06	-0.15485564077987768	0.058777798378827746	0.6159981571067984	-0.4230292486469744	-0.42182680369410336	0.4858805926171404	0.011811886079040528	0.00031722681001945563	-0.04424272262339086	-0.5833669990981458	0.6927228509262002	-0.32600632153989323	-0.26169801361166894	0.032494911549269624	0.015480716950585246	-0.04241501795346261	-7.0406394915487445	-2.660741110565378	0.6635377008990376	0.0012149495305493474	7.035364887997275e-06
43	129738	gamma_s2	train	-1	0.021961942686559568	1	True		0.0018616427428918701	0.023836230868864317	2	0.001132247969508171	2.4160834755093674e-07	-0.07364780894315795	-0.3703012034220087	0.5602567155842874	-0.4130575096914365	-0.5598897613476144	0.24294103578407	0.017770431132732318	0.011672372749850118	0.3063164019650752	0.06440437811817222	-0.11300800198813436	-0.3178083383392899	0.553960129945056	-0.6639080993077933	-0.04835497414151127	-0.19561542892034167	-6.286295985404018	-3.7365485503805793	-0.453038633008085	0.001132247969508171	2.4160834755093674e-07
44	302343	clean_s0	train	-1	0.2360569394324442	1	True		0.21167823873285385	0.07856822792420033	6	0.1237933412194252	4.624441316991579e-06	-0.13016956082761913	-0.7804632245508402	0.4529144064421152	-0.05619507916811997	0.055360531589780985	-0.31674688180032046	0.05516088996220154	-0.24332610770964347	0.24994750126024057	-0.07139752974513729	0.5081995004784948	-0.6781418992645621	-0.4099407368858206	0.12161977902263807	-0.15137379292821423	-0.09235078730785336	-1.5526878990684083	-2.5437878861380967	0.2443709242503329	0.1237933412194252	4.624441316991579e-06
45	302343	contrast_s2	train	-1	1.2371922201899903	1	True		0.43563152554187207	0.0577473364036971	2	0.09405326843261719	-9.311126632383093e-06	-0.11806820215139709	0.10880893402941838	0.6907653234945555	-0.6938383949123194	-0.039181092393863866	0.10453544831355875	0.05590997353651541	0.007957513326339306	-0.028252591034927114	0.4780153111725708	-0.243191101344906	-0.7368503803263923	-0.3990463539182395	-0.0742842219122747	-0.050004942161321154	-0.03682561809613606	-0.830958517854156	-2.8516780535063138	0.40339609675512195	0.09405326843261719	-9.311126632383093e-06
46	6730	clean_s0	train	-1	-0.02836122549824992	-1	True		0.4080092791075022	0.07264017141306024	5	0.2798077166080475	-1.1401945812394843e-05	0.13791762297538923	0.1974626801354882	-0.7276507670847433	0.5624500659103912	-0.2311825222327374	0.1900350058970732	-0.0787603127437961	-0.019991368745444476	-0.11088991731965157	0.5186399397394934	-0.8097208729493656	0.024345588743158435	0.057926940069812596	-0.23419430169705185	0.06296254647397992	-0.01756860106779137	-0.896465361923596	-2.622237184916825	0.6275010099531825	0.2798077166080475	-1.1401945812394843e-05
47	6730	color_cast_s2	train	-1	-0.1569232809876053	-1	True		0.5327733259117469	0.1121268207517756	5	0.29049497842788696	2.127759444192634e-07	-0.45927723897995326	0.14468446091824222	-0.09478822349442875	-0.0789508530493698	-0.7076137698092636	0.48947698873354684	0.11144106963671728	0.013736749412723329	0.040249576106347745	-0.8391109362665005	0.43848434210278125	-0.1074234429694745	-0.18101726187290768	-0.23590431919769933	-0.005974000536728684	-0.04484092193685077	-0.6296592249867776	-2.1881247201372456	-0.16163515324025646	0.29049497842788696	2.127759444192634e-07
48	277507	clean_s0	train	-1	0.006649714378211836	1	True		0.2818754530134779	0.056808357945583754	6	0.12089065462350845	1.498958681622753e-05	0.3627747120538855	-0.5053685680473613	-0.10503409007345353	0.3334762948216223	0.4453958713609281	-0.5210453662847094	-0.12766030806046016	-0.06779092288167894	0.03527622550223465	0.00293691364108445	-0.5531551632422281	0.43622251011926644	0.5217973433182197	-0.45862778017670164	0.0016109533022319125	-0.14093170703139077	-1.2662899615797794	-2.8680718171331843	0.6956036121402511	0.12089065462350845	1.498958681622753e-05
49	277507	gamma_s2	train	-1	0.17756011530854207	1	True		0.2076088703834064	0.06644306249156652	9	0.4441348910331726	3.389263838471379e-07	0.43325150022995423	0.3509972067628367	-0.7220260634046507	-0.17416670024724015	-0.12348605876822606	-0.3041990004658108	-0.11810133085196846	-0.12531823382654206	0.0687398641220364	-0.676379490079821	0.7259871959748176	0.010837057546371449	0.032846660702119154	0.019907854675559115	-0.036827522457088153	-0.08820019108092692	-1.5720994003546434	-2.711409901190877	-0.7284043768022701	0.4441348910331726	3.389263838471379e-07
50	313020	clean_s0	train	-1	0.026615138743252685	1	True		0.22493493548940074	0.13834598379963042	8	0.08529899269342422	1.7728136299410835e-05	0.33670440020498305	-0.49170717480412024	0.07766367809008172	-0.07961387105049993	-0.7477404735313042	0.18328222221094473	-0.15005419679476165	-0.13137631084260884	-0.2685540846816363	-0.7020181156239915	0.6032456883054951	-0.17006228078617788	-0.14121956179841336	-0.09205485554599127	0.11749716096540241	-0.0002919206496835974	-1.4919440941952613	-1.9779976024395842	0.38628457059324695	0.08529899269342422	1.7728136299410835e-05
51	313020	contrast_s2	train	-1	-0.729176561334045	-1	True		0.4983142771188891	0.09249556734252677	5	0.0964970588684082	2.5797928628890077e-06	0.05529453753696881	0.550355300556366	-0.7918816452137732	0.22892318605615172	0.08220210099943084	-0.06838751095345334	-0.010713818088805145	-0.05495788535169866	0.016136592910152833	-0.7003993539730371	0.6139669514660352	-0.2598348670955101	-0.20096280749358728	-0.10481505196246726	-0.033116614061989194	-0.1106427783916008	-0.6965243224498225	-2.380594556222508	-0.9331636427566466	0.0964970588684082	2.5797928628890077e-06
52	260056	clean_s0	train	-1	0.1329740358022662	1	True		0.300193952014356	0.06541063481433634	8	0.23621675372123718	-4.278184860595502e-06	-0.20677938174645158	0.29780934587013896	0.5640823713125781	-0.7291099149103473	0.02484163995605888	0.07786222817039974	0.10698733286156074	0.02521444228813223	-0.04213967597874384	-0.2369493204028049	-0.538696211289411	-0.4045132248905573	-0.4750741602985805	-0.5086110426245701	-0.047125503762749474	-0.040660134057923174	-1.2033265065035208	-2.7270704218835626	-0.12825680412316978	0.23621675372123718	-4.278184860595502e-06
53	260056	color_cast_s2	train	-1	-0.05892767813096568	-1	True		0.3801733114006647	0.013170545363973935	7	0.45224618911743164	5.569968834606698e-06	0.2371896950690996	0.6233247996241823	-0.5765299422454855	0.10219069975717249	0.41533154824090635	-0.19212779840262398	-0.014127045142677526	-0.05257917849401713	0.30354110024881464	0.4633291624952246	-0.46385845165598005	-0.11548184340421605	-0.12306943406030271	0.005091530083993304	-0.6663165026553778	-0.07442094578293189	-0.9671280475998187	-4.329772354443154	0.5776617267873108	0.45224618911743164	5.569968834606698e-06
54	115237	clean_s0	train	-1	0.03464101846903642	1	True		0.02316260498168034	0.06609939411324854	2	0.01625831238925457	-2.227718141512014e-05	-0.19456123458922805	0.1447507128923042	-0.5241983429282323	0.6117604874995223	0.4927370453832425	-0.18785625094322356	0.11765003105047195	0.015396867017460595	-0.1789971516738239	0.15747844387925053	0.29129249291462955	-0.6388291121704418	-0.5953217148812865	0.29233584097457105	0.05086401116711952	-0.0880413120720127	-3.7652161549392535	-2.7165956983654693	-0.8295100131750123	0.01625831238925457	-2.227718141512014e-05
55	115237	gamma_s2	train	-1	0.0427743957215258	1	True		0.021377469800581767	0.09965808164013247	2	0.014132986776530743	-2.435314740978356e-07	-0.1662658104409485	0.3141554783126013	-0.4551485656922077	0.47911250359589913	0.6188109673392087	-0.20247617158127007	0.10697297169686842	-0.03982684579878892	0.32531700613915665	0.5135048291372553	-0.6096071042140905	-0.15041152863726967	-0.44603802081928884	0.14392627607020825	-0.11047787684970545	-0.06608431176135118	-3.8454177245614383	-2.3060101353495392	-0.001712062999800138	0.014132986776530743	-2.435314740978356e-07
56	424367	clean_s0	train	-1	0.3720378653367601	1	True		0.397440493220244	0.06337341192106968	3	0.2543342709541321	-3.864669633912854e-05	0.2024797659519463	0.42091159562831143	-0.6784047126397219	0.03994835914718414	-0.42421259152430996	0.14907934630780817	-0.10124448896047177	0.32798647329136027	-0.003684192320764018	-0.22135484724082582	0.6205952116105692	0.35812387245063326	-0.1336058289704187	0.6426990400830532	-0.07770537727341176	-0.02542900488844479	-0.9227100586823668	-2.7587108758136383	-0.34860775217605483	0.2543342709541321	-3.864669633912854e-05
57	424367	contrast_s2	train	-1	0.45462461257225323	1	True		0.582130316593927	0.04710483623361537	1	0.14591488242149353	2.031881012953818e-05	-0.36830189976458466	-0.07465630397226983	0.49039099350158427	-0.48085215507778284	-0.5180594367767992	0.3267285984684477	0.09330214269661985	-0.05688214509591189	-0.020470640965700452	0.12781736679218506	0.3271203639069962	-0.8681586151371917	-0.33802613838337187	-0.05424160105821196	-0.04875964869484992	0.05436207488826158	-0.5410609446400447	-3.055379603090556	0.7256235625003264	0.14591488242149353	2.031881012953818e-05
58	554598	clean_s0	train	-1	-0.015410860392114718	-1	True		0.3349962927537669	0.3298689205702553	12	0.26910263299942017	8.10630081105046e-06	0.22590781377498423	0.053416554215510975	0.8412415883300218	-0.3077609082294406	0.22519767837220536	0.26091105816092874	-0.13389823007460516	-0.08361120859640528	0.05695498888731024	0.5731542844176905	-0.460326281429572	-0.09252520872548951	-0.535104393365287	0.4006416076080447	-0.022720582107324458	-0.020553867447992473	-1.0936358136219846	-1.10905991382069	-0.32649912779705675	0.26910263299942017	8.10630081105046e-06
59	554598	color_cast_s2	train	-1	0.2680302782057593	1	True		0.46170997312645357	0.30061258910778355	11	0.2749447822570801	-1.3744991633757309e-07	-0.1418094698225193	0.259692970846553	0.42045553960922066	-0.16904578931989425	-0.46210632487262704	0.7020219215069956	0.022909127767595096	-0.013727111262624339	0.07407437840598353	0.7992851928518058	0.17484091262502735	-0.08842733250148888	0.1281222196159289	0.5464759685526384	-0.04698877972882888	-0.002862917886277787	-0.7728183488199823	-1.20193292260413	0.6089202455332404	0.2749447822570801	-1.3744991633757309e-07
60	426996	clean_s0	train	-1	0.08831568362887472	1	True		0.4005402878709681	0.18223255166608812	16	0.14511750638484955	-2.453610795782879e-05	-0.013069067708896695	0.33521406645629365	-0.8424000315407796	0.37387129263480234	-0.1884936770051485	0.03980324257904398	0.0021860068038387385	-0.030401143091410145	-0.004855975690885568	-0.7742448564953283	0.6093905497564529	0.07261355794531713	-0.14730120958913773	0.0397177290185565	-0.020720912139072636	-0.013683939674068836	-0.9149409235954556	-1.702471651128779	-0.7159598448884879	0.14511750638484955	-2.453610795782879e-05
61	426996	gamma_s2	train	-1	0.09979585328462987	1	True		0.19184544820327662	0.09751398434719216	13	0.10037453472614288	3.748783683477086e-07	0.41680040902120213	0.39240933207759676	-0.7339771033202127	0.2650246048513798	0.14816086534998282	-0.1620896895108014	-0.12289250605644311	0.0021513346998957654	0.18547702910385017	-0.6167141318741455	0.6834266023618665	-0.2756576216407377	0.027470074685520592	-0.17053751763591546	-0.10795414154460742	-0.02666757235341037	-1.651065188375815	-2.327759482051094	-0.6944512617201648	0.10037453472614288	3.748783683477086e-07
62	316109	clean_s0	train	-1	0.02107163626780361	1	True		0.14185461798384477	0.19001898927153277	20	0.1819298416376114	3.519173333188519e-05	-0.5057505952200094	-0.0029166726053633466	-0.001898018538570939	-0.25877829792725787	-0.7344541306963679	0.33965451754421017	0.14879881027845615	0.017574730822610456	-0.043968445556249416	0.5706900891885405	-0.8005899062829868	0.07045838691447535	-0.14733273563283208	-0.008734572638109991	0.011588143090030277	-0.06747964692799452	-1.9529525628476418	-1.6606312682760276	0.109639748896519	0.1819298416376114	3.519173333188519e-05
63	316109	contrast_s2	train	-1	0.1904974515663751	1	True		1.8980099660282943	0.07764797747141258	7	0.33826160430908203	3.3453429750807118e-06	-0.31894823259889504	-0.4373122643943006	0.6568351489654554	-0.32159530789037166	-0.34568518469488624	0.17572940732276918	0.12324815600936845	-0.08127037518359886	0.07491988189130998	-0.3422688364021067	-0.6581939147067053	0.6028180156767393	-0.23682834442271491	-0.11600453764316969	-0.08068271050074566	-0.06764501658397863	0.6408059509796906	-2.555569776443822	-0.44336936548311207	0.33826160430908203	3.3453429750807118e-06
64	388161	clean_s0	train	-1	-0.09520958544387079	-1	True		0.28595470461737965	0.053882063404866516	7	0.12827451527118683	-1.946882184711285e-05	-0.19957808055521492	-0.03617479248612268	-0.7859684907548261	-0.0590728035057632	-0.506438452839408	-0.2703449312976579	0.08216788924367904	-0.036139440429652274	-0.15675860747540152	0.1776319221027168	-0.33191581742195647	-0.40859587578014656	-0.7947496407208396	0.1672587055969865	0.014496946920998387	-0.08332053853645797	-1.251921856165213	-2.9209576318505697	0.6713486383652534	0.12827451527118683	-1.946882184711285e-05
65	388161	color_cast_s2	train	-1	0.021612596636862966	1	True		0.40591209580597043	0.05612365170789686	7	0.1061423122882843	1.0117749980054214e-06	0.07965494932719383	-0.38785672513399355	-0.7002890623838107	0.17299115471941198	-0.4484798155642506	-0.3366346393261789	-0.08241495074502772	-0.040525175341021034	0.3482026195367848	-0.03627484074867626	0.5024944506837616	-0.7223638207972963	-0.12807977026873685	-0.09237891570361101	-0.27276530961308243	-0.061560566346581636	-0.9016186556133957	-2.8801979562123403	-0.3215345892384472	0.1061423122882843	1.0117749980054214e-06
66	73536	clean_s0	train	-1	0.2693439397857278	1	True		0.4122710595994634	0.23996160503612302	11	0.13520397245883942	-6.005911473039305e-06	0.06608621358883254	-0.10457931400323033	-0.8314212253467225	0.2946891722379734	-0.40709943154259054	-0.16894819908408648	-0.04210473172027727	-0.10269648334102566	0.048518807484010766	0.7767385147645925	-0.6171639639489463	-0.10841277527646816	0.010408320749609156	0.029397390419017715	-0.02315589613485517	-0.01303002390190751	-0.8860742343099928	-1.4272763474501402	0.39626004417805677	0.13520397245883942	-6.005911473039305e-06
67	73536	gamma_s2	train	-1	-0.14276761811880054	-1	True		0.5653983545107478	0.13757034727258255	10	0.1356220543384552	-8.670293993873202e-08	0.011826188551913138	0.38743658155175653	-0.8810213581152682	0.2107021723363232	-0.12250291998734507	-0.1156894958227593	-0.0009347531594697654	0.027696552874864628	0.12648137358084222	-0.5393257177545655	0.23214272401123806	-0.19455150117861464	-0.7516378329707625	0.1802671534257995	-0.05557614728459007	-0.029074295600317393	-0.5702247440350748	-1.9836198761714832	-0.3825043363395742	0.1356220543384552	-8.670293993873202e-08
68	404750	clean_s0	train	-1	-0.018514919105499787	-1	True		0.2778355981188288	0.062110915542499034	16	0.23572194576263428	8.740973498788662e-06	0.0023962468330355167	0.658056153546816	0.4085798602243282	-0.5096509836999111	0.34030977982575505	0.15629817718329483	-0.005618852237840309	-0.0018142407564365431	0.08729442787189608	-0.03603724112755093	-0.42040427559100313	0.8291694796636192	-0.07968503826445071	0.32634704268553894	-0.1157752518975184	-0.023732100553088067	-1.2807257138915589	-2.778833531841754	-0.5932776805566979	0.23572194576263428	8.740973498788662e-06
69	404750	contrast_s2	train	-1	0.7889079837937188	1	True		2.435641215311109	0.17566397512249404	8	0.5791822075843811	-5.396700544224586e-07	-0.23720847628169703	-0.08356761199816105	-0.700293473452353	0.47896502831493326	-0.44962853330955044	0.1044024055564653	0.0558204835684337	-0.027359441837235536	0.035729241947705374	0.6263390560478773	-0.754608919251627	-0.10235144376370045	-0.13707261718658886	-0.06748112521098606	-0.042286618847170915	-0.037169964988421976	0.8902100546456099	-1.7391823411039087	0.47185105874776734	0.5791822075843811	-5.396700544224586e-07
70	78536	clean_s0	train	-1	0.11976851976549262	1	True		0.20739859877397726	0.07862408738842198	5	0.05446851998567581	2.8777565603377298e-05	0.320767954359213	-0.5073572527890645	0.6061590960365105	-0.25360499542072623	0.2869650684083369	-0.31866837625660277	-0.14718275532683048	0.048897301566965874	0.2847143143820443	-0.6235448800981266	0.6753397718568618	-0.20435615288126532	-0.03241958782910714	-0.08666388190413446	-0.1463674430603486	-0.04795008344206703	-1.5731127393571835	-2.543077171158664	0.9063882155571673	0.05446851998567581	2.8777565603377298e-05
71	78536	color_cast_s2	train	-1	0.059822878231597626	1	True		0.07625973749421996	0.03879063284759912	6	0.062312960624694824	5.360171826396254e-07	0.1375759463148127	-0.36043999945514865	0.8591533294379348	-0.14710035306942995	0.06367229368475223	0.20770532430068614	-0.1510416567325822	0.14616314039536957	0.32050441053751744	0.7374390715428698	-0.03150776775915085	-0.36520803066746327	0.23980221005563354	0.07279916115384191	-0.3512037760000801	-0.18149926543728687	-2.573610166792843	-3.249576482927611	-0.13814918660258796	0.062312960624694824	5.360171826396254e-07
72	230433	clean_s0	train	-1	-0.02711230867780797	-1	True		0.006946370346317149	0.07863003586951532	3	0.0033543428871780634	-7.098488822521176e-06	0.0012539374865243183	-0.7071638833903887	-0.36941847946938744	0.34162198657876186	-0.43985488177862553	-0.21287357548190675	-0.030322308225234847	0.0838758377278258	-0.08535813379896161	0.3411867452153647	0.09075833764028078	-0.6238495182875553	-0.6122072425244325	0.30318438938722386	-0.005971314687190489	-0.11011883659420103	-4.9695360080111906	-2.543001516785057	-0.2923433426644665	0.0033543428871780634	-7.098488822521176e-06
73	230433	gamma_s2	train	-1	-0.02903543123253902	-1	True		0.005257343023697996	0.10438830029588363	3	0.003944137133657932	-1.7453087366448017e-06	-0.10105286453134062	-0.048342173205350336	-0.6255076890556102	0.45482181941346944	-0.4653072153946991	0.17765289428259948	0.014107680608838742	0.37557717422600523	-0.03215526976048663	-0.2924798188216929	0.6665740782665591	-0.4147595501303846	-0.4494935353895161	0.2949072572312176	0.0010045897323953652	-0.08977399413578832	-5.24812950823725	-2.25963767593528	-0.36035958983401006	0.003944137133657932	-1.7453087366448017e-06
74	410344	clean_s0	train	-1	-0.00018575262205545797	-1	True		6.398390690661762e-05	0.12693990238478148	1	0.00014530557382386178	1.2405960660544224e-05	0.05907364606347685	-0.5973334640580272	-0.408528973427957	-0.10377797299648131	-0.5105108069419096	-0.43218068381797714	-0.09599389904300118	0.07362716799289999	-0.07578195682712664	-0.7480774091064106	0.5003128791299868	0.2837488611035395	-0.24660481131167122	0.20384498276950636	-0.003111955859497768	-0.03787476146204403	-9.656878945179777	-2.0640415140833	0.243842439644374	0.00014530557382386178	1.2405960660544224e-05
75	410344	contrast_s2	train	-1	-0.03788872519375334	-1	True		4.575549417619731	0.16610747076193078	2	0.2512419521808624	9.530391253065318e-06	-0.01409234790789513	0.5799446162584291	-0.7953228563588947	0.16587491759889017	-0.05594237235185155	0.004644783930550122	-0.0025978109285503897	0.015963771603991324	-0.03825719799005381	0.719710249771724	-0.6853722759637335	-0.06682140045202281	-0.07333042071912023	0.029464908857956364	0.005843096715401827	0.008579843196575856	1.5207267828003237	-1.795120285873257	0.9563003834924789	0.2512419521808624	9.530391253065318e-06
76	83996	clean_s0	train	-1	0.5588231494720264	1	True		0.07340054444589196	0.06990451886584242	6	0.06433402001857758	5.85299676458817e-06	0.08171067541551874	0.13030946195747048	-0.8631456188284216	0.37432721795995	-0.2963137934832375	-0.04486434293076152	-0.018186301051871842	-0.032498756759709806	0.02744133828726741	-0.3927260177931673	0.14990259348687768	-0.6269415641824672	-0.6049329619485094	-0.19103593230285312	-0.08097881925178557	-0.14314520735614172	-2.611823925856589	-2.660624984237626	-0.21905729535479768	0.06433402001857758	5.85299676458817e-06
77	83996	color_cast_s2	train	-1	0.22803839271227466	1	True		0.11551038676828738	0.04563620910576681	5	0.08419207483530045	-3.890008883900009e-07	0.3163218362765852	0.6060343923747401	-0.6446976064977822	-0.20682778774109722	-0.19059542271775506	-0.03959896635894391	-0.18876545769338948	0.02688832859396988	0.34220111186356333	-0.29741876865005984	0.6685867340486285	-0.4104680201378299	-0.24844784493091723	0.1508681900180729	-0.2472764448493893	-0.1825241791133921	-2.1583948243252165	-3.087053818201215	-0.3349921144616488	0.08419207483530045	-3.890008883900009e-07
78	307683	clean_s0	train	-1	0.02700737286081084	1	True		0.2067272272589614	0.10176355722309034	8	0.2444944828748703	2.2198373699211515e-06	0.1723783621094162	0.8851391914824549	-0.16201809057776176	-0.14576404418700592	0.21370614046788444	0.2623187212554113	-0.13537562291656496	0.0806802853339634	-0.08535427986873714	-0.4101025695286404	0.05563792116513036	0.20019334217558754	-0.7641695213405482	0.4399485710205567	0.03170253493632341	-0.05331719817443603	-1.5763550974086715	-2.2851032230035635	-0.47240079838355803	0.2444944828748703	2.2198373699211515e-06
79	307683	gamma_s2	train	-1	0.1167431423601632	1	True		0.2976832578638763	0.1431272076204682	7	0.2289429008960724	1.2573174217322958e-06	0.25294622682994744	0.5724281302283633	-0.5950799033588202	0.0231450420396646	-0.3903634530258543	0.28194352930903	-0.14507970666350578	-0.027650628083363448	0.26308385631464265	-0.6009360646117915	0.5031590483656128	-0.06677513845690215	-0.4964599436644256	0.23942084626011093	-0.08756520420707009	0.023922822542286334	-1.211725250819042	-1.944021480363116	-0.30506656096610474	0.2289429008960724	1.2573174217322958e-06
80	15576	clean_s0	train	-1	-0.0220922760779705	-1	True		2.4690232876110088	0.06388488864808367	4	0.26213395595550537	-4.37067101302091e-05	-0.0982390825771073	-0.38533226078718374	0.8223869666116033	-0.3799967168919602	-0.08846407412982729	0.10497201667053892	0.03394096608945131	0.03396023960928938	0.21072292455835293	-0.1278623442018107	0.017980889086601042	-0.19510029639764678	-0.8525380516368575	0.3949783724305529	-0.0637344240618571	-0.11818845525489147	0.903822642320185	-2.7506724299303724	0.22819672981138053	0.26213395595550537	-4.37067101302091e-05
81	15576	contrast_s2	train	-1	0.03275719874107223	1	True		0.6586185709081216	0.02610422796406693	3	0.35137492418289185	1.0539998584135901e-05	-0.28606917090026085	-0.18851106446646917	0.09630198355253726	-0.5241605105286031	-0.7658689206087297	0.10784094325025513	0.020609777601517797	-0.000244272575085101	-0.03754289636936597	-0.5872766427241315	0.05316161434139982	-0.31076715204327726	-0.684975724132436	-0.11534807911053062	-0.10408185747525978	-0.24690957996205504	-0.4176107118833299	-3.6456579867738816	0.7995370304093549	0.35137492418289185	1.0539998584135901e-05
82	2434	clean_s0	train	-1	-0.10283183945316819	-1	True		0.18789536279926475	0.15661213747258299	9	0.3839702308177948	-3.3776057534851134e-05	-0.262213956328804	-0.7682761619916669	0.18340015952852382	-0.22856004124512447	-0.1819491070927267	-0.45552146026907964	0.11522740990386782	0.03518003285069085	0.08767221910339223	0.23196197912257152	-0.8133552772873461	0.5161873632415381	-0.015588003839224401	-0.03579176602188671	-0.05332710419116418	0.07837859876749512	-1.6718700519504615	-1.853982992211881	-0.45259627263045665	0.3839702308177948	-3.3776057534851134e-05
83	2434	color_cast_s2	train	-1	-0.08277280439740653	-1	True		0.15991889327415773	0.013830145746841464	8	0.18904855847358704	-1.9255546135354962e-07	-0.39083230406809205	-0.6604090003215257	-0.12126837462341566	-0.10771907505316865	-0.5237658568404921	-0.2637466878436786	0.14481208195216239	0.14119885744878463	-0.3114627407000349	-0.17056921487520937	-0.5187462764295752	0.4843344165405932	-0.5481516310764468	0.2475451586334063	-0.075237998523064	0.0530094798713961	-1.8330885093044484	-4.280904594833056	0.4635140075106432	0.18904855847358704	-1.9255546135354962e-07
84	506162	clean_s0	train	-1	0.09371485649820707	1	True		0.2117440296847414	0.0942037982204393	20	0.27681833505630493	-9.612022040528245e-07	-0.31087469231782144	-0.694136573059531	0.5978291469305875	0.015958758081534897	-0.19584481940109424	0.08331285091212927	0.09617281991284973	-0.09659988108389513	-0.09231043688083956	0.2713002252878509	-0.7954010138904338	0.39704543617060595	-0.3262014668203258	0.14365352888238095	0.0009534407360984092	-0.02285776308460391	-1.552377140956122	-2.362294777390609	-0.5506471828545464	0.27681833505630493	-9.612022040528245e-07
85	506162	gamma_s2	train	-1	-0.19760254019141704	-1	True		0.30630389616689224	0.0696483119107329	19	0.2144482135772705	-1.1081708635174436e-06	-0.09665116256892903	-0.2689663469846047	0.2633544373680147	-0.017607780728587104	-0.7542704012008677	0.5273415946200883	0.03888319109878555	0.011187727181719098	0.4476470022285654	0.46837902803412257	-0.7030377493298026	0.1723516656219905	0.10839887543737999	-0.12313831809519404	-0.16958626763009346	-0.024355904651175618	-1.1831775451201865	-2.6642968157803613	-0.5109912033776516	0.2144482135772705	-1.1081708635174436e-06
86	394404	clean_s0	train	-1	0.1999257642613299	1	True		0.12707072403243105	0.07843843639192169	7	0.17980152368545532	-1.9775679902522825e-06	0.14528120934835506	0.40793262772281974	-0.7028997839070201	-0.24025543954353706	0.14354533737786998	-0.4896275429433066	-0.013474704794461926	0.013099489531182144	-0.07114930192567373	0.5771279532703973	-0.4663803627221144	0.5187596191868562	0.0584374925522212	0.41193973173033943	-0.01069542215482407	-0.04489144643788934	-2.063011465371869	-2.545441211650203	0.2345239552521186	0.17980152368545532	-1.9775679902522825e-06
87	394404	contrast_s2	train	-1	0.9553500430525124	1	True		1.0809755139913604	0.16940994070270118	6	0.20905408263206482	9.974135537049733e-06	-0.010018408780768285	-0.5959664724679761	0.7611351665696027	-0.24438868648380283	-0.05338534779183013	-0.018635774686963664	0.00034493753137155035	0.04973546891881535	-0.02607184373304057	0.7593417819104524	-0.6435855693339004	-0.08702304959434827	0.0056343855961865615	0.016662261129040064	0.016855495122286433	-0.018746626877272018	0.0778638871446169	-1.7754338166458643	-0.9224070714714384	0.20905408263206482	9.974135537049733e-06
88	10903	clean_s0	train	-1	-0.22757739155048531	-1	True		0.465105482108918	0.28293142136694777	16	0.20469315350055695	-2.1221501810941845e-05	0.04116876660184381	-0.033964501188049716	-0.7225748081927695	-0.25668877456539346	-0.5379150901770984	-0.34286586371587047	-0.0427674424472329	-0.020232795486187876	-0.002982366217283028	0.2920262200123515	-0.5950691184691693	0.2729279925893823	-0.5752910667177171	0.3932614692768388	-0.0043661545276883615	-0.021940589032303247	-0.7654910558726844	-1.2625507380266485	0.5251355583566475	0.20469315350055695	-2.1221501810941845e-05
89	10903	color_cast_s2	train	-1	-0.07213701453913357	-1	True		0.14086978575282263	0.10538847935255757	15	0.18040555715560913	-1.7841793464867806e-07	0.11547638589586914	0.5214533343221677	0.5206449602726819	-0.04648991180820032	0.12198143905013586	0.6301886325490195	-0.12701159662680847	-0.11562875122049546	0.08258119018104723	0.3515345817689286	0.5736213084973895	-0.19233333539768957	-0.2045107449417338	0.6761430532942674	-0.06418091566131857	-0.021377654514670715	-1.9599193205897418	-2.250101952894941	0.9122144036131403	0.18040555715560913	-1.7841793464867806e-07
90	165334	clean_s0	train	-1	0.06589206551584086	1	True		0.06309130573996777	0.23576256613463212	20	0.11548314988613129	0.00014314497821033	-0.29405038131054106	-0.05165421952394691	-0.41977440423316625	0.8049136136340742	0.11045392214149144	0.16088291758488235	0.14218750070259079	-0.1687278030406126	0.06269101876951716	-0.04093913226674314	0.7886105067189658	-0.6018974650596375	0.027375983658622705	0.08540617084942588	-0.046507466762061876	-0.00036178526580031654	-2.7631723043328815	-1.444930056086857	-0.8216211668332581	0.11548314988613129	0.00014314497821033
91	165334	gamma_s2	train	-1	-0.0031554807307448054	-1	True		0.07237736245673351	0.17641338145253935	20	0.08645998686552048	3.178949100401951e-06	-0.031182223039937944	0.21264459801589483	-0.44589188205882624	-0.17046096459402177	-0.7786408392772617	0.27045670217117174	-0.043801523886342265	-0.21115509726870474	-0.03878391911383281	-0.2889253212150869	0.8520096388866745	-0.4015802434992046	0.1619802687458925	-0.0003435172550933787	0.035345202296868244	0.01854294610920465	-2.625861701718659	-1.7349252797064076	-0.5033604359755095	0.08645998686552048	3.178949100401951e-06
92	115151	clean_s0	train	-1	-0.012917162999079008	-1	True		0.22113369183327442	0.1871273686397273	16	0.21948792040348053	2.256194784422405e-05	0.1145730236148259	-0.20454918936621042	-0.7275574592297122	0.6068994647346917	-0.03870366469033042	-0.2066685694870381	-0.04908365015534928	-0.027326884517554353	-0.0961890267001238	0.4017389265567755	-0.8435370242908286	0.08793072419900684	-0.3248643199511384	-0.020921281067468666	0.028466739233348044	-0.057289622025440766	-1.5089878199405031	-1.6759657782557784	0.5909562305725393	0.21948792040348053	2.256194784422405e-05
93	115151	contrast_s2	train	-1	0.26082077831067696	1	True		0.4325322294422231	0.15876718959928754	16	0.16720856726169586	-9.347284503746778e-06	0.07682520513110742	0.3571255135582792	-0.8676288021074943	0.30619473582009427	-0.02311000670438873	-0.13070709352045526	-0.033510799982280084	0.035817740092831424	-0.019722979763223188	0.42366775811006124	-0.8569638768659038	0.25686000723695634	-0.13442633741895288	-0.030303653026924744	-0.009222946514803338	-0.026051312880206786	-0.8380984364427333	-1.8403163661246014	0.9784065328515446	0.16720856726169586	-9.347284503746778e-06
94	229472	clean_s0	train	-1	0.043470012132425934	1	True		0.4300853405511561	0.1663642242707282	7	0.12450861930847168	8.899150998331606e-07	0.6301557307069776	-0.5904518469087575	0.07934162640879905	0.1132293450343358	0.16382218354604683	-0.40518307896520145	-0.20932304926125503	-0.018089196303287584	-0.00267769478701911	0.4743392470818336	-0.8492535819203457	0.19556120747656494	-0.10159525948204007	-0.05609043958825414	0.001345111199644169	-0.04527397547873703	-0.8437716235860167	-1.793575772077509	-0.32037899538370007	0.12450861930847168	8.899150998331606e-07
95	229472	color_cast_s2	train	-1	0.14571835884637316	1	True		0.6816021659335972	0.09826883588129318	8	0.12085838615894318	-4.569072871163371e-07	0.3695025735673715	-0.1530545058425138	-0.05041720260553334	-0.016686380311375412	0.6489972516947278	-0.6269630340544803	-0.10493348924545089	0.10922783901396699	0.5854620320259079	0.5184801160514101	-0.03808161825511181	-0.44519187245865605	0.2952187368745664	-0.18755906852500256	-0.25040201943374535	-0.06109735852397813	-0.3833091257511334	-2.3200483327928225	0.4751133958861358	0.12085838615894318	-4.569072871163371e-07
96	429602	clean_s0	train	-1	-0.025152614747597564	-1	True		0.1810903861404007	0.24258473064603361	6	0.08378484100103378	6.339902029139921e-05	-0.3118612770276972	-0.5603546552182426	-0.3543288032081099	0.5459363168863062	0.12284771008205231	-0.35461066478583864	0.15441342255807414	-0.021588257415094767	-0.028623987142703203	0.4929222217826562	-0.7760469562728521	0.33862935289509244	-0.13769564836412948	0.13936451266117056	0.00250018146111084	-0.030013726311649086	-1.7087590014135232	-1.416404224902181	0.12725957056001305	0.08378484100103378	6.339902029139921e-05
97	429602	gamma_s2	train	-1	-0.11524982617516757	-1	True		0.07035031463784215	0.10607049489203725	6	0.035152144730091095	-4.5350941491051344e-07	-0.3950104234065933	-0.4723757045252998	0.504682460278172	-0.08717149542032694	0.4573133172529794	-0.3694584276740882	0.11018591953757569	-0.02736360793136749	0.4860699860384024	-0.0857217679819833	-0.34878225050884093	0.10633010132862107	-0.7122038847893806	0.2770190458627646	-0.1848401457094227	-0.07275158887313614	-2.6542680229535294	-2.243651359754541	-0.7832264463776601	0.035152144730091095	-4.5350941491051344e-07
98	41110	clean_s0	train	-1	0.10366496990660683	1	True		0.2840066795736697	0.4486401536506955	3	0.22380247712135315	-1.4237166396924295e-05	0.11995621073918483	0.5202953338342672	-0.4548950940879741	-0.09483845642823667	0.5617208555931339	-0.4264310977216982	0.02586730130767289	0.0306018897453853	0.014701212551318012	0.6830296325681978	-0.7275553060083606	-0.02531697740071882	-0.051327518602524456	-0.013355848794506627	-0.013306228915456011	-0.016934407055553935	-1.2587575214683946	-0.8015341520927525	0.6665041853930069	0.22380247712135315	-1.4237166396924295e-05
99	41110	contrast_s2	train	-1	-0.06166522806764775	-1	True		1.7851554533392913	0.1230932428515524	5	0.43319815397262573	-3.973155457970279e-07	-0.10755073226860858	0.3316601643255127	-0.8451708437385071	0.3196823909702825	-0.2453595779089885	0.03717196101719806	0.016952218475105193	-0.0073030347140121	0.10523737213414279	0.690581054290627	-0.5039111724768439	-0.47438868577678545	-0.08913214890803974	-0.14325001290607214	-0.06716286664874688	-0.008709258398550579	0.5795055001456467	-2.094813138829174	0.5074267779705199	0.43319815397262573	-3.973155457970279e-07
100	412437	clean_s0	train	-1	0.21502137854176584	1	True		0.16451656517934402	0.08228481363215516	11	0.10025770962238312	-7.509715942433104e-06	0.1390340892109242	-0.0132124095377864	0.34670195845893437	-0.5031404754686447	0.5685148704706675	-0.5324740614174744	0.0024088420677040234	-0.019969518182868098	-0.07186483254842242	-0.01692879729962073	-0.47890973726211933	0.11213251624030883	-0.8101048860918415	0.3075817814259722	0.01792104645683983	-0.03772242511366707	-1.8047440136621715	-2.4975687128318667	-0.8557648698404914	0.10025770962238312	-7.509715942433104e-06
101	412437	color_cast_s2	train	-1	-0.1674454111952605	-1	True		0.15256684637612983	0.1162825785508735	11	0.11150948703289032	4.722713242699683e-08	0.09973781012725264	0.8632789926970255	-0.41915393042648474	-0.2119400638176618	0.08366386520669547	0.10713536236427208	-0.07556001449422682	0.0024895666891132807	0.18170958605213453	0.7106704107316498	0.34202450481863733	-0.3228586464085173	0.43116205200033325	0.21544790108914086	-0.08857731757709632	-0.02337245846906705	-1.8801524420770126	-2.1517320281686225	0.6224854079955134	0.11150948703289032	4.722713242699683e-08
102	218917	clean_s0	train	-1	-0.09475416920987556	-1	True		0.36842331349704105	0.036433313666870096	20	0.20102545619010925	-3.70648194802925e-05	0.02703242692634462	-0.6746243414530337	0.625231612958487	-0.29909723472033983	-0.2192424307400758	-0.093232387501571	-0.030231289715155246	-0.07812853354682203	0.3369017038430612	-0.5987781761686676	-0.4380152018764673	0.23096133455224382	-0.3698483799007417	-0.3144957157171186	-0.20939215748405704	-0.056754097370865064	-0.9985226934924163	-3.3122717122335876	0.1912887094306593	0.20102545619010925	-3.70648194802925e-05
103	218917	gamma_s2	train	-1	-0.022264661845810507	-1	True		0.4852114519594152	0.1331335256701973	20	0.28535374999046326	-2.976086932449107e-09	0.31502331923067484	-0.5318037720730384	0.4691273453766931	-0.1606841937163285	0.39778736177055407	-0.44806354606100474	-0.08521224677137663	-0.076081052583669	0.50574460835638	-0.47867448898096054	-0.11561489370163203	0.2812333243488716	0.3759881392657845	-0.4970403153161609	-0.18441608499554552	-0.014446107055824343	-0.7231704996342752	-2.0164027019685444	0.7035369460704273	0.28535374999046326	-2.976086932449107e-09
104	403225	clean_s0	train	-1	0.3977553468952782	1	True		0.33207971422278937	0.12199660004457369	3	0.03501713275909424	1.2848246115026996e-05	-0.02295091237620624	0.42123674577944087	-0.850345843065155	0.30376098762566284	-0.023083053117919423	-0.07376862178301738	0.01030927735909289	-0.024354693552563367	-0.04489276039880963	0.405887750821345	-0.7681870236064658	-0.12535525293231617	-0.47480072806724877	-0.009272052499708187	-0.029854585183802494	-0.03164699856607584	-1.102380235802078	-2.103762103116118	0.7992585826167674	0.03501713275909424	1.2848246115026996e-05
105	403225	contrast_s2	train	-1	1.0079654448549706	1	True		1.8233300472762402	0.17778893547252086	3	0.24547365307807922	4.5895681068941485e-06	-0.029713755161063653	0.6205529886665977	-0.773903830595322	0.07058423609439984	-0.09496650986423955	0.008800369768166373	-0.0012178114217823851	-0.0320037505057138	-0.08277227926781444	0.6580637648027091	-0.7374803551005632	0.0808935755895322	-0.07423930462860585	0.054617744391164555	0.033090903386711244	-0.009497697366628945	0.6006645255396078	-1.7271581880213833	0.9950661617195282	0.24547365307807922	4.5895681068941485e-06
106	390571	clean_s0	train	-1	0.6038455227768676	1	True		1.4635469032836312	0.15375290857678287	8	0.13019677996635437	-0.00014132485375739634	0.13322805617425607	-0.49692582456945433	-0.2055009621455339	-0.34427185355091094	-0.7182727690254587	-0.23690917254171256	-0.023933241792716275	-0.04412174647385331	0.07653203847847152	0.3005105312874415	-0.6901645788343395	0.48795074274925887	-0.31592212474706866	0.298795734695953	-0.005361250411089494	-0.01728500646108888	0.380862875344578	-1.8724084548953694	-0.008271684640936606	0.13019677996635437	-0.00014132485375739634
107	390571	color_cast_s2	train	-1	0.7299160265720726	1	True		1.4489335014132834	0.09626187968765691	5	0.16301175951957703	-1.6797694968317955e-07	0.0539247618234215	-0.6737169407205613	-0.4238896974113925	0.07512982490961387	-0.349909531654361	-0.4851547396149157	-0.00017281301107736246	0.007668513991349509	-0.01817759458756614	0.8336037404655354	-0.30012085218098805	0.10112286230806344	0.012754020159092088	0.4485712041022576	0.055031104158735265	0.008295005484399768	0.3708277695416754	-2.3406828880938284	-0.6498128027716578	0.16301175951957703	-1.6797694968317955e-07
108	228505	clean_s0	train	-1	0.07492355660676338	1	True		0.023250214937024435	0.21971073300803218	3	0.016112331300973892	3.3887044992297888e-06	-0.06492095486304172	0.17351841747732552	-0.6618425179545365	0.34196072868023664	-0.5523999145759226	0.2928935240363827	-0.07881824863968148	0.11644471406350398	0.07419603520605575	0.8805885892546363	-0.24003905015544913	-0.33757123033865016	0.20155779537464097	0.07315942857191023	-0.0309211029989073	0.023487064468017342	-3.761440902345291	-1.515443447762393	0.10667291205203733	0.016112331300973892	3.3887044992297888e-06
109	228505	gamma_s2	train	-1	0.15442381515450626	1	True		0.13119228638698818	0.1818128419177637	3	0.023593198508024216	7.274985364347231e-06	0.25832677370504353	0.7081390617996081	-0.5338032814663553	-0.28893360330587087	-0.09553240736757129	-0.01375281273888906	-0.16803952006399647	0.16070132445905103	-0.022246064987521793	0.8425032823600355	-0.4640514705557584	-0.16817418420466607	0.21233061265112796	-0.0014809053270287763	0.026727405183302178	0.01631477548256961	-2.0310911969749914	-1.7047774621165155	0.8650325582328936	0.023593198508024216	7.274985364347231e-06
110	577481	clean_s0	train	-1	-0.04698361984950896	-1	True		0.2868470265007506	0.2719976363535821	6	0.23321625590324402	-2.341014624107629e-05	-0.16617626021172235	-0.7366109271858192	-0.10160918424822564	0.6227841095586286	-0.09369393442916144	-0.08781833025044398	0.08673041249850592	-0.08713519446380241	-0.10063943831480264	0.4197035558856497	-0.7747956644558612	0.3520661675258853	-0.24154608071117142	0.17205590707569307	0.036398386544087676	-0.013752593927143463	-1.2488062140268532	-1.3019619025967568	0.017430152321730598	0.23321625590324402	-2.341014624107629e-05
111	577481	contrast_s2	train	-1	-0.003857256709235627	-1	True		0.2194077827202994	0.07672781198712081	7	0.2510793209075928	1.345254531770479e-06	0.18792032842293654	0.15991010650256798	-0.8186801324779366	0.41545886642616064	0.11528709521579968	-0.25867404481542977	-0.06499274998968442	-0.10883035262619462	0.13704008917892335	-0.3495131142442819	-0.6173870053211286	0.6481592503815612	0.0030193718962189396	-0.2321009217098363	-0.05764279783495423	-0.024100251056923105	-1.516823259020381	-2.5674910289280533	0.8113437035850378	0.2510793209075928	1.345254531770479e-06
112	363640	clean_s0	train	-1	-0.021940990256960467	-1	True		0.5055751807585559	0.20332274066182332	5	0.15221670269966125	0.00010153176845051348	0.1147891750861788	0.29909623174385	0.12453829225702322	-0.825227715796506	-0.440886236219802	0.028343925147080704	-0.07461409287906702	0.01014918921495159	-0.004336305659676051	0.432706435782611	-0.8239279744130221	0.35827723655842747	-0.06602785210781162	0.02386472270039	-0.0006533302192623883	-0.02442995160651	-0.6820585260419657	-1.5929607069407556	-0.23975979042322557	0.15221670269966125	0.00010153176845051348
113	363640	color_cast_s2	train	-1	-0.04998252618311677	-1	True		0.0973399452118041	0.1297822420289354	4	0.05780868977308273	2.057591700577177e-06	0.15561077316892674	0.8169787214361938	-0.3033844336416546	-0.34974308269538934	-0.14177354994983613	0.22046164922815095	-0.12475160905626476	0.09850215884162612	-0.03369969575415517	-0.6808663955496657	0.5010719468965675	-0.32838845178918696	-0.41398766428105555	-0.06794750562166094	0.010787159839370343	-0.015943592824945153	-2.3295458374205857	-2.0418972943185536	-0.557866744599299	0.05780868977308273	2.057591700577177e-06
114	338363	clean_s0	train	-1	0.005258089643390371	1	True		0.21460387050628985	0.1031095644304353	2	0.0575118251144886	1.382737173116766e-05	-0.18041111910527255	-0.13100326677935967	-0.8260436765586209	0.1414647809781491	-0.3379223036066743	-0.3445587176826443	0.12198038423565742	-0.011752659405095489	0.0716622118257231	-0.7519444542506024	0.48690388676041474	-0.13802707316299173	0.13339278785760794	-0.38697437172221383	-0.0679123313422744	-0.0340927009739861	-1.5389614130335063	-2.271963123770825	-0.25577562354332833	0.0575118251144886	1.382737173116766e-05
115	338363	gamma_s2	train	-1	-0.007231788741065499	-1	True		0.10831086729543302	0.09566939397276226	2	0.03371322154998779	1.973970711333095e-07	-0.20063087878179425	0.33982229717054313	-0.7005144743955576	0.5724026959610631	0.11364070760746575	0.07074238332283474	0.08901419082077719	-0.007775617926509784	0.3016803477675659	0.23151464642481587	-0.6791785990138789	-0.08711750567568292	-0.6014732165076794	0.048107935495099875	-0.14740635741463357	-0.02653053424216406	-2.222749785628623	-2.346856843860444	0.36619205164100216	0.03371322154998779	1.973970711333095e-07
116	489744	clean_s0	train	-1	-0.07062935243218085	-1	True		0.0956636101246468	0.08171320274197535	7	0.14928236603736877	1.144668203778565e-06	-0.27494584105862235	0.2209878577418696	0.4488687758436394	-0.732848424232514	-0.13157324641153187	0.049471110740229904	0.09319821604373056	0.3295062107517817	-0.18380664284948925	0.17930512478324132	0.07204839050031589	-0.813160015667127	-0.5075241614946862	-0.03915643133331898	0.055832624350641735	-0.07357530859885852	-2.346917302307166	-2.5045396898908825	0.7642239056490038	0.14928236603736877	1.144668203778565e-06
117	489744	contrast_s2	train	-1	-0.22009832236014676	-1	True		2.1862492917443546	0.03962443106961894	4	0.21189334988594055	-2.898460024880478e-06	0.058645418512972385	0.6825802235070461	-0.7207575538786521	-0.04959564405969809	0.02095064397709828	-0.0784274934961572	-0.02428618705289812	-0.03891213024298022	-0.28385895648121245	-0.5427621707784306	0.4472238887472488	-0.35527735440388075	-0.5233383010809416	0.05231407144971893	0.08029618646083996	-0.12463906497679726	0.7821874233919509	-3.228309404727037	-0.7040127906188749	0.21189334988594055	-2.898460024880478e-06
118	73610	clean_s0	train	-1	0.036049651738284026	1	True		0.2349988971113713	0.05088812535231342	6	0.07956533879041672	7.095182354532881e-06	-0.1375083780455128	0.5245864967888341	-0.7550620133825048	0.3293517341729378	-0.09049211740610469	0.13660040547818111	0.01967806380512366	0.008574625652165227	-0.263835718475054	-0.423643644447252	0.20387610168029655	-0.053138709063520306	-0.7601354302949711	0.3514615917921023	0.04802292459565543	-0.053761182261266506	-1.4481744579878364	-2.9781256762909227	-0.24011846269314938	0.07956533879041672	7.095182354532881e-06
119	73610	color_cast_s2	train	-1	0.1985984061539885	1	True		0.18027737249516407	0.06028642114482237	7	0.2145472764968872	-4.5728114628218464e-07	-0.142170403844801	0.7114745777154787	-0.586807873929963	0.05590240595270082	-0.09185661110963585	0.19651364376765082	0.029095811362952705	0.27968040009327566	0.07482656971520821	0.7065853910948993	0.001608921809310493	-0.37633466056885895	-0.33657077939956354	0.4821706054108232	-0.0840908324004543	-0.025846736471186016	-1.7132586558378762	-2.8086483889025082	0.586091115345868	0.2145472764968872	-4.5728114628218464e-07
120	463892	clean_s0	train	-1	-0.06516877694686549	-1	True		1.3859585344901635	0.21032772682403172	8	0.2649601995944977	9.52572372625582e-06	0.03908005439625941	0.841276603279046	-0.3697290293941058	0.028612136199129685	0.3777327139964026	0.08831240366111254	-0.0448695212691269	-0.02671813626014694	0.029023548290439415	-0.8803274358542482	0.07181542489831576	0.28253952608051264	-0.3489721984811741	-0.12767872804650526	-0.004218571902482926	-0.03307493021954824	0.3263919829256344	-1.5590883608127957	-0.8999536663218387	0.2649601995944977	9.52572372625582e-06
121	463892	gamma_s2	train	-1	-0.10279262844999312	-1	True		0.15226066047831494	0.37100205757378596	7	0.08170430362224579	6.826732033005101e-07	-0.05134056991707713	-0.8589449309046175	0.21651017581137322	0.40392350477534916	-0.16712237550299794	-0.051496192965003476	0.044805343662685536	0.13022147478990337	0.10824869829752007	-0.8941244145205645	0.26565275205513655	0.2598722820307936	-0.08606280841944199	-0.20380705718145634	-0.037435642185785295	-0.019318700047632812	-1.882161355274815	-0.9915476703663992	0.9456164126963686	0.08170430362224579	6.826732033005101e-07
122	263261	clean_s0	train	-1	0.09209488889704177	1	True		0.08230102649725062	0.27748710595872467	7	0.12035113573074341	-6.269415462156758e-05	-0.233020400839469	0.22332697637755575	-0.8250667952677444	0.3676821876568079	-0.27765934630353395	0.031452004112709334	0.04261983735161556	-0.0008688662720219621	-0.010518140210303338	0.1855935091481069	-0.5540008701735344	0.23392191930626027	-0.671735805785814	0.38754422473222827	-0.0029011281483739154	-0.04878579869068795	-2.4973716987371555	-1.2819808118851812	0.78561713404078	0.12035113573074341	-6.269415462156758e-05
123	263261	contrast_s2	train	-1	0.17263521331195011	1	True		0.475519388808997	0.10979017801720252	7	0.19100706279277802	-6.702276095893467e-06	-0.3294600781561499	0.14122053308566737	-0.6024879833833633	0.3028721639207375	-0.563660003977298	0.29233695418808714	0.06773190316331672	-0.09501786442019995	0.08831958757414483	0.30671257571308036	-0.8790222624943583	0.30514053941530667	-0.09861484389023902	-0.12158621310401287	-0.06162762281396928	-0.06348307672465058	-0.7433476222023444	-2.209184207294033	0.6581342312592259	0.19100706279277802	-6.702276095893467e-06
124	161193	clean_s0	train	-1	0.22832566518921732	1	True		1.1445497256022736	0.07395645530001148	5	1.007339596748352	1.5192610590020195e-05	0.16585133657236026	0.7088172767597781	0.15165725289825024	-0.623155139170043	-0.05606996071464122	0.21163567768476604	-0.10354402486456768	0.0097101412348564	0.11910457340199403	0.005187614133364673	0.5455518306399049	-0.645270872462452	0.3843176137219664	-0.34541660940523145	-0.05175326517740686	-0.045769288150551354	0.13501130691383056	-2.6042788008560613	0.418534638899473	1.007339596748352	1.5192610590020195e-05
125	161193	color_cast_s2	train	-1	-0.3232814471563094	-1	True		0.865133773986178	0.08941758539803175	3	0.5093543529510498	1.4211353800419602e-06	-0.22029813524629438	-0.7123398358266951	0.5595882360744349	-0.0950504164826342	0.15822824651864884	-0.29288890325986083	0.10031318048434097	-0.03137343533400057	0.4040673474108002	0.7235687175871448	-0.24169805581903084	-0.16975570926791184	0.4267741205672579	-0.0827091109237948	-0.19206971020297353	0.008672834274962791	-0.14487113199934856	-2.4144379114593426	-0.6513450610615366	0.5093543529510498	1.4211353800419602e-06
126	540556	clean_s0	train	-1	0.22297419026433568	1	True		0.3133896522799027	0.999066664727518	16	0.1638774275779724	-3.2800751796457916e-05	-0.11638300353255707	0.6080466328943498	-0.29847405050765136	-0.42074017702265704	0.4312374070772607	-0.39126250322545325	0.03480824415868384	-0.10179180598812787	0.00329727842185187	0.6109976630971213	-0.7773487290094222	0.14404624758394521	0.022805596214716964	-0.03254029439851981	0.0032261695460064394	-0.007825698632945964	-1.1603079672157035	-0.0009337711000503654	0.5660190171975658	0.1638774275779724	-3.2800751796457916e-05
127	540556	gamma_s2	train	-1	0.39572077071826994	1	True		0.33046639413670453	0.3697152388502654	12	0.13934651017189026	-4.2639868524929625e-07	0.4207573005796096	0.08647625490983578	0.2915400239082805	-0.48157123075477853	0.5272516965616807	-0.45503081269367446	-0.0947397251776975	-0.06749598472488785	0.018508612479655018	0.6095428716237472	-0.7493851410952521	0.015567694282114143	0.15757300562457216	-0.20331004137993883	0.009218515948022721	-0.006728302012727712	-1.1072503067432402	-0.9950221943833294	0.009699644530741063	0.13934651017189026	-4.2639868524929625e-07
128	544046	clean_s0	train	-1	-0.01724364712031339	-1	True		0.33768737982668284	0.2713917574117964	6	0.13979682326316833	7.06114005879499e-05	0.29600791729002646	0.05773277993341397	0.6228603341173765	-0.652064627846338	0.2509876662227145	-0.1604704213765313	-0.07192119887266941	0.044550429085439935	0.03865567883313502	0.5093702283937837	-0.823522551912156	0.12610096597878045	-0.20813910546044395	0.014490205358916795	-0.029363231813945657	-0.023723598550321193	-1.0856347232463361	-1.3041919026660125	-0.6078264203549082	0.13979682326316833	7.06114005879499e-05
129	544046	contrast_s2	train	-1	0.3716405956095415	1	True		0.30807227298136186	0.03897412178551892	5	0.13977035880088806	-1.683634422988689e-06	-0.24986861293484072	0.04001672257047382	0.6249992624011637	-0.6261409336033448	-0.2935952017286499	0.23982666018217286	0.07460380778377679	0.06330161052072186	-0.3267245422173549	-0.6279868484094173	0.39129716033551565	0.40864806606380266	-0.24948649396304523	0.3040082351223541	0.12108119148249342	-0.09721990268985983	-1.177420870995028	-3.2448573970306125	0.1942336464154713	0.13977035880088806	-1.683634422988689e-06
130	442259	clean_s0	train	-1	0.018422615887518853	1	True		0.36788360873883136	0.3055116560767385	2	0.057009775191545486	1.5729461665614508e-05	0.18324760649243402	0.36517176766589093	-0.5057221404448105	-0.14194145435773384	0.4929906488024361	-0.559392362614011	-0.03378724550502587	-0.008152416298740398	-0.08287926435413494	0.5413108770357815	-0.8049758569623772	0.10877950168365244	0.09036616518996764	-0.17691162225163748	0.025686331681126016	-0.013072800900625584	-0.9999886714387477	-1.1857673469977192	0.7168892049918127	0.057009775191545486	1.5729461665614508e-05
131	442259	color_cast_s2	train	-1	0.09261040439559666	1	True		0.009287551739360932	0.0647348670967695	1	0.007722286507487297	-3.3944616006920114e-06	0.750057254976711	-0.37974904027606493	-0.09516338909859384	0.05539290593438109	-0.13097924043892276	-0.2081376132782261	-0.37918986296508095	-0.27716160653252575	-0.26121615384399466	0.5679364543556243	0.17045668217111615	-0.15378827461644198	0.7212053384469581	-0.0985364181663793	0.10074078389549693	-0.12850182643993754	-4.679080297986247	-2.7374553184933372	-0.5128783137006998	0.007722286507487297	-3.3944616006920114e-06
132	52751	clean_s0	train	-1	0.00672239160079901	1	True		0.7629785205641123	0.3833690465811704	6	0.11742573976516724	7.190932592493482e-06	0.04856600840617919	0.2937539675408441	-0.8199931876587518	0.47572759165668316	-0.052412181762842965	0.0013709375867938913	0.0014657012484825135	0.09946514747134104	-0.032582205910663894	0.6969819947972575	-0.6804500594170766	-0.07563133390077258	-0.18853319672499058	0.09336674775960978	-0.00606580060079847	-0.011099863126250909	-0.2705253993847447	-0.9587571856355737	0.7340398355083384	0.11742573976516724	7.190932592493482e-06
133	52751	gamma_s2	train	-1	-0.04258745253353396	-1	True		0.38624879843289767	0.14122257805597865	6	0.157643660902977	-1.3274236607685452e-06	-0.4376082280866344	-0.3907309365660896	-0.1934927004595511	0.08608476777282438	0.4098938440143037	-0.6550070714664625	0.11783171627352766	0.006842598219607421	0.3826335822827246	0.22364553382752458	-0.2669511673223427	-0.14983710504457232	-0.7319625296468141	0.3886763237359761	-0.14836986701541824	-0.031750373751809155	-0.9512735616257709	-1.9574180654524482	-0.7883870296105475	0.157643660902977	-1.3274236607685452e-06
134	535993	clean_s0	train	-1	0.069380494367858	1	True		0.11675995217402092	0.11326464365967188	20	0.13980458676815033	2.436649810988456e-05	-0.35233221025258143	0.3208528816435702	-0.2404677568171152	0.6643628336638299	0.1087516197756585	0.4587742976683623	0.22640958795235547	-0.012274062010836393	-0.14819455009070323	0.2804908730767589	-0.5398432452287697	-0.22831292928413538	-0.7219419978458471	0.1689949120395138	0.0351944659121088	-0.06933645036506389	-2.1476351425970184	-2.178028219131023	0.12817985268137927	0.13980458676815033	2.436649810988456e-05
135	535993	contrast_s2	train	-1	0.06860216478731078	1	True		0.2773372741399313	0.06279565334831244	15	0.1650383621454239	2.6197889383183792e-05	-0.08678647045309042	-0.8058690945003196	0.46928008674218175	-0.04044904288653569	-0.3472288664260988	-0.021502803919770663	-0.008899471886628894	-0.008586578439938946	0.07900886133018775	0.30098974828688263	-0.7064566887017739	-0.335718944804992	-0.46342265411431505	-0.20036386874809378	-0.11998735509133501	-0.148564150067675	-1.2825209172872132	-2.767869422086319	-0.39979619260462734	0.1650383621454239	2.6197889383183792e-05
136	95702	clean_s0	train	-1	-0.0423228328123133	-1	True		0.21638908334670265	0.0414328175900451	9	0.1429688036441803	-3.67213215213269e-06	-0.10300137396239517	0.03859316999822696	-0.8355166528329603	0.44832998649110845	-0.0010520937684334135	-0.2506981459825449	0.048821022450721646	0.1535554320116238	0.2620473190091776	-0.2156971931147347	-0.4692887859685937	-0.024806086531496938	-0.7600976333827837	0.036287832719859005	-0.2002244538036206	-0.21166852834278457	-1.5306771799195185	-3.183682016732088	0.29508599761345355	0.1429688036441803	-3.67213215213269e-06
137	95702	color_cast_s2	train	-1	-0.03354624842613971	-1	True		0.09407568373271867	0.05975173673011601	9	0.11867475509643555	1.4337661013996694e-07	0.22015418888046084	-0.801738099133341	0.33919582539352694	-0.04520268994824875	-0.13813036005953522	-0.26662059014427086	-0.1214082024167951	0.2945243203524909	0.18417716086964894	0.3058570276606491	-0.15707742791863546	-0.25059621465606574	-0.7356218765051429	0.45719386309951876	-0.14684727740005887	-0.11544944487096741	-2.3636556745649906	-2.8175570219633865	-0.2830820315492684	0.11867475509643555	1.4337661013996694e-07
138	367673	clean_s0	train	-1	0.17926939778943096	1	True		0.19050756469100968	0.04723950506074001	12	0.10238529741764069	-9.783499990589917e-06	-0.21627302093778503	-0.36048540818506997	0.7774851881654359	-0.44500721580824176	-0.11247304854665885	0.06092909183508433	0.05675266531279362	-0.03432499162723901	-0.09576768097068912	-0.19496587596865161	-0.7139899738540986	0.05450842180404365	-0.6362966671221105	-0.1573624900617909	-0.05892571547497825	-0.08339883585398679	-1.6580633755344472	-3.052524764809046	-0.4268822058861799	0.10238529741764069	-9.783499990589917e-06
139	367673	gamma_s2	train	-1	0.21220794412069574	1	True		0.27468395067823825	0.06815572788106135	13	0.11935001611709595	3.4021113037852047e-07	0.15951522968735005	-0.53580604341102	0.4986979391743877	-0.09221246255161071	-0.5675868411501943	0.3161422804817231	-0.06652792224830717	0.06113325080844691	-0.04232947888216789	-0.04331314776342288	-0.3431919246168904	0.026482483501365412	-0.8607046622881317	0.3611657687060487	0.014331420489084423	-0.0799471674395336	-1.2921341124903738	-2.6859600762120697	0.439727669534002	0.11935001611709595	3.4021113037852047e-07
140	174773	clean_s0	train	-1	-0.08462232248570717	-1	True		0.08919677667043548	0.06279185712353426	20	0.11484776437282562	1.0461599231348373e-05	-0.44695373470579436	-0.26632913371838357	0.0012549123136193305	-0.4719741749961905	-0.6510441991127393	-0.06203893129434901	0.11186687488355228	-0.2575235503482747	0.22121461809810095	-0.2427732412546673	0.2399504529370491	-0.4983680674941287	-0.728159588834504	0.1637233227415535	-0.15925585704297507	-0.06159670650590159	-2.4169103760195476	-2.767929877537104	0.6632568654639703	0.11484776437282562	1.0461599231348373e-05
141	174773	contrast_s2	train	-1	-0.2659859296378663	-1	True		0.6324212722131887	0.055566103654397556	16	0.17467400431632996	-2.164371107937768e-05	-0.2055039292206255	0.7240707475326871	-0.6182716333072301	-0.014458450461911623	-0.13137594011352074	0.16065605084198137	0.08859894422352216	-0.010052415960974935	0.11565381298321809	0.7236058305248091	-0.4680837971616698	-0.46013244379461304	-0.05150695123375961	-0.11044080989134619	-0.07185227683101525	-0.1103702964506601	-0.4581995369352025	-2.890181910121238	0.779997479604186	0.17467400431632996	-2.164371107937768e-05
142	267560	clean_s0	train	-1	-0.01652809804024202	-1	True		1.0147400067692538	0.01773857798994783	4	0.6904010772705078	-1.3374392437981442e-07	0.24232099387359385	-0.7194000003167784	0.6292139594301316	-0.0468777245091341	0.026140934491818684	-0.11772733924625271	-0.10387941555735429	0.017390797417566852	0.24410077939024144	-0.0235876949789258	-0.780386695099154	0.48965776446628473	-0.044686400366504314	-0.1944970829090462	-0.16747519291951055	0.1523692224917435	0.014632428716221665	-4.032013463659225	-0.3960879856146252	0.6904010772705078	-1.3374392437981442e-07
143	267560	color_cast_s2	train	-1	0.31021809709094944	1	True		1.0663787060686958	0.038084629462005304	3	0.3445926308631897	1.244131908606505e-07	-0.07597070865342927	0.6695184230024916	-0.7069263414475264	0.1675805212668925	0.127911543297711	0.0016309893725961722	0.011865594119454478	0.04050474028635582	-0.027394905738069263	0.694461558122776	-0.6267402845494968	0.261284187606475	0.19328190980202173	0.09790383565310555	-0.047032955856988086	0.0821260968113168	0.06426852163132463	-3.267944504415551	0.9815324641323057	0.3445926308631897	1.244131908606505e-07
144	32071	clean_s0	train	-1	0.02524449763783909	1	True		0.7054335060339467	0.21173256511692296	3	0.08053556829690933	3.5865210520569235e-05	-0.0038615620475760423	0.6039854634434728	-0.7624447315352747	0.10060249173624662	-0.18075639307541	0.08865337715587594	0.03746481960326585	-0.04251953278874277	-0.06939507400653747	0.12214399861446475	-0.8943401442498827	0.2902578098219107	-0.2607650128237466	-0.15954283169288075	0.040753684413494126	-0.032528566926793456	-0.3489427629675194	-1.5524312859452993	0.8210276243223119	0.08053556829690933	3.5865210520569235e-05
145	32071	gamma_s2	train	-1	0.008588764207270628	1	True		1.1499661612522973	0.10302996805692487	3	0.1594027578830719	1.1104950772278244e-06	0.35608582929916677	0.5115465708339169	0.034333281477212575	-0.756052837702036	-0.10010041429403974	-0.07940055861019425	-0.1471202832377519	0.027557231989906096	0.13600260364767033	-0.13868344351339432	-0.8434294480947572	0.26307627621060303	-0.24239128954547381	-0.3438269329145612	-0.05932691444366569	-0.03460712984758913	0.1397325169451023	-2.2727353810521436	-0.19103367106843433	0.1594027578830719	1.1104950772278244e-06
146	228676	clean_s0	train	-1	-0.09940399839299918	-1	True		0.1557551510414048	0.132556524876705	20	0.1292586624622345	-3.002923676831415e-06	0.30153378758028393	0.26440215638375064	-0.2845434732475652	-0.7265039167231128	-0.404746954141236	-0.24662746658950288	-0.07577787326658492	-0.0029077848420849986	-0.039446457158901924	-0.8309986398170238	0.43775583803797513	0.0183439139421179	-0.3325291943975693	-0.030563318299271964	0.004895033490395644	-0.06621798701789675	-1.859470049358056	-2.0207461216743816	-0.22755021908041004	0.1292586624622345	-3.002923676831415e-06
147	228676	contrast_s2	train	-1	-0.2050228990931033	-1	True		0.23952254551890284	0.10867572252822554	17	0.1007162481546402	-7.979938345670234e-07	-0.029906457500547642	0.5574964192075663	-0.7668346891813831	-0.1644889208929396	-0.2548062121267114	-0.08585550974073405	-0.01627079991757909	-0.02547915839594141	0.02278290277534123	-0.5948353528440083	0.7779998615059015	-0.1957533177067702	0.021774900486105163	-0.024788164848637884	-0.006678154961477607	-0.030257218507786298	-1.4291077307791864	-2.2193868535972867	-0.8992385571299376	0.1007162481546402	-7.979938345670234e-07
148	13318	clean_s0	train	-1	0.025111253682809507	1	True		0.05329520836869169	0.07916698939052788	15	0.10504931211471558	1.2738089935737662e-05	-0.017393969104879933	-0.604250707482395	-0.24564765778038503	0.6869404546252583	-0.04587428782147928	-0.08445793885836286	-0.04554138393376125	-0.3017233185628813	-0.09564956458603399	0.5515480473447827	-0.3152274540595804	-0.5534803746223137	-0.5100485375744175	0.1391398288165892	-0.008651111943566154	-0.03678036122284387	-2.931908851106834	-2.536195867659297	-0.6112446201414816	0.10504931211471558	1.2738089935737662e-05
149	13318	color_cast_s2	train	-1	0.05297594658292572	1	True		0.06939134432437605	0.0704240418726708	17	0.1554281860589981	-1.0815610949066468e-06	0.6914012007334445	0.1495138420296556	-0.4523412329280278	-0.0682365619099502	0.10263105585743734	-0.3416986529367267	-0.3540316760290046	-0.19419485207345025	0.03843462605330884	0.642517737099018	-0.5213197751648426	-0.045303647415834127	-0.42312325096148273	0.35996508739195004	-0.052617387518478095	-0.022142028886748714	-2.667993140784124	-2.653220570229951	0.2180477554839511	0.1554281860589981	-1.0815610949066468e-06
150	424623	clean_s0	train	-1	0.027406845010313853	1	True		0.7387909933757767	0.04456999540671859	6	0.45413142442703247	-3.366295277373865e-05	0.039174409318414205	0.3249862553285553	-0.875926496659672	0.3101451880134269	-0.1234394904242828	-0.08465408283802732	-0.04165207308864734	-0.07261898905288275	0.23953634185682646	-0.6099527033868934	-0.36130918288230995	0.5938783629863129	-0.21319667917942386	-0.1184358002106799	-0.16435542503269238	-0.029182808899353423	-0.3027402216128225	-3.110694395058935	0.35713418675591835	0.45413142442703247	-3.366295277373865e-05
151	424623	gamma_s2	train	-1	0.1647977777747984	1	True		0.2566306471614344	0.04476332243025686	5	0.3592073321342468	1.558569692861056e-06	0.10249760557597047	0.3259729525101147	-0.8460178533219328	0.37078403436969465	-0.14737425674416516	-0.0013608905229890848	-0.026192403967029026	-0.08718830880821696	0.32371560586467146	0.3795380018022049	0.060771812037547654	-0.803787035758149	0.017740279801052	-0.2749902740583216	-0.15006498759807602	-0.054207294849296504	-1.3601173983812724	-3.106366170606447	-0.1861296640817761	0.3592073321342468	1.558569692861056e-06
152	15179	clean_s0	train	-1	0.03143035710896021	1	True		0.0008415681359331144	0.09767515473486868	1	0.0004247716860845685	2.2053402062738314e-05	0.005285877432019511	0.7962313791102094	0.20310302417530443	-0.3607629180221017	0.3773095918783697	0.1884606174011347	0.0008220776981842537	0.12925292394431712	-0.04654215680488225	-0.459247192251158	0.6529292634769669	-0.47726300045735975	-0.35490562612358245	0.05144989748713062	-0.020378882822024255	-0.06171592216019434	-7.0802435768055325	-2.326108053851127	-0.19332907460179985	0.0004247716860845685	2.2053402062738314e-05
153	15179	contrast_s2	train	-1	-0.0072531996263627396	-1	True		0.0005904937713151789	0.032076425402008994	1	0.00032050241134129465	2.8698400456050877e-07	-0.03796242790965973	0.5192610723660923	-0.7786369497822231	0.3436645419019017	0.021909709288808	0.044996865739342314	0.0242884194544411	0.03809582485701525	-0.17374848701130077	0.35618449206750213	0.47968393545734983	-0.7406255856992937	-0.15879242764794765	0.18324776525020822	0.052058536720948075	-0.05306849242465069	-7.434551468842795	-3.4396339297793395	-0.43246852252430207	0.00032050241134129465	2.8698400456050877e-07
154	547431	clean_s0	train	-1	-0.18909857311861233	-1	True		0.13180217638049935	0.09240575246693544	11	0.1662570834159851	1.821991099859588e-05	0.15327613694176295	-0.6047741478800829	-0.23564387324625538	-0.20752119067933159	-0.6482424677562819	-0.28832027217065886	-0.05246531916083907	-0.07785942617001955	-0.03963462382150384	0.33987741790530906	-0.7762610619449921	-0.08726866823594347	-0.5030626123528509	-0.014852341706493426	-0.029339149111215473	-0.13624247117272476	-2.0264531442921028	-2.3815660461258443	0.33194297232066855	0.1662570834159851	1.821991099859588e-05
155	547431	color_cast_s2	train	-1	0.08876418960537165	1	True		0.27213795121127293	0.08731436034324713	14	0.18860942125320435	2.0984134607715532e-06	0.2692115649690287	0.07572457618425364	-0.7817375793026633	-0.14795159989168774	-0.27321689886413175	-0.4189209255326914	-0.12058144951411559	-0.15525946475422886	-0.00896494702320338	0.6593532705807368	0.4165095440511432	-0.10221589217115158	0.14612905263786374	0.5969279967877124	-0.046511583198432904	-0.037477254874921	-1.301446167680655	-2.4382403354575435	-0.5415258012222248	0.18860942125320435	2.0984134607715532e-06
156	55039	clean_s0	train	-1	0.002468177848288113	1	True		0.6565505175177536	0.6360544176615244	7	0.1520642638206482	4.532883031060919e-05	-0.0291924506317271	-0.34080263532333027	-0.6276248393182471	0.6725323751308163	-0.04762077607945421	-0.17909208003304417	0.030374162046510833	-0.039042654704684314	-0.01939157086105538	0.6315125643034497	-0.7396554758930382	0.22168615776741385	0.03798075310481432	0.05450682191080983	0.009849450223422753	-0.008386276176752226	-0.4207556384377663	-0.4524711569398054	0.3877183869770479	0.1520642638206482	4.532883031060919e-05
157	55039	gamma_s2	train	-1	0.025309667176072546	1	True		0.06179896542956764	0.7028990357947875	5	0.012637019157409668	3.0933648531572544e-08	-0.12310854193338651	-0.5938425182511009	-0.4770358946178462	0.5492976594230703	-0.24722788327847095	-0.19790376051085226	0.04553994293114023	-0.023297551147919964	-0.014063828080445368	0.5967420073579556	-0.7734749154436162	0.21040977331442506	-0.00921940159567781	0.030943111492287338	0.004456076033331862	-0.01015567507936792	-2.7838686552643193	-0.35254201655283657	0.1285085620510023	0.012637019157409668	3.0933648531572544e-08
158	323564	clean_s0	train	-1	-0.06955874776013922	-1	True		0.2547262226312247	0.14574270605418285	4	0.08045519143342972	6.955895514693111e-05	0.24883059888484843	-0.19605756773606933	-0.4033449503878206	-0.2761190206209371	0.18813783709820125	-0.7672681124907084	-0.10834896384798165	0.15773458869943255	-0.01809785762468521	-0.2951649813529219	0.7738025664142262	-0.49685251806559105	-0.21224313164571817	0.1399617880858338	-0.013224471847089681	-0.04589040325211331	-1.3675659473208637	-1.9259124992220884	-0.2746777262577345	0.08045519143342972	6.955895514693111e-05
159	323564	contrast_s2	train	-1	-0.07397366100036482	-1	True		0.430295199566692	0.13195437628933446	4	0.0906190425157547	7.934099812700879e-06	-0.06315073646819976	0.5663328736799015	-0.776217613199886	-0.03915178831765834	-0.26580878187797075	0.012098646965407278	-0.013273781252829606	0.015985494911017386	-0.09149620155260323	0.7016425203573542	-0.3324410225879937	-0.5892938327243333	-0.2001945677823577	-0.01435318065088553	0.026740662623544426	-0.02330283512096548	-0.8432837952126123	-2.025299050305154	0.7365721249176158	0.0906190425157547	7.934099812700879e-06
160	262605	clean_s0	train	-1	-0.04389554993393848	-1	True		0.08347646759944843	0.1479790781614901	5	0.033704180270433426	-3.566776285879314e-05	0.1673381663124426	-0.13289399944711977	0.0618812659362166	-0.4869516941294843	-0.813931356937736	0.1846411244075085	-0.07742634274806463	-0.10399251084776073	0.007252194979174976	-0.18860822911567396	-0.15805489587190308	0.2887862726297464	-0.7694527607116071	0.5132934994682796	-0.02109822697629344	-0.004751573550703339	-2.483190511989826	-1.9106843789777797	0.5990573742986436	0.033704180270433426	-3.566776285879314e-05
161	262605	color_cast_s2	train	-1	-0.027779387885591228	-1	True		0.07129726206398088	0.13249733755999643	4	0.05126827210187912	-8.136005646974809e-08	-0.2756692777378083	-0.2797796151392921	0.322977398721961	-0.015640583043633256	-0.6826263675444426	0.5122891302215142	0.08192639160348307	-0.07771707702699887	-0.10248576579148869	0.12453979810761641	-0.11135055167849485	0.025592394048111734	-0.781490132388031	0.5917009824621775	0.00947250812950668	-0.0024458972383654986	-2.6408973525098407	-2.021192727637017	0.7945983771534922	0.05126827210187912	-8.136005646974809e-08
162	410724	clean_s0	train	-1	-0.0155450101529121	-1	True		0.7406739352376701	0.05325084337022242	11	0.40673893690109253	4.141695171711035e-06	-0.17577988564205185	-0.4161171337621094	0.828175335545263	-0.26534640632098627	0.1824531347410878	-0.02578186378601462	0.0684802605411999	-0.031960351635768096	-0.1492074718536678	-0.18608299886838403	-0.1683916570837759	0.4872561851830899	-0.6012921637312184	0.5295222297051595	-0.013192677144266952	-0.18765874084705841	-0.30019478394526405	-2.932741636560793	-0.28335500712305295	0.40673893690109253	4.141695171711035e-06
163	410724	gamma_s2	train	-1	0.1610100122715138	1	True		0.40543922421278594	0.11989222981988679	12	0.4394778609275818	-7.74182922214095e-07	-0.019536765422623996	-0.4877899338449636	0.5426111213556979	-0.3104019769971293	0.3897301911983279	-0.4654933873241488	0.02222124492556321	-0.04284366451137364	0.017296209581384475	-0.7948429050961646	0.5193024933844016	0.08165280209130467	-0.2854419376384214	0.0660425340753314	-0.022811815306258955	-0.07227892240253471	-0.9027842952939077	-2.1211620245458267	0.5044146563078296	0.4394778609275818	-7.74182922214095e-07
164	36450	clean_s0	train	-1	-0.0423229688651927	-1	True		0.23935475464267555	0.08935716050236014	7	0.21315401792526245	2.245735458927811e-06	-0.008794493225527028	0.6195156729336223	0.42603326949830383	-0.40247398587936856	-0.05979298009913438	0.5070121056940317	-0.10789259189568105	-0.018869145865980454	-0.004369550525720508	-0.025452693489888017	0.42554785601822764	-0.8200481015627901	-0.37710832139314676	-0.03090585940188223	-0.03512108981311741	-0.0369303615267648	-1.429808498525064	-2.415113900650854	0.5069805932146767	0.21315401792526245	2.245735458927811e-06
165	36450	contrast_s2	train	-1	0.16732342490510604	1	True		0.7580254340782953	0.09968883491935712	7	0.37870606780052185	2.106252941302955e-05	0.05100022135654655	0.6438713215724626	-0.7258296837658678	-0.16296045360394473	-0.1451567674443832	-0.07196312962067009	-0.056063512292542445	0.007180726337348383	-0.16421941573056997	-0.701045159124326	0.10238002916391194	0.6652100715045499	-0.08657557535451547	0.11045309378296932	0.07764998978514313	-0.053449243725955026	-0.2770383397083739	-2.305701595042028	-0.6425901540227137	0.37870606780052185	2.106252941302955e-05
166	557442	clean_s0	train	-1	0.0518851003542271	1	True		0.10291645308637659	0.11079330239370079	3	0.03107473999261856	4.011621967947576e-07	-0.29003583601392163	-0.3516746562043967	-0.6719006858491602	0.12224601798625624	-0.3245912414733489	-0.4160285970327698	0.20269959792334097	0.07926622764566903	-0.07693075014337185	0.19203562779525846	-0.7660513592778494	0.12759293165044608	-0.5862640155749186	0.1008741098294528	0.01157517092142986	0.008617974775893983	-2.2738377549745703	-2.2000889541972457	0.6364458196604812	0.03107473999261856	4.011621967947576e-07
167	557442	color_cast_s2	train	-1	0.027280709213656485	1	True		0.45997014628383814	0.13516072287663897	3	0.27523648738861084	1.8810837332239316e-09	-0.5416950089512935	-0.3984132183476628	-0.459098999420038	0.4418601943397746	-0.20070636528906058	-0.15505051998945607	0.16919623125773137	0.22106566585505263	0.02741063069848867	0.8434507668575473	-0.21658594380629517	0.047782626024926805	0.002902459957263665	0.4845615866463546	-0.061164342028901274	-0.009868056047824744	-0.776593690985839	-2.0012906688399106	-0.3185868385761533	0.27523648738861084	1.8810837332239316e-09
168	489724	clean_s0	train	-1	0.21376295818841037	1	True		0.0025320724005658615	0.038432111002516346	1	0.0013577061472460628	7.330227163038217e-07	-0.14120201662059473	0.10207148687344915	0.7316426758311237	-0.6466468785934213	0.03558832925915462	0.1092689106720534	0.048467392725793805	0.02519719054498947	0.10375530645344477	-0.7275986416780511	0.36771894981350184	-0.02029512925867754	-0.5138687332671635	0.09643978274139459	-0.14595979159422245	-0.1718719498590751	-5.9787171804937564	-3.2588619447790883	0.17409028419043515	0.0013577061472460628	7.330227163038217e-07
169	489724	gamma_s2	train	-1	0.08188354471115558	1	True		0.003569437918493319	0.12221141870806977	1	0.0016655157087370753	-3.394984560145531e-07	0.24585479604213323	-0.140838915875668	0.7553729223100337	-0.429344048625983	0.36549870262136114	-0.13006524888732965	-0.04103514583267877	0.1122724402890319	0.034502173978463	-0.12110533873518332	0.4123291438276525	-0.3440056944945648	0.6567098116608044	-0.5117901356238573	-0.012888789727599367	-0.0492424172416485	-5.635347141106515	-2.1020027938190693	0.7862909600574494	0.0016655157087370753	-3.394984560145531e-07
170	367666	clean_s0	train	-1	-0.2628907812286867	-1	True		0.8534428081001838	0.09095766386460136	5	0.1164730042219162	-2.1208777980064042e-05	-0.06650676800252939	-0.0260639357442166	0.8632486648192943	-0.3896147583001434	0.2842417123566328	0.11781643568396978	0.02904014786216082	0.04880788988370933	0.00861890935448782	0.788677887866804	-0.005469855227513004	-0.6054155194680625	0.0692373778424732	0.0783059734389672	-0.020378659558062954	-0.003755437178919846	-0.15847674766161754	-2.397361112965524	0.2381584977389587	0.1164730042219162	-2.1208777980064042e-05
171	367666	contrast_s2	train	-1	0.21837519229252222	1	True		0.263552110811299	0.17501413732216084	4	0.11206160485744476	1.3161170500097796e-05	-0.062470889183820925	0.47948421471381053	-0.6190516647830734	-0.3649280237678247	-0.4423216237917017	-0.04484895615687226	-0.03806128174690738	-0.22513627145616463	-0.043292032798760406	0.7311886534296227	-0.6629920806991461	-0.12601261324500385	-0.08626907339262176	0.02052452931163763	0.009054749703605728	-0.01027995107963128	-1.3335041665598963	-1.7428885236177551	0.8489177216849786	0.11206160485744476	1.3161170500097796e-05
172	409451	clean_s0	train	-1	-0.03145201323701719	-1	True		0.0013223189462460356	0.1483312775248396	2	0.0006276965141296387	4.293657184462063e-06	0.02772473181607353	-0.6120713366796059	0.7555089526831944	-0.18483597006779864	-0.11976325967993406	0.05652834288476433	0.024292578989401452	-0.038898352416190884	0.015935545609664602	0.6061911362502475	-0.6533939725996482	-0.12742917551951694	-0.4000323549972364	0.16259198174498002	-0.029046003343744842	-0.042553244512017495	-6.628368305497096	-1.9083071449564109	-0.7826320280986	0.0006276965141296387	4.293657184462063e-06
173	409451	color_cast_s2	train	-1	-0.017287214670454062	-1	True		0.0015611894373760355	0.15543193993004129	2	0.0007891920977272093	-8.722327606847102e-07	-0.02461785992669184	-0.7148140663088383	0.24345931356295547	-0.05195504650199517	-0.6429708308946083	0.0863171619158724	0.03617427345111956	-0.06551584692865477	0.07602923669298015	0.8738237757149696	-0.15791313247152913	-0.09700107305097913	0.015406740099689962	0.43533525951128965	-0.07626392265613022	-0.02711930782812158	-6.462307287748571	-1.861547328505955	-0.6332101590008785	0.0007891920977272093	-8.722327606847102e-07
174	300882	clean_s0	train	-1	0.0031804039865037776	1	True		0.01499596260024856	0.0596786307561894	2	0.009426506236195564	1.748206341289915e-05	0.09660796344933324	-0.043229962612499236	-0.7299996275347954	0.28283038877443417	0.2687722666079587	-0.5476264338125777	-0.03062542004450003	-0.053239345613222265	0.06429074054560739	-0.5446799938311507	0.6945453299532564	-0.22656381322479768	-0.34064645191024273	0.19039820357608395	-0.08042140297879855	-0.08189593984275391	-4.199974274026721	-2.8187812664264134	-0.7303398529948043	0.009426506236195564	1.748206341289915e-05
175	300882	gamma_s2	train	-1	-0.031800080231360245	-1	True		0.26722683576399625	0.06366457568444141	3	0.142074316740036	2.2773738237447105e-06	-0.8354083225830451	0.37962162507134745	-0.1578881072599954	-0.17128336914566544	-0.1275268601326486	0.12838330914797147	0.12956078896756687	0.23277099735293436	0.19044426637854733	-0.7976904761710871	0.3628587394664519	-0.17805957288817595	-0.31460762277131404	-0.21516619575440138	-0.10963688289640638	-0.08218585706364213	-1.3196574091104964	-2.754126982779994	-0.5095496668999675	0.142074316740036	2.2773738237447105e-06
176	297200	clean_s0	train	-1	0.01740546794069939	1	True		0.05884440964299531	0.08828089128830559	20	0.10722461342811584	-3.0253304430516437e-05	-0.2237137279980851	0.1844717151255927	-0.27545131461787753	-0.07800425999748656	-0.7862629820467321	0.4452727868341103	0.07104537737885419	-0.11153244195489473	-0.05400744158600218	0.0507053150627494	-0.7974284273253236	0.507610948127859	-0.29404851975867524	0.039628190874580124	-0.004440522827420105	-0.11356298764132161	-2.8328584430930936	-2.42723160148116	0.4626880944846415	0.10722461342811584	-3.0253304430516437e-05
177	297200	contrast_s2	train	-1	0.42991303931425445	1	True		0.0833580745100928	0.21841628196187704	20	0.1800418198108673	-6.446529368986376e-06	-0.44449182788336705	0.16696618373723382	-0.4060627805013748	0.1347339913512217	-0.481495371168081	0.2720436817306455	0.16567653396869825	0.508148410547019	0.005425974794018201	-0.8327285969395123	0.2514730003435938	0.4888766054962315	-0.05926565433330941	-0.023886232696837956	-0.011406777809445835	-0.009030661559652927	-2.4846097997192285	-1.5213524867781087	-0.16213555896162524	0.1800418198108673	-6.446529368986376e-06
178	212421	clean_s0	train	-1	-0.1736209822548283	-1	True		0.15744923199003272	0.12508250325757236	3	0.04882565140724182	2.0765673980349675e-06	0.11474049569866285	-0.6388817439856661	0.6817323456882832	-0.16314378378436944	0.17730639418574845	-0.2146726864005421	-0.055922441243658846	0.08148994631608471	0.12432467714418255	-0.8444347559095459	-0.04524153658111566	0.017632889746358082	-0.3492843501899316	-0.37709094974135604	-0.0659777097528593	-0.02377819100121056	-1.8486522092429178	-2.078781733332667	0.5408124390219238	0.04882565140724182	2.0765673980349675e-06
179	212421	color_cast_s2	train	-1	-0.04309686881785859	-1	True		0.06834624056424848	0.09116530010026852	3	0.06302852928638458	-9.063365382644406e-07	0.21484366133244884	0.0022393147302341085	0.3985773579252481	-0.7989421200529385	0.04726994275158359	-0.3212848420268433	-0.10821831673908298	0.1987339022371287	0.07256595989119785	0.864459241802355	0.05305464448457126	-0.10768150666701963	0.345460568692269	0.33497345562828446	-0.038485160536040446	0.0017234987495063127	-2.683168720027904	-2.3950809356489837	0.03791912853127841	0.06302852928638458	-9.063365382644406e-07
180	403177	clean_s0	train	-1	0.049901396073606115	1	True		0.5792848102563085	0.01942887203854211	5	0.5353437066078186	1.9028419046662748e-05	-0.10117284903198241	-0.7114249985926601	0.20379082774979207	0.3649157674309571	-0.4541447483673346	0.2246465984716456	0.03441175344729369	0.22593492812806806	0.011327140015204011	-0.525606833841312	0.12156073420358088	-0.40840995791693413	0.14104110459990188	-0.6878027968313098	-0.14734290872848066	-0.1654032433821067	-0.5459610220807307	-3.9409950697976073	-0.012484762013825808	0.5353437066078186	1.9028419046662748e-05
181	403177	gamma_s2	train	-1	0.12071263377666458	1	True		0.5119159805494733	0.10227915739362223	4	0.5819147825241089	-1.5055076119097066e-07	0.4966943982514668	-0.055273961324494386	-0.07643700866391806	-0.08507726070561161	-0.7519133179864613	0.3860111680626103	-0.14256847563989689	0.04954470181353716	0.4041412347875091	0.029914633586163156	-0.1942234820167936	0.12592457780846686	0.6973833162605709	-0.5307441280766296	-0.11895090120945502	0.0036167076679559647	-0.6695947678959443	-2.2800493668153945	-0.5088933957310319	0.5819147825241089	-1.5055076119097066e-07
182	437435	clean_s0	train	-1	-0.017937867328338766	-1	True		0.0008323813417201124	0.06776838335436512	2	0.001378080458380282	1.6762427549110726e-05	0.10151954602255507	-0.6176259306529672	-0.4914710159596998	0.15857510729367233	-0.40351323969214853	-0.3945834412577383	-0.07518707691247835	0.13179545409357316	-0.22294142168459818	-0.36191673014832476	-0.5788835414395304	0.2938779984251875	-0.6041058376471182	-0.030885535330623444	0.04806787705833421	-0.17214723413878835	-7.091219877535353	-2.691659514990049	0.761651781140947	0.001378080458380282	1.6762427549110726e-05
183	437435	contrast_s2	train	-1	0.016372253264470588	1	True		0.007431423626413802	0.04622334720630145	2	0.00329233193770051	1.9829549273708835e-06	-0.10365687620210587	0.5171133036248422	-0.7729683074958842	-0.09450185904573184	-0.3388930566780422	-0.0082694082558477	0.0036438213181501783	-0.022545793258547452	-0.008981625429956227	0.13067807804224388	-0.5344897545471345	0.793143578612542	0.2290476603650856	0.11562064781113825	0.03234460815886959	-0.034776395363088186	-4.902037833301737	-3.07427025773377	0.3290196214674121	0.00329233193770051	1.9829549273708835e-06
184	132019	clean_s0	train	-1	-0.16071495956780332	-1	True		0.24126458259390401	0.06256444735313318	20	0.2572084069252014	1.0365629350417294e-05	0.18799204013968915	-0.46375013598954057	0.3985169511156206	-0.41578225057599255	0.30487844478242165	-0.5669025357727618	-0.05477588996287035	0.023966950269549	0.01876514358664803	-0.5256521141512559	-0.13289204647354785	0.45593854461549477	0.48526925157993767	-0.4961968210810889	0.009690511491914215	-0.12651495550958164	-1.4218610946005874	-2.771558095851527	0.4304484364519324	0.2572084069252014	1.0365629350417294e-05
185	132019	color_cast_s2	train	-1	0.052180990510380776	1	True		0.1149291478271881	0.13416767757655224	20	0.21525926887989044	-2.1155955209906097e-08	-0.10301675040732694	-0.5808233825299078	0.13567607760216827	-0.004750422597792887	0.4331134271584266	-0.6369578204213976	0.07923547950336995	0.18444624117405423	0.004131480346373581	-0.8365587454433828	0.29025214627897805	-0.0018754737032246466	0.08134718469693847	-0.4541093583908978	-0.010860582478522259	-0.054331798867567824	-2.1634394463319246	-2.008664936080495	0.8384556761188373	0.21525926887989044	-2.1155955209906097e-08
186	306681	clean_s0	train	-1	0.5941252722982038	1	True		0.1545493822519123	0.35936842442131967	20	0.20398494601249695	3.3219012038898654e-06	0.08512320542879434	-0.5229510537314793	0.48416642766995877	-0.5863542025200904	-0.2000339639337346	-0.3066483664450921	0.04630260840848725	0.06969301165931563	-0.052207652819760836	0.665447451369789	-0.6250100906415575	-0.2353816528760423	-0.316894291594352	0.08796833024784376	0.013469272017281654	-0.008371025752995068	-1.867241607481477	-1.0234071648575513	-0.4805778731777507	0.20398494601249695	3.3219012038898654e-06
187	306681	gamma_s2	train	-1	0.18790817344643362	1	True		0.23007965376859693	0.2710118559465059	20	0.2500699460506439	-1.8035279936157167e-09	0.014807846770059772	0.5953561680691791	0.1444126438129044	-0.5389266309870342	0.5106513980810709	-0.22348010199739224	0.003827451660737424	0.15268261128931768	0.0038384293536652373	-0.08131509297556185	0.0985138520174687	-0.2967963003699476	-0.8515171672508804	0.4125527934092899	-0.012198219756537123	-0.012247820887175038	-1.469329709276748	-1.305592710175605	-0.4031190168858204	0.2500699460506439	-1.8035279936157167e-09
188	353409	clean_s0	train	-1	-0.028188708091311684	-1	True		0.027393113971729846	0.0708783596975274	20	0.02767058089375496	-4.318008723203093e-05	0.04618323636855306	0.4769212970739998	-0.49241376671549064	-0.5641991766103391	-0.43275005671632577	-0.10599590800919222	-0.026771543287535025	0.1019641938690928	-0.18804456807061062	0.26333288730256965	-0.3621037210885598	0.056486542744479784	-0.7182033567917843	0.48757250227758864	-0.007337027817071382	-0.08595555745268667	-3.5974636120368593	-2.6467901149038893	0.5138936394963165	0.02767058089375496	-4.318008723203093e-05
189	353409	contrast_s2	train	-1	0.3033177114980565	1	True		0.04737682682172869	0.16295750342239673	20	0.03244338929653168	1.4159168131300248e-06	-0.11277250400502971	0.5788823896400848	0.012967504166889705	-0.7762751677804642	-0.2185109487140744	0.02458756503315003	0.03021518179306047	0.011904146879457931	-0.0008352453149494799	0.42594031766813817	-0.8329962491271747	0.3502601304831523	-0.04188860926369283	-0.010753262512228051	-0.006511359504627092	0.009826089173081278	-3.0496220554210742	-1.8142658273613743	-0.027227629740963027	0.03244338929653168	1.4159168131300248e-06
190	7517	clean_s0	train	-1	0.02803348489504408	1	True		0.07889445580161325	0.062531996409439	2	0.0410495400428772	2.372958442720119e-05	-0.4063132732875548	-0.04424078723997699	-0.4014827452324251	-0.09282698946103037	-0.7577029004225513	0.15808494548821342	0.1373095131351606	0.21257609056865728	-0.02625974418135861	-0.45033551038014	0.7260048806650085	-0.4835306696195312	-0.18505717298797147	-0.01644966053411657	0.0023395222687743367	-0.033183380051547265	-2.5396443222606955	-2.772076910670646	-0.085115697564683	0.0410495400428772	2.372958442720119e-05
191	7517	color_cast_s2	train	-1	0.1311598625361505	1	True		0.35944571601726755	0.14388458813473276	3	0.09367015957832336	-5.391726745074266e-07	-0.16147375941422637	0.8852773347144214	-0.20277324534026672	-0.04478995018019358	0.22170574710099825	0.30008662046223306	0.05491226307526404	0.06975931678945435	-0.16502586669333433	0.8333892105933784	0.07302148659195001	-0.04485246023345496	0.2079837780608103	0.4714542956187535	0.06928078160040899	-0.02363841764332505	-1.0231921117808314	-1.9387437720355893	0.9413737516879344	0.09367015957832336	-5.391726745074266e-07
192	18523	clean_s0	train	-1	-0.011033075956257136	-1	True		0.012179617931719202	0.011648008875746584	2	0.010705653578042984	-3.319639290566556e-05	-0.18255316497310997	-0.08784875327975085	-0.03775250823367793	-0.7144114451475762	-0.1377062394446797	-0.5066069415004245	0.17685243128278835	-0.37450979893249736	0.2831014645720417	-0.19898236482688125	-0.39803117503542085	-0.44468099046446047	-0.06258930751411304	-0.7062751528528984	-0.08796025746195768	0.11666430322758248	-4.407991385606244	-4.452620025444771	0.6056860716277028	0.010705653578042984	-3.319639290566556e-05
193	18523	gamma_s2	train	-1	-0.01071305236046139	-1	True		0.053354973487167334	0.056857279962980116	2	0.009314782917499542	4.521927223777311e-07	-0.02434703202960038	0.191895077373884	-0.9005935525774962	0.08322298709788477	-0.22282240139118864	-0.29045281022756503	0.013506298543686242	-0.10194906138218562	0.1431713712063589	-0.47861033465770264	0.3006213789060335	-0.11542100403488015	0.5352969543401215	-0.5977856558378364	0.053079819931279484	-0.005558545452999969	-2.930788081808731	-2.8672110113291343	-0.3200361502863206	0.009314782917499542	4.521927223777311e-07
194	276015	clean_s0	train	-1	-0.22865813416813308	-1	True		2.101702611821684	0.08011055524627965	5	0.1943618655204773	-2.1084037143737078e-05	-0.0023954096125243995	0.15103864256352156	-0.8305725369019059	0.5283695671715107	-0.06510721979023686	-0.06207709066982706	0.007700835567406053	-0.002152619903095958	-0.10067320771620186	-0.7312771475951028	0.2687269178619174	-0.25861516254256056	-0.5475847116504136	-0.1252119835876677	0.01612162191805724	-0.014687272972227706	0.7427477837695343	-2.5243476577183444	-0.42647125363109617	0.1943618655204773	-2.1084037143737078e-05
195	276015	contrast_s2	train	-1	0.7534508764742995	1	True		3.620229993938891	0.1081200189042124	2	0.2924104928970337	-4.4400298975233454e-06	-0.06675284551669854	-0.055817985840752725	-0.7804351407989847	0.5736707985008279	-0.23141414118899387	-0.022483115931493096	0.0021838030736097483	0.013727774216948367	-0.032974472202776835	-0.3704512132644434	0.74015478900586	-0.5383439981438823	-0.15076100198242776	-0.012897291220664082	-0.00676688340075671	-0.03307869675436057	1.2865375580570044	-2.2245133827199246	-0.8288867331574613	0.2924104928970337	-4.4400298975233454e-06
196	490084	clean_s0	train	-1	0.04305954825208873	1	True		1.6015561963267007	0.17832291071827533	3	0.2952331304550171	-2.3975884687388316e-05	0.13718182375019936	-0.6510946595878995	-0.13756826310937584	0.5366863477792737	0.2852504661120968	-0.3875273681909906	-0.03475079439142012	-0.132464037968095	-0.020176682826885253	0.455464009352719	-0.8108456871156122	0.3332007011124587	-0.12935637740284453	0.07731070006584798	0.007540170826302113	-0.029751154798794536	0.47097577925956075	-1.7241592670270016	-0.0721272059931615	0.2952331304550171	-2.3975884687388316e-05
197	490084	color_cast_s2	train	-1	0.0528742955615174	1	True		0.0025296877250231956	0.20027875979767198	1	0.001388062839396298	-1.3687850923815859e-06	0.033236027111731715	0.6863764413402952	-0.5680162596872006	0.2916487156631518	-0.017401676841429032	0.30831156528592174	0.04329021451112502	0.15115693682023937	0.08218317717081959	-0.8101351978634918	0.3653983543020732	-0.20614403096723774	-0.32086970117512237	-0.2380527276020904	-0.028852371192405274	-0.021369187122768047	-5.979659412309956	-1.6080450838769333	-0.8932899846146419	0.001388062839396298	-1.3687850923815859e-06
198	569242	clean_s0	train	-1	-0.07666026522531849	-1	True		0.13944160355704374	0.14924210442694674	7	0.08588133007287979	-1.7680418750387616e-05	0.4681026066255431	-0.5039776041349934	0.5207827850229694	-0.24434252891484323	0.23158327478228438	-0.3311854926763807	-0.17722153238899147	0.035304791645232335	-0.0021302951406178806	0.23556432563254953	-0.8889010441944712	0.2377198810418138	-0.29378463781914577	-0.08788336719957761	-0.030255145802157164	-0.05385934096855705	-1.9701093778505252	-1.9021854297640657	-0.676195321224855	0.08588133007287979	-1.7680418750387616e-05
199	569242	gamma_s2	train	-1	0.4427089268141468	1	True		0.27323473559245687	0.09674488585920679	5	0.1263689249753952	-5.294734819472069e-07	0.9261278245729929	-0.057913054230130406	-0.1337542310485541	0.0220576215290642	0.13583562094578558	-0.22033215326260425	-0.21848907178164775	0.07629907952351565	0.4154500326682057	0.1928876927309939	-0.7371420442495017	-0.012047687921778261	-0.469905716759098	-0.06232174654516607	-0.1434018707988818	-0.037584423099095425	-1.2974240159068702	-2.3356778077953773	0.4502848780711542	0.1263689249753952	-5.294734819472069e-07
200	79423	clean_s0	train	-1	0.0171843003864964	1	True		0.3380225057460009	0.04757491864204699	19	0.1773550808429718	1.8121713765140157e-06	-0.06746572906046573	-0.5255949994406058	-0.512395444576929	0.20485242329098452	0.0524069910314284	-0.6387857079008258	0.060750683580710695	-0.014154367708384179	-0.023639776523445677	0.09340867519079797	-0.6166166743641165	-0.16649805753647584	-0.7463073500661523	0.040829191642572725	0.003971558284624821	-0.15530871555564335	-1.0846428006655058	-3.0454495758792213	0.17159053146902337	0.1773550808429718	1.8121713765140157e-06
201	79423	contrast_s2	train	-1	0.32524555422630547	1	True		0.2143387746695459	0.23254375460669394	19	0.20718935132026672	-1.2718062407657271e-06	0.2432696334895996	-0.5875856763476085	0.47121255446887245	-0.45916167665681124	-0.13589485299429777	-0.31713318592245704	-0.14027664217216249	0.15483486862295515	0.00554096511210236	0.7145090059977878	-0.6715231944495739	-0.17357564794726835	-0.08108798312836311	-0.035708031255090866	-0.014405027314821494	-0.01778883034726612	-1.5401974564695011	-1.4586768797995437	-0.6336081843829636	0.20718935132026672	-1.2718062407657271e-06
202	420515	clean_s0	train	-1	0.006012444765390842	1	True		0.5751473299860234	0.05784175185712072	8	0.28595367074012756	-3.09105271298904e-05	0.7566706908247147	-0.06383748542771649	0.13015639494352507	-0.1986271833021654	0.40964196662972435	-0.39093443349215024	-0.21225352937127337	-0.035957796953267375	0.5170498285806691	-0.43774648604251004	-0.1394294960774652	-0.19613165893130227	-0.6670258060685869	-0.07666608099065689	-0.16340185039899635	-0.0750199841793354	-0.55312904494069	-2.8500444135868297	0.2341003450793527	0.28595367074012756	-3.09105271298904e-05
203	420515	color_cast_s2	train	-1	0.23237131018593982	1	True		0.4509239719439564	0.061338774055960776	9	0.327758252620697	-4.402978106554656e-07	0.6803676296298206	0.6248344934232561	-0.3108276230169156	-0.047342064414618336	0.08696774359808493	0.12962411155912062	-0.1515033495208243	-0.02252994546200158	0.6181208753960621	-0.4874776564792608	-0.0854682401974838	-0.0527663676309199	0.14766236262223953	-0.5578718351518944	-0.19265829079285227	-0.007786742767315353	-0.796456530308816	-2.791343106525087	0.11491257175003082	0.327758252620697	-4.402978106554656e-07
204	336006	clean_s0	train	-1	-0.0008897023950333338	-1	True		0.0007817610676562005	0.02757525942722296	1	0.0008316157618537545	1.1183069545950275e-05	0.14555188877383868	-0.04343483558340642	-0.3556424869553338	0.7181927855355323	0.5201351252737356	-0.14500500612754855	-0.07684852018625558	0.19280277241375393	0.09692582916474769	-0.09395548209298199	-0.4552647568187106	-0.5269736197157656	-0.5001496629830565	-0.4155279177109787	-0.04497581098363158	-0.2682808172837082	-7.153961402908266	-3.5908363057917057	-0.4465292232834374	0.0008316157618537545	1.1183069545950275e-05
205	336006	gamma_s2	train	-1	0.0006140367863342505	1	True		0.0013593333965325782	0.02381169788635429	1	0.0012690117582678795	-1.7565878351888387e-06	0.18291415461937813	-0.2582331739541817	0.005319143885827271	0.504584903505937	0.7097458200285189	-0.33043115161914266	-0.050090231454246396	0.17260044613180103	0.6771564330049396	-0.10580329528646272	-0.493176247730641	0.37900654444649207	0.09641284169275129	-0.22822414091814142	-0.28114839729870084	-0.054497155511930025	-6.600760848269506	-3.7375783111831082	0.4883186545184886	0.0012690117582678795	-1.7565878351888387e-06
206	211501	clean_s0	train	-1	0.003698219209025585	1	True		0.00017212914309659933	1.4076114355766838	1	0.00017009719158522785	-1.797266668290831e-05	0.30200973501693246	0.2956301972821039	-0.3591619655647817	-0.12490729181136637	-0.705528555257452	0.37300119533357323	-0.1545742989948026	0.12649149307791419	0.03499221151266737	-0.7152669206495998	0.6968765208121935	-0.006544422701920525	-0.029496792581463746	0.003290758862082657	-0.024553559634678406	-0.0023011891373379326	-8.667265525117557	0.34189425059944467	-0.4248180523267341	0.00017009719158522785	-1.797266668290831e-05
207	211501	contrast_s2	train	-1	0.04563448754271626	1	True		0.002333084142601118	0.11285482072862296	1	0.0004316828562878072	1.9878043531207368e-06	-0.38527638530395997	-0.15775456936857127	0.4759807627554018	-0.4508814601941779	-0.5448022778121102	0.29730122364832656	0.10752977355672487	-0.007977001940072427	-0.09173960561968994	0.7220921711551288	-0.041406801003957085	-0.660845959549113	-0.12949268974045644	0.10772032146351124	0.019762969915465996	-0.05451822030683832	-6.06056421989751	-2.1816530586015355	0.30481940995965895	0.0004316828562878072	1.9878043531207368e-06
208	349030	clean_s0	train	-1	-3.370893834897299e-05	-1	True		0.06791586674244389	0.03623542505327823	3	0.07889478653669357	-1.0325524272047915e-05	0.1645300779929185	0.6783324940282052	-0.30363266910173353	-0.43185408429327693	-0.38877120024796036	0.23921103649833822	-0.13093114623856209	0.09271570473684944	0.041246521580183076	0.2721937333384085	-0.22066878675882848	-0.686447577451789	-0.6317468325197544	-0.002290867622199914	-0.03452793886244549	-0.06326783431810819	-2.689485593609278	-3.317718046000437	0.7985834243733225	0.07889478653669357	-1.0325524272047915e-05
209	349030	color_cast_s2	train	-1	-0.03836331797272265	-1	True		0.03264217460144967	0.07393169448314943	3	0.08334322273731232	3.758132720577123e-07	-0.31615288103059735	0.19032670277925928	-0.062450137675567126	0.2497469358275227	0.7365485697860837	-0.25890975529040927	0.2973576452477482	0.31557871298183815	0.1650882595176013	0.7910841766941261	0.09505009980287403	-0.17645555877236152	-0.031215438162711995	0.5344421629571228	-0.13961772765896094	-0.02578114097051545	-3.42215012725594	-2.604613659560148	-0.1626501668119609	0.08334322273731232	3.758132720577123e-07
210	245384	clean_s0	train	-1	-0.012029241222439238	-1	True		0.004581148467877675	0.10853356457338843	2	0.0018512682290747762	-2.190431041526608e-05	-0.03447940816936258	0.020621065996037156	0.8170247798464276	-0.3281892643171215	0.4691638559567601	0.029065037111720232	0.02167135606208867	0.04146214809555695	0.012564978709957543	-0.8786378036741864	0.1225891934503526	0.3487465887179759	-0.2798887648797913	-0.09190924248285946	-0.019629374148628316	-0.06336478409798607	-5.385805554893552	-2.220695802924729	-0.16988583169230817	0.0018512682290747762	-2.190431041526608e-05
211	245384	gamma_s2	train	-1	-0.018814882426589012	-1	True		0.8199270423953231	0.08152816223958062	3	0.14271101355552673	1.9080528090853477e-07	-0.12080728324466922	0.2821193583143889	-0.6603625883110655	0.416369018417796	-0.4229358786183165	0.33258572160580363	0.07473849301112755	0.03603468414620962	0.07327900151169878	-0.6573994431995548	-0.3432511926514907	0.4855457190362645	-0.4451833631964303	-0.05043773275455286	-0.04220439667782722	-0.07979179538946568	-0.19853991536955348	-2.506806769459434	0.3999982762540284	0.14271101355552673	1.9080528090853477e-07
212	263647	clean_s0	train	-1	-0.27552458117717843	-1	True		1.3000158343754324	0.22727641002829152	5	0.35503464937210083	-6.2998433350003324e-06	-0.13697971337273113	0.7760024393763645	-0.6077250750526981	-0.07444764579576754	0.013299506868683697	0.05809029717266364	0.01720424355266564	-0.018363221057322212	-0.09148990150470004	0.5537523590023298	-0.7214485770406552	-0.06810019531444883	-0.3848210844583319	0.10749857538346531	0.010067567199784182	-0.01084759120171429	0.2623764446828754	-1.4815883369266183	0.8872568268558846	0.35503464937210083	-6.2998433350003324e-06
213	263647	contrast_s2	train	-1	0.22553153208962087	1	True		0.7547171336849833	0.23547773715801182	2	0.14241276681423187	-9.634655725676566e-06	-0.371555119471097	-0.6460176692614981	0.43336759334128716	0.18402821607290432	-0.36391022692978875	0.24185954478620428	0.13885556835234	0.11281200022153728	0.0715735298246569	-0.6997971632899275	0.7020414486268208	-0.08416163531339851	0.002057570181043045	-0.06057507616909466	-0.03836418289248406	-0.00839044967186074	-0.28141225730427816	-1.4461389043509563	0.6925686633588276	0.14241276681423187	-9.634655725676566e-06
214	241236	clean_s0	train	-1	0.02865653588498694	1	True		0.1551192821781031	0.36447734181005265	13	0.16617679595947266	2.084313382511027e-05	-0.09172011423844813	-0.4574577751650973	0.7679728321421468	-0.14886081275181198	0.37519716244828294	-0.1540387427499563	0.057552146233826394	0.050644817871937135	0.010711725233790995	0.5475441524069173	-0.7481270283543331	0.3604341257289877	0.026178761449600615	0.09642431280099877	-0.019215531930578025	-0.011028972760837653	-1.8635608955784122	-1.0092908918495287	-0.8863518984162431	0.16617679595947266	2.084313382511027e-05
215	241236	color_cast_s2	train	-1	0.7161176845897546	1	True		0.26803465869451215	0.049351604696187136	15	0.3632811903953552	-5.693460707334452e-07	0.2557518160512041	0.6985254170012973	-0.5946703830223268	0.19577915811245145	0.06608086224259047	0.16847315908410573	-0.12726185574640758	-0.07579869110050669	0.4209421190453042	0.3866693727927287	0.576887289683474	-0.1402530179534965	0.4116094434744978	0.29697458523185893	-0.20552167369337854	-0.14480772729742378	-1.3166389833421253	-3.0087849969709746	0.12160175222990183	0.3632811903953552	-5.693460707334452e-07
216	354725	clean_s0	train	-1	0.09799519997364305	1	True		0.16888131222894345	0.08596167131083134	3	0.04506908729672432	3.290514359832741e-05	0.14886154515477412	-0.20203932472023114	0.1529765550095658	0.22653964697706366	0.8082613123617378	-0.4550148204420261	-0.011762489132069225	0.04283831883496253	0.04360786495872453	0.2957343115393834	-0.7365435910915821	0.17437323819517056	-0.5408061755417195	0.19791622756300653	-0.030650757150416402	-0.07180154414302183	-1.7785591052807423	-2.453853764495124	-0.6563127299647433	0.04506908729672432	3.290514359832741e-05
217	354725	gamma_s2	train	-1	0.9315544470823984	1	True		3.19041847085129	0.1441199269099474	3	0.1214173436164856	2.9571822324214736e-07	0.15194963645533688	0.5982496401186432	-0.7556551695499826	0.16767383078269518	0.11399105744182399	-0.07482015335722887	-0.032570595623282524	0.015052144600062429	0.10488852373430393	-0.10678391535409447	-0.4992126524740827	0.33723585935006034	-0.7118813215032522	0.3196439434644341	-0.050991034344799055	-0.05573996494943238	1.1601520902784932	-1.9371095002426215	0.281590472946715	0.1214173436164856	2.9571822324214736e-07
218	250966	clean_s0	train	-1	0.1128723289548704	1	True		0.1221977039010663	0.05884686259710964	8	0.13481248915195465	-1.580534990353044e-05	0.016292802922171862	-0.6636874937113233	-0.26915666264836086	0.6549171192867528	-0.15227240717652704	-0.09064053942763134	-0.046497810115926075	-0.15597138629969745	-0.25015311302314763	-0.11940400243540783	-0.6676405031105795	0.27911097050926725	-0.6136859916360212	0.07628430732504146	0.03890787891784196	-0.12480270047014477	-2.1021150220932956	-2.8328167585387853	0.541855201649443	0.13481248915195465	-1.580534990353044e-05
219	250966	contrast_s2	train	-1	0.1510922454511207	1	True		0.5168704603481281	0.08149479157475105	4	0.10672692209482193	1.4897277651471086e-05	-0.17270804966191897	0.21770163061780445	0.26461439493553524	-0.8194732194790144	-0.3943562722237935	0.041260287155968065	0.02970596447539891	-0.152049561295658	-0.3277299949855238	0.5039548481891293	-0.6501916254084802	0.30644218651145716	-0.1907205792125074	0.25313960666510726	0.14339096486469183	-0.030848489770615276	-0.6599629961223097	-2.5072161678234615	-0.16225129249539014	0.10672692209482193	1.4897277651471086e-05
220	187454	clean_s0	train	-1	-0.28212313026904107	-1	True		1.0294767771998259	0.3721516944808891	8	0.2599487602710724	-3.918682341463864e-05	0.0499333501234774	-0.6412014386564858	0.20146885090592903	-0.4807144311053086	-0.4402926858591071	-0.3463581848978997	-0.02763374918562932	-0.010297955586043264	0.08581747733085	0.3335796397956244	-0.8385220706286672	0.4109134966634259	-0.07967211225690989	-0.010356272467286433	-0.048242985535646286	-0.024668528881526496	0.02905068987414764	-0.9884537269637186	-0.535821518607268	0.2599487602710724	-3.918682341463864e-05
221	187454	color_cast_s2	train	-1	0.3189086886884951	1	True		0.5509421852342751	0.1339793368267037	7	0.5595520734786987	4.795913355337689e-07	0.1754737303684645	0.719256670416248	-0.6445987038876756	0.0054073920650828675	0.16722967677229503	-0.06287571138528514	-0.06648731389327114	0.0015492842693434	0.18268744612549548	0.7968368919626511	0.21398249289104776	-0.1574598040258169	0.32829069563039043	0.37875714149963297	-0.09255277776098063	-0.036005523563348664	-0.5961254023121653	-2.010069693700027	0.5035859379729326	0.5595520734786987	4.795913355337689e-07
222	397950	clean_s0	train	-1	-0.11335800106522846	-1	True		1.2146156845505303	0.1414070472676207	4	0.1322004199028015	-9.851668437477201e-06	0.027777692332640717	0.5076545070567604	-0.11542262286419462	0.38751674087835913	0.7572648488289458	0.01621859861846346	-0.02607291615054775	-0.06025615132483897	0.0703914246479654	-0.7521092885334402	0.3717864491270577	0.5060801699606134	-0.09095690685239713	0.156326265583181	-0.04085050274877831	-0.02558396864390244	0.19442771774517884	-1.9561126875209993	-0.2903907799473729	0.1322004199028015	-9.851668437477201e-06
223	397950	gamma_s2	train	-1	-0.031571984840787284	-1	True		1.714655686023768	0.1259715047107395	4	0.23834051191806793	2.1046993481377285e-08	-0.105371902974309	-0.17493720672052676	0.843622048498076	-0.38226179900762636	0.30217172139579324	-0.011360275107607763	0.03167657596270187	-0.08961741766002208	-0.05962688754092262	-0.2345492140146353	-0.5635739262693071	0.7832871456926368	0.06320697231309497	-0.05629610895092893	0.03196151978793445	-0.04572816981187831	0.5392122942953627	-2.071699550688556	-0.7027003897490551	0.23834051191806793	2.1046993481377285e-08
224	118838	clean_s0	train	-1	0.005091661735822154	1	True		0.0018124599270775337	0.09173874371846477	1	0.0007390628452412784	-8.036066901695449e-06	-0.1414169603347596	-0.08165590005342922	-0.3733130646178356	0.8470914010869013	-0.05991352820435183	0.32607501465192296	0.020799228546929564	-0.07784546391824176	-0.015801351237673164	-0.1942576041152042	-0.6678298427496177	0.6245913648591682	-0.3431100791805989	0.07618438315200282	-0.01929340928919952	-0.04474825453016979	-6.313070280126722	-2.388810483830301	0.8449733580358015	0.0007390628452412784	-8.036066901695449e-06
225	118838	contrast_s2	train	-1	0.03515079023663508	1	True		0.008222023925323983	0.12575270570076094	1	0.002796788467094302	6.318941814242862e-06	-0.28928367240385333	0.42534251344290297	-0.6285524899065129	-0.05726886752723157	-0.5413010880372371	0.20257045027035006	0.054346737692162625	0.006747148214342651	-0.192625960483371	-0.6966317196708419	0.08589521883542803	0.6464895334409667	-0.160198918333952	0.1413494659845064	0.07797005755937934	-0.023453915826765197	-4.800938880473713	-2.0734379537187677	-0.21216867347209994	0.002796788467094302	6.318941814242862e-06
226	442062	clean_s0	train	-1	-0.014848501098177732	-1	True		0.012204286580308449	0.19716375680109596	4	0.004873910918831825	1.856509334174916e-05	0.16924128772381336	0.0071351840507028605	-0.8483786962135484	0.4025949034629064	-0.057261266056446575	-0.2751128293234416	-0.08277626877268544	-0.060494420488997176	-0.07948631519056523	0.02660286044568673	-0.7904522301721087	0.5893186173866046	-0.13802162351005956	-0.026335777431405357	0.03147643746853744	-0.011346571107163866	-4.4059680298314445	-1.623720642740901	0.9078264596371431	0.004873910918831825	1.856509334174916e-05
227	442062	color_cast_s2	train	-1	-0.0795202934389935	-1	True		0.7285627011115713	0.08096715073602652	5	0.7553650140762329	4.300977707316633e-08	-0.2158541522395828	-0.3503789488637071	0.7519334442433365	0.2167403495109221	0.28369924275897884	0.24135970708397786	0.2602929636627534	-0.10848547366152315	-0.3513276538031196	-0.6732059343750755	0.2447094314520109	0.059447077422111895	-0.5664375619383365	0.14238544696424754	0.13716860519420201	0.0023738960171554497	-0.31668158826187864	-2.513711753022365	0.4177171984073578	0.7553650140762329	4.300977707316633e-08
228	186412	clean_s0	train	-1	-0.037452909381981446	-1	True		0.11045953966349589	0.15738774847531398	16	0.11875828355550766	-2.5064658984774724e-05	0.0694461627301927	-0.6747641636092716	-0.20027910993588596	0.0323169925756168	0.054830998472416195	-0.6474507558423747	0.025788076614313822	0.2754096940141583	0.025637927853228906	-0.6562893137912174	0.7177938443475271	-0.14581564968730584	-0.16678452562149698	0.05949199788974383	-0.013786961870208269	-0.024297540037902094	-2.203105981958519	-1.8490427829004918	0.24143911171807433	0.11875828355550766	-2.5064658984774724e-05
229	186412	gamma_s2	train	-1	0.1941373809349612	1	True		0.18509941148756984	0.29933484368399116	16	0.1263560801744461	-2.8302306986915937e-07	0.4520703706582855	-0.18204923956599292	0.041737221600376496	-0.10289740490837812	0.6027114941126698	-0.610203010373675	-0.06418041279469862	0.10214009173973473	0.04504802116235736	-0.46202063339460153	0.4674238731647401	-0.14129276092540896	0.5492076310768865	-0.4941931316570936	0.00539435088082017	-0.013187728178790882	-1.6868622388319976	-1.2061924536425435	0.769401693919994	0.1263560801744461	-2.8302306986915937e-07
230	36197	clean_s0	train	-1	-0.05862957067076416	-1	True		0.1536031099799551	0.12367613658723155	7	0.14334025979042053	-2.8230962925590575e-05	-0.35367008694430446	-0.4617491631058844	0.33427808861866515	0.09515365439568858	0.5418138167286893	-0.4141480240365058	0.14590114128079876	0.2335405331947952	0.15229037826433478	0.30905026851914275	-0.6227799792015418	0.06911280437021469	-0.624082882543585	0.2737268034549575	-0.0923809360602051	-0.12539555581061487	-1.8733832112016953	-2.0900889317894573	-0.8924331916347173	0.14334025979042053	-2.8230962925590575e-05
231	36197	contrast_s2	train	-1	0.10312954446542312	1	True		0.27198756689279363	0.10922372228973079	5	0.260653018951416	1.0692164323700126e-05	-0.3561419030729295	0.4084985887927156	0.3030197306612951	-0.6111644421993855	-0.3479889895496899	0.3234110533346313	0.11998445368886515	0.029353021136227436	-0.07026562657980402	0.7921374365833156	-0.46505154578748453	-0.36501029619360786	-0.11294091786823617	0.054112961886540994	0.015668435573195645	-0.04632713301307039	-1.3019989236801595	-2.214357002169289	0.4880961321254238	0.260653018951416	1.0692164323700126e-05
232	457017	clean_s0	train	-1	0.05832789545784227	1	True		0.43574491750530625	0.032389319780536316	5	0.253706693649292	-2.037792728515342e-05	0.00995518299683361	-0.17664255172501994	-0.2591022391050641	0.8922868152077306	0.2437539621318851	0.15349415781416653	0.05284548314881615	-0.1400695424311312	-0.3037051221811508	0.29924167756506614	0.08980386802059442	-0.14343804841350544	-0.6149751754747411	0.620779152612326	0.019110027843446897	-0.16016239487048692	-0.8306982584336065	-3.4299265468982005	-0.2383114266562297	0.253706693649292	-2.037792728515342e-05
233	457017	color_cast_s2	train	-1	0.0644623392748455	1	True		1.170962984604172	0.08233823595350082	5	0.2731454372406006	9.206165714203962e-07	0.13020702466149944	-0.8199579840844738	0.4342945458410352	-0.13925307251847777	-0.19386017804448438	-0.23880672585700521	-0.0712196270665044	-0.055038242019849554	0.13772911112252773	0.8820697836415736	-0.13508377179923925	-0.11710752910820423	0.3171289101496528	0.22560115571903477	-0.1271121116048646	-0.05828956941992046	0.15782647404353087	-2.4969196867889796	-0.8507781336470988	0.2731454372406006	9.206165714203962e-07
234	365527	clean_s0	train	-1	-0.1784649447124969	-1	True		0.24693467344084014	0.07545553749895363	8	0.12432633340358734	-0.00020988256437703967	-0.22231372902723656	0.19709025061461716	-0.6201498341270967	0.3759934890413927	0.4758099302583047	-0.3771752934785131	0.08825370069525645	-0.09659249966619544	0.11819562360119898	0.1842856301099007	-0.4112154878039734	-0.17152501795641903	-0.8139913823017122	0.2997460587033621	-0.03346353069817837	-0.00033737036840758285	-1.3986314573277112	-2.5842117034865457	-0.3027153657011962	0.12432633340358734	-0.00020988256437703967
235	365527	gamma_s2	train	-1	-0.04990247289414254	-1	True		0.9360199695628841	0.33911320715859405	10	0.1282435655593872	9.000210638987483e-07	-0.03798863404516098	-0.305958154436491	0.7798971454967423	-0.5338803476511571	0.0268708690081716	-0.06262178127986319	-0.017698769073059912	-0.08198725958560077	0.007167413953521589	-0.677698775744802	0.6953162987482036	-0.07405848045180358	-0.20154272678703805	0.10466880662102249	0.00611720106297355	0.010541999075994374	-0.06611846772798327	-1.081421282925134	0.7759459984563559	0.1282435655593872	9.000210638987483e-07
236	106165	clean_s0	train	-1	0.0662350692453622	1	True		0.003959220173059236	0.07339613135559252	1	0.0013934198068454862	5.337486072676256e-06	0.0002535595803419358	-0.25208636165125703	0.7790798296988597	-0.24150072158450459	-0.30201001526777904	0.4237936529270743	-0.016472191467790533	0.009054238085617413	-0.21413679577415726	-0.615343122262334	-0.39347309601207353	0.2652395065577736	-0.5719644816707772	-0.12379204882853094	0.06028720683161995	-0.06498318609291998	-5.531708198850785	-2.611884051064147	-0.0968418908232126	0.0013934198068454862	5.337486072676256e-06
237	106165	contrast_s2	train	-1	0.0752767521073891	1	True		0.01852314484541784	0.07495672058271602	1	0.004291966557502747	7.589905180793721e-06	-0.1582390878254216	-0.43087050377650754	0.8386490234034609	-0.20133781062553777	-0.059853484885178616	0.19209059529100658	0.06712086437023984	-0.02134138286426197	-0.09737640195637065	0.3167831639628404	-0.8539752491620946	0.323839580234973	-0.23398986582730683	0.01488672632767865	0.011771052187652517	-0.030150188002327723	-3.9887342560579575	-2.5908443908921712	-0.8841721902994404	0.004291966557502747	7.589905180793721e-06
238	137377	clean_s0	train	-1	0.029763733917080835	1	True		0.06262046845339368	0.10713965523368635	5	0.024321280419826508	-1.2524576050054748e-05	-0.16938582202604566	-0.5983522630105924	0.6503405058393193	-0.31423464471065915	0.1032893916602834	-0.2636782909554911	0.08641894853057491	0.06271884028789804	0.013353098161596378	-0.08089206040867113	-0.7369608436433935	0.3162670751472321	-0.5845186524648474	0.0598233863672787	-0.05297926578073064	-0.04576380872979467	-2.7706630822049014	-2.233622106429905	-0.6161148076920238	0.024321280419826508	-1.2524576050054748e-05
239	137377	color_cast_s2	train	-1	0.11105012162791315	1	True		0.3805218934180316	0.05789589455093685	5	0.12039686739444733	-3.6958181226509623e-07	-0.24940434784496968	0.6781845087023324	-0.6103934194155511	0.24480070183275626	0.09826899013632297	0.15460122599733836	0.05896293016609907	0.09121826959146619	0.15181648908107137	-0.15767053346825857	0.7628271901692025	-0.5559837570752937	-0.15029872098241878	0.143888363890516	-0.0952025066783394	-0.09333494641080305	-0.9662115647836871	-2.8491088027558673	-0.7531749738209806	0.12039686739444733	-3.6958181226509623e-07
240	195579	clean_s0	holdout	0	0.07381680976849982	1	True	-0.20475132094592918	0.006102010888489229	0.061238729856928374	3	0.0013806680217385292	-3.5006460166187026e-06	-0.050814915407024756	-0.8177658285898441	0.4847390921989258	0.26484472748758814	0.09157273301606772	-0.11523867611568714	0.034965105180529456	-0.025963435176307288	0.037133896979267875	-0.03780247218548913	-0.325956145947726	-0.3197718019121336	-0.8651005251317171	0.13097509466970841	-0.09968675570962485	-0.11489033514220999	-5.09913690811219	-2.7929754488073413	-0.3084825739266734	0.0013806680217385292	-3.5006460166187026e-06
241	195579	gamma_s2	holdout	0	0.07466547962683648	1	True	-0.3132801030229224	0.005447620341551168	0.07149410310230048	3	0.0013486428651958704	-6.177015734465385e-07	-0.027166654076351007	-0.7382240395853695	0.6429378487042197	0.0946719721285068	0.1437056272175622	-0.10410476330493944	0.013502969360024944	-0.016850551801138935	0.6052885059753303	-0.1593407789717978	-0.07420509585503209	-0.5313960111251639	-0.43244934540144	-0.2398426599724656	-0.2683552970240715	-0.061617533629392714	-5.21257640005382	-2.6381403067630624	-0.03659398796626244	0.0013486428651958704	-6.177015734465385e-07
242	459600	clean_s0	holdout	0	-0.0722049263413723	-1	True	-0.08657109059919388	0.46223241774001333	0.2486381861136025	7	0.23154152929782867	9.200810382026248e-06	0.03117604008680445	-0.3030672314307826	0.888470873159249	-0.20965054239582645	0.12810621648138767	0.1786394706473	-0.043243082277275025	0.1537895901375456	-0.10396175187337423	-0.6094607346468931	0.7475629649417617	-0.11793235096705719	-0.1635787830810639	0.13254663130668298	0.017549338377589048	-0.018882110141271072	-0.7716874456935439	-1.391756507057093	0.8694388049135207	0.23154152929782867	9.200810382026248e-06
243	459600	contrast_s2	holdout	0	-0.22183871758551776	-1	True	-0.08566956218520208	0.3251817612327847	0.32136508928243285	9	0.46057116985321045	-4.581795656122267e-05	0.22566850985582632	0.25888592897670865	0.5942211639977627	-0.6412373196841016	0.3200632861472552	-0.07804519880811082	-0.07701338334627522	0.05748987842953429	-0.0027875954854962117	-0.7877404943131423	0.25063864502917954	0.5621840622689953	0.013271958500711127	0.008519302598449447	0.0026381211202027334	-0.018188171730163752	-1.1233709876482507	-1.135177452351777	-0.4137884464769733	0.46057116985321045	-4.581795656122267e-05
244	403394	clean_s0	holdout	0	-0.01149330007712311	-1	True	0.30926229519919124	0.0269131332800703	0.06488152016318263	2	0.01578713208436966	4.816050568479113e-05	0.4727201102242221	0.25969539347976506	0.3083147589214606	-0.11666571374006969	0.7312853810428733	-0.20193471372206004	-0.13601732957244	0.07980269113475759	-0.21944132860501486	-0.7633668393840101	0.30660772523413743	-0.004531969964042889	-0.5061743200261843	0.032376420572410615	0.07236607877889381	-0.11220611236565961	-3.615140885455817	-2.7351924390520774	-0.6024099625994062	0.01578713208436966	4.816050568479113e-05
245	403394	color_cast_s2	holdout	0	0.08472833083725591	1	True	0.5647634848213342	0.2848231227663093	0.04823597502844992	2	0.043421268463134766	2.5683211788418703e-06	0.07323673282525986	0.8855627513925808	-0.2640448009768908	0.00031006182785814693	0.2058677043015252	0.30005191926411484	-0.08894661600868399	-0.01926330228552508	-0.11554276565287182	0.4426503264241957	0.4516911650915469	-0.6565076175525009	-0.18016149467869033	0.3015198546591083	0.027322358095858354	-0.17766400615692562	-1.2558869132480481	-3.031650166415485	0.31843674650902837	0.043421268463134766	2.5683211788418703e-06
246	561382	clean_s0	holdout	0	0.14054811013532462	1	True	-0.27788531959793095	0.030445155681946057	0.14394472639815198	20	0.046206310391426086	-9.425806638319045e-06	-0.3836221271443994	0.27695078756951963	0.21499076913559714	-0.6109440646137472	0.40376384405210314	-0.37709620976236446	0.1738303594719043	0.14565320734144988	-0.063198816336315	-0.5695868402967873	0.5194024741884594	-0.49838274030859225	-0.36981286523623086	-0.12894393451124764	0.002351948693108344	0.00433932319551965	-3.491828388354577	-1.9383258975436077	0.18299573621693008	0.046206310391426086	-9.425806638319045e-06
247	561382	gamma_s2	holdout	0	0.00023389687208759678	1	True	0.18500640978562963	0.020879060475892025	0.07737152296449602	20	0.043656136840581894	2.7538953872863203e-07	0.08111353978954253	0.16757745306942254	-0.11146404562252206	-0.37033771028621315	-0.7799696067552259	0.3359642518808804	-0.0052697275463979044	0.30742771773380606	0.01694527985783531	-0.5987591701703447	0.21657196660298886	-0.4443572127447541	-0.6084690959068133	-0.15730807036955125	-0.03646857174535129	-0.02308978048499269	-3.8690085132974956	-2.559136486428179	0.4562894542441894	0.043656136840581894	2.7538953872863203e-07
248	180329	clean_s0	holdout	0	0.03141945752772249	1	True	0.01233113659342075	0.21004978549403536	0.16011162105991608	16	0.118785560131073	-4.681267455453053e-05	0.0743732406079514	-0.5761730595307071	0.5142884665222194	-0.08305236663515127	0.428778374083749	-0.41384811506624514	-0.016699875293747047	0.18895200946506135	0.21180189646762004	0.3189298738817549	-0.7446373703694126	0.521743149006319	-0.031102027640617473	0.0917104369595016	-0.12440733670833158	-0.04321619491315692	-1.560410702576335	-1.831884075349413	-0.6516750905977224	0.118785560131073	-4.681267455453053e-05
249	180329	contrast_s2	holdout	0	0.1039645066654591	1	True	0.1377698572527535	0.09469309392711622	0.10848625929472865	8	0.045120179653167725	-1.1582343176996801e-05	-0.024093914219122794	0.621294683378961	-0.19795288036849942	-0.6916985604436048	-0.2570279242539096	-0.00817208389239808	-0.034802413762644896	-0.1686381140503302	-0.14203393691881672	-0.5924212621275096	-0.19857299002551082	0.7291208922636412	-0.20666009390207465	0.10444155499332383	0.036726978237343055	-0.053381619211772716	-2.3571142072347864	-2.221131756457134	-0.7696819053088624	0.045120179653167725	-1.1582343176996801e-05
250	126512	clean_s0	holdout	0	-0.022849366288844392	-1	True	-0.6444724295527258	0.011544259060476875	0.02672910890646292	20	0.0776524543762207	1.5716577763669193e-06	0.3587334584865273	-0.17910349034856293	-0.2815600342778377	-0.2240313971348804	0.255629065254193	-0.6783006016565973	-0.22099388396392416	-0.36808953200189254	-0.33281041305550196	-0.3739409189233759	-0.10477274181159447	0.22543732865337773	-0.7314338739275549	0.34491775390158547	0.08599751842129737	-0.1620085164577659	-4.461567016539492	-3.6220020861822446	-0.4537262937458835	0.0776524543762207	1.5716577763669193e-06
251	126512	color_cast_s2	holdout	0	-0.5624229041830048	-1	True	0.40382284862619683	0.07370382077123123	0.0329040069819806	20	0.09564278274774551	-8.526366173100541e-07	0.09909932235384057	-0.739709904185496	0.4449122430507301	-0.027057793220095903	0.14509047482597942	-0.33683011998004847	-0.008242399669587609	0.33129419098147467	0.06413334973162735	0.852805331034371	-0.29892011694151666	-0.03693565115666751	-0.03286745293236197	0.3966090969158198	-0.09701369456164942	-0.10050771095261253	-2.607700638902233	-3.4141608358311886	-0.927323439914675	0.09564278274774551	-8.526366173100541e-07
252	242499	clean_s0	holdout	0	0.005014005554048689	1	True	-0.21773566236207026	0.35035499964598965	0.06684378415108494	20	0.14119096100330353	6.778227998438524e-06	-0.06414357868802914	-0.5560848951352773	0.5690343501712886	-0.5177740461986721	-0.1876393170749704	-0.2288007984727917	0.05013491076512223	0.06850772326089667	-0.1641383568759626	-0.6554344644903275	0.09007869937695588	-0.3474880394816053	-0.600453069800501	-0.2253422866084012	0.02205030824374772	-0.052847910136637186	-1.0488083538321664	-2.7053969617754565	0.7678958887286318	0.14119096100330353	6.778227998438524e-06
253	242499	gamma_s2	holdout	0	0.3363215335356647	1	True	-0.01343042334568545	0.14917272634573028	0.11169426753090449	20	0.17322033643722534	8.263340589564905e-08	0.5327737665874506	0.054534411296455386	-0.10362674030061984	-0.5847591718252481	0.12992435168113392	-0.5509477794263966	-0.18692722645667847	0.07162918722736927	0.18850302020605597	-0.6515433484929293	0.4731468620874694	-0.35801940591886816	0.04622290539099181	-0.4202850440101165	-0.0915694301903258	-0.02740424283648652	-1.9026504072069517	-2.1919898944396254	0.47793686415697995	0.17322033643722534	8.263340589564905e-08
254	65306	clean_s0	holdout	0	0.13105536479932237	1	True	0.5270754299514766	0.12439707727038124	0.09185221639081907	2	0.013037650845944881	-4.6101369662210345e-05	0.08348118555989276	0.05590783419551297	-0.6433217590554811	0.7468537465696681	0.07292189873510554	0.0624094857467194	-0.011536918054101956	0.09437241955744051	-0.050339194988412266	0.24822953000088877	-0.8943235235313912	0.3020111678413961	-0.15250849331699565	-0.13819167432315693	-0.0008466992249729478	-0.049661447154913205	-2.084276593556105	-2.3875743370534126	0.7861489713970446	0.013037650845944881	-4.6101369662210345e-05
255	65306	contrast_s2	holdout	0	0.10827626133361985	1	True	0.3503695504957649	0.01869125177558532	0.09603007325966893	2	0.0054911100305616856	-7.004671715549193e-06	0.1945743861707553	0.41016674504093287	-0.8074204153051155	0.30984256736919197	0.11146613038255307	-0.14345959566104532	-0.08699582606881213	0.07348658539689482	-0.017237749684395298	0.45048879218099963	-0.8558553503295336	0.14178109878135758	-0.20334243525834902	-0.04345612759214694	-0.023990666135548264	-0.01898194829909197	-3.979699684017188	-2.343093873438983	0.9006469724037872	0.0054911100305616856	-7.004671715549193e-06
256	528713	clean_s0	holdout	0	0.18754327957474848	1	True	0.13313234870608626	0.26802786106937027	0.07175218354911107	12	0.21320763230323792	-3.7799800338689238e-06	0.37564439535843125	0.43503874080676075	-0.7451608158289578	-0.10281950166254494	-0.0054776659415513625	-0.29392308401973355	-0.11598369272748596	-0.06263457299327921	-0.10384315607334126	-0.6611737383101008	-0.3994849251479505	0.2075739365956889	-0.5426403032916931	-0.22393835306666243	0.006969200581997869	-0.0688134261328674	-1.316664344656866	-2.634536992051312	0.02198841348619442	0.21320763230323792	-3.7799800338689238e-06
257	528713	color_cast_s2	holdout	0	0.05201006836683816	1	True	0.0729239708303997	0.2919479199537107	0.08497683860128771	10	0.22028285264968872	-6.952296871531871e-07	0.297061211530828	0.2816253283547845	-0.47943854585675383	0.16830424365528054	0.598775208002735	-0.45321127052004256	-0.09509606318881693	0.03575900811418252	0.19768981280022094	-0.7363877501900213	0.2640570120074362	-0.2554421063891164	0.0013234889216565638	-0.5259318117824865	-0.06849314163939745	-0.04876178047798559	-1.231179848940719	-2.4653765466550666	-0.07433011481885683	0.22028285264968872	-6.952296871531871e-07
258	65252	clean_s0	holdout	0	-0.014077038605578433	-1	True	0.6094960296148535	0.002991951153899224	0.05722699933822323	1	0.003978552762418985	-3.655298496596515e-05	-0.18762587731889538	-0.4877004830757763	-0.39995435985867495	-0.26485820385866277	-0.48841260551340293	-0.47904718542955327	0.1666454123150016	-0.032056787741525025	-0.22598526014033862	0.8073084885889781	0.15486242888927196	-0.2788818440498902	0.12643435088380925	0.4016858085929531	0.10543792377752982	-0.08349803539893606	-5.811829544237381	-2.860729475541106	-0.5733289781856157	0.003978552762418985	-3.655298496596515e-05
259	65252	gamma_s2	holdout	0	-0.034219412954574674	-1	True	0.3650771575456976	0.004727119442119571	0.17381322981767658	1	0.004633404780179262	7.906691052994574e-07	0.4551555006619115	-0.6263565896525985	0.014843469928503312	-0.26956731920001803	-0.22232065048124156	-0.4751947620408403	-0.12875669091954542	0.18923320336207552	0.1535949898660281	0.44410528672544164	-0.02721426911097012	-0.10394320909600142	0.7977512231769273	-0.34971175014991346	-0.09418860376251849	0.007579634998472574	-5.354439259218735	-1.7497739481118981	-0.17825657769817896	0.004633404780179262	7.906691052994574e-07
260	488303	clean_s0	holdout	0	-0.04369401092049524	-1	True	0.4916626245881439	0.1117226303311404	0.17246807452022025	19	0.2600402235984802	4.652545612771064e-05	0.11136091366082311	0.10338879374506314	0.35438777147443223	-0.6117628029952746	-0.5917347751874993	0.31576878034491823	-0.011933267019236084	0.16450749177756777	0.04987747356482126	0.6759344569042017	-0.7246744756223504	-0.009195581285773018	-0.11607551084084283	0.04193906960457073	0.0018932315650056967	-0.01229630648144547	-2.1917359942139987	-1.757543134878561	-0.09586827050549943	0.2600402235984802	4.652545612771064e-05
261	488303	contrast_s2	holdout	0	1.2826655367330442	1	True	0.1044299736069356	0.2052830437539717	0.026989183340457256	7	0.21545395255088806	-1.487587724113837e-07	-0.3269281319990092	-0.006547529403589047	0.47168463310112646	-0.5673795539210633	-0.43473748745308893	0.23984439509518685	0.0915624088867394	0.30620823546804316	-0.04962811682643163	0.31888800589245997	-0.7140014569488422	-0.30434738710743264	-0.47658910132626586	-0.1607680089528198	-0.041567487995634506	-0.19675034133642325	-1.5833655508914741	-3.612319110229295	-0.04538688316731943	0.21545395255088806	-1.487587724113837e-07
262	193389	clean_s0	holdout	0	-0.04010820799262204	-1	True	0.5898755470976588	0.15511785637935133	0.05791814678795661	10	0.15987759828567505	2.8206457500346005e-05	-0.037335451447970174	0.2995874404533325	-0.8807073497696443	0.28045391346985316	-0.01608369394491422	-0.20528274976096295	-0.016024639458856012	0.10907389433753187	-0.08034994978862828	0.0784542313975073	-0.019749536530737084	-0.795887518591255	-0.4613205484406399	-0.19899257338550666	-0.03890533361761541	-0.31564777047791537	-1.863570087248748	-2.84872452746358	-0.16484840972980147	0.15987759828567505	2.8206457500346005e-05
263	193389	color_cast_s2	holdout	0	-0.05487075503993958	-1	True	0.02230135764341823	0.12370248961803143	0.07439244257532342	7	0.10117857903242111	-1.0219117712040315e-06	-0.026179083812313708	-0.2899347264126437	-0.702921067885307	0.42227373672236856	-0.08560551920721156	-0.3498366082790034	0.0037608557049033414	0.33632019286029585	0.13917219961435934	-0.5222606953932085	0.39636772416715543	-0.14202325890061754	-0.6430050517427305	0.27056944193530624	-0.11107025880511973	-0.17775534922450542	-2.0898758735208136	-2.598400920577736	-0.2906205521403404	0.10117857903242111	-1.0219117712040315e-06
264	158418	clean_s0	holdout	0	-0.028431895070882268	-1	True	0.2131100385354572	0.003205715414877955	0.0925725171164484	6	0.002619415055960417	2.4299053620779887e-05	0.11370523737291205	-0.15526932566858334	-0.7433410131623084	0.5915530480588025	0.022332189584751572	-0.2376042803945466	-0.04157321412731128	0.042294579715913064	-0.03158121691511523	-0.6462791272403018	0.5814114589463618	-0.3365126682254818	-0.33832028868196673	-0.045488213906213944	0.012237432446474154	-0.11561274085753093	-5.742819994836418	-2.3797629727695297	-0.5366414832215594	0.002619415055960417	2.4299053620779887e-05
265	158418	gamma_s2	holdout	0	0.09037239109732108	1	True	0.6742877539660314	0.005174366165057661	0.05152937965331425	6	0.004407340660691261	-4.6746470161451725e-07	0.7085471807495451	-0.08835076356992264	-0.4422905913213855	0.41831318700603126	-0.2669270390606828	0.11151952322986701	-0.1889698371861688	-0.012324675984028097	0.4264409843359315	-0.4171796181406481	0.12968316159626292	-0.5725473705018422	-0.2172961595334522	-0.4636444301981266	-0.13320783617548293	-0.1398318023818204	-5.264038427320848	-2.9656031552490254	0.07534239695269886	0.004407340660691261	-4.6746470161451725e-07
266	540245	clean_s0	holdout	0	0.027634049583111643	1	True	0.2532800968278228	0.3376491028713955	0.09201729581860095	8	0.1516350507736206	-1.318856084253639e-05	0.2218315109287908	-0.42637578290988004	-0.3210566907607089	0.5913434645246117	0.39153041628977125	-0.3950239155713133	-0.07139899205333708	0.04233442999922147	0.005977743163907933	-0.09142878548927284	0.11835650046875015	-0.8569151038351838	-0.2956781390601208	-0.38542264514914554	0.022033782125951817	-0.08265362967359889	-1.0857480799398034	-2.385778721563373	-0.4730093274562381	0.1516350507736206	-1.318856084253639e-05
267	540245	contrast_s2	holdout	0	0.046524409746667376	1	True	-0.22229765701792834	0.38217488016750906	0.04049494112899767	8	0.171912282705307	1.962108854058897e-06	-0.28616663536537973	-0.6226947651154845	0.4740525057068401	-0.09143046915905553	-0.5006572568974622	0.1879719671862252	0.06504144826853281	-0.08398236787444464	-0.3486124936926795	-0.5305813920208143	-0.045136323784390246	0.17585811494005282	-0.7077564569442704	0.22210062788798313	0.058923887040684915	-0.10133822378388635	-0.9618769736464483	-3.2065782230420217	0.8011109594655189	0.171912282705307	1.962108854058897e-06
268	496109	clean_s0	holdout	0	0.08267268373280909	1	True	-0.051821081393917	0.15145259812237005	0.08411429768535351	6	0.10811956226825714	-2.9116312362020835e-05	-0.012096449858057707	-0.2815343769510866	0.36709055928381673	-0.22392309339288236	-0.735512683170184	0.43074963610673245	-0.07250612507032604	-0.06255993709593104	-0.24273710157706863	-0.28870840085662414	-0.07854728340141712	0.11788534631675163	-0.8142363862948204	0.4074647235234418	0.06551295708022696	-0.06602413903380971	-1.8874825866651475	-2.4755787182918247	0.8027632252541756	0.10811956226825714	-2.9116312362020835e-05
269	496109	color_cast_s2	holdout	0	0.004840596692520477	1	True	0.4783684134034215	0.6571855543091564	0.0600800527242941	7	0.19830217957496643	-1.7111841543737683e-07	-0.0002944170612934117	0.769344120203539	0.2392799846393053	-0.05116064102618467	0.18666129842672208	0.5560161920324014	-0.03330151153388508	-0.05596229964532585	0.1356879610805678	0.6460202413584003	0.40787487121477384	-0.4817751198186041	0.27006643584553924	0.21788558024524987	-0.20069353707545182	-0.07134105845911826	-0.41978887372074175	-2.812077393941854	0.8014508122835563	0.19830217957496643	-1.7111841543737683e-07
270	47290	clean_s0	holdout	1	-0.05000437825309437	-1	True	-0.21248664062979195	0.18654944282358865	0.09151245894499459	7	0.10590994358062744	-6.191119609866291e-05	-0.009874860518012988	0.3499503689707227	-0.733260865400992	0.37663561506840376	0.34986848950918326	-0.25719174099765374	0.004271564456562705	0.09663097463012997	0.16269673616030342	-0.17775490794222332	-0.3774648761283548	-0.12350494958079798	-0.8658499375171427	0.13498230512885073	-0.10584192772272973	-0.07128049369519045	-1.6790589660544148	-2.391280152625845	-0.17853810215312388	0.10590994358062744	-6.191119609866291e-05
271	47290	gamma_s2	holdout	1	-0.08414146449554348	-1	True	-0.13233445711280525	0.39333439175651663	0.10847050247812183	6	0.15567226707935333	6.071575739952095e-07	-0.056603739705707756	-0.8759343940180655	0.10457227396386545	0.0923642156668566	-0.2415330125857941	-0.3155641816006258	-0.08802905788783337	0.2107139798258754	0.548946830512149	-0.10489076210448486	-0.2614660728036231	-0.18070973131141896	0.3413462702397306	-0.640854384884773	-0.22708853315718724	-0.08862262879916435	-0.9330951592852162	-2.2212770095159056	0.13787242756154117	0.15567226707935333	6.071575739952095e-07
272	500321	clean_s0	holdout	1	0.015485673402891783	1	True	-0.16576932965930416	0.0004870210544315494	0.09896320529352885	1	0.00047803416964598	-8.21770663606003e-06	-0.35621041593305053	0.4410154678142163	-0.3499873711213951	0.4440358514211008	0.5801242745973385	-0.03250416865289127	0.14581579934433753	0.009876894033731258	0.09729581857442936	-0.44300918236741704	-0.18514300556086472	0.3768351820625738	-0.7069969924967274	0.32870362355873	-0.08498961482396532	-0.05366234144768732	-7.627203200843908	-2.3130071616232426	-0.43165884241360064	0.00047803416964598	-8.21770663606003e-06
273	500321	contrast_s2	holdout	1	0.0029969499912920233	1	True	0.0535582669044746	0.0011708214577843808	0.044083237393384475	1	0.0006724718841724098	2.1677966287825257e-05	-0.1978771639652664	0.3893303844947151	0.17377513039215464	-0.795943549242024	-0.3579582834078145	0.09025507706511918	0.04918746884781278	0.0827226073773243	-0.12141909614978619	0.42022142682269187	-0.8453375601512252	0.20348250407944765	-0.22699842734102924	0.0038699459745150174	0.03271158734446726	-0.007571325596733159	-6.7500496750053305	-3.121675673223065	-0.03864026512293308	0.0006724718841724098	2.1677966287825257e-05
274	113216	clean_s0	holdout	1	0.19042971130062455	1	True	0.25569993442429256	1.5908840002505646	0.05990561030133802	3	0.3067512512207031	-4.2496310925344005e-05	0.19157293757256674	-0.1935835569714374	0.8313756428495293	-0.3637072367115973	0.31603525143917655	-0.030260826131907007	-0.03712762263729531	0.01357734826415563	0.4830766016338124	0.4728965637676849	-0.6254343399168714	-0.12380599232887758	-0.0630087737744469	-0.15388864036216796	-0.3058162035863548	-0.12383226571624842	0.464289836736285	-2.814985117105796	-0.47952561776429403	0.3067512512207031	-4.2496310925344005e-05
275	113216	color_cast_s2	holdout	1	-0.35508568208114993	-1	True	0.7196602342472274	2.5549798588952375	0.21721711004103164	2	0.35684847831726074	-1.2003796427961788e-06	-0.3418922769968061	-0.38374228931009297	0.7766554146334552	0.006880418688464957	0.013047009058913182	0.27897865559408025	0.22820848640518912	0.05032022549235102	0.1503123660363689	0.829394813505477	0.08917278260752062	-0.09061249301218412	0.4224763733862955	0.2924910807152624	-0.09206367632874372	-0.028896159310934852	0.9380443406094254	-1.5268579185091853	-0.2363843809400451	0.35684847831726074	-1.2003796427961788e-06
276	224242	clean_s0	holdout	1	0.1247687954633951	1	True	0.5941800479950763	0.8547336237182946	0.3121679586155781	9	0.3669181764125824	5.898157542105764e-05	0.020792530959547268	0.5612093592034877	0.46292148076138095	0.0925874007938789	0.511468191287204	0.4365955885368837	-0.01167248032876185	-0.09690890689092634	0.016642306696530926	0.7153662178985666	-0.6489380854722059	-0.22742192050459745	-0.11358247904616373	-0.03420005057872363	-0.02599825160701761	-0.019654697049295566	-0.15696540979303952	-1.1642139071203865	0.009535231424298502	0.3669181764125824	5.898157542105764e-05
277	224242	gamma_s2	holdout	1	0.02200910135565052	1	True	0.20338548255919092	1.1337564640710713	0.2022633779327115	10	0.4566917419433594	5.527355142476154e-07	0.21829052231988103	-0.3761094085534588	0.6302022924254259	-0.08638969081999108	0.5645593876379255	-0.2862712088721899	-0.0723190936831235	0.019086489789329843	0.1958489120379119	0.7425642244796121	-0.5929602248502334	-0.2296690127415497	-0.011173499831913911	-0.049694725430322474	-0.055885927540693194	-0.013200104824601324	0.12553642392782147	-1.598184579699725	-0.5786695471294235	0.4566917419433594	5.527355142476154e-07
278	349237	clean_s0	holdout	1	0.21390599926551843	1	True	0.6606527793962884	1.0697052654999817	0.49314282932227893	2	0.25873130559921265	-1.7622156519792043e-05	-0.03951704792415741	0.20649696912306859	-0.8048805889067174	0.3003794811011404	-0.43962030199693153	0.10215445764773162	0.03782546767594519	-0.11226976640655398	0.020326959285632953	0.6752013589944379	-0.6988492115311936	0.20738108844884617	0.08397851201363592	0.07195781696931831	-0.006507091010632981	0.004488105811475084	0.0673831577269027	-0.7069564322469514	0.7330891020301405	0.25873130559921265	-1.7622156519792043e-05
279	349237	contrast_s2	holdout	1	0.11043581244834832	1	True	0.4663947388406736	0.2602122249411332	0.18920909541989098	1	0.07516039162874222	6.5010103753593285e-06	-0.16597041129042692	0.5824582087412935	-0.688234451160352	-0.15001200812516616	-0.3452256254108155	0.06451543021266751	0.03583548484953076	-0.11135007922014883	-0.019345064458415533	0.6059552367336586	-0.7818069641428006	0.13894401504504894	-0.04241980088120436	0.00397613857080468	0.00550642831902161	0.008419091934198856	-1.3462577311398551	-1.6649025504707244	0.8875383097904398	0.07516039162874222	6.5010103753593285e-06
280	15400	clean_s0	holdout	1	0.09456730942309984	1	True	-0.030184975799447594	0.365618476207273	0.21648440924185772	2	0.10573568940162659	-4.758085196954198e-07	0.08535689888109443	0.20378489096133853	0.5127512140859497	-0.813844848746284	0.07101710734056615	-0.12142143439604072	-0.05450399289526323	0.05631512353702391	-0.016812498825281668	-0.61895007135355	0.7312852808862117	-0.25094876263409516	-0.1318555030703328	-0.004874904611270819	-0.00275872365169146	-0.038045454340193054	-1.0061649040043696	-1.5302367468677023	0.44086878631171394	0.10573568940162659	-4.758085196954198e-07
281	15400	color_cast_s2	holdout	1	0.0720012041861264	1	True	0.42129929174094705	0.2701066887861144	0.021158466587054205	2	0.09031525254249573	2.53410462391912e-07	0.0817398418340102	0.396952022982741	0.5817913022334207	-0.1287512884481853	0.6819414061502661	0.12122290415422368	-0.02906680342785298	0.010282173536229063	-0.2560115875752052	0.6322964932477734	-0.30782205313815125	0.3616246384172765	-0.07233520550664152	0.5470947047720257	0.049451488390117794	-0.04628140448796047	-1.308938254376478	-3.855715142101194	0.019495961239080938	0.09031525254249573	2.53410462391912e-07
282	386068	clean_s0	holdout	1	-0.01550570418473962	-1	True	-0.20817980374965914	0.13589216770721346	0.037607491408878056	5	0.06686703860759735	1.894412525871303e-05	0.24822788156723993	-0.48793146336082777	-0.479107932856572	-0.13559482885716576	-0.3887131818137432	-0.5149851474091303	-0.15276620987271544	-0.11282855256955153	-0.5694306087402035	-0.04504950273745263	-0.17133926569070387	0.2969368441615078	-0.5440699215943214	0.4505666552823793	0.23049153828958796	0.0635763401947731	-1.9958935922436813	-3.28055200880745	-0.14047311326622242	0.06686703860759735	1.894412525871303e-05
283	386068	gamma_s2	holdout	1	0.10053948125119763	1	True	0.5191183648624762	0.1481992736940891	0.13619352176999366	4	0.034810908138751984	-3.850870484711777e-07	0.5758883983629725	-0.3200719083693834	-0.4590636542617655	0.32757505415204213	-0.44282898481314753	-0.006298494755122282	-0.2274219079398272	-0.0019406920215384923	0.08846685146116681	-0.5124243472004797	0.20717842284370022	0.2791814318349697	0.622986027910341	-0.46819097911062507	-0.03711742869041244	0.006135665892185535	-1.9091974669750131	-1.9936784504875529	-0.053193501976891384	0.034810908138751984	-3.850870484711777e-07
284	458478	clean_s0	holdout	1	0.03201284023439239	1	True	0.3331044486109096	0.7851606524920988	0.08829154229916056	1	0.2518409192562103	-2.7329244403517805e-05	-0.09483854890775863	0.855897151662534	-0.22536571042880332	-0.4062113492767518	0.16958598674320316	0.03948232534915631	0.08412495963209848	0.07247814807527587	0.0036544212166819755	0.20513264681707863	-0.8274168743413058	0.29392646840242864	-0.42359567220600663	0.0686996434011552	-0.05073418432413254	-0.012996062724477458	-0.24186692928081732	-2.427110959649914	0.16796758236140755	0.2518409192562103	-2.7329244403517805e-05
285	458478	contrast_s2	holdout	1	0.2578794206665149	1	True	0.3405092622639131	1.748309777550539	0.12834526494061324	3	0.7693531513214111	-6.718569693475729e-06	0.2181981351869986	0.7135800782550519	-0.3758025346866192	-0.48315493042601193	0.13511026358160472	-0.20232903102343675	-0.09040785384673343	-0.03407952007127281	-0.07679304551154906	0.3650268312113856	-0.7799441461965603	0.49193089323200895	-0.04128611861906379	0.08533523224345582	0.029807266779144408	-0.025966269146992377	0.558649479810952	-2.053031264113225	0.2744920597669752	0.7693531513214111	-6.718569693475729e-06
286	184858	clean_s0	holdout	1	0.003976147461410658	1	True	0.1828349256372404	0.0005485401376337639	0.1302811593133428	2	0.0005131961079314351	1.947099735843949e-05	0.3208042349406206	-0.14383922072126715	0.6731271978448463	-0.2433773581058797	0.5524621087462267	-0.19227627342224998	-0.13848268892869148	0.05196299461127717	-0.1634867811922426	0.660549834488948	-0.6068064913977702	0.01932578866681421	-0.30046419637116606	0.2694473355427476	0.037288757246796186	-0.06393225365602286	-7.5082501020134655	-2.0380603999773537	-0.7869110095956491	0.0005131961079314351	1.947099735843949e-05
287	184858	color_cast_s2	holdout	1	0.0038382195592223394	1	True	-0.018123616305473267	0.0007409308552622355	0.06560144258364395	2	0.0005758627667091787	-3.678178245536401e-06	0.3570835033001012	0.04113095137160665	-0.14069401760475547	-0.045598091890964476	0.6864240917171793	-0.5998618713147118	-0.09945288718696645	0.0895681088348747	0.030699179211012808	-0.17942632949566079	0.5919568550349553	-0.49250546321744487	-0.5081819692428035	0.3088861446845408	-0.1269760576670577	-0.06408369265930002	-7.2076032484089625	-2.7241575926543113	-0.584474371045354	0.0005758627667091787	-3.678178245536401e-06
288	224273	clean_s0	holdout	1	-0.006828044146781476	-1	True	-0.11950925803619561	0.5051809528205696	0.15608032521239568	4	0.09919999539852142	4.139515112910885e-06	0.051278750106623874	-0.7678798525354823	0.5705344874335152	-0.10328648056716454	0.0567366223396565	-0.25778682613743004	-0.036436773373362374	0.023507295383986403	0.04722446877200387	-0.6722365205069737	-0.24111721292655966	0.5816295140512564	-0.37732344107756693	0.03289289184445673	-0.03076373501550719	-0.07096604212918381	-0.6828385914699739	-1.8573844990367272	0.2905436407390746	0.09919999539852142	4.139515112910885e-06
289	224273	gamma_s2	holdout	1	-0.022718258579138156	-1	True	-0.0675888672846765	0.31677472468994033	0.09374171909745058	3	0.10997618734836578	6.62578429455607e-07	0.2062263688572039	-0.17656453923161342	-0.09354156315827901	0.07747500352843109	0.6950263269533032	-0.6403093828631782	-0.09917159675915631	0.0930082873360075	0.10015559349540602	-0.4418462551734975	-0.3944162998503235	0.5175713546351036	-0.5682678522417102	0.180031502945874	-0.0661764301742921	-0.10759835165093506	-1.1495644053972498	-2.367211947649434	-0.33801943020253533	0.10997618734836578	6.62578429455607e-07
290	96693	clean_s0	holdout	1	0.12473516957865696	1	True	-0.625848061011307	0.29748640022251394	0.08303828964282974	7	0.08883342146873474	-1.0377362741564866e-05	0.22213507922886755	-0.5362418451353397	0.29724601011059915	-0.16811306024296702	0.4184467420582052	-0.5955125083034136	-0.10722459800366953	0.07248145033168521	0.03437412833948851	-0.17690350174108915	0.3874862379395554	-0.30872280654338485	-0.7203721156947084	0.44884546944884923	-0.033496883175139956	-0.023407963993148467	-1.212386768575755	-2.488453456551365	-0.2972575756990747	0.08883342146873474	-1.0377362741564866e-05
291	96693	contrast_s2	holdout	1	0.23448357727056926	1	True	0.1619209657656903	0.4074808891547311	0.1152596506321251	9	0.24599182605743408	-2.1587895389529876e-05	-0.166344460083937	-0.7208683174456949	0.5030963558488091	-0.06706035918341754	-0.40823463042355435	0.08901597674637429	0.01759134904705308	0.14207934860797095	-0.5342574151115137	0.03490554286554181	0.36130676421363084	0.39722011834397464	-0.03147008133963678	0.5950413653511007	0.26426169427162144	-0.011197393304450392	-0.8977612451783019	-2.160567864098069	0.2877160206391332	0.24599182605743408	-2.1587895389529876e-05
292	213527	clean_s0	holdout	1	0.051740828185567	1	True	0.4929297670202275	0.08832529763969343	0.09611836428613386	20	0.06751564890146255	8.702860213816166e-06	0.17749153325741496	0.34110553867415216	-0.7346381273333771	0.31202395192329996	-0.3948775049634072	0.22604784840780887	-0.08860338837953728	-0.014669977884069905	0.016072252200926177	0.006923163324585061	-0.7464054047890905	0.5429490763187129	-0.34540143606945173	0.10738572909080021	-0.029499710775366676	-0.12678700618447006	-2.4267287159074127	-2.3421748856626006	0.8881045105372325	0.06751564890146255	8.702860213816166e-06
293	213527	color_cast_s2	holdout	1	0.052233936046423304	1	True	0.3349487929567336	0.07178752625044048	0.12709586070469991	20	0.06259375810623169	1.7097157751777559e-06	-0.021667061505771506	-0.17195940952759636	-0.6494175678549085	0.06787610207164177	-0.7345486164295322	-0.013671176953250977	-0.015782391597746897	0.06010409602821865	0.1178222168858879	0.5814432041378338	0.5516091543626386	-0.2521234755996675	0.3231998796663415	0.4023164041519815	-0.11482840207372942	-0.026468967494827217	-2.6340445471091773	-2.0628136685420726	-0.7205601152220016	0.06259375810623169	1.7097157751777559e-06
294	346313	clean_s0	holdout	1	-0.03996241360700102	-1	True	-0.37731212753043797	0.0009190849740110343	0.028499067576700548	2	0.0003442696761339903	4.830357283935882e-06	0.0233008147825784	-0.7523513309490489	0.6541922875903328	0.01745781644813416	-0.043754030614144415	-0.026651777344977028	-0.007952845562820905	-0.04964111191945738	-0.24526489150620132	-0.20523610891581057	-0.13275752036835878	0.18487612617728283	-0.7907667263547477	0.45996661121432336	0.07660573070545271	-0.05630092679510832	-6.992131975235699	-3.5578839088146417	0.0895992863318494	0.0003442696761339903	4.830357283935882e-06
295	346313	gamma_s2	holdout	1	-0.014996847689882636	-1	True	-0.2935078060345908	0.0008959305718945796	0.06411235554967053	2	0.0003844505117740482	-6.220577120075177e-08	0.027294046550779466	-0.8205719019707894	0.5063700400529366	0.027113001468070223	0.04407240032997176	-0.23888236003278096	-0.01329390369506335	-0.09791408424562227	0.010539557128613026	0.2882743437717305	-0.5471962465038583	0.20252210485209113	-0.6321377519255891	0.4153071558229477	-0.06246444151900873	-0.019180921357366376	-7.0176476336002365	-2.7471181793296036	-0.6322158654964882	0.0003844505117740482	-6.220577120075177e-08
296	493199	clean_s0	holdout	1	-0.09278412115534378	-1	True	0.5453465778684556	0.44725093036159236	0.050255669437570274	12	0.2861463725566864	-1.7764385120244697e-05	0.005873158301891669	-0.5313576040208822	-0.29712871279463104	0.20286685163412488	-0.7508428286681198	0.09032958593933116	-0.11247435617454483	-0.06007747449874404	-0.16158213810526748	0.8180519289890791	-0.445469725024342	0.008238941245114484	0.27729407841349213	0.07467896150086062	0.02599674760590242	-0.1517442384954277	-0.804635476410805	-2.9906319137590094	-0.49685996374071184	0.2861463725566864	-1.7764385120244697e-05
297	493199	contrast_s2	holdout	1	0.4905849719701379	1	True	0.22250959003256549	1.3460486371297335	0.1842651876116071	4	0.18652455508708954	1.0406974979559891e-05	-0.311784055327305	-0.1630722085131831	0.1619953947495012	-0.5953537657929938	-0.6961170845865019	0.07190863688920378	0.059765178254452274	0.04677413007850094	-0.005408484606357947	0.24702295572812205	-0.8467971796118048	0.4589260585913886	-0.09960367338320629	-0.029751611759711954	-0.010904483431605324	-0.018624152635166005	0.2971733651393369	-1.6913793219333761	-0.3833233163184871	0.18652455508708954	1.0406974979559891e-05
298	294	clean_s0	holdout	1	0.04152139816326048	1	True	-0.09442989406907903	0.4439776465670403	0.09582168149756758	20	0.2462969422340393	5.8527431974653155e-05	-0.008027161228886737	0.3604052893790053	-0.8278811278806429	0.2162368209151779	0.18962524945582965	-0.31801637248475173	-0.006519242518611561	0.02763002936563244	0.1491857500293116	-0.1974914340044996	0.3177053017201471	-0.378880285204458	-0.7467190328150022	0.35205554673154527	-0.08226787533494577	-0.07715822016946164	-0.8119810633847697	-2.3452662991675925	-0.6724763578065328	0.2462969422340393	5.8527431974653155e-05
299	294	color_cast_s2	holdout	1	0.04615486724306263	1	True	-0.13190194616562909	0.17798267389586306	0.06926328559263126	20	0.27153968811035156	5.232433295532246e-07	0.050033169273533774	0.42846298314982006	-0.7917700207084266	0.016161322273145855	-0.3472678374260481	8.803888200156118e-05	-0.07177008474877317	0.24700059974638122	0.3214388774734857	0.6526602656301037	0.12444890513574329	-0.3059565027844193	-0.23852500554956443	0.5119242015290665	-0.19962266170847526	-0.05296169040567518	-1.7260690710857418	-2.6698403025879673	0.2763662944618362	0.27153968811035156	5.232433295532246e-07
300	43719	clean_s0	holdout	2	0.0898506228150687	1	True	-0.13536604324632254	0.22615245401839462	0.18350195990662846	18	0.11956477910280228	1.642209099372849e-05	0.1515447994885285	-0.7304861195431962	-0.23573124654871958	0.1716667407801221	-0.5555938780164194	-0.17237086157332912	-0.03748470758952591	-0.13632365125850504	-0.002512624998712259	-0.4560744747422626	-0.19992034566453043	0.36385357072671337	-0.7227260742480263	0.31060130455627705	-0.02110849362371813	-0.01950582884663127	-1.4865459318264473	-1.6955299308490273	0.7938182463105871	0.11956477910280228	1.642209099372849e-05
301	43719	gamma_s2	holdout	2	0.5544699017489566	1	True	0.040218157487035666	0.13413098083740557	0.29894158507221114	11	0.048107802867889404	1.0094815934280632e-06	0.4280432029425167	-0.4440791827103485	0.5815900799099395	-0.4645665767313489	-0.2169091017614708	-0.07945395442719208	-0.08113647176119072	-0.07455168855656158	-0.003533493423719911	-0.3086588365347231	0.10614203611218286	0.01741685151963421	-0.8244177474453837	0.4611703005851207	-0.019322250966288673	-0.020778370305999064	-2.00893848749959	-1.207507092326319	0.3344950550887582	0.048107802867889404	1.0094815934280632e-06
302	479630	clean_s0	holdout	2	0.07093546154799096	1	True	0.6050925378334022	0.6868288163199006	0.2446086261510666	4	0.1335112750530243	3.711805766215548e-05	-0.38084498211613893	0.20219402034619324	0.14060235059970183	-0.1444572156985924	-0.6340218998045203	0.6004216003392638	0.048520907571235644	-0.09270179885798213	0.048981078481655296	0.7163841308716506	-0.6820089192609866	-0.02853707637839293	0.11205404724454669	-0.07661858641134664	-0.004106889593978059	-0.0008464445693494613	-0.3756701934701897	-1.40809578998923	-0.08274425826526728	0.1335112750530243	3.711805766215548e-05
303	479630	contrast_s2	holdout	2	-0.2107240663885749	-1	True	0.5022676421524019	0.9190000112271531	0.17552662526737697	3	0.16183608770370483	-1.8515576812205836e-05	-0.14435593367313584	0.7026884167286644	-0.6547378717649103	0.01606916639271373	-0.14781380840521205	0.15280556313831967	0.04330598934246033	-0.09683276191734835	0.03160763563527209	0.6214325770287705	-0.771913923772009	-0.04002507082439472	-0.09710654528339455	-0.06737376867190956	-0.03138418758553323	-0.020384417715551367	-0.08446914440865562	-1.7399645366522332	0.9415421918069822	0.16183608770370483	-1.8515576812205836e-05
304	115743	clean_s0	holdout	2	0.08211734094320472	1	True	-0.49770267030217186	0.3860234195387916	0.06375997332338804	4	0.05165540426969528	-3.0099618015810847e-06	-0.5567344733354673	-0.5306903385788893	0.5397441444428063	0.051006670932464415	0.25807554587213316	-0.14283766607246787	0.14032362755451586	-0.08827662271250183	0.19466084782517085	-0.7873129398007176	-0.0463233739056093	0.3115526754579058	-0.4808688982149518	-0.029730139460355742	-0.0900807326654501	-0.05292681456174619	-0.951857238974921	-2.7526296628756093	0.17251128656905299	0.05165540426969528	-3.0099618015810847e-06
305	115743	color_cast_s2	holdout	2	0.06758916935970419	1	True	-0.2857179059244901	0.48948097117545036	0.041745690914300415	4	0.08952422440052032	-2.7334149876878655e-07	-0.7715121335786767	-0.2937044258687217	0.1315347759820135	0.06548664273260088	0.3436393928242306	-0.31762545890514504	0.2139632114515519	-0.17933939888635675	0.1232156023334405	0.586312965202049	0.2052172570436851	-0.004465887098600831	-0.2274720101763393	0.7318333150676501	-0.09675932995425791	-0.047276537561458644	-0.7144096917683085	-3.176159044621528	-0.5634059222396893	0.08952422440052032	-2.7334149876878655e-07
306	130522	clean_s0	holdout	2	0.0629655423541903	1	True	-0.06626986303020072	0.2464632669734256	0.15003487481725675	9	0.3639829754829407	-3.549297616700642e-05	0.3986771365852793	0.061971057686907506	0.49507048278061777	-0.12249085211656043	0.7147595752418443	-0.2021279862772821	-0.12340237813017779	0.10075820972875908	0.007789916249363077	-0.42938705403354144	0.6268133608348688	-0.21533436354702928	-0.500691830890326	0.3482548771095519	0.007302875581962678	-0.06538422311173384	-1.4005423149630594	-1.8968875131211578	-0.12256615242314964	0.3639829754829407	-3.549297616700642e-05
307	130522	gamma_s2	holdout	2	0.014759242556598022	1	True	0.15279501588857872	0.6277455276849091	0.21000235031869946	7	0.3954063951969147	8.095227599369537e-08	0.3293784566319939	0.4261184051086122	0.0309264944250831	0.003924442563314479	0.8015830650518485	-0.24570085466315383	-0.07778230550348811	0.0025846885338353543	0.09850120912055088	0.4641749948631612	-0.3089375171469612	-0.17474539789767785	-0.6592064777593647	0.4614449579868494	-0.027992791865569647	-0.024341659369918008	-0.4656204053252028	-1.5606365563287294	-0.419674189160938	0.3954063951969147	8.095227599369537e-08
308	217700	clean_s0	holdout	2	0.10476505610603826	1	True	0.6058966416635939	0.09542467271048177	0.040642258185685044	20	0.10613109171390533	-1.115383656724589e-05	-0.012253509537574892	-0.10732631089566866	0.42606695010725926	-0.7984183490418476	-0.40821888231008785	-0.05154665843069314	-0.0028767530862253824	-0.004244859712785587	-0.01217951383130155	0.8579485327004086	0.048242217618949354	-0.24277291350344474	0.20655594769277943	0.3295561419113364	0.07935510476140269	-0.21199087878645534	-2.349418110155187	-3.202946911638372	0.021821584670444576	0.10613109171390533	-1.115383656724589e-05
309	217700	contrast_s2	holdout	2	1.017144071681546	1	True	0.1014820257559538	0.8019124921524886	0.06466536940138719	18	0.20936991274356842	5.300249540596269e-06	-0.3152979272124794	-0.07393260293792596	0.3895503820089226	-0.5974438857698964	-0.5792004367967379	0.21451024401240149	0.06221867351320505	-0.03276486598748154	-0.03078825000180788	-0.7010236438887167	0.6157302560901406	-0.21833373641921314	-0.2382490775328664	-0.04716026371294241	-0.01611001987302554	-0.14689560734492127	-0.22075578909684204	-2.738529469575966	0.5635243673958519	0.20936991274356842	5.300249540596269e-06
310	303520	clean_s0	holdout	2	0.19990808998379161	1	True	0.15687524956053708	0.28935634732304477	0.09550149743969626	17	0.14766645431518555	1.0462909813213628e-05	0.005359153907522019	0.09982110504518918	0.7677423303494159	-0.4483131790944724	-0.141055419554732	0.4041751000186163	-0.006170854142781397	-0.12767854866118092	-0.14786782974722693	0.017064327728716026	-0.5418012396693519	0.25790185876939925	-0.715180035089027	0.3234125096233595	0.010414687366424294	-0.03994198137737208	-1.2400963147105983	-2.3486133516110916	-0.2940428449089089	0.14766645431518555	1.0462909813213628e-05
311	303520	color_cast_s2	holdout	2	0.3578570991083944	1	True	0.1935581461994056	0.5682385201709851	0.08423970103923964	14	0.18362966179847717	-2.661201961018378e-07	0.08555776554086969	0.8005334215050919	-0.5652526202234784	-0.020171249161518058	0.02736702312458347	0.13542757077383955	-0.1091071621395207	-0.030244869526855678	0.04238298469561513	0.6460037533301501	0.11858017384286819	-0.12217675530619393	-0.2955807437972976	0.6766152725603639	-0.054215304288830826	-0.061472869766456356	-0.5652140185266066	-2.474088960067752	0.5475282068094764	0.18362966179847717	-2.661201961018378e-07
312	528802	clean_s0	holdout	2	-0.0006966373280278303	-1	True	-0.019365005053951223	0.0024304615245840785	0.0905199928517375	1	0.001341872732155025	-8.864544361131266e-05	-0.1438178834981186	-0.6507814337668463	0.4758098855218342	-0.049329744961504336	0.3577765189990771	-0.4198803561836072	0.1492340674721911	0.01992767369936229	0.14818162806454876	0.52331265463032	-0.5691156652927266	-0.2049721217753764	-0.5318385442557322	0.20274437460950145	-0.10431059703095266	-0.05866549372775837	-6.019674111439861	-2.4021845371746307	-0.914696449620833	0.001341872732155025	-8.864544361131266e-05
313	528802	gamma_s2	holdout	2	0.0023443187059577607	1	True	-0.2182965833290273	0.0012428210404466181	0.07404374956140855	1	0.0009332115878351033	1.1163214708176383e-07	0.04847520265371162	-0.09445020172410898	-0.0725147642279336	-0.10481059349533296	0.6924365517459677	-0.6955320181650645	0.02478142904607579	0.09294286019193969	0.17039654735255463	0.5809912709506158	-0.5050021485697873	-0.35956711734626134	-0.4720450750943199	0.13595025321471438	-0.08583444333264677	-0.02054024911074599	-6.690371449910704	-2.6030991501711087	-0.39776336859224276	0.0009332115878351033	1.1163214708176383e-07
314	242677	clean_s0	holdout	2	0.10887063355009316	1	True	-0.044029681118014	0.15934701981765734	0.16899084902438694	9	0.13936138153076172	-1.9443134078755975e-05	0.1596861680278689	0.2663639184138941	-0.2490525951919694	-0.524397000841717	-0.7016900824800066	0.1403774194508081	-0.20036661253803162	0.11962278156415322	-0.0004359506631236915	-0.5086881731294303	0.7648461277573061	-0.3580555363367505	-0.15549651230303901	0.03866345786407994	-0.005669975642914544	-0.04833848643137069	-1.8366709404043946	-1.777910713303883	-0.028397927392625404	0.13936138153076172	-1.9443134078755975e-05
315	242677	contrast_s2	holdout	2	0.014414268089658391	1	True	0.5937878843864415	0.759676827762457	0.030143977850034906	6	0.23400892317295074	6.4878086050157435e-06	-0.005716476903069737	-0.3617573634041192	-0.6115166876704734	0.6264200682402016	-0.28801547187800247	-0.04244294936092239	-0.04988079112403558	-0.1245060697469651	0.12572245836885712	-0.15716514315111907	0.7613717497861152	-0.5509980790397725	0.20923746272932978	-0.11255103285073992	-0.026218679191255742	-0.13810027788542237	-0.27486216276327036	-3.5017701153603857	-0.7915953239954504	0.23400892317295074	6.4878086050157435e-06
316	155588	clean_s0	holdout	2	0.21890008131842337	1	True	0.2521117006385621	0.1439942643725637	0.1441349283259111	20	0.0854310616850853	4.5439657696988434e-05	-0.38641484581343294	-0.43803425875772445	-0.20513515410019056	-0.02190744414550732	-0.766690352269979	0.07329861579204297	0.13085710023270156	0.07706376253959835	-0.09493428683102684	0.13611967686872684	-0.7537472538828754	0.5822046757579021	-0.21144850678425584	0.12697563334382558	0.03587452083888442	-0.05693367895231373	-1.9379818109385423	-1.9370054158485193	0.2906539592818551	0.0854310616850853	4.5439657696988434e-05
317	155588	color_cast_s2	holdout	2	-0.06389765043430945	-1	True	-0.3645671035787572	0.22076780220823936	0.08966553482302546	20	0.10424214601516724	9.950705504024882e-08	0.3210524598562375	-0.6240867422050136	-0.02497042325623522	-0.2519469168881825	-0.004070385334197156	-0.6470008564459325	-0.1545915191067496	0.028549451655063746	-0.1545497747537475	-0.4705319607862395	0.02799721757848806	-0.042300329358933096	-0.8277615688239217	0.247369185896557	0.03312791620853265	-0.06828390102081934	-1.5106437985401722	-2.411668810908461	0.09024297894192566	0.10424214601516724	9.950705504024882e-08
318	387352	clean_s0	holdout	2	0.03801710587715246	1	True	0.3564881667111286	0.24138137871075818	0.12159331111946049	7	0.19022059440612793	9.181682798953261e-06	-0.3929505485229733	0.2826425318697466	-0.420003850448891	-0.44943777881013175	-0.5757150025079565	-0.007995520075212044	0.1724935532257593	-0.16136850936081443	-0.0670152054186314	0.462261018138966	-0.8456230167587033	0.13276899855616173	-0.21554476156143132	-0.025281952434743755	0.025437670925257925	-0.03704083460306966	-1.4213771120191614	-2.107073318196079	0.5871413593512628	0.19022059440612793	9.181682798953261e-06
319	387352	gamma_s2	holdout	2	0.05864665194982789	1	True	0.013699076233833679	0.14492109809576917	0.08680757211817637	7	0.17120975255966187	-9.722680260892957e-07	0.7229603480741906	-0.03720645987234951	-0.3810560643022317	-0.2839118807092703	-0.18885952483671356	-0.3702784949055987	-0.2735211355709696	0.0504622510188825	0.0439685133887911	0.2555686721069158	-0.856537601227198	0.16640525957049127	-0.40918508363771267	-0.018306813655132304	-0.015892895749482782	-0.0581712530634609	-1.931565835722243	-2.4440614247246644	0.38689181363799474	0.17120975255966187	-9.722680260892957e-07
320	454916	clean_s0	holdout	2	-0.054054287458268506	-1	True	0.28942922968747237	0.12492648229185474	0.44155748752155133	5	0.03295430541038513	-7.903327059466392e-07	-0.008832159793929156	-0.7455596361876737	0.35044580113547247	-0.298776205617066	-0.37250878030731976	-0.23182760567997296	-0.010523149827948193	-0.19840810065366948	-0.0497714389315441	0.6371667898427607	-0.7456479298941986	0.038873403994788676	-0.1646330791636514	0.06854629851754433	0.026086228465713415	-0.03944834317246863	-2.0800298563601474	-0.8174470578505492	-0.6945411802198447	0.03295430541038513	-7.903327059466392e-07
321	454916	contrast_s2	holdout	2	1.0713178865952162	1	True	0.18425124513558241	0.6324130864089151	0.2164539423471	3	0.10885348916053772	1.4663119145552628e-06	-0.35141224407085714	-0.584043771068795	0.5969711137015045	0.14473916079295612	-0.23481995547519338	0.2831191111298685	0.14640471294263405	-0.036704092148498596	-0.04282761014303824	-0.5124476385321627	0.7794267461440523	-0.3438017679771696	-0.08961530800028214	0.009227961476037383	0.010414039288243835	-0.040410325150729696	-0.45821248061311226	-1.5303774915935786	0.7565396348061947	0.10885348916053772	1.4663119145552628e-06
322	16180	clean_s0	holdout	2	-0.31706403433619834	-1	True	0.3055734691677586	0.15253897069292657	0.2523844014106228	7	0.2129267156124115	-6.87738702254137e-06	0.09606720933807783	0.3324029554018717	0.4961836471577974	-0.7228780539883048	0.30062434395532656	-0.14060208347919861	-0.031191956317289424	0.020287771590048263	-0.002173041892144382	0.65874702369901	-0.6961425171659426	0.23775947430294334	0.15394622982591077	0.03348333226593223	0.0009327384241870318	-0.009067502608168713	-1.8803351700469244	-1.3768019512881446	-0.25716583503161167	0.2129267156124115	-6.87738702254137e-06
323	16180	color_cast_s2	holdout	2	0.19417878103509673	1	True	0.1499753741365959	0.3752873195481177	0.07344276477518867	8	0.23007681965827942	-3.2323990240001876e-07	0.02668006654192308	-0.573881071683577	-0.5293731844278019	0.06215292617148941	-0.2931406252508143	-0.5395396341641632	-0.008645215011301081	0.09349092060387047	0.13463313246320577	0.5260486728996634	0.4755691799991503	-0.26352626944936486	0.6305494290858917	0.07757527334250836	-0.07695704126188099	0.0012968989784536713	-0.9800633609176541	-2.6112488866439274	-0.7923378852751354	0.23007681965827942	-3.2323990240001876e-07
324	526337	clean_s0	holdout	2	-0.14976997632617758	-1	True	0.09410471471351581	0.06714940931121599	0.18086606852526516	19	0.12010551989078522	7.709857527515851e-06	0.24692369679440854	-0.4267565982717688	0.17516012235261877	-0.5178814512125116	-0.5673497195748003	-0.1458047413278998	-0.09982618266195692	0.32390621196634467	-0.08009844962691783	0.17451104380299917	-0.7937688461995689	0.47050761424037074	-0.3072257444100692	0.1143159503736054	-0.00636585666791976	-0.06471026983930105	-2.7008351525934122	-1.7099984745101402	-0.3396437058380571	0.12010551989078522	7.709857527515851e-06
325	526337	gamma_s2	holdout	2	0.1982343530843001	1	True	0.3367830015332283	0.15178409241919874	0.14643571886242696	20	0.18145284056663513	-6.993831789259275e-07	0.3396000083023625	0.4272517921935051	-0.7961887638415132	0.14213666468931724	-0.0043365436640836405	-0.16047374425801864	-0.10548530188508905	-0.10540675584557951	0.14445672290137382	0.2346287464400903	-0.8548123341815921	0.24014505053824728	-0.347404134638376	-0.023540730963697538	-0.08529872359350488	-0.08478303808584094	-1.8852962125275978	-1.9211687259059635	0.887247117950249	0.18145284056663513	-6.993831789259275e-07
326	5883	clean_s0	holdout	2	0.0011584158909814792	1	True	-0.1330507182270671	0.143317866285839	0.08846698384482123	15	0.1633979231119156	1.383628841722384e-06	0.02412409283347569	-0.22582550212792651	0.5994832686148078	-0.5054133108628694	-0.49830788528298076	0.26441160023606	-0.10108301911326996	0.07180561917824672	-0.2123088835404871	-0.31926477584336527	-0.5415911872369633	0.235121780839251	-0.7017785318093478	0.054854391620896656	0.06044878293719946	-0.0723568074747286	-1.9426902744120058	-2.4251258604629236	-0.023632221039174377	0.1633979231119156	1.383628841722384e-06
327	5883	contrast_s2	holdout	2	0.30314778522234154	1	True	0.2598065061835759	0.2403031107095188	0.1141371124787346	13	0.18114134669303894	-2.888286871893797e-07	-0.23722281133888304	0.5276521534501744	-0.5467113259690002	-0.30555317010194827	-0.4808500863945741	0.11270171281654483	0.04497660791997883	-0.16465464497540017	-0.015087245822409156	-0.44530184765386616	-0.4275823331493455	0.782793583920144	-0.06895809497954751	-0.015243876869384918	-0.0013260104384410507	-0.029947284937751825	-1.4258541912110634	-2.1703548122509217	-0.20049458175262766	0.18114134669303894	-2.888286871893797e-07
328	444566	clean_s0	holdout	2	0.10252393476486464	1	True	0.44852432036981804	0.16435504578207197	0.035560636589268294	2	0.048524245619773865	-8.136616997944657e-07	0.49309446856491806	0.6240318286671993	-0.4214639995675899	-0.31394075067124844	0.10648226978006406	-0.15714930669245325	-0.2320986865668799	0.0367048406581913	0.05491109933505313	0.09593029088857725	-0.8735434986635014	0.35882698316819456	-0.13045367071294547	-0.20798797848241446	-0.0820151449076809	-0.1701277728850805	-1.8057262778946215	-3.336515966633107	0.37404189675537725	0.048524245619773865	-8.136616997944657e-07
329	444566	color_cast_s2	holdout	2	-0.07107206991023378	-1	True	-0.14775559366001256	0.634853540739669	0.046805790611210506	3	0.2901025414466858	-4.448051811323239e-07	-0.2297999471116832	-0.4960034336627138	0.7526013024561906	-0.09520113900054347	-0.2118800751509271	0.2692623073767909	0.07622771347633561	0.049945771109211966	0.020472660431012726	-0.09443733156003734	0.06107352946172797	0.00925762216792801	-0.8024628196895699	0.5614656228740684	-0.09614896086541243	-0.13569058788969277	-0.45436095119486275	-3.0617483526824496	0.39432033126427074	0.2901025414466858	-4.448051811323239e-07
330	407570	clean_s0	holdout	3	0.01672202041743009	1	True	0.4935566243927205	0.3873929470888015	0.4172668724440733	9	0.19261595606803894	2.866225622710772e-05	0.3387143085381416	-0.46148445772355495	0.43765517357427486	-0.12244072495137603	0.4945835591357757	-0.4622780860042632	-0.07737999049566446	0.03833199299188522	-0.05841167576005572	0.6167327023089377	-0.7685620181573358	0.15835975684486067	0.0006910508624637008	0.004212230034701385	0.020254893757149485	-0.005914434589259539	-0.948315733931805	-0.874029280001739	-0.663551728736292	0.19261595606803894	2.866225622710772e-05
331	407570	gamma_s2	holdout	3	0.13829930092089088	1	True	0.0859697189479825	0.31930749925173363	0.23213508112282902	5	0.08008809387683868	8.100976600644572e-08	0.4239811337654667	-0.601430984887559	0.5607128539627715	-0.08145592358705693	0.23638278493933462	-0.2586440976427724	-0.1212641298877117	-0.0028665444051278327	0.20325763288161616	0.4386126251601628	-0.612220358010301	0.10109291664848588	-0.5228203839586814	0.32482679395229186	-0.04915132020340808	-0.0015175402243759251	-1.1416006929956029	-1.4604358305319913	-0.7307678918077914	0.08008809387683868	8.100976600644572e-08
332	194862	clean_s0	holdout	3	-0.038015026157518596	-1	True	0.43222276289861516	2.397271573565556	0.21270913619515167	2	0.4540778398513794	1.7320555343758315e-05	-0.06286468445572978	-0.09249211518737854	-0.7576626073009175	0.6209028454782995	-0.1549301669917037	-0.05361177993285661	0.02868348622626657	-0.01483064654018048	-0.011965835648762373	0.6255333558146229	-0.7428395901839302	-0.13173576423556338	-0.19056401722231342	-0.0421829488095152	-0.010578343151992154	-0.03455320583895925	0.8743312463089205	-1.5478296042609396	0.4559166357246253	0.4540778398513794	1.7320555343758315e-05
333	194862	contrast_s2	holdout	3	0.13609050269582076	1	True	0.4701644274709989	0.10298523081721626	0.05427310035942323	1	0.00885984767228365	-8.317344509123359e-06	-0.03841328594150966	0.6594571201070276	-0.41494752558846654	-0.5569185094624529	-0.27329676553842075	-0.028213471791075303	-0.02397403563837539	-0.0723821426939753	-0.19780473568096524	-0.2550572794194493	0.8589903641202499	-0.3061802460675549	-0.0018268749233295292	0.2161011630881271	0.10169922644423973	-0.08463154948168267	-2.2731696911482517	-2.9137265640988774	-0.3484295019546199	0.00885984767228365	-8.317344509123359e-06
334	170336	clean_s0	holdout	3	0.4505011737752723	1	True	-0.11581002193742787	0.28721571705954985	0.13655573843535493	10	0.22796013951301575	-5.119673369335942e-05	-0.4094982380980197	0.15557829615414911	0.7466375377058742	-0.1295037306603707	0.33825823239274944	0.3133922271371885	0.13842997117850492	0.04551462462797714	0.30144635730125957	-0.7558679263852341	0.5366446524031783	0.03715250891102384	-0.1761967953346342	-0.004237178484393545	-0.12297709695369739	-0.04732175929809754	-1.2475217181642437	-1.991022407512214	0.07472379364217985	0.22796013951301575	-5.119673369335942e-05
335	170336	color_cast_s2	holdout	3	0.6062078829692972	1	True	0.19876552340314804	0.7071658466946271	0.07417868259588978	9	0.2714288830757141	-5.095392907605856e-07	0.11751595764071861	0.8768148243658233	-0.15284664770137546	-0.0626318713189272	0.36543085276978265	0.21345070255242313	-0.08235334115732855	0.06494560088935468	0.4317312490695459	0.3929037911504782	0.5356671803234687	-0.32825485871568394	-0.06078355796672034	0.4768826169952434	-0.18139013686705455	-0.023024031778678473	-0.34649006252450393	-2.6012784666242323	0.4269449795386448	0.2714288830757141	-5.095392907605856e-07
336	176210	clean_s0	holdout	3	-0.06154992072369687	-1	True	0.3300813338746821	1.0007827987146998	0.23382724712825742	4	0.17395947873592377	-6.451855824707309e-06	0.011668591671161042	-0.3317928454088912	0.39844834143759905	-0.05318933088136554	-0.6850374723801362	0.5038638523523284	-0.013413865065233297	0.06965711693445675	0.009143282925089652	-0.4082182207926079	0.7526665318078184	-0.5045050026689406	-0.09604593510640459	-0.04617399759853035	-0.007707472986209662	-0.028736978191744266	0.0007824924885842523	-1.4531726964040235	0.5029148972937597	0.17395947873592377	-6.451855824707309e-06
337	176210	gamma_s2	holdout	3	-0.07894668158664937	-1	True	-0.05716421630421595	0.642046933428159	0.19772202272107287	5	0.20915335416793823	-3.824798966434173e-07	-0.11756497954336938	-0.6525984187291721	0.738644925266551	0.02259871005603629	0.04499376825451476	0.04591489296076909	-0.006987871517162491	0.10002652253342857	0.08301233881692706	-0.47744652201949644	0.8040965967290254	-0.3405500384746118	0.006256572791311194	-0.014539860548451623	-0.04295851716760627	-0.02263002837279337	-0.4430938729343757	-1.620893160360663	0.885717876602811	0.20915335416793823	-3.824798966434173e-07
338	42737	clean_s0	holdout	3	0.014214156845529036	1	True	0.09430453455513951	0.0656669074551797	0.043259187346449776	14	0.09574979543685913	-1.3869341273675673e-05	0.40386978045106614	-0.5325952772190031	-0.2844298830125269	-0.04669396410949814	-0.6246460143256388	-0.1724547219775783	-0.21244167234041106	0.07138660914432558	-0.1559971716653339	0.3037587008426358	-0.3546553853102783	0.07135533079386656	-0.6888655880190809	0.511669256688486	0.039826146734466286	-0.120814568349833	-2.7231601720736047	-3.1405456439445865	0.19773182251466628	0.09574979543685913	-1.3869341273675673e-05
339	42737	contrast_s2	holdout	3	0.779985360350156	1	True	0.11752646064663824	0.5958724641324048	0.06313687193729556	9	0.134665846824646	-9.993238563765772e-06	-0.5272582134081749	-0.18048720354626865	0.17777111546521004	-0.08272438388413784	-0.6698148012121491	0.421536906098028	0.1554436811886287	-0.0216629503188098	0.12400696046913195	0.5537846847563851	-0.6933554519382094	-0.33153550267996557	-0.1962980932641944	-0.19823222796023254	-0.09238759288670156	-0.030377614166848785	-0.5177286211684814	-2.762450338759984	-0.22694906998874678	0.134665846824646	-9.993238563765772e-06
340	496618	clean_s0	holdout	3	-0.04884524329742753	-1	True	0.6461792682260094	0.49069243260143414	0.2914683494869191	7	0.2130996584892273	-5.9384798078099266e-05	0.0742388678697892	0.013464233370443352	0.5706436172040215	-0.22513772266398635	0.7336320528239682	-0.2702614197825484	0.08140362495620496	0.010119228303954926	0.01658779360901441	0.6699723057329474	-0.7124914568546534	0.1371761815380197	0.15012159001773706	-0.04000921905814043	-0.005604206419668818	-0.015229486081044285	-0.711937757642785	-1.232823857172658	-0.30687346754681566	0.2130996584892273	-5.9384798078099266e-05
341	496618	color_cast_s2	holdout	3	0.03110906463755879	1	True	0.6089800262845789	0.18484298958485526	0.06168667183594924	6	0.2853761911392212	8.512067779520294e-07	-0.14465197298217247	0.41725367795272333	-0.7562533548695552	0.2900849058336768	-0.3046507920696979	0.1844745586208443	0.054638046059600195	0.13812494933290878	0.3670585918916231	0.3227823762540497	-0.05461703262370568	-0.1853422072664139	0.6804356637731708	-0.431086318254259	-0.26737814804017196	-0.058528567802920727	-1.6882485191990777	-2.7856873870141294	-0.24038727567270746	0.2853761911392212	8.512067779520294e-07
342	118113	clean_s0	holdout	3	0.21738465956264505	1	True	-0.3521958006356087	0.43198092202611943	0.09385900588928861	10	0.3607090413570404	-1.9659386452985927e-05	0.3015305797997198	-0.16799936883951458	-0.0012363685062589166	-0.03715936982310261	0.6766427336356224	-0.636977129693682	-0.10642718967014672	0.06753646942231613	-0.30433954911971584	-0.22121265889133704	0.2372716517526542	0.054499475556167284	-0.6943595326564508	0.5517717203096325	0.1018863413260461	0.04697180358524514	-0.8393738536874561	-2.3659615600816224	-0.8858930811421569	0.3607090413570404	-1.9659386452985927e-05
343	118113	gamma_s2	holdout	3	0.0	-1	True	-0.7115119401804005	0.0	0.1262768758833205	0	0.0	3.1953834422893124e-07	0.0	0.0	0.0	0.0	0.0	0.0	0.0	0.0	-0.026260567190311324	-0.00854744420822978	0.029999019160382678	-0.0015654623385755332	-0.8032145467155577	0.5937415972830777	0.02456894114813245	0.006971850594609481	-27.631021115928547	-2.0692783551903884	0.0	0.0	3.1953834422893124e-07
344	122766	clean_s0	holdout	3	0.01730756055470619	1	True	-0.2101967117166356	0.04009702904676398	0.020706824219015187	3	0.06307827681303024	3.5719691368285567e-05	0.03726827708891222	0.3770147656234266	-0.6268674467757218	-0.49001072993875433	-0.13919720341292885	-0.4332890567257131	-0.040429491330900055	0.12102817360896097	0.15470972472706251	0.600502713688705	-0.5513508813449718	0.03887590534428617	-0.412726720856341	0.3612179468617707	-0.0910402631030993	-0.02919213429733286	-3.2164530359987475	-3.8772919605763385	0.45982472593753076	0.06307827681303024	3.5719691368285567e-05
345	122766	contrast_s2	holdout	3	-0.03818836568563078	-1	True	0.327297956034858	0.761481917427946	0.04522726943594155	3	0.15155485272407532	-9.552374649501871e-06	-0.1757705409974004	-0.10250025788819338	-0.5774112647235257	0.7511287939122465	-0.16644356096471558	0.17143602470227193	0.06049063989686669	0.015725562201577406	0.01917536189873849	0.4077924323593941	-0.8627893571356847	0.11415650328107979	-0.2578840636368253	-0.05984036585144903	-0.057920079584991326	-0.04960504260717714	-0.27248885291842634	-3.096055067932904	0.5671418948734744	0.15155485272407532	-9.552374649501871e-06
346	326203	clean_s0	holdout	3	-0.037240749211493146	-1	True	-0.07941863097889693	0.18828411157540695	0.14951724168061012	15	0.25401926040649414	-7.027843093965203e-05	-0.1384469862530174	0.6760660471140234	0.11383496776297203	-0.6315323138321385	0.30167945012667186	-0.10337685039977329	0.09379499164256296	0.038482519955759915	0.30312035193927894	0.15115133557077073	0.09711699388764905	-0.18494973859724242	-0.7196005696773724	0.5647568152917062	-0.06289088407102295	-0.030045067405109056	-1.669803225124391	-1.90034356382729	-0.09444731184480484	0.25401926040649414	-7.027843093965203e-05
347	326203	color_cast_s2	holdout	3	2.231516073445351	1	True	0.2347095444369107	0.3478321185157632	0.04463191622190153	14	0.27988961338996887	9.742046813698835e-07	0.22596674817626672	0.7606116963141449	-0.3998450339214462	-0.2059798253952181	-0.17389781922345898	0.23709578047771754	-0.11066661983742505	0.26344482368092137	0.27744863336127046	-0.7242843378827322	0.08372400385691368	0.09972138527308898	0.22819088269833374	-0.554737809748757	-0.12403148905327704	-0.07931874562827117	-1.0560353336639685	-3.109306065504179	-0.7206000522135843	0.27988961338996887	9.742046813698835e-07
348	90925	clean_s0	holdout	3	-0.0008621015387016208	-1	True	0.06349288668818992	0.1977918363441898	0.03607763803997861	3	0.08275636285543442	-1.7382293663104065e-05	0.17267470134560597	-0.6280513226849479	0.6866388064471178	-0.2757137856404865	-0.0016765031100203387	-0.1554141690327014	-0.03547133425239094	0.05319258703055419	-0.1457171005931968	-0.33212625971948434	-0.3741763559298833	0.3216482008831898	-0.734131683250053	0.25209460249711174	0.1302887800060342	-0.07427637929024933	-1.620540132914259	-3.322082050426766	-0.20869693840626005	0.08275636285543442	-1.7382293663104065e-05
349	90925	gamma_s2	holdout	3	0.13057946310354188	1	True	-0.061449472500429286	0.3345200641295389	0.07366855896877625	3	0.08707328140735626	-2.296102366017294e-07	0.202645041046459	0.012606760215255077	-0.05535328507308093	0.031181998198273674	0.7878680409288593	-0.5766686619177078	-0.037343145370356094	-0.007902385017616576	-0.014376277382496382	-0.5047415853514832	-0.1393534593088953	0.14916125121220514	-0.8065765086255758	0.2248027282185271	0.004786584051857627	-0.04728580004394118	-1.0950584187596983	-2.6081791790898805	-0.7618292375254311	0.08707328140735626	-2.296102366017294e-07
350	376153	clean_s0	holdout	3	0.013884763688259217	1	True	0.013770214850982648	0.43002202126366335	0.05866766624284757	6	0.19812241196632385	-8.217244612751529e-06	0.00656916963456868	-0.49812051112938205	-0.42867231358964675	0.729250837853734	-0.17534874941953907	-0.016009044554070755	-0.03974758395965943	0.06068543143152705	-0.3929385443505537	0.025827573795385153	0.2533062271549749	-0.6589985267458988	-0.5497361768279804	0.12253637376037727	0.16058299256145986	0.058967866545157475	-0.843918859362428	-2.8358665345098424	-0.5129775531359987	0.19812241196632385	-8.217244612751529e-06
351	376153	contrast_s2	holdout	3	0.21475630895429143	1	True	-0.02081281586597991	0.4919214435271611	0.06499576380764388	4	0.15134961903095245	-1.067002085619606e-05	-0.04631801295872573	-0.5385167496758813	0.8272662382730652	-0.08933219766332831	0.047911781012960016	0.10928809073065017	0.01978151917341649	0.02956260184749064	0.2567253508202068	-0.21374112839176457	-0.7790727506918593	0.2504703012574592	-0.2321341498046933	-0.36803831813262383	-0.16468693593452327	-0.047506289896845785	-0.7094362428637502	-2.733433183385008	-0.6196698096289424	0.15134961903095245	-1.067002085619606e-05
352	216861	clean_s0	holdout	3	-0.019322534751932897	-1	True	0.6463528634055354	0.08514796854096607	0.09024405951156855	11	0.10650071501731873	3.47568766301265e-06	0.2519319843177916	-0.248553928695116	0.3528359760176581	-0.7312710864303437	-0.4395852546920859	-0.13518304999052597	-0.05467107669091107	-0.03165457611618776	0.12744010284336862	0.47639852192635673	-0.8335731057351669	0.08869566838429935	-0.21114899718134897	-0.041354782530872825	-0.07967055427226627	-0.03809081266483346	-2.463364729563011	-2.4052375065109652	-0.3413097695339262	0.10650071501731873	3.47568766301265e-06
353	216861	color_cast_s2	holdout	3	-0.03499682870344598	-1	True	0.004139757307151576	0.11515364021494066	0.045129471263762974	12	0.17616453766822815	9.176292792290042e-08	0.4705157163426549	-0.4609173990781431	-0.1832838223946174	-0.3642370730451034	-0.18480734170174337	-0.5941240890276072	-0.09652519171244502	-0.05877250724029839	0.5414184973732501	0.3493029999193189	0.27504463807755697	-0.4130338691547696	-0.32221430703639176	0.3848591575285818	-0.27741118871251075	-0.09854591054694063	-2.161488040397569	-3.098219781038072	0.05723952847900008	0.17616453766822815	9.176292792290042e-08
354	542591	clean_s0	holdout	3	-0.11916321857621712	-1	True	0.13280874020452466	0.39114703686288094	0.09237609383119748	10	0.29015034437179565	2.8020544050377794e-05	0.18430638772022548	0.10400781925821648	-0.8816303134532218	0.2540768579571872	-0.12216945803164929	-0.2895317567342383	-0.06932653438769393	-0.09912762793977752	-0.045797418559833755	0.34269043745815664	-0.7638111647931982	0.14363362005185062	-0.4981658259427653	0.15918606398109286	-0.003563007398146882	-0.053904175252488425	-0.9386717363268052	-2.3818870585692906	0.7574564160114838	0.29015034437179565	2.8020544050377794e-05
355	542591	gamma_s2	holdout	3	0.12426421440624204	1	True	0.2270278713345356	0.19224009453736823	0.14424146548925196	6	0.1268281191587448	-8.091114978014957e-07	0.7710047719929406	-0.028071698115852663	-0.347373020607466	0.04318541080606571	0.24217645187978296	-0.414367797006073	-0.22113276779646682	-0.05459688756775166	0.05570864206989455	0.13825468410666006	-0.6279799930233785	0.1641637230870579	-0.6940360192354228	0.26579811287190425	-0.054542021886306205	-0.03411927516990676	-1.6490101957814256	-1.9362665400565202	9.845397317824337e-06	0.1268281191587448	-8.091114978014957e-07
356	385236	clean_s0	holdout	3	0.003910796104184491	1	True	0.5571037221585211	0.004745101478737035	1.0416686654983578	1	0.004211960360407829	0.00016188467270694673	-0.02069485425812951	-0.6595778365691659	0.6761631673699466	-0.0812876227588744	-0.029122939575509744	-0.025665062538321595	0.006444500479871978	-0.3149224046330918	-0.008962297735710306	0.618102200601309	-0.779932671581764	0.04906653689340252	-0.0811775922559979	-0.022784730322782124	0.003771219447862377	-0.006609241206738971	-5.350642460481491	0.04082391339779765	-0.9337966830969212	0.004211960360407829	0.00016188467270694673
357	385236	contrast_s2	holdout	3	0.04792778030291804	1	True	0.16491935245451933	0.013850757070671488	0.2120580139451312	1	0.006895791739225388	-3.125646253465675e-05	-0.026718774439408455	-0.09911714093910085	0.5920875566712958	-0.7662615173127022	-0.2170129342062128	-0.040596145404681795	-0.020244617934892923	-0.05084295871534522	-0.05775230697146786	0.7671502708167665	-0.46057871621217583	-0.4251998687604168	-0.11905990854584755	0.000311317691456115	0.01653372428870701	-0.02772594477680732	-4.279415385628166	-1.550895391056347	0.005516551145914566	0.006895791739225388	-3.125646253465675e-05
358	340537	clean_s0	holdout	3	-0.04553427482243941	-1	True	0.19310561508435492	0.3713358900821606	0.1160871494808882	20	0.15286961197853088	-5.4741616622777656e-05	0.2462911554061583	0.4244853441712491	-0.8236765656536054	0.2290381836916416	-0.002862918956940368	-0.1206743122630634	-0.11471549708069233	0.022828791817749567	0.006848627689293702	-0.3957097048507249	0.8194121111843659	-0.41043951164069964	0.01607473868557948	-0.0020282960721236527	0.005824007218215334	0.05633555563032933	-0.9906482618640265	-2.1534140813148417	-0.9344063763378581	0.15286961197853088	-5.4741616622777656e-05
359	340537	color_cast_s2	holdout	3	-0.0167505727432483	-1	True	0.07395301309744134	0.18017609045079697	0.05851258612060163	20	0.14863890409469604	-6.432885584217729e-07	0.02855827848627801	-0.5358239296370292	-0.48307380226891816	0.08573352121152136	-0.6338966611484195	-0.215875934964116	-0.05373588501586555	-0.14160389966053838	-0.07855408900862658	0.30714221369870487	0.6824980289997413	0.015791593273608292	0.10606117540769293	0.6487588099543676	-0.01586516067771298	-0.03242393988789769	-1.7138206260084732	-2.8385134005073986	-0.69699992131776	0.14863890409469604	-6.432885584217729e-07
